#
# A fatal error has been detected by the Java Runtime Environment:
#
#  SIGSEGV (0xb) at pc=0x000078d12cfde9d0, pid=3496578, tid=3496582
#
# JRE version: OpenJDK Runtime Environment (21.0.12.1+1) (build 21.0.12.1+1-1-22.04.4-Ubuntu)
# Java VM: OpenJDK 64-Bit Server VM (21.0.12.1+1-1-22.04.4-Ubuntu, mixed mode, sharing, tiered, compressed oops, compressed class ptrs, g1 gc, linux-amd64)
# Problematic frame:
# C  [libnvidia-glcore.so.580.178.04+0xfde9d0]
#
# Core dump will be written. Default location: Determined by the following: "/lib/systemd/systemd-coredump %P %u %g %s %t 9223372036854775808 %h %d" (alternatively, falling back to /home/ascend/randomBullshit/mcBenchmarkCore/run/core.3496578)
#
# If you would like to submit a bug report, please visit:
#   https://bugs.launchpad.net/ubuntu/+source/openjdk-21
# The crash happened outside the Java Virtual Machine in native code.
# See problematic frame for where to report the bug.
#

---------------  S U M M A R Y ------------

Command Line: -Dfabric.dli.config=/home/ascend/randomBullshit/mcBenchmarkCore/.gradle/loom-cache/launch.cfg -Dfabric.dli.env=client -Dfabric.dli.main=net.fabricmc.loader.impl.launch.knot.KnotClient -XX:StackShadowPages=32 -Dfile.encoding=UTF-8 -Duser.country=AU -Duser.language=en -Duser.variant net.fabricmc.devlaunchinjector.Main

Host: AMD Ryzen 7 7700 8-Core Processor, 16 cores, 30G, Feren OS
Time: Fri Oct  2 09:06:23 2026 AEST elapsed time: 935.448496 seconds (0d 0h 15m 35s)

---------------  T H R E A D  ---------------

Current thread (0x000078d28001f610):  JavaThread "Render thread"        [_thread_in_native, id=3496582, stack(0x000078d286300000,0x000078d286400000) (1024K)]

Stack: [0x000078d286300000,0x000078d286400000],  sp=0x000078d2863fd830,  free space=1014k
Native frames: (J=compiled Java code, j=interpreted, Vv=VM code, C=native code)
C  [libnvidia-glcore.so.580.178.04+0xfde9d0]
Java frames: (J=compiled Java code, j=interpreted, Vv=VM code)
J 65873  org.lwjgl.opengl.GL31C.nglDrawElementsInstanced(IIIJI)V (0 bytes) @ 0x000078d2708ecf86 [0x000078d2708ecf20+0x0000000000000066]
J 66874 c2 com.seibel.distanthorizons.common.render.openGl.generic.GlGenericObjectRenderer.renderBoxGroupInstanced(Lcom/seibel/distanthorizons/api/interfaces/override/rendering/IDhApiGenericObjectShaderProgram;Lcom/seibel/distanthorizons/api/methods/events/sharedParameterObjects/DhApiRenderParam;Lcom/seibel/distanthorizons/core/render/renderer/RenderableBoxGroup;Lcom/seibel/distanthorizons/core/util/math/DhVec3d;Lcom/seibel/distanthorizons/core/wrapperInterfaces/minecraft/IProfilerWrapper;)V (331 bytes) @ 0x000078d272a2dffc [0x000078d272a2dbe0+0x000000000000041c]
J 67090 c2 com.seibel.distanthorizons.common.render.openGl.generic.GlGenericObjectRenderer.render(Lcom/seibel/distanthorizons/core/render/RenderParams;Lcom/seibel/distanthorizons/core/wrapperInterfaces/minecraft/IProfilerWrapper;Z)V (627 bytes) @ 0x000078d272b16f98 [0x000078d272b15480+0x0000000000001b18]
J 70432 c2 com.seibel.distanthorizons.core.render.renderer.LodRenderer.renderTerrain(Lcom/seibel/distanthorizons/core/render/RenderParams;Lcom/seibel/distanthorizons/core/wrapperInterfaces/minecraft/IProfilerWrapper;Z)V (923 bytes) @ 0x000078d2729409d0 [0x000078d27293f2a0+0x0000000000001730]
J 68673 c2 com.seibel.distanthorizons.core.api.internal.ClientApi.renderLodLayer(Z)V (911 bytes) @ 0x000078d271a580b8 [0x000078d271a57920+0x0000000000000798]
J 37328 c2 net.minecraft.client.renderer.LevelRenderer.prepareChunkRenders(Lorg/joml/Matrix4fc;DDD)Lnet/minecraft/client/renderer/chunk/ChunkSectionsToRender; (70 bytes) @ 0x000078d270fd6308 [0x000078d270fd60a0+0x0000000000000268]
J 55793 c2 net.minecraft.client.renderer.LevelRenderer.method_62214(Lcom/mojang/blaze3d/buffers/GpuBufferSlice;Lnet/minecraft/client/renderer/state/LevelRenderState;Lnet/minecraft/util/profiling/ProfilerFiller;Lorg/joml/Matrix4f;Lcom/mojang/blaze3d/resource/ResourceHandle;Lcom/mojang/blaze3d/resource/ResourceHandle;ZLcom/mojang/blaze3d/resource/ResourceHandle;Lcom/mojang/blaze3d/resource/ResourceHandle;)V (868 bytes) @ 0x000078d27231f088 [0x000078d27231ef40+0x0000000000000148]
J 37326 c2 net.minecraft.client.renderer.LevelRenderer$$Lambda+0x000078d209949ea8.run()V (44 bytes) @ 0x000078d27178b844 [0x000078d27178b7a0+0x00000000000000a4]
J 38328 c2 com.mojang.blaze3d.framegraph.FrameGraphBuilder.execute(Lcom/mojang/blaze3d/resource/GraphicsResourceAllocator;Lcom/mojang/blaze3d/framegraph/FrameGraphBuilder$Inspector;)V (276 bytes) @ 0x000078d270a65134 [0x000078d270a64720+0x0000000000000a14]
J 36991 c2 net.minecraft.client.renderer.LevelRenderer.renderLevel(Lcom/mojang/blaze3d/resource/GraphicsResourceAllocator;Lnet/minecraft/client/DeltaTracker;ZLnet/minecraft/client/Camera;Lorg/joml/Matrix4f;Lorg/joml/Matrix4f;Lorg/joml/Matrix4f;Lcom/mojang/blaze3d/buffers/GpuBufferSlice;Lorg/joml/Vector4f;Z)V (1367 bytes) @ 0x000078d2709ee294 [0x000078d2709ebd80+0x0000000000002514]
J 37154 c2 net.minecraft.client.renderer.GameRenderer.renderLevel(Lnet/minecraft/client/DeltaTracker;)V (823 bytes) @ 0x000078d27118923c [0x000078d2711879e0+0x000000000000185c]
J 58998 c2 net.minecraft.client.renderer.GameRenderer.render(Lnet/minecraft/client/DeltaTracker;Z)V (1147 bytes) @ 0x000078d2719d8028 [0x000078d2719d7660+0x00000000000009c8]
J 42538 c2 net.minecraft.client.Minecraft.runTick(Z)V (1065 bytes) @ 0x000078d271d406a0 [0x000078d271d3efa0+0x0000000000001700]
J 50075% c2 net.minecraft.client.Minecraft.run()V (279 bytes) @ 0x000078d272179180 [0x000078d272178d40+0x0000000000000440]
j  net.minecraft.client.main.Main.main([Ljava/lang/String;)V+1493
j  java.lang.invoke.LambdaForm$DMH+0x000078d208084000.invokeStaticInit(Ljava/lang/Object;Ljava/lang/Object;)V+10 java.base@21.0.12.1
j  java.lang.invoke.LambdaForm$MH+0x000078d208002c00.invokeExact_MT(Ljava/lang/Object;Ljava/lang/Object;Ljava/lang/Object;)V+19 java.base@21.0.12.1
j  net.fabricmc.loader.impl.game.minecraft.MinecraftGameProvider.launch(Ljava/lang/ClassLoader;)V+74
j  net.fabricmc.loader.impl.launch.knot.Knot.launch([Ljava/lang/String;Lnet/fabricmc/api/EnvType;)V+40
j  net.fabricmc.loader.impl.launch.knot.KnotClient.main([Ljava/lang/String;)V+4
j  java.lang.invoke.LambdaForm$DMH+0x000078d208002400.invokeStatic(Ljava/lang/Object;Ljava/lang/Object;)V+10 java.base@21.0.12.1
j  java.lang.invoke.LambdaForm$MH+0x000078d208002c00.invokeExact_MT(Ljava/lang/Object;Ljava/lang/Object;Ljava/lang/Object;)V+19 java.base@21.0.12.1
j  net.fabricmc.devlaunchinjector.Main.main([Ljava/lang/String;)V+307
v  ~StubRoutines::call_stub 0x000078d26fc5fcc6

siginfo: si_signo: 11 (SIGSEGV), si_code: 1 (SEGV_MAPERR), si_addr: 0x0000000000000000

Registers:
RAX=0x000078d07ce06168, RBX=0x0000000000000000, RCX=0x0000000000000000, RDX=0x0000000000001405
RSP=0x000078d2863fd830, RBP=0x0000000000000010, RSI=0x0000000000000024, RDI=0x0000000040fe9000
R8 =0x0000000000000000, R9 =0x000078d2863fd8c4, R10=0x0000000000000000, R11=0x0000000000000000
R12=0x0000000000000024, R13=0x000078d2863fd8c8, R14=0x000078d2839baa20, R15=0x0000000040fe9000
RIP=0x000078d12cfde9d0, EFLAGS=0x0000000000010246, CSGSFS=0x002b000000000033, ERR=0x0000000000000004
  TRAPNO=0x000000000000000e

XMM[0]=0x0000000000000000 0x0000000000000000
XMM[1]=0x0000000000000000 0x000000003f800000
XMM[2]=0x0000000000000000 0x0000000044fffe00
XMM[3]=0x0000000000000000 0x000000003f800000
XMM[4]=0x3f80000000000000 0x0000000000000000
XMM[5]=0x00000001ffff0000 0x000000003f800000
XMM[6]=0x000078d08fc876a0 0x000078d08f01f5e0
XMM[7]=0x000000ff00000000 0x0000000000000000
XMM[8]=0x0000000000000000 0x0000000000000000
XMM[9]=0x0000000000000000 0x0000000000000000
XMM[10]=0x0000000000000000 0x000000003f95be52
XMM[11]=0x0000000000000000 0x00000000b986d830
XMM[12]=0x0000000000000000 0x0000000000000000
XMM[13]=0x0000000000000000 0x000000002d249d5d
XMM[14]=0x0000000000000000 0x00000000393cd696
XMM[15]=0x0000000000000000 0x0000000080000000
  MXCSR=0x00001fbf


Register to memory mapping:

RAX=0x000078d07ce06168 points into unknown readable memory: 0x0000000000000000 | 00 00 00 00 00 00 00 00
RBX=0x0 is null
RCX=0x0 is null
RDX=0x0000000000001405 is an unknown value
RSP=0x000078d2863fd830 is pointing into the stack for thread: 0x000078d28001f610
RBP=0x0000000000000010 is an unknown value
RSI=0x0000000000000024 is an unknown value
RDI=0x0000000040fe9000 points into unknown readable memory: 0x000078d2836c6540 | 40 65 6c 83 d2 78 00 00
R8 =0x0 is null
R9 =0x000078d2863fd8c4 is pointing into the stack for thread: 0x000078d28001f610
R10=0x0 is null
R11=0x0 is null
R12=0x0000000000000024 is an unknown value
R13=0x000078d2863fd8c8 is pointing into the stack for thread: 0x000078d28001f610
R14=0x000078d2839baa20 points into unknown readable memory: 0x0000000004000000 | 00 00 00 04 00 00 00 00
R15=0x0000000040fe9000 points into unknown readable memory: 0x000078d2836c6540 | 40 65 6c 83 d2 78 00 00

Top of Stack: (sp=0x000078d2863fd830)
0x000078d2863fd830:   000078d08eead370 000078d12c5c5d7e   p....x..~]\,.x..
0x000078d2863fd840:   000000000000001e 0000000040fe9000   ...........@....
0x000078d2863fd850:   0000000000000004 0000000000001405   ................
0x000078d2863fd860:   000078d07ce06168 000078d2839baa20   ha.|.x.. ....x..
0x000078d2863fd870:   0000000000000000 000078d12cb70534   ........4..,.x..
0x000078d2863fd880:   000c0004000000f6 0000000000000000   ................
0x000078d2863fd890:   00000024000151d8 000078d2863fd8d0   .Q..$.....?..x..
0x000078d2863fd8a0:   0000914800000020 000078d12cb408da    ...H......,.x..
0x000078d2863fd8b0:   0000000000000000 0000000000000000   ................
0x000078d2863fd8c0:   0000000000000004 0000000000000000   ................
0x000078d2863fd8d0:   000078ced0280f60 000078cec3d3cf00   `.(..x.......x..
0x000078d2863fd8e0:   000078ced02916a0 000078cec6cc9300   ..)..x.......x..
0x000078d2863fd8f0:   0000000041034000 0000003000000010   .@.A........0...
0x000078d2863fd900:   000078d2863fd9d0 000078d2863fd910   ..?..x....?..x..
0x000078d2863fd910:   00000fff00002000 0000000000009000   . ..............
0x000078d2863fd920:   0000000000000000 0000000000000000   ................
0x000078d2863fd930:   000078d12d20d940 000078d12e24f5a0   @. -.x....$..x..
0x000078d2863fd940:   0000000700000006 0000000500000001   ................
0x000078d2863fd950:   000078cec57e8508 0000000040fe9000   ..~..x.....@....
0x000078d2863fd960:   0000000000000010 0000000000000000   ................
0x000078d2863fd970:   000078d2839baa20 000078d2839baa20    ....x.. ....x..
0x000078d2863fd980:   0000000000000020 000078d12cb52153    .......S!.,.x..
0x000078d2863fd990:   0000000041034000 0000000000000000   .@.A............
0x000078d2863fd9a0:   000078ceb7ca38b0 000078d12ca0beea   .8...x.....,.x..
0x000078d2863fd9b0:   000078d2863fda40 0000000040fe9000   @.?..x.....@....
0x000078d2863fd9c0:   000078d07ce06168 000078d12c29b458   ha.|.x..X.),.x..
0x000078d2863fd9d0:   0000000000000004 0000000040fe9000   ...........@....
0x000078d2863fd9e0:   0000000000000024 0000000000001405   $...............
0x000078d2863fd9f0:   0000000000000004 0000000000000000   ................
0x000078d2863fda00:   00000000000000f6 000078d12c825694   .........V.,.x..
0x000078d2863fda10:   0000000000000001 0000000000000001   ................
0x000078d2863fda20:   000078d28001f610 0000000618a2e458   .....x..X.......

Instructions: (pc=0x000078d12cfde9d0)
0x000078d12cfde8d0:   01 00 00 81 fa 05 14 00 00 0f 84 e1 00 00 00 81
0x000078d12cfde8e0:   fa 01 14 00 00 74 19 31 c0 48 83 c4 18 5b 5d 41
0x000078d12cfde8f0:   5c 41 5d 41 5e 41 5f c3 0f 1f 84 00 00 00 00 00
0x000078d12cfde900:   8b 8f 30 6b 05 00 85 c9 0f 84 a2 02 00 00 0f b6
0x000078d12cfde910:   3b 48 83 c3 01 41 83 fc 01 7e cc 89 f9 48 89 da
0x000078d12cfde920:   0f b6 02 48 83 c2 01 8d 72 01 40 38 c7 0f 47 f8
0x000078d12cfde930:   38 c1 0f 42 c8 29 de 39 f5 7f e5 8d 45 fe ba 01
0x000078d12cfde940:   00 00 00 40 0f b6 f7 48 83 c0 01 41 83 fc 01 48
0x000078d12cfde950:   0f 4e c2 0f b6 d1 48 01 c3 83 fd 02 b8 02 00 00
0x000078d12cfde960:   00 0f 4d c5 29 f2 83 c2 01 41 39 d4 0f 8e 75 ff
0x000078d12cfde970:   ff ff 41 39 c4 7e 34 41 83 ec 01 41 29 c4 4a 8d
0x000078d12cfde980:   54 23 01 0f 1f 44 00 00 0f b6 03 48 83 c3 01 40
0x000078d12cfde990:   38 c7 0f 47 f8 38 c1 0f 42 c8 48 39 d3 75 e9 40
0x000078d12cfde9a0:   0f b6 f7 0f b6 c1 29 f0 8d 50 01 41 89 75 00 b8
0x000078d12cfde9b0:   01 00 00 00 41 89 11 e9 2d ff ff ff 0f 1f 40 00
0x000078d12cfde9c0:   44 8b 97 30 6b 05 00 45 85 d2 0f 84 a0 01 00 00
0x000078d12cfde9d0:   8b 3b 4c 8d 43 04 89 fa 41 83 fc 01 0f 8e 2e 03
0x000078d12cfde9e0:   00 00 4c 89 c6 b9 01 00 00 00 66 0f 1f 44 00 00
0x000078d12cfde9f0:   8b 06 48 83 c6 04 39 c7 0f 47 f8 39 c2 0f 42 d0
0x000078d12cfdea00:   83 c1 01 39 cd 7f e9 83 fd 02 b9 02 00 00 00 8d
0x000078d12cfdea10:   45 fe be 04 00 00 00 0f 4d cd 48 8d 04 85 04 00
0x000078d12cfdea20:   00 00 41 83 fc 01 48 0f 4e c6 49 01 c0 49 63 c4
0x000078d12cfdea30:   39 54 83 fc 0f 43 54 83 fc 89 d0 29 f8 3d ff ff
0x000078d12cfdea40:   00 00 0f 87 9f fe ff ff 83 c0 01 44 39 e0 0f 83
0x000078d12cfdea50:   93 fe ff ff 41 39 cc 7e 25 41 83 ec 01 41 29 cc
0x000078d12cfdea60:   4b 8d 4c a0 04 0f 1f 00 41 8b 00 49 83 c0 04 39
0x000078d12cfdea70:   c7 0f 47 f8 39 c2 0f 42 d0 49 39 c8 75 ea 83 c2
0x000078d12cfdea80:   01 41 89 7d 00 b8 01 00 00 00 29 fa 41 89 11 e9
0x000078d12cfdea90:   55 fe ff ff 0f 1f 40 00 8b bf 30 6b 05 00 85 ff
0x000078d12cfdeaa0:   0f 84 42 01 00 00 44 0f b7 03 48 83 c3 02 41 83
0x000078d12cfdeab0:   fc 01 0f 8e 2f fe ff ff 44 89 c7 48 89 de ba 01
0x000078d12cfdeac0:   00 00 00 0f 1f 44 00 00 0f b7 06 48 83 c6 02 66


Stack slot to memory mapping:

stack at sp + 0 slots: 0x000078d08eead370 points into unknown readable memory: 0x0000000000000001 | 01 00 00 00 00 00 00 00
stack at sp + 1 slots: 0x000078d12c5c5d7e: <offset 0x00000000005c5d7e> in /lib/x86_64-linux-gnu/libnvidia-glcore.so.580.178.04 at 0x000078d12c000000
stack at sp + 2 slots: 0x000000000000001e is an unknown value
stack at sp + 3 slots: 0x0000000040fe9000 points into unknown readable memory: 0x000078d2836c6540 | 40 65 6c 83 d2 78 00 00
stack at sp + 4 slots: 0x0000000000000004 is an unknown value
stack at sp + 5 slots: 0x0000000000001405 is an unknown value
stack at sp + 6 slots: 0x000078d07ce06168 points into unknown readable memory: 0x0000000000000000 | 00 00 00 00 00 00 00 00
stack at sp + 7 slots: 0x000078d2839baa20 points into unknown readable memory: 0x0000000004000000 | 00 00 00 04 00 00 00 00


Compiled method (n/a) 935455 65873     n 0       org.lwjgl.opengl.GL31C::nglDrawElementsInstanced (native)
 total in heap  [0x000078d2708ecd90,0x000078d2708ed110] = 896
 relocation     [0x000078d2708ecee8,0x000078d2708ecf20] = 56
 main code      [0x000078d2708ecf20,0x000078d2708ed101] = 481
 stub code      [0x000078d2708ed101,0x000078d2708ed108] = 7
 oops           [0x000078d2708ed108,0x000078d2708ed110] = 8

[Constant Pool (empty)]

[MachCode]
[Entry Point]
  # {method} {0x000078d130a8fac0} 'nglDrawElementsInstanced' '(IIIJI)V' in 'org/lwjgl/opengl/GL31C'
  # parm0:    rsi       = int
  # parm1:    rdx       = int
  # parm2:    rcx       = int
  # parm3:    r8:r8     = long
  # parm4:    r9        = int
  #           [sp+0x60]  (sp of caller)
  0x000078d2708ecf20: 448b 5608 | 49bb 0000 | 0007 d278 | 0000 4d03 | d349 3bc2 | 0f84 0600 

  0x000078d2708ecf38: ;   {runtime_call ic_miss_stub}
  0x000078d2708ecf38: 0000 e941 | 033c ff90 
[Verified Entry Point]
  0x000078d2708ecf40: 8984 2400 | 00fe ff55 | 488b ec48 | 83ec 5090 | 4181 7f20 | 6a02 0000 

  0x000078d2708ecf58: ;   {runtime_call StubRoutines (final stubs)}
  0x000078d2708ecf58: 7405 e8c1 | 823a ff4c | 890c 244d | 8bc8 4c8b | c148 8bca 

  0x000078d2708ecf6c: ;   {oop(a 'java/lang/Class'{0x00000006200fecf8} = 'org/lwjgl/opengl/GL31C')}
  0x000078d2708ecf6c: 488b d649 | bef8 ec0f | 2006 0000 | 004c 8974 | 2438 4c8d | 7424 3849 | 8bf6 c5f8 

  0x000078d2708ecf88: ;   {internal_word}
  0x000078d2708ecf88: 7749 ba86 | cf8e 70d2 | 7800 004d | 8997 a803 | 0000 4989 | a7a0 0300 

  0x000078d2708ecfa0: ;   {external_word}
  0x000078d2708ecfa0: 0080 3d0d | c142 1700 | 0f84 3c00 | 0000 5652 | 5141 5041 

  0x000078d2708ecfb4: ;   {metadata({method} {0x000078d130a8fac0} 'nglDrawElementsInstanced' '(IIIJI)V' in 'org/lwjgl/opengl/GL31C')}
  0x000078d2708ecfb4: 5148 bec0 | faa8 30d1 | 7800 0049 | 8bff 40f6 | c40f 0f84 | 1200 0000 | 4883 ec08 

  0x000078d2708ecfd0: ;   {runtime_call SharedRuntime::dtrace_method_entry(JavaThread*, Method*)}
  0x000078d2708ecfd0: e8fb f9cd | 1648 83c4 | 08e9 0500 

  0x000078d2708ecfdc: ;   {runtime_call SharedRuntime::dtrace_method_entry(JavaThread*, Method*)}
  0x000078d2708ecfdc: 0000 e8ed | f9cd 1641 | 5941 5859 | 5a5e 498d | bfc0 0300 | 0041 c787 | 4c04 0000 | 0400 0000 
  0x000078d2708ecffc: ;   {runtime_call Java_org_lwjgl_opengl_GL31C_nglDrawElementsInstanced}
  0x000078d2708ecffc: 48b8 9039 | 1927 d178 | 0000 ffd0 | c5f8 7741 | c787 4c04 | 0000 0500 | 0000 f083 | 4424 c000 
  0x000078d2708ed01c: 493b af50 | 0400 000f | 870e 0000 | 0041 83bf | 4804 0000 | 000f 841c | 0000 00c5 | f877 498b 
  0x000078d2708ed03c: ff4c 8be4 | 4883 ec00 | 4883 e4f0 

  0x000078d2708ed048: ;   {runtime_call JavaThread::check_special_condition_for_native_trans(JavaThread*)}
  0x000078d2708ed048: e803 4084 | 1649 8be4 | 4d33 e441 | c787 4c04 | 0000 0800 | 0000 4183 | bfc8 0400 | 0002 0f84 
  0x000078d2708ed068: 7700 0000 

  0x000078d2708ed06c: ;   {external_word}
  0x000078d2708ed06c: 803d 42c0 | 4217 000f | 842e 0000 

  0x000078d2708ed078: ;   {metadata({method} {0x000078d130a8fac0} 'nglDrawElementsInstanced' '(IIIJI)V' in 'org/lwjgl/opengl/GL31C')}
  0x000078d2708ed078: 0048 bec0 | faa8 30d1 | 7800 0049 | 8bff 40f6 | c40f 0f84 | 1200 0000 | 4883 ec08 

  0x000078d2708ed094: ;   {runtime_call SharedRuntime::dtrace_method_exit(JavaThread*, Method*)}
  0x000078d2708ed094: e827 facd | 1648 83c4 | 08e9 0500 

  0x000078d2708ed0a0: ;   {runtime_call SharedRuntime::dtrace_method_exit(JavaThread*, Method*)}
  0x000078d2708ed0a0: 0000 e819 | facd 1649 | c787 a003 | 0000 0000 | 0000 49c7 | 87a8 0300 | 0000 0000 | 00c5 f877 
  0x000078d2708ed0c0: 498b 8f30 | 0400 00c7 | 8100 0100 | 0000 0000 | 00c9 4983 | 7f08 000f | 8501 0000 

  0x000078d2708ed0dc: ;   {runtime_call StubRoutines (initial stubs)}
  0x000078d2708ed0dc: 00c3 e91d | 2b37 ffc5 | f877 4c8b | e448 83ec | 0048 83e4 

  0x000078d2708ed0f0: ;   {runtime_call SharedRuntime::reguard_yellow_pages()}
  0x000078d2708ed0f0: f0e8 3a09 | ce16 498b | e44d 33e4 | e96b ffff | fff4 f4f4 | f4f4 f4f4 
[/MachCode]


Compiled method (c2) 935466 66874   !   4       com.seibel.distanthorizons.common.render.openGl.generic.GlGenericObjectRenderer::renderBoxGroupInstanced (331 bytes)
 total in heap  [0x000078d272a2d890,0x000078d272a2f250] = 6592
 relocation     [0x000078d272a2d9e8,0x000078d272a2dbd0] = 488
 main code      [0x000078d272a2dbe0,0x000078d272a2e478] = 2200
 stub code      [0x000078d272a2e478,0x000078d272a2e528] = 176
 oops           [0x000078d272a2e528,0x000078d272a2e550] = 40
 metadata       [0x000078d272a2e550,0x000078d272a2e610] = 192
 scopes data    [0x000078d272a2e610,0x000078d272a2ebb0] = 1440
 scopes pcs     [0x000078d272a2ebb0,0x000078d272a2ef20] = 880
 dependencies   [0x000078d272a2ef20,0x000078d272a2ef38] = 24
 handler table  [0x000078d272a2ef38,0x000078d272a2f208] = 720
 nul chk table  [0x000078d272a2f208,0x000078d272a2f250] = 72

[Constant Pool (empty)]

[MachCode]
[Entry Point]
  # {method} {0x000078d132d7ff30} 'renderBoxGroupInstanced' '(Lcom/seibel/distanthorizons/api/interfaces/override/rendering/IDhApiGenericObjectShaderProgram;Lcom/seibel/distanthorizons/api/methods/events/sharedParameterObjects/DhApiRenderParam;Lcom/seibel/distanthorizons/core/render/renderer/RenderableBoxGroup;Lcom/seibel/distanthorizons/core/util/math/DhVec3d;Lcom/seibel/distanthorizons/core/wrapperInterfaces/minecraft/IProfilerWrapper;)V' in 'com/seibel/distanthorizons/common/render/openGl/generic/GlGenericObjectRenderer'
  # this:     rsi:rsi   = 'com/seibel/distanthorizons/common/render/openGl/generic/GlGenericObjectRenderer'
  # parm0:    rdx:rdx   = 'com/seibel/distanthorizons/api/interfaces/override/rendering/IDhApiGenericObjectShaderProgram'
  # parm1:    rcx:rcx   = 'com/seibel/distanthorizons/api/methods/events/sharedParameterObjects/DhApiRenderParam'
  # parm2:    r8:r8     = 'com/seibel/distanthorizons/core/render/renderer/RenderableBoxGroup'
  # parm3:    r9:r9     = 'com/seibel/distanthorizons/core/util/math/DhVec3d'
  # parm4:    rdi:rdi   = 'com/seibel/distanthorizons/core/wrapperInterfaces/minecraft/IProfilerWrapper'
  #           [sp+0x60]  (sp of caller)
  0x000078d272a2dbe0: 448b 5608 | 49bb 0000 | 0007 d278 | 0000 4d03 | d349 3bc2 

  0x000078d272a2dbf4: ;   {runtime_call ic_miss_stub}
  0x000078d272a2dbf4: 0f85 86f6 | 27fd 6690 | 0f1f 4000 
[Verified Entry Point]
  0x000078d272a2dc00: 8984 2400 | 00fe ff55 | 4883 ec50 | 4181 7f20 | 6a02 0000 | 0f85 4d08 | 0000 4c89 | 4c24 284c 
  0x000078d272a2dc20: 8944 2420 | 4889 4c24 | 1848 8954 | 2408 4889 | 3424 448b 

  0x000078d272a2dc34: ;   {metadata('com/seibel/distanthorizons/common/wrappers/minecraft/ProfilerWrapper')}
  0x000078d272a2dc34: 5f08 4181 | fbf8 3495 | 020f 85ad | 0400 0048 | 897c 2430 | 8b6f 0c45 | 8b5c ec08 

  0x000078d272a2dc50: ;   {metadata('net/minecraft/util/profiling/InactiveProfiler')}
  0x000078d272a2dc50: 4181 fb98 | 7a22 020f | 85c3 0400 | 004d 8b9f | b801 0000 | 4d8b d349 | 83c2 104d | 3b97 c801 
  0x000078d272a2dc70: 0000 0f83 | 3a04 0000 | 4d89 97b8 | 0100 0041 | 0f18 8200 | 0100 0049 | c703 0100 

  0x000078d272a2dc8c: ;   {metadata('com/seibel/distanthorizons/common/wrappers/minecraft/ProfilerWrapper$ProfileBlock')}
  0x000078d272a2dc8c: 0000 41c7 | 4308 b03b | 9502 4189 | 6b0c 4c8b | 5424 2041 | 8b6a 3485 | ed0f 840d | 0500 004c 
  0x000078d272a2dcac: 8b44 2408 

  0x000078d272a2dcb0: ; implicit exception: dispatches to 0x000078d272a2e2e4
  0x000078d272a2dcb0: 458b 5008 

  0x000078d272a2dcb4: ;   {metadata('com/seibel/distanthorizons/common/render/openGl/generic/GlGenericObjectShaderProgram')}
  0x000078d272a2dcb4: 4181 fa98 | edb2 020f | 8583 0400 | 0049 8bf0 | 498d 0cec | 488b 5424 | 184c 8b44 | 2420 4c8b 
  0x000078d272a2dcd4: 4c24 2849 | 8beb 4c89 

  0x000078d272a2dcdc: ;   {optimized virtual_call}
  0x000078d272a2dcdc: 5c24 10e8 

  0x000078d272a2dce0: ; ImmutableOopMap {rbp=Oop [0]=Oop [16]=Oop [32]=Oop [48]=Oop }
                      ;*invokeinterface fillIndirectUniformData {reexecute=0 rethrow=0 return_oop=0}
                      ; - com.seibel.distanthorizons.common.render.openGl.generic.GlGenericObjectRenderer::renderBoxGroupInstanced@35 (line 580)
  0x000078d272a2dce0: fca6 0300 

  0x000078d272a2dce4: ;   {other}
  0x000078d272a2dce4: 0f1f 8400 | 5404 0000 | 4c8b 5424 | 3041 8b6a | 0c45 8b5c 

  0x000078d272a2dcf8: ;   {metadata('net/minecraft/util/profiling/InactiveProfiler')}
  0x000078d272a2dcf8: ec08 4181 | fb98 7a22 | 020f 8559 | 0400 004c | 8b54 2420 | 418b 6a40 

  0x000078d272a2dd10: ; implicit exception: dispatches to 0x000078d272a2e33c
  0x000078d272a2dd10: 458b 5cec 

  0x000078d272a2dd14: ;   {metadata('com/seibel/distanthorizons/common/render/openGl/generic/GlGenericObjectVertexContainer')}
  0x000078d272a2dd14: 0841 81fb | a06b 6d02 | 0f85 3a05 | 0000 4d8d | 14ec 418b | 5218 4c89 | 5424 18be | 9288 0000 
  0x000078d272a2dd34: ;   {static_call}
  0x000078d272a2dd34: 6666 90e8 

  0x000078d272a2dd38: ; ImmutableOopMap {[0]=Oop [16]=Oop [24]=Oop [48]=Oop }
                      ;*invokestatic glBindBuffer {reexecute=0 rethrow=0 return_oop=0}
                      ; - org.lwjgl.opengl.GL15::glBindBuffer@2 (line 129)
                      ; - com.seibel.distanthorizons.common.render.openGl.generic.GlGenericObjectRenderer::renderBoxGroupInstanced@67 (line 592)
  0x000078d272a2dd38: 0418 a6fe 

  0x000078d272a2dd3c: ;   {other}
  0x000078d272a2dd3c: 0f1f 8400 | ac04 0001 | be01 0000 

  0x000078d272a2dd48: ;   {static_call}
  0x000078d272a2dd48: 0066 90e8 

  0x000078d272a2dd4c: ; ImmutableOopMap {[0]=Oop [16]=Oop [24]=Oop [48]=Oop }
                      ;*invokestatic glEnableVertexAttribArray {reexecute=0 rethrow=0 return_oop=0}
                      ; - org.lwjgl.opengl.GL20::glEnableVertexAttribArray@1 (line 1935)
                      ; - com.seibel.distanthorizons.common.render.openGl.generic.GlGenericObjectRenderer::renderBoxGroupInstanced@71 (line 593)
  0x000078d272a2dd4c: f0aa 24fe 

  0x000078d272a2dd50: ;   {other}
  0x000078d272a2dd50: 0f1f 8400 | c004 0002 | 41b9 1000 | 0000 be01 | 0000 00ba | 0400 0000 | b906 1400 | 0045 33c0 
  0x000078d272a2dd70: ;   {static_call}
  0x000078d272a2dd70: 33ff 90e8 

  0x000078d272a2dd74: ; ImmutableOopMap {[0]=Oop [16]=Oop [24]=Oop [48]=Oop }
                      ;*invokestatic nglVertexAttribPointer {reexecute=0 rethrow=0 return_oop=0}
                      ; - org.lwjgl.opengl.GL20C::glVertexAttribPointer@8 (line 1892)
                      ; - org.lwjgl.opengl.GL20::glVertexAttribPointer@8 (line 1868)
                      ; - com.seibel.distanthorizons.common.render.openGl.generic.GlGenericObjectRenderer::renderBoxGroupInstanced@83 (line 594)
  0x000078d272a2dd74: 4855 e1fe 

  0x000078d272a2dd78: ;   {other}
  0x000078d272a2dd78: 0f1f 8400 | e804 0003 | 4c8b 1424 | 410f b66a | 0e85 ed0f | 8467 0400 | 0049 8bea | be01 0000 
  0x000078d272a2dd98: 00ba 0100 

  0x000078d272a2dd9c: ;   {static_call}
  0x000078d272a2dd9c: 0000 90e8 

  0x000078d272a2dda0: ; ImmutableOopMap {rbp=Oop [0]=Oop [16]=Oop [24]=Oop [48]=Oop }
                      ;*invokestatic glVertexAttribDivisor {reexecute=0 rethrow=0 return_oop=0}
                      ; - org.lwjgl.opengl.GL33::glVertexAttribDivisor@2 (line 614)
                      ; - com.seibel.distanthorizons.common.render.openGl.generic.GlGenericObjectRenderer::vertexAttribDivisor@9 (line 644)
                      ; - com.seibel.distanthorizons.common.render.openGl.generic.GlGenericObjectRenderer::renderBoxGroupInstanced@89 (line 595)
  0x000078d272a2dda0: 1c98 c0fd 

  0x000078d272a2dda4: ;   {other}
  0x000078d272a2dda4: 0f1f 8400 | 1405 0004 | 4c8b 5424 | 1841 8b52 | 14be 9288 

  0x000078d272a2ddb8: ;   {static_call}
  0x000078d272a2ddb8: 0000 90e8 

  0x000078d272a2ddbc: ; ImmutableOopMap {rbp=Oop [0]=Oop [16]=Oop [24]=Oop [48]=Oop }
                      ;*invokestatic glBindBuffer {reexecute=0 rethrow=0 return_oop=0}
                      ; - org.lwjgl.opengl.GL15::glBindBuffer@2 (line 129)
                      ; - com.seibel.distanthorizons.common.render.openGl.generic.GlGenericObjectRenderer::renderBoxGroupInstanced@100 (line 597)
  0x000078d272a2ddbc: 8017 a6fe 

  0x000078d272a2ddc0: ;   {other}
  0x000078d272a2ddc0: 0f1f 8400 | 3005 0005 | be02 0000 

  0x000078d272a2ddcc: ;   {static_call}
  0x000078d272a2ddcc: 0066 90e8 

  0x000078d272a2ddd0: ; ImmutableOopMap {rbp=Oop [0]=Oop [16]=Oop [24]=Oop [48]=Oop }
                      ;*invokestatic glEnableVertexAttribArray {reexecute=0 rethrow=0 return_oop=0}
                      ; - org.lwjgl.opengl.GL20::glEnableVertexAttribArray@1 (line 1935)
                      ; - com.seibel.distanthorizons.common.render.openGl.generic.GlGenericObjectRenderer::renderBoxGroupInstanced@104 (line 598)
  0x000078d272a2ddd0: 6caa 24fe 

  0x000078d272a2ddd4: ;   {other}
  0x000078d272a2ddd4: 0f1f 8400 | 4405 0006 | 4c8b d541 | 0fb6 6a0e | 85ed 0f84 | 2004 0000 | 498b eabe | 0200 0000 
  0x000078d272a2ddf4: ba01 0000 

  0x000078d272a2ddf8: ;   {static_call}
  0x000078d272a2ddf8: 0066 90e8 

  0x000078d272a2ddfc: ; ImmutableOopMap {rbp=Oop [0]=Oop [16]=Oop [24]=Oop [48]=Oop }
                      ;*invokestatic glVertexAttribDivisor {reexecute=0 rethrow=0 return_oop=0}
                      ; - org.lwjgl.opengl.GL33::glVertexAttribDivisor@2 (line 614)
                      ; - com.seibel.distanthorizons.common.render.openGl.generic.GlGenericObjectRenderer::vertexAttribDivisor@9 (line 644)
                      ; - com.seibel.distanthorizons.common.render.openGl.generic.GlGenericObjectRenderer::renderBoxGroupInstanced@110 (line 599)
  0x000078d272a2ddfc: c097 c0fd 

  0x000078d272a2de00: ;   {other}
  0x000078d272a2de00: 0f1f 8400 | 7005 0007 | be02 0000 | 00ba 0300 | 0000 b906 | 1400 0045 | 33c0 41b9 | 0c00 0000 
  0x000078d272a2de20: ;   {static_call}
  0x000078d272a2de20: 33ff 90e8 

  0x000078d272a2de24: ; ImmutableOopMap {rbp=Oop [0]=Oop [16]=Oop [24]=Oop [48]=Oop }
                      ;*invokestatic nglVertexAttribPointer {reexecute=0 rethrow=0 return_oop=0}
                      ; - org.lwjgl.opengl.GL20C::glVertexAttribPointer@8 (line 1892)
                      ; - org.lwjgl.opengl.GL20::glVertexAttribPointer@8 (line 1868)
                      ; - com.seibel.distanthorizons.common.render.openGl.generic.GlGenericObjectRenderer::renderBoxGroupInstanced@122 (line 600)
  0x000078d272a2de24: 9854 e1fe 

  0x000078d272a2de28: ;   {other}
  0x000078d272a2de28: 0f1f 8400 | 9805 0008 | 4c8b 5424 | 1841 8b52 | 0cbe 9288 

  0x000078d272a2de3c: ;   {static_call}
  0x000078d272a2de3c: 0000 90e8 

  0x000078d272a2de40: ; ImmutableOopMap {rbp=Oop [0]=Oop [16]=Oop [24]=Oop [48]=Oop }
                      ;*invokestatic glBindBuffer {reexecute=0 rethrow=0 return_oop=0}
                      ; - org.lwjgl.opengl.GL15::glBindBuffer@2 (line 129)
                      ; - com.seibel.distanthorizons.common.render.openGl.generic.GlGenericObjectRenderer::renderBoxGroupInstanced@133 (line 602)
  0x000078d272a2de40: fc16 a6fe 

  0x000078d272a2de44: ;   {other}
  0x000078d272a2de44: 0f1f 8400 | b405 0009 | be03 0000 

  0x000078d272a2de50: ;   {static_call}
  0x000078d272a2de50: 0066 90e8 

  0x000078d272a2de54: ; ImmutableOopMap {rbp=Oop [0]=Oop [16]=Oop [24]=Oop [48]=Oop }
                      ;*invokestatic glEnableVertexAttribArray {reexecute=0 rethrow=0 return_oop=0}
                      ; - org.lwjgl.opengl.GL20::glEnableVertexAttribArray@1 (line 1935)
                      ; - com.seibel.distanthorizons.common.render.openGl.generic.GlGenericObjectRenderer::renderBoxGroupInstanced@137 (line 603)
  0x000078d272a2de54: e8a9 24fe 

  0x000078d272a2de58: ;   {other}
  0x000078d272a2de58: 0f1f 8400 | c805 000a | 4c8b d541 | 0fb6 6a0e | 85ed 0f84 | b003 0000 | 498b eabe | 0300 0000 
  0x000078d272a2de78: ba01 0000 

  0x000078d272a2de7c: ;   {static_call}
  0x000078d272a2de7c: 0066 90e8 

  0x000078d272a2de80: ; ImmutableOopMap {rbp=Oop [0]=Oop [16]=Oop [24]=Oop [48]=Oop }
                      ;*invokestatic glVertexAttribDivisor {reexecute=0 rethrow=0 return_oop=0}
                      ; - org.lwjgl.opengl.GL33::glVertexAttribDivisor@2 (line 614)
                      ; - com.seibel.distanthorizons.common.render.openGl.generic.GlGenericObjectRenderer::vertexAttribDivisor@9 (line 644)
                      ; - com.seibel.distanthorizons.common.render.openGl.generic.GlGenericObjectRenderer::renderBoxGroupInstanced@143 (line 604)
  0x000078d272a2de80: 3c97 c0fd 

  0x000078d272a2de84: ;   {other}
  0x000078d272a2de84: 0f1f 8400 | f405 000b | b904 1400 | 00be 0300 | 0000 ba03 | 0000 0041 | b80c 0000 | 0045 33c9 
  0x000078d272a2dea4: ;   {static_call}
  0x000078d272a2dea4: 6666 90e8 

  0x000078d272a2dea8: ; ImmutableOopMap {rbp=Oop [0]=Oop [16]=Oop [24]=Oop [48]=Oop }
                      ;*invokestatic nglVertexAttribIPointer {reexecute=0 rethrow=0 return_oop=0}
                      ; - org.lwjgl.opengl.GL30C::glVertexAttribIPointer@6 (line 964)
                      ; - org.lwjgl.opengl.GL30::glVertexAttribIPointer@6 (line 972)
                      ; - com.seibel.distanthorizons.common.render.openGl.generic.GlGenericObjectRenderer::renderBoxGroupInstanced@154 (line 605)
  0x000078d272a2dea8: 14e9 10ff 

  0x000078d272a2deac: ;   {other}
  0x000078d272a2deac: 0f1f 8400 | 1c06 000c | 4c8b 5424 | 1841 8b52 | 10be 9288 

  0x000078d272a2dec0: ;   {static_call}
  0x000078d272a2dec0: 0000 90e8 

  0x000078d272a2dec4: ; ImmutableOopMap {rbp=Oop [0]=Oop [16]=Oop [24]=Oop [48]=Oop }
                      ;*invokestatic glBindBuffer {reexecute=0 rethrow=0 return_oop=0}
                      ; - org.lwjgl.opengl.GL15::glBindBuffer@2 (line 129)
                      ; - com.seibel.distanthorizons.common.render.openGl.generic.GlGenericObjectRenderer::renderBoxGroupInstanced@165 (line 607)
  0x000078d272a2dec4: 7816 a6fe 

  0x000078d272a2dec8: ;   {other}
  0x000078d272a2dec8: 0f1f 8400 | 3806 000d | be04 0000 

  0x000078d272a2ded4: ;   {static_call}
  0x000078d272a2ded4: 0066 90e8 

  0x000078d272a2ded8: ; ImmutableOopMap {rbp=Oop [0]=Oop [16]=Oop [24]=Oop [48]=Oop }
                      ;*invokestatic glEnableVertexAttribArray {reexecute=0 rethrow=0 return_oop=0}
                      ; - org.lwjgl.opengl.GL20::glEnableVertexAttribArray@1 (line 1935)
                      ; - com.seibel.distanthorizons.common.render.openGl.generic.GlGenericObjectRenderer::renderBoxGroupInstanced@169 (line 608)
  0x000078d272a2ded8: 64a9 24fe 

  0x000078d272a2dedc: ;   {other}
  0x000078d272a2dedc: 0f1f 8400 | 4c06 000e | 4c8b d541 | 0fb6 6a0e | 85ed 0f84 | 4003 0000 | 498b eabe | 0400 0000 
  0x000078d272a2defc: ba01 0000 

  0x000078d272a2df00: ;   {static_call}
  0x000078d272a2df00: 0066 90e8 

  0x000078d272a2df04: ; ImmutableOopMap {rbp=Oop [0]=Oop [16]=Oop [24]=Oop [48]=Oop }
                      ;*invokestatic glVertexAttribDivisor {reexecute=0 rethrow=0 return_oop=0}
                      ; - org.lwjgl.opengl.GL33::glVertexAttribDivisor@2 (line 614)
                      ; - com.seibel.distanthorizons.common.render.openGl.generic.GlGenericObjectRenderer::vertexAttribDivisor@9 (line 644)
                      ; - com.seibel.distanthorizons.common.render.openGl.generic.GlGenericObjectRenderer::renderBoxGroupInstanced@175 (line 609)
  0x000078d272a2df04: b896 c0fd 

  0x000078d272a2df08: ;   {other}
  0x000078d272a2df08: 0f1f 8400 | 7806 000f | be04 0000 | 00ba 0300 | 0000 b906 | 1400 0045 | 33c0 41b9 | 0c00 0000 
  0x000078d272a2df28: ;   {static_call}
  0x000078d272a2df28: 33ff 90e8 

  0x000078d272a2df2c: ; ImmutableOopMap {rbp=Oop [0]=Oop [16]=Oop [24]=Oop [48]=Oop }
                      ;*invokestatic nglVertexAttribPointer {reexecute=0 rethrow=0 return_oop=0}
                      ; - org.lwjgl.opengl.GL20C::glVertexAttribPointer@8 (line 1892)
                      ; - org.lwjgl.opengl.GL20::glVertexAttribPointer@8 (line 1868)
                      ; - com.seibel.distanthorizons.common.render.openGl.generic.GlGenericObjectRenderer::renderBoxGroupInstanced@187 (line 610)
  0x000078d272a2df2c: 9053 e1fe 

  0x000078d272a2df30: ;   {other}
  0x000078d272a2df30: 0f1f 8400 | a006 0010 | 4c8b 5424 | 1841 8b52 | 1cbe 9288 

  0x000078d272a2df44: ;   {static_call}
  0x000078d272a2df44: 0000 90e8 

  0x000078d272a2df48: ; ImmutableOopMap {rbp=Oop [0]=Oop [16]=Oop [24]=Oop [48]=Oop }
                      ;*invokestatic glBindBuffer {reexecute=0 rethrow=0 return_oop=0}
                      ; - org.lwjgl.opengl.GL15::glBindBuffer@2 (line 129)
                      ; - com.seibel.distanthorizons.common.render.openGl.generic.GlGenericObjectRenderer::renderBoxGroupInstanced@198 (line 612)
  0x000078d272a2df48: f415 a6fe 

  0x000078d272a2df4c: ;   {other}
  0x000078d272a2df4c: 0f1f 8400 | bc06 0011 | be05 0000 

  0x000078d272a2df58: ;   {static_call}
  0x000078d272a2df58: 0066 90e8 

  0x000078d272a2df5c: ; ImmutableOopMap {rbp=Oop [0]=Oop [16]=Oop [24]=Oop [48]=Oop }
                      ;*invokestatic glEnableVertexAttribArray {reexecute=0 rethrow=0 return_oop=0}
                      ; - org.lwjgl.opengl.GL20::glEnableVertexAttribArray@1 (line 1935)
                      ; - com.seibel.distanthorizons.common.render.openGl.generic.GlGenericObjectRenderer::renderBoxGroupInstanced@202 (line 613)
  0x000078d272a2df5c: e0a8 24fe 

  0x000078d272a2df60: ;   {other}
  0x000078d272a2df60: 0f1f 8400 | d006 0012 | 4c8b d541 | 0fb6 6a0e | 85ed 0f84 | d002 0000 | be05 0000 | 00ba 0100 
  0x000078d272a2df80: ;   {static_call}
  0x000078d272a2df80: 0000 90e8 

  0x000078d272a2df84: ; ImmutableOopMap {[16]=Oop [24]=Oop [48]=Oop }
                      ;*invokestatic glVertexAttribDivisor {reexecute=0 rethrow=0 return_oop=0}
                      ; - org.lwjgl.opengl.GL33::glVertexAttribDivisor@2 (line 614)
                      ; - com.seibel.distanthorizons.common.render.openGl.generic.GlGenericObjectRenderer::vertexAttribDivisor@9 (line 644)
                      ; - com.seibel.distanthorizons.common.render.openGl.generic.GlGenericObjectRenderer::renderBoxGroupInstanced@208 (line 614)
  0x000078d272a2df84: 3896 c0fd 

  0x000078d272a2df88: ;   {other}
  0x000078d272a2df88: 0f1f 8400 | f806 0013 | b900 1400 | 00be 0500 | 0000 ba01 | 0000 0041 | b801 0000 | 0045 33c9 
  0x000078d272a2dfa8: ;   {static_call}
  0x000078d272a2dfa8: 6666 90e8 

  0x000078d272a2dfac: ; ImmutableOopMap {[16]=Oop [24]=Oop [48]=Oop }
                      ;*invokestatic nglVertexAttribIPointer {reexecute=0 rethrow=0 return_oop=0}
                      ; - org.lwjgl.opengl.GL30C::glVertexAttribIPointer@6 (line 964)
                      ; - org.lwjgl.opengl.GL30::glVertexAttribIPointer@6 (line 972)
                      ; - com.seibel.distanthorizons.common.render.openGl.generic.GlGenericObjectRenderer::renderBoxGroupInstanced@218 (line 615)
  0x000078d272a2dfac: 10e8 10ff 

  0x000078d272a2dfb0: ;   {other}
  0x000078d272a2dfb0: 0f1f 8400 | 2007 0014 | 4c8b 5424 | 3041 8b6a | 0c45 8b5c 

  0x000078d272a2dfc4: ;   {metadata('net/minecraft/util/profiling/InactiveProfiler')}
  0x000078d272a2dfc4: ec08 4181 | fb98 7a22 | 020f 85a1 | 0100 004c | 8b5c 2418 | 458b 4b20 | 4585 c97e | 2e49 8bea 
  0x000078d272a2dfe4: ba24 0000 | 00b9 0514 | 0000 be04 | 0000 0045 

  0x000078d272a2dff4: ;   {static_call}
  0x000078d272a2dff4: 33c0 90e8 

  0x000078d272a2dff8: ; ImmutableOopMap {rbp=Oop [16]=Oop }
                      ;*invokestatic nglDrawElementsInstanced {reexecute=0 rethrow=0 return_oop=0}
                      ; - org.lwjgl.opengl.GL31C::glDrawElementsInstanced@6 (line 209)
                      ; - org.lwjgl.opengl.GL31::glDrawElementsInstanced@6 (line 208)
                      ; - com.seibel.distanthorizons.common.render.openGl.generic.GlGenericObjectRenderer::renderBoxGroupInstanced@253 (line 622)
  0x000078d272a2dff8: 44ef ebfd 

  0x000078d272a2dffc: ;   {other}
  0x000078d272a2dffc: 0f1f 8400 | 6c07 0015 | 8b6d 0c85 | ed0f 84c9 | 0000 0045 | 8b5c ec08 

  0x000078d272a2e014: ;   {metadata('net/minecraft/util/profiling/InactiveProfiler')}
  0x000078d272a2e014: 4181 fb98 | 7a22 020f | 856f 0100 | 00be 0100 

  0x000078d272a2e024: ;   {static_call}
  0x000078d272a2e024: 0000 90e8 

  0x000078d272a2e028: ; ImmutableOopMap {[16]=Oop }
                      ;*invokestatic glDisableVertexAttribArray {reexecute=0 rethrow=0 return_oop=0}
                      ; - org.lwjgl.opengl.GL20::glDisableVertexAttribArray@1 (line 1948)
                      ; - com.seibel.distanthorizons.common.render.openGl.generic.GlGenericObjectRenderer::renderBoxGroupInstanced@267 (line 629)
  0x000078d272a2e028: 9491 c0fd 

  0x000078d272a2e02c: ;   {other}
  0x000078d272a2e02c: 0f1f 8400 | 9c07 0016 | be02 0000 

  0x000078d272a2e038: ;   {static_call}
  0x000078d272a2e038: 0066 90e8 

  0x000078d272a2e03c: ; ImmutableOopMap {[16]=Oop }
                      ;*invokestatic glDisableVertexAttribArray {reexecute=0 rethrow=0 return_oop=0}
                      ; - org.lwjgl.opengl.GL20::glDisableVertexAttribArray@1 (line 1948)
                      ; - com.seibel.distanthorizons.common.render.openGl.generic.GlGenericObjectRenderer::renderBoxGroupInstanced@271 (line 630)
  0x000078d272a2e03c: 8091 c0fd 

  0x000078d272a2e040: ;   {other}
  0x000078d272a2e040: 0f1f 8400 | b007 0017 | be03 0000 

  0x000078d272a2e04c: ;   {static_call}
  0x000078d272a2e04c: 0066 90e8 

  0x000078d272a2e050: ; ImmutableOopMap {[16]=Oop }
                      ;*invokestatic glDisableVertexAttribArray {reexecute=0 rethrow=0 return_oop=0}
                      ; - org.lwjgl.opengl.GL20::glDisableVertexAttribArray@1 (line 1948)
                      ; - com.seibel.distanthorizons.common.render.openGl.generic.GlGenericObjectRenderer::renderBoxGroupInstanced@275 (line 631)
  0x000078d272a2e050: 6c91 c0fd 

  0x000078d272a2e054: ;   {other}
  0x000078d272a2e054: 0f1f 8400 | c407 0018 | be04 0000 

  0x000078d272a2e060: ;   {static_call}
  0x000078d272a2e060: 0066 90e8 

  0x000078d272a2e064: ; ImmutableOopMap {[16]=Oop }
                      ;*invokestatic glDisableVertexAttribArray {reexecute=0 rethrow=0 return_oop=0}
                      ; - org.lwjgl.opengl.GL20::glDisableVertexAttribArray@1 (line 1948)
                      ; - com.seibel.distanthorizons.common.render.openGl.generic.GlGenericObjectRenderer::renderBoxGroupInstanced@279 (line 632)
  0x000078d272a2e064: 5891 c0fd 

  0x000078d272a2e068: ;   {other}
  0x000078d272a2e068: 0f1f 8400 | d807 0019 | be05 0000 

  0x000078d272a2e074: ;   {static_call}
  0x000078d272a2e074: 0066 90e8 

  0x000078d272a2e078: ; ImmutableOopMap {[16]=Oop }
                      ;*invokestatic glDisableVertexAttribArray {reexecute=0 rethrow=0 return_oop=0}
                      ; - org.lwjgl.opengl.GL20::glDisableVertexAttribArray@1 (line 1948)
                      ; - com.seibel.distanthorizons.common.render.openGl.generic.GlGenericObjectRenderer::renderBoxGroupInstanced@283 (line 633)
  0x000078d272a2e078: 4491 c0fd 

  0x000078d272a2e07c: ;   {other}
  0x000078d272a2e07c: 0f1f 8400 | ec07 001a | 4c8b 5424 | 1041 8b6a | 0c45 8b54 

  0x000078d272a2e090: ;   {metadata('net/minecraft/util/profiling/InactiveProfiler')}
  0x000078d272a2e090: ec08 4181 | fa98 7a22 | 020f 8505 | 0100 0048 | 83c4 505d 

  0x000078d272a2e0a4: ;   {poll_return}
  0x000078d272a2e0a4: 493b a750 | 0400 000f | 87a0 0300 | 00c3 4889 

  0x000078d272a2e0b4: ;   {metadata('com/seibel/distanthorizons/common/wrappers/minecraft/ProfilerWrapper$ProfileBlock')}
  0x000078d272a2e0b4: 7c24 1048 | beb0 3b95 | 09d2 7800 

  0x000078d272a2e0c0: ;   {runtime_call _new_instance_Java}
  0x000078d272a2e0c0: 0066 90e8 

  0x000078d272a2e0c4: ; ImmutableOopMap {rbp=NarrowOop [0]=Oop [8]=Oop [16]=Oop [24]=Oop [32]=Oop [40]=Oop [48]=Oop }
                      ;*new {reexecute=0 rethrow=0 return_oop=1}
                      ; - com.seibel.distanthorizons.common.wrappers.minecraft.ProfilerWrapper::push@10 (line 57)
                      ; - com.seibel.distanthorizons.common.render.openGl.generic.GlGenericObjectRenderer::renderBoxGroupInstanced@5 (line 570)
  0x000078d272a2e0c4: b855 35fd 

  0x000078d272a2e0c8: ;   {other}
  0x000078d272a2e0c8: 0f1f 8400 | 3808 001b | 4c8b d8e9 | befb ffff | bef6 ffff | ff48 8b6c 

  0x000078d272a2e0e0: ;   {runtime_call UncommonTrapBlob}
  0x000078d272a2e0e0: 2410 90e8 

  0x000078d272a2e0e4: ; ImmutableOopMap {rbp=Oop }
                      ;*invokeinterface popPush {reexecute=0 rethrow=0 return_oop=0}
                      ; - com.seibel.distanthorizons.common.wrappers.minecraft.ProfilerWrapper::popPush@5 (line 66)
                      ; - com.seibel.distanthorizons.common.render.openGl.generic.GlGenericObjectRenderer::renderBoxGroupInstanced@261 (line 627)
  0x000078d272a2e0e4: 9884 28fd 

  0x000078d272a2e0e8: ;   {other}
  0x000078d272a2e0e8: 0f1f 8400 | 5808 001c | bede ffff | ff48 8b2c | 2448 8914 | 2448 894c | 2408 4c89 | 4424 104c 
  0x000078d272a2e108: 894c 2418 | 4889 7c24 

  0x000078d272a2e110: ;   {runtime_call UncommonTrapBlob}
  0x000078d272a2e110: 2866 90e8 

  0x000078d272a2e114: ; ImmutableOopMap {rbp=Oop [0]=Oop [8]=Oop [16]=Oop [24]=Oop [40]=Oop }
                      ;*invokeinterface push {reexecute=0 rethrow=0 return_oop=0}
                      ; - com.seibel.distanthorizons.common.render.openGl.generic.GlGenericObjectRenderer::renderBoxGroupInstanced@5 (line 570)
  0x000078d272a2e114: 6884 28fd 

  0x000078d272a2e118: ;   {other}
  0x000078d272a2e118: 0f1f 8400 | 8808 001d | bede ffff | ff48 894c | 2410 4c89 | 4424 184c | 894c 2420 

  0x000078d272a2e134: ;   {runtime_call UncommonTrapBlob}
  0x000078d272a2e134: 6666 90e8 

  0x000078d272a2e138: ; ImmutableOopMap {rbp=NarrowOop [0]=Oop [8]=Oop [16]=Oop [24]=Oop [32]=Oop [48]=Oop }
                      ;*invokeinterface push {reexecute=0 rethrow=0 return_oop=0}
                      ; - com.seibel.distanthorizons.common.wrappers.minecraft.ProfilerWrapper::push@5 (line 55)
                      ; - com.seibel.distanthorizons.common.render.openGl.generic.GlGenericObjectRenderer::renderBoxGroupInstanced@5 (line 570)
  0x000078d272a2e138: 4484 28fd 

  0x000078d272a2e13c: ;   {other}
  0x000078d272a2e13c: 0f1f 8400 | ac08 001e | bede ffff | ff4c 8944 | 2410 4c89 

  0x000078d272a2e150: ;   {runtime_call UncommonTrapBlob}
  0x000078d272a2e150: 5c24 38e8 

  0x000078d272a2e154: ; ImmutableOopMap {rbp=NarrowOop [0]=Oop [16]=Oop [24]=Oop [32]=Oop [40]=Oop [48]=Oop [56]=Oop }
                      ;*invokeinterface fillIndirectUniformData {reexecute=0 rethrow=0 return_oop=0}
                      ; - com.seibel.distanthorizons.common.render.openGl.generic.GlGenericObjectRenderer::renderBoxGroupInstanced@35 (line 580)
  0x000078d272a2e154: 2884 28fd 

  0x000078d272a2e158: ;   {other}
  0x000078d272a2e158: 0f1f 8400 | c808 001f | bede ffff 

  0x000078d272a2e164: ;   {runtime_call UncommonTrapBlob}
  0x000078d272a2e164: ff66 90e8 

  0x000078d272a2e168: ; ImmutableOopMap {rbp=NarrowOop [0]=Oop [16]=Oop [32]=Oop [48]=Oop }
                      ;*invokeinterface popPush {reexecute=0 rethrow=0 return_oop=0}
                      ; - com.seibel.distanthorizons.common.wrappers.minecraft.ProfilerWrapper::popPush@5 (line 66)
                      ; - com.seibel.distanthorizons.common.render.openGl.generic.GlGenericObjectRenderer::renderBoxGroupInstanced@45 (line 588)
  0x000078d272a2e168: 1484 28fd 

  0x000078d272a2e16c: ;   {other}
  0x000078d272a2e16c: 0f1f 8400 | dc08 0020 | bede ffff | ff4c 8b54 | 2410 4c89 

  0x000078d272a2e180: ;   {runtime_call UncommonTrapBlob}
  0x000078d272a2e180: 5424 08e8 

  0x000078d272a2e184: ; ImmutableOopMap {rbp=NarrowOop [8]=Oop [24]=Oop [48]=Oop }
                      ;*invokeinterface popPush {reexecute=0 rethrow=0 return_oop=0}
                      ; - com.seibel.distanthorizons.common.wrappers.minecraft.ProfilerWrapper::popPush@5 (line 66)
                      ; - com.seibel.distanthorizons.common.render.openGl.generic.GlGenericObjectRenderer::renderBoxGroupInstanced@226 (line 619)
  0x000078d272a2e184: f883 28fd 

  0x000078d272a2e188: ;   {other}
  0x000078d272a2e188: 0f1f 8400 | f808 0021 | bede ffff 

  0x000078d272a2e194: ;   {runtime_call UncommonTrapBlob}
  0x000078d272a2e194: ff66 90e8 

  0x000078d272a2e198: ; ImmutableOopMap {rbp=NarrowOop [16]=Oop }
                      ;*invokeinterface popPush {reexecute=0 rethrow=0 return_oop=0}
                      ; - com.seibel.distanthorizons.common.wrappers.minecraft.ProfilerWrapper::popPush@5 (line 66)
                      ; - com.seibel.distanthorizons.common.render.openGl.generic.GlGenericObjectRenderer::renderBoxGroupInstanced@261 (line 627)
  0x000078d272a2e198: e483 28fd 

  0x000078d272a2e19c: ;   {other}
  0x000078d272a2e19c: 0f1f 8400 | 0c09 0022 | bede ffff 

  0x000078d272a2e1a8: ;   {runtime_call UncommonTrapBlob}
  0x000078d272a2e1a8: ff66 90e8 

  0x000078d272a2e1ac: ; ImmutableOopMap {rbp=NarrowOop }
                      ;*invokeinterface pop {reexecute=0 rethrow=0 return_oop=0}
                      ; - com.seibel.distanthorizons.common.wrappers.minecraft.ProfilerWrapper$ProfileBlock::close@4 (line 98)
                      ; - com.seibel.distanthorizons.common.render.openGl.generic.GlGenericObjectRenderer::renderBoxGroupInstanced@293 (line 634)
  0x000078d272a2e1ac: d083 28fd 

  0x000078d272a2e1b0: ;   {other}
  0x000078d272a2e1b0: 0f1f 8400 | 2009 0023 | be45 ffff | ff4c 8b54 | 2418 4c89 | 5424 1048 | ff74 2420 | 488f 4424 
  0x000078d272a2e1d0: 184c 8b54 | 2428 4c89 | 5424 2048 | ff74 2430 | 488f 4424 | 284c 895c 

  0x000078d272a2e1e8: ;   {runtime_call UncommonTrapBlob}
  0x000078d272a2e1e8: 2430 90e8 

  0x000078d272a2e1ec: ; ImmutableOopMap {rbp=NarrowOop [0]=Oop [8]=Oop [16]=Oop [24]=Oop [32]=Oop [40]=Oop [48]=Oop }
                      ;*ifnonnull {reexecute=1 rethrow=0 return_oop=0}
                      ; - (reexecute) com.seibel.distanthorizons.common.render.openGl.generic.GlGenericObjectRenderer::renderBoxGroupInstanced@20 (line 575)
  0x000078d272a2e1ec: 9083 28fd 

  0x000078d272a2e1f0: ;   {other}
  0x000078d272a2e1f0: 0f1f 8400 | 6009 0024 | be45 ffff 

  0x000078d272a2e1fc: ;   {runtime_call UncommonTrapBlob}
  0x000078d272a2e1fc: ff66 90e8 

  0x000078d272a2e200: ; ImmutableOopMap {[0]=Oop [16]=Oop [24]=Oop [48]=Oop }
                      ;*ifeq {reexecute=1 rethrow=0 return_oop=0}
                      ; - (reexecute) com.seibel.distanthorizons.common.render.openGl.generic.GlGenericObjectRenderer::vertexAttribDivisor@4 (line 642)
                      ; - com.seibel.distanthorizons.common.render.openGl.generic.GlGenericObjectRenderer::renderBoxGroupInstanced@89 (line 595)
  0x000078d272a2e200: 7c83 28fd 

  0x000078d272a2e204: ;   {other}
  0x000078d272a2e204: 0f1f 8400 | 7409 0025 | be45 ffff 

  0x000078d272a2e210: ;   {runtime_call UncommonTrapBlob}
  0x000078d272a2e210: ff66 90e8 

  0x000078d272a2e214: ; ImmutableOopMap {[0]=Oop [16]=Oop [24]=Oop [48]=Oop }
                      ;*ifeq {reexecute=1 rethrow=0 return_oop=0}
                      ; - (reexecute) com.seibel.distanthorizons.common.render.openGl.generic.GlGenericObjectRenderer::vertexAttribDivisor@4 (line 642)
                      ; - com.seibel.distanthorizons.common.render.openGl.generic.GlGenericObjectRenderer::renderBoxGroupInstanced@110 (line 599)
  0x000078d272a2e214: 6883 28fd 

  0x000078d272a2e218: ;   {other}
  0x000078d272a2e218: 0f1f 8400 | 8809 0026 | be45 ffff 

  0x000078d272a2e224: ;   {runtime_call UncommonTrapBlob}
  0x000078d272a2e224: ff66 90e8 

  0x000078d272a2e228: ; ImmutableOopMap {[0]=Oop [16]=Oop [24]=Oop [48]=Oop }
                      ;*ifeq {reexecute=1 rethrow=0 return_oop=0}
                      ; - (reexecute) com.seibel.distanthorizons.common.render.openGl.generic.GlGenericObjectRenderer::vertexAttribDivisor@4 (line 642)
                      ; - com.seibel.distanthorizons.common.render.openGl.generic.GlGenericObjectRenderer::renderBoxGroupInstanced@143 (line 604)
  0x000078d272a2e228: 5483 28fd 

  0x000078d272a2e22c: ;   {other}
  0x000078d272a2e22c: 0f1f 8400 | 9c09 0027 | be45 ffff 

  0x000078d272a2e238: ;   {runtime_call UncommonTrapBlob}
  0x000078d272a2e238: ff66 90e8 

  0x000078d272a2e23c: ; ImmutableOopMap {[0]=Oop [16]=Oop [24]=Oop [48]=Oop }
                      ;*ifeq {reexecute=1 rethrow=0 return_oop=0}
                      ; - (reexecute) com.seibel.distanthorizons.common.render.openGl.generic.GlGenericObjectRenderer::vertexAttribDivisor@4 (line 642)
                      ; - com.seibel.distanthorizons.common.render.openGl.generic.GlGenericObjectRenderer::renderBoxGroupInstanced@175 (line 609)
  0x000078d272a2e23c: 4083 28fd 

  0x000078d272a2e240: ;   {other}
  0x000078d272a2e240: 0f1f 8400 | b009 0028 | be45 ffff 

  0x000078d272a2e24c: ;   {runtime_call UncommonTrapBlob}
  0x000078d272a2e24c: ff66 90e8 

  0x000078d272a2e250: ; ImmutableOopMap {[0]=Oop [16]=Oop [24]=Oop [48]=Oop }
                      ;*ifeq {reexecute=1 rethrow=0 return_oop=0}
                      ; - (reexecute) com.seibel.distanthorizons.common.render.openGl.generic.GlGenericObjectRenderer::vertexAttribDivisor@4 (line 642)
                      ; - com.seibel.distanthorizons.common.render.openGl.generic.GlGenericObjectRenderer::renderBoxGroupInstanced@208 (line 614)
  0x000078d272a2e250: 2c83 28fd 

  0x000078d272a2e254: ;   {other}
  0x000078d272a2e254: 0f1f 8400 | c409 0029 | bede ffff 

  0x000078d272a2e260: ;   {runtime_call UncommonTrapBlob}
  0x000078d272a2e260: ff66 90e8 

  0x000078d272a2e264: ; ImmutableOopMap {rbp=NarrowOop [0]=Oop [16]=Oop [48]=Oop }
                      ;*checkcast {reexecute=0 rethrow=0 return_oop=0}
                      ; - com.seibel.distanthorizons.common.render.openGl.generic.GlGenericObjectRenderer::renderBoxGroupInstanced@54 (line 590)
  0x000078d272a2e264: 1883 28fd 

  0x000078d272a2e268: ;   {other}
  0x000078d272a2e268: 0f1f 8400 | d809 002a | bef6 ffff | ff48 8b2c | 2448 8914 | 2448 894c 

  0x000078d272a2e280: ;   {runtime_call UncommonTrapBlob}
  0x000078d272a2e280: 2408 90e8 

  0x000078d272a2e284: ; ImmutableOopMap {rbp=Oop [0]=Oop [8]=Oop [32]=Oop [40]=Oop }
                      ;*invokeinterface push {reexecute=0 rethrow=0 return_oop=0}
                      ; - com.seibel.distanthorizons.common.render.openGl.generic.GlGenericObjectRenderer::renderBoxGroupInstanced@5 (line 570)
  0x000078d272a2e284: f882 28fd 

  0x000078d272a2e288: ;   {other}
  0x000078d272a2e288: 0f1f 8400 | f809 002b | bef6 ffff | ff48 8b2c | 2448 8914 | 2448 894c | 2408 4c89 

  0x000078d272a2e2a4: ;   {runtime_call UncommonTrapBlob}
  0x000078d272a2e2a4: 4424 10e8 

  0x000078d272a2e2a8: ; ImmutableOopMap {rbp=Oop [0]=Oop [8]=Oop [16]=Oop [40]=Oop [48]=Oop }
                      ;*invokeinterface push {reexecute=0 rethrow=0 return_oop=0}
                      ; - com.seibel.distanthorizons.common.wrappers.minecraft.ProfilerWrapper::push@5 (line 55)
                      ; - com.seibel.distanthorizons.common.render.openGl.generic.GlGenericObjectRenderer::renderBoxGroupInstanced@5 (line 570)
  0x000078d272a2e2a8: d482 28fd 

  0x000078d272a2e2ac: ;   {other}
  0x000078d272a2e2ac: 0f1f 8400 | 1c0a 002c | bef6 ffff | ff48 8b2c | 244c 8b54 | 2408 4c89 | 1424 4c8b | 5424 184c 
  0x000078d272a2e2cc: 8954 2408 | 4c89 5c24 

  0x000078d272a2e2d4: ;   {runtime_call UncommonTrapBlob}
  0x000078d272a2e2d4: 2066 90e8 

  0x000078d272a2e2d8: ; ImmutableOopMap {rbp=Oop [0]=Oop [8]=Oop [32]=Oop [40]=Oop [48]=Oop }
                      ;*getfield shading {reexecute=1 rethrow=0 return_oop=0}
                      ; - (reexecute) com.seibel.distanthorizons.common.render.openGl.generic.GlGenericObjectRenderer::renderBoxGroupInstanced@13 (line 574)
  0x000078d272a2e2d8: a482 28fd 

  0x000078d272a2e2dc: ;   {other}
  0x000078d272a2e2dc: 0f1f 8400 | 4c0a 002d | bef6 ffff | ff48 ff74 | 2420 488f | 4424 084c | 8b54 2418 | 4c89 5424 
  0x000078d272a2e2fc: 104c 8b54 | 2428 4c89 | 5424 2048 | ff74 2430 | 488f 4424 | 284c 895c 

  0x000078d272a2e314: ;   {runtime_call UncommonTrapBlob}
  0x000078d272a2e314: 2430 90e8 

  0x000078d272a2e318: ; ImmutableOopMap {rbp=NarrowOop [0]=Oop [8]=Oop [16]=Oop [32]=Oop [40]=Oop [48]=Oop }
                      ;*invokeinterface fillIndirectUniformData {reexecute=0 rethrow=0 return_oop=0}
                      ; - com.seibel.distanthorizons.common.render.openGl.generic.GlGenericObjectRenderer::renderBoxGroupInstanced@35 (line 580)
  0x000078d272a2e318: 6482 28fd 

  0x000078d272a2e31c: ;   {other}
  0x000078d272a2e31c: 0f1f 8400 | 8c0a 002e | bef6 ffff | ff48 8b2c 

  0x000078d272a2e32c: ;   {runtime_call UncommonTrapBlob}
  0x000078d272a2e32c: 2466 90e8 

  0x000078d272a2e330: ; ImmutableOopMap {rbp=Oop [16]=Oop [32]=Oop [48]=Oop }
                      ;*invokeinterface popPush {reexecute=0 rethrow=0 return_oop=0}
                      ; - com.seibel.distanthorizons.common.wrappers.minecraft.ProfilerWrapper::popPush@5 (line 66)
                      ; - com.seibel.distanthorizons.common.render.openGl.generic.GlGenericObjectRenderer::renderBoxGroupInstanced@45 (line 588)
  0x000078d272a2e330: 4c82 28fd 

  0x000078d272a2e334: ;   {other}
  0x000078d272a2e334: 0f1f 8400 | a40a 002f | bef4 ffff | ff48 8b2c 

  0x000078d272a2e344: ;   {runtime_call UncommonTrapBlob}
  0x000078d272a2e344: 2466 90e8 

  0x000078d272a2e348: ; ImmutableOopMap {rbp=Oop [16]=Oop [48]=Oop }
                      ;*checkcast {reexecute=0 rethrow=0 return_oop=0}
                      ; - com.seibel.distanthorizons.common.render.openGl.generic.GlGenericObjectRenderer::renderBoxGroupInstanced@54 (line 590)
  0x000078d272a2e348: 3482 28fd 

  0x000078d272a2e34c: ;   {other}
  0x000078d272a2e34c: 0f1f 8400 | bc0a 0030 | bef6 ffff | ff49 8bea 

  0x000078d272a2e35c: ;   {runtime_call UncommonTrapBlob}
  0x000078d272a2e35c: 6666 90e8 

  0x000078d272a2e360: ; ImmutableOopMap {rbp=Oop [16]=Oop [24]=Oop }
                      ;*invokeinterface popPush {reexecute=0 rethrow=0 return_oop=0}
                      ; - com.seibel.distanthorizons.common.wrappers.minecraft.ProfilerWrapper::popPush@5 (line 66)
                      ; - com.seibel.distanthorizons.common.render.openGl.generic.GlGenericObjectRenderer::renderBoxGroupInstanced@226 (line 619)
  0x000078d272a2e360: 1c82 28fd 

  0x000078d272a2e364: ;   {other}
  0x000078d272a2e364: 0f1f 8400 | d40a 0031 | bef6 ffff 

  0x000078d272a2e370: ;   {runtime_call UncommonTrapBlob}
  0x000078d272a2e370: ff66 90e8 

  0x000078d272a2e374: ; ImmutableOopMap {}
                      ;*invokeinterface pop {reexecute=0 rethrow=0 return_oop=0}
                      ; - com.seibel.distanthorizons.common.wrappers.minecraft.ProfilerWrapper$ProfileBlock::close@4 (line 98)
                      ; - com.seibel.distanthorizons.common.render.openGl.generic.GlGenericObjectRenderer::renderBoxGroupInstanced@293 (line 634)
  0x000078d272a2e374: 0882 28fd 

  0x000078d272a2e378: ;   {other}
  0x000078d272a2e378: 0f1f 8400 | e80a 0032 | 488b f0e9 | bf00 0000 | 488b f0e9 | b700 0000 | 488b f548 

  0x000078d272a2e394: ;   {optimized virtual_call}
  0x000078d272a2e394: 8bd0 90e8 

  0x000078d272a2e398: ; ImmutableOopMap {rbp=Oop }
                      ;*invokevirtual addSuppressed {reexecute=0 rethrow=0 return_oop=0}
                      ; - com.seibel.distanthorizons.common.render.openGl.generic.GlGenericObjectRenderer::renderBoxGroupInstanced@324 (line 570)
  0x000078d272a2e398: e4f3 27fd 

  0x000078d272a2e39c: ;   {other}
  0x000078d272a2e39c: 0f1f 8400 | 0c0b 0033 | e99b 0000 | 0048 8be8 | e980 0000 | 0048 8be8 | eb7b 488b | e8eb 7648 
  0x000078d272a2e3bc: 8be8 eb71 | 488b e8eb | 6c48 8be8 | eb67 488b | e8eb 6248 | 8be8 eb5d | 488b e8eb | 5848 8be8 
  0x000078d272a2e3dc: eb53 488b | e8eb 4e48 | 8be8 eb49 | 488b e8eb | 4448 8be8 | eb3f 488b | e8eb 3a48 | 8be8 eb35 
  0x000078d272a2e3fc: 488b e8eb | 3048 8be8 | eb2b 488b | e8eb 2648 | 8be8 eb21 | 488b e8eb | 1c48 8be8 | eb17 488b 
  0x000078d272a2e41c: e8eb 1248 | 8be8 eb0d | 488b e8eb | 0848 8be8 | eb03 488b | e848 8b74 

  0x000078d272a2e434: ;   {optimized virtual_call}
  0x000078d272a2e434: 2410 90e8 

  0x000078d272a2e438: ; ImmutableOopMap {rbp=Oop }
                      ;*invokeinterface close {reexecute=0 rethrow=0 return_oop=0}
                      ; - com.seibel.distanthorizons.common.render.openGl.generic.GlGenericObjectRenderer::renderBoxGroupInstanced@310 (line 570)
  0x000078d272a2e438: 44f3 27fd 

  0x000078d272a2e43c: ;   {other}
  0x000078d272a2e43c: 0f1f 8400 | ac0b 0034 | 488b f548 | 83c4 505d 

  0x000078d272a2e44c: ;   {runtime_call _rethrow_Java}
  0x000078d272a2e44c: e9af 1a36 

  0x000078d272a2e450: ;   {internal_word}
  0x000078d272a2e450: fd49 baa4 | e0a2 72d2 | 7800 004d | 8997 6804 

  0x000078d272a2e460: ;   {runtime_call SafepointBlob}
  0x000078d272a2e460: 0000 e999 

  0x000078d272a2e464: ;   {runtime_call StubRoutines (final stubs)}
  0x000078d272a2e464: 6f28 fde8 | b46d 26fd | e9a9 f7ff | fff4 f4f4 | f4f4 f4f4 
[Stub Code]
  0x000078d272a2e478: ;   {no_reloc}
  0x000078d272a2e478: 48bb 0000 | 0000 0000 

  0x000078d272a2e480: ;   {runtime_call nmethod}
  0x000078d272a2e480: 0000 e9fb 

  0x000078d272a2e484: ;   {static_stub}
  0x000078d272a2e484: ffff ff48 | bb00 0000 | 0000 0000 

  0x000078d272a2e490: ;   {runtime_call nmethod}
  0x000078d272a2e490: 00e9 fbff 

  0x000078d272a2e494: ;   {static_stub}
  0x000078d272a2e494: ffff 48bb | 0000 0000 | 0000 0000 

  0x000078d272a2e4a0: ;   {runtime_call nmethod}
  0x000078d272a2e4a0: e9fb ffff 

  0x000078d272a2e4a4: ;   {static_stub}
  0x000078d272a2e4a4: ff48 bb00 | 0000 0000 

  0x000078d272a2e4ac: ;   {runtime_call nmethod}
  0x000078d272a2e4ac: 0000 00e9 | fbff ffff 

  0x000078d272a2e4b4: ;   {static_stub}
  0x000078d272a2e4b4: 48bb 0000 | 0000 0000 

  0x000078d272a2e4bc: ;   {runtime_call nmethod}
  0x000078d272a2e4bc: 0000 e9fb 

  0x000078d272a2e4c0: ;   {static_stub}
  0x000078d272a2e4c0: ffff ff48 | bb00 0000 | 0000 0000 

  0x000078d272a2e4cc: ;   {runtime_call nmethod}
  0x000078d272a2e4cc: 00e9 fbff 

  0x000078d272a2e4d0: ;   {static_stub}
  0x000078d272a2e4d0: ffff 48bb | 0000 0000 | 0000 0000 

  0x000078d272a2e4dc: ;   {runtime_call nmethod}
  0x000078d272a2e4dc: e9fb ffff 

  0x000078d272a2e4e0: ;   {static_stub}
  0x000078d272a2e4e0: ff48 bb00 | 0000 0000 

  0x000078d272a2e4e8: ;   {runtime_call nmethod}
  0x000078d272a2e4e8: 0000 00e9 | fbff ffff 

  0x000078d272a2e4f0: ;   {static_stub}
  0x000078d272a2e4f0: 48bb 0000 | 0000 0000 

  0x000078d272a2e4f8: ;   {runtime_call nmethod}
  0x000078d272a2e4f8: 0000 e9fb 

  0x000078d272a2e4fc: ;   {static_stub}
  0x000078d272a2e4fc: ffff ff48 | bb00 0000 | 0000 0000 

  0x000078d272a2e508: ;   {runtime_call nmethod}
  0x000078d272a2e508: 00e9 fbff 

  0x000078d272a2e50c: ;   {runtime_call ExceptionBlob}
  0x000078d272a2e50c: ffff e9ed | 5a35 fde8 | 0000 0000 | 4883 2c24 

  0x000078d272a2e51c: ;   {runtime_call DeoptimizationBlob}
  0x000078d272a2e51c: 05e9 7e83 | 28fd f4f4 | f4f4 f4f4 
[/MachCode]


Compiled method (c2) 935493 67090   !   4       com.seibel.distanthorizons.common.render.openGl.generic.GlGenericObjectRenderer::render (627 bytes)
 total in heap  [0x000078d272b14490,0x000078d272b240f8] = 64616
 relocation     [0x000078d272b145e8,0x000078d272b15480] = 3736
 main code      [0x000078d272b15480,0x000078d272b1c170] = 27888
 stub code      [0x000078d272b1c170,0x000078d272b1c870] = 1792
 oops           [0x000078d272b1c870,0x000078d272b1c998] = 296
 metadata       [0x000078d272b1c998,0x000078d272b1cd48] = 944
 scopes data    [0x000078d272b1cd48,0x000078d272b21370] = 17960
 scopes pcs     [0x000078d272b21370,0x000078d272b229b0] = 5696
 dependencies   [0x000078d272b229b0,0x000078d272b22a60] = 176
 handler table  [0x000078d272b22a60,0x000078d272b24008] = 5544
 nul chk table  [0x000078d272b24008,0x000078d272b240f8] = 240

[Constant Pool (empty)]

[MachCode]
[Entry Point]
  # {method} {0x000078d132d86b58} 'render' '(Lcom/seibel/distanthorizons/core/render/RenderParams;Lcom/seibel/distanthorizons/core/wrapperInterfaces/minecraft/IProfilerWrapper;Z)V' in 'com/seibel/distanthorizons/common/render/openGl/generic/GlGenericObjectRenderer'
  # this:     rsi:rsi   = 'com/seibel/distanthorizons/common/render/openGl/generic/GlGenericObjectRenderer'
  # parm0:    rdx:rdx   = 'com/seibel/distanthorizons/core/render/RenderParams'
  # parm1:    rcx:rcx   = 'com/seibel/distanthorizons/core/wrapperInterfaces/minecraft/IProfilerWrapper'
  # parm2:    r8        = boolean
  #           [sp+0xe0]  (sp of caller)
  0x000078d272b15480: 448b 5608 | 49bb 0000 | 0007 d278 | 0000 4d03 | d349 3bc2 

  0x000078d272b15494: ;   {runtime_call ic_miss_stub}
  0x000078d272b15494: 0f85 e67d | 19fd 6690 | 0f1f 4000 
[Verified Entry Point]
  0x000078d272b154a0: 8984 2400 | 00fe ff55 | 4881 ecd0 | 0000 0090 | 4181 7f20 | 6a02 0000 | 0f85 a86c | 0000 4489 
  0x000078d272b154c0: 4424 1848 | 8954 2428 | 4889 3424 

  0x000078d272b154cc: ; implicit exception: dispatches to 0x000078d272b1b390
  0x000078d272b154cc: 448b 5108 

  0x000078d272b154d0: ;   {metadata('com/seibel/distanthorizons/common/wrappers/minecraft/ProfilerWrapper')}
  0x000078d272b154d0: 4181 faf8 | 3495 020f | 8520 3600 | 0048 894c | 2438 448b | 510c 478b 

  0x000078d272b154e8: ;   {metadata('net/minecraft/util/profiling/InactiveProfiler')}
  0x000078d272b154e8: 5cd4 0841 | 81fb 987a | 2202 0f85 | 2836 0000 | 498b afb8 | 0100 004c | 8bdd 4983 | c310 4d3b 
  0x000078d272b15508: 9fc8 0100 | 000f 833b | 1c00 004d | 899f b801 | 0000 410f | 1883 0001 | 0000 48c7 | 4500 0100 
  0x000078d272b15528: ;   {metadata('com/seibel/distanthorizons/common/wrappers/minecraft/ProfilerWrapper$ProfileBlock')}
  0x000078d272b15528: 0000 c745 | 08b0 3b95 | 0244 8955 | 0c4c 8b14 | 2445 0fb6 | 520c 4585 | d20f 8411 | 0200 004c 
  0x000078d272b15548: 8b54 2428 

  0x000078d272b1554c: ; implicit exception: dispatches to 0x000078d272b1b3c8
  0x000078d272b1554c: 458b 5a44 | 498b cb48 

  0x000078d272b15554: ;   {oop(a 'java/lang/Class'{0x000000061f94d660} = 'com/seibel/distanthorizons/api/methods/events/abstractEvents/DhApiBeforeGenericRenderSetupEvent')}
  0x000078d272b15554: c1e1 0348 | ba60 d694 | 1f06 0000 

  0x000078d272b15560: ;   {oop(a 'com/seibel/distanthorizons/coreapi/DependencyInjection/ApiEventInjector'{0x000000062eda7220})}
  0x000078d272b15560: 0048 be20 | 72da 2e06 | 0000 0090 

  0x000078d272b1556c: ;   {optimized virtual_call}
  0x000078d272b1556c: c5f8 77e8 

  0x000078d272b15570: ; ImmutableOopMap {rbp=Oop [0]=Oop [40]=Oop [56]=Oop }
                      ;*invokevirtual fireAllEvents {reexecute=0 rethrow=0 return_oop=0}
                      ; - com.seibel.distanthorizons.common.render.openGl.generic.GlGenericObjectRenderer::render@35 (line 425)
  0x000078d272b15570: acaa 81ff 

  0x000078d272b15574: ;   {other}
  0x000078d272b15574: 0f1f 8400 | e410 0000 

  0x000078d272b1557c: ;   {oop(a 'java/lang/Class'{0x000000062edb7540} = 'com/seibel/distanthorizons/core/config/Config$Client$Advanced$Debugging')}
  0x000078d272b1557c: 49ba 4075 | db2e 0600 | 0000 458b | 9a88 0000 | 0045 85db | 0f84 8e38 | 0000 4b8d | 34dc 6690 
  0x000078d272b1559c: ;   {optimized virtual_call}
  0x000078d272b1559c: c5f8 77e8 

  0x000078d272b155a0: ; ImmutableOopMap {rbp=Oop [0]=Oop [40]=Oop [56]=Oop }
                      ;*invokevirtual get {reexecute=0 rethrow=0 return_oop=1}
                      ; - com.seibel.distanthorizons.common.render.openGl.generic.GlGenericObjectRenderer::render@42 (line 428)
  0x000078d272b155a0: 9c20 e5fe 

  0x000078d272b155a4: ;   {other}
  0x000078d272b155a4: 0f1f 8400 | 1411 0001 

  0x000078d272b155ac: ; implicit exception: dispatches to 0x000078d272b1b3e0
  0x000078d272b155ac: 448b 5008 

  0x000078d272b155b0: ;   {metadata('java/lang/Boolean')}
  0x000078d272b155b0: 4181 fa78 | 6000 000f | 8573 5d00 | 0048 8bf0 

  0x000078d272b155c0: ;   {optimized virtual_call}
  0x000078d272b155c0: c5f8 77e8 

  0x000078d272b155c4: ; ImmutableOopMap {rbp=Oop [0]=Oop [40]=Oop [56]=Oop }
                      ;*invokevirtual booleanValue {reexecute=0 rethrow=0 return_oop=0}
                      ; - com.seibel.distanthorizons.common.render.openGl.generic.GlGenericObjectRenderer::render@48 (line 428)
  0x000078d272b155c4: f8d2 8cfd 

  0x000078d272b155c8: ;   {other}
  0x000078d272b155c8: 0f1f 8400 | 3811 0002 | 85c0 0f85 | c839 0000 | ba02 1b00 | 00be 0804 | 0000 6690 

  0x000078d272b155e4: ;   {static_call}
  0x000078d272b155e4: c5f8 77e8 

  0x000078d272b155e8: ; ImmutableOopMap {rbp=Oop [0]=Oop [40]=Oop [56]=Oop }
                      ;*invokestatic glPolygonMode {reexecute=0 rethrow=0 return_oop=0}
                      ; - com.seibel.distanthorizons.common.render.openGl.generic.GlGenericObjectRenderer::render@82 (line 436)
  0x000078d272b155e8: 343e 3aff 

  0x000078d272b155ec: ;   {other}
  0x000078d272b155ec: 0f1f 8400 | 5c11 0003 | 4889 6c24 

  0x000078d272b155f8: ;   {oop(a 'com/seibel/distanthorizons/common/wrappers/minecraft/MinecraftGLWrapper'{0x000000061c4eb3d8})}
  0x000078d272b155f8: 2048 bed8 | b34e 1c06 | 0000 0090 

  0x000078d272b15604: ;   {optimized virtual_call}
  0x000078d272b15604: c5f8 77e8 

  0x000078d272b15608: ; ImmutableOopMap {rbp=Oop [0]=Oop [32]=Oop [40]=Oop [56]=Oop }
                      ;*invokevirtual enableFaceCulling {reexecute=0 rethrow=0 return_oop=0}
                      ; - com.seibel.distanthorizons.common.render.openGl.generic.GlGenericObjectRenderer::render@88 (line 437)
  0x000078d272b15608: d4b5 1c00 

  0x000078d272b1560c: ;   {other}
  0x000078d272b1560c: 0f1f 8400 | 7c11 0004 

  0x000078d272b15614: ;   {oop(a 'com/seibel/distanthorizons/common/wrappers/minecraft/MinecraftGLWrapper'{0x000000061c4eb3d8})}
  0x000078d272b15614: 48be d8b3 | 4e1c 0600 | 0000 6690 

  0x000078d272b15620: ;   {optimized virtual_call}
  0x000078d272b15620: c5f8 77e8 

  0x000078d272b15624: ; ImmutableOopMap {rbp=Oop [0]=Oop [32]=Oop [40]=Oop [56]=Oop }
                      ;*invokevirtual enableBlend {reexecute=0 rethrow=0 return_oop=0}
                      ; - com.seibel.distanthorizons.common.render.openGl.generic.GlGenericObjectRenderer::render@94 (line 440)
  0x000078d272b15624: 38f2 3100 

  0x000078d272b15628: ;   {other}
  0x000078d272b15628: 0f1f 8400 | 9811 0005 | be06 8000 | 0066 6690 

  0x000078d272b15638: ;   {static_call}
  0x000078d272b15638: c5f8 77e8 

  0x000078d272b1563c: ; ImmutableOopMap {rbp=Oop [0]=Oop [32]=Oop [40]=Oop [56]=Oop }
                      ;*invokestatic glBlendEquation {reexecute=0 rethrow=0 return_oop=0}
                      ; - com.seibel.distanthorizons.common.render.openGl.generic.GlGenericObjectRenderer::render@100 (line 441)
  0x000078d272b1563c: 6097 3c00 

  0x000078d272b15640: ;   {other}
  0x000078d272b15640: 0f1f 8400 | b011 0006 | ba02 0300 

  0x000078d272b1564c: ;   {oop(a 'com/seibel/distanthorizons/common/wrappers/minecraft/MinecraftGLWrapper'{0x000000061c4eb3d8})}
  0x000078d272b1564c: 0048 bed8 | b34e 1c06 | 0000 00b9 | 0303 0000 | 41b8 0100 | 0000 41b9 | 0303 0000 

  0x000078d272b15668: ;   {optimized virtual_call}
  0x000078d272b15668: c5f8 77e8 

  0x000078d272b1566c: ; ImmutableOopMap {rbp=Oop [0]=Oop [32]=Oop [40]=Oop [56]=Oop }
                      ;*invokevirtual glBlendFuncSeparate {reexecute=0 rethrow=0 return_oop=0}
                      ; - com.seibel.distanthorizons.common.render.openGl.generic.GlGenericObjectRenderer::render@116 (line 442)
  0x000078d272b1566c: f014 2f00 

  0x000078d272b15670: ;   {other}
  0x000078d272b15670: 0f1f 8400 | e011 0007 | 4c8b 1424 | 450f b65a | 0d45 85db | 0f84 3239 | 0000 418b 

  0x000078d272b1568c: ;   {oop(a 'com/seibel/distanthorizons/coreapi/DependencyInjection/OverrideInjector'{0x000000062edaf230})}
  0x000078d272b1568c: 6a10 48be | 30f2 da2e | 0600 0000 

  0x000078d272b15698: ;   {oop(a 'java/lang/Class'{0x000000062ee2dc48} = 'com/seibel/distanthorizons/api/interfaces/override/rendering/IDhApiGenericObjectShaderProgram')}
  0x000078d272b15698: 48ba 48dc | e22e 0600 | 0000 6690 

  0x000078d272b156a4: ;   {optimized virtual_call}
  0x000078d272b156a4: c5f8 77e8 

  0x000078d272b156a8: ; ImmutableOopMap {rbp=NarrowOop [0]=Oop [32]=Oop [40]=Oop [56]=Oop }
                      ;*invokevirtual get {reexecute=0 rethrow=0 return_oop=1}
                      ; - com.seibel.distanthorizons.common.render.openGl.generic.GlGenericObjectRenderer::render@145 (line 445)
  0x000078d272b156a8: 3460 1d00 

  0x000078d272b156ac: ;   {other}
  0x000078d272b156ac: 0f1f 8400 | 1c12 0008 | 4c8b d048 | 85c0 0f84 | 5814 0000 | 448b 4008 | 48be 0000 | 0007 d278 
  0x000078d272b156cc: 0000 4903 | f04c 8b5e 

  0x000078d272b156d4: ;   {metadata('com/seibel/distanthorizons/api/interfaces/override/rendering/IDhApiGenericObjectShaderProgram')}
  0x000078d272b156d4: 2049 b828 | a806 09d2 | 7800 004d | 3bd8 744e 

  0x000078d272b156e4: ;   {metadata('com/seibel/distanthorizons/api/interfaces/override/rendering/IDhApiGenericObjectShaderProgram')}
  0x000078d272b156e4: 48b8 28a8 | 0609 d278 | 0000 4833 | ff4c 8b9e | a000 0000 | 498b d348 | c1e2 170f | 8921 0000 
  0x000078d272b15704: 00f3 480f | b8d2 488b | 5e28 483b | 04d3 7415 | 490f bae3 | 2973 0b49 

  0x000078d272b1571c: ;   {runtime_call StubRoutines (compiler stubs)}
  0x000078d272b1571c: c1cb 28e8 | 4842 1dfd | eb03 48ff | c748 85ff | 0f85 0a37 | 0000 be54 | ffff ff4c | 8b5c 2428 
  0x000078d272b1573c: 4c89 5c24 | 084c 8954 | 2430 6690 

  0x000078d272b15748: ;   {runtime_call UncommonTrapBlob}
  0x000078d272b15748: c5f8 77e8 

  0x000078d272b1574c: ; ImmutableOopMap {rbp=NarrowOop [0]=Oop [8]=Oop [32]=Oop [48]=Oop [56]=Oop }
                      ;*ifnull {reexecute=1 rethrow=0 return_oop=0}
                      ; - (reexecute) com.seibel.distanthorizons.common.render.openGl.generic.GlGenericObjectRenderer::render@155 (line 446)
  0x000078d272b1574c: 300e 1afd 

  0x000078d272b15750: ;   {other}
  0x000078d272b15750: 0f1f 8400 | c012 0009 | 4c8b 1424 | 41c6 420c | 0166 6690 

  0x000078d272b15764: ;   {static_call}
  0x000078d272b15764: c5f8 77e8 

  0x000078d272b15768: ; ImmutableOopMap {rbp=Oop [0]=Oop [40]=Oop [56]=Oop }
                      ;*invokestatic getInstance {reexecute=0 rethrow=0 return_oop=1}
                      ; - com.seibel.distanthorizons.common.render.openGl.generic.GlGenericObjectRenderer::init@14 (line 193)
                      ; - com.seibel.distanthorizons.common.render.openGl.generic.GlGenericObjectRenderer::render@22 (line 423)
  0x000078d272b15768: c170 0000 

  0x000078d272b1576c: ;   {other}
  0x000078d272b1576c: 0f1f 8400 | dc12 000a 

  0x000078d272b15774: ; implicit exception: dispatches to 0x000078d272b1b42c
  0x000078d272b15774: 440f b650 | 104c 8b1c | 2445 8853 | 0e66 6690 

  0x000078d272b15784: ;   {static_call}
  0x000078d272b15784: c5f8 77e8 

  0x000078d272b15788: ; ImmutableOopMap {rbp=Oop [0]=Oop [40]=Oop [56]=Oop }
                      ;*invokestatic getInstance {reexecute=0 rethrow=0 return_oop=1}
                      ; - com.seibel.distanthorizons.common.render.openGl.generic.GlGenericObjectRenderer::init@24 (line 194)
                      ; - com.seibel.distanthorizons.common.render.openGl.generic.GlGenericObjectRenderer::render@22 (line 423)
  0x000078d272b15788: a170 0000 

  0x000078d272b1578c: ;   {other}
  0x000078d272b1578c: 0f1f 8400 | fc12 000b 

  0x000078d272b15794: ; implicit exception: dispatches to 0x000078d272b1b444
  0x000078d272b15794: 440f b640 | 0f4c 8b14 | 2445 8842 | 0f45 0fb6 | 5a0e 4585 | db0f 84e5 | 0800 0041 | c642 0d01 
  0x000078d272b157b4: 4d8b 9fb8 | 0100 004d | 8bd3 4983 | c258 4d3b | 97c8 0100 | 000f 83b7 | 2700 004d | 8997 b801 
  0x000078d272b157d4: 0000 498b | fb48 83c7 | 1049 c703 | 0100 0000 | 410f 1882 | 0001 0000 

  0x000078d272b157ec: ;   {metadata('com/seibel/distanthorizons/common/render/openGl/generic/GlGenericObjectShaderProgram')}
  0x000078d272b157ec: 41c7 4308 | 98ed b202 | 4589 630c | b909 0000 | 00c5 fdef | c0e9 0d00 | 0000 c5fe | 7f07 c5fe 
  0x000078d272b1580c: 7f47 2048 | 83c7 4048 | 83e9 087d | ed48 83c1 | 047c 0cc5 | fe7f 0748 | 83c7 2048 | 83e9 0448 
  0x000078d272b1582c: 83c1 047e | 1748 c7c0 | ffff ffff | c4e2 f0f5 | c0c4 e1fb | 92f8 62f1 | fe2f 7f07 | 4889 6c24 
  0x000078d272b1584c: 604c 8b54 | 2438 4c89 | 5424 104c | 8b14 244c | 8954 2430 | 4c89 1c24 | 4c8b 5424 | 3049 8bea 
  0x000078d272b1586c: ;   {static_call}
  0x000078d272b1586c: c5f8 77e8 

  0x000078d272b15870: ; ImmutableOopMap {rbp=Oop [0]=Oop [16]=Oop [40]=Oop [48]=Oop [96]=Oop }
                      ;*invokestatic glCreateProgram {reexecute=0 rethrow=0 return_oop=0}
                      ; - org.lwjgl.opengl.GL20::glCreateProgram@0 (line 188)
                      ; - com.seibel.distanthorizons.common.render.openGl.glObject.shader.GlShaderProgram::<init>@5 (line 59)
                      ; - com.seibel.distanthorizons.common.render.openGl.glObject.shader.GlShaderProgram::<init>@11 (line 52)
                      ; - com.seibel.distanthorizons.common.render.openGl.generic.GlGenericObjectShaderProgram::<init>@25 (line 57)
                      ; - com.seibel.distanthorizons.common.render.openGl.generic.GlGenericObjectRenderer::init@147 (line 219)
                      ; - com.seibel.distanthorizons.common.render.openGl.generic.GlGenericObjectRenderer::render@22 (line 423)
  0x000078d272b15870: ccfe bdfe 

  0x000078d272b15874: ;   {other}
  0x000078d272b15874: 0f1f 8400 | e413 000c | 488b 2c24 

  0x000078d272b15880: ;   {oop("assets/distanthorizons/shaders/generic/gl/instanced/vert.vert"{0x000000065a7a3e00})}
  0x000078d272b15880: 8945 0c48 | be00 3e7a | 5a06 0000 | 0033 d24c | 8b54 2430 | 4c89 5424 | 2066 6690 

  0x000078d272b1589c: ;   {static_call}
  0x000078d272b1589c: c5f8 77e8 

  0x000078d272b158a0: ; ImmutableOopMap {rbp=Oop [16]=Oop [32]=Oop [40]=Oop [48]=Oop [96]=Oop }
                      ;*invokestatic loadFile {reexecute=0 rethrow=0 return_oop=1}
                      ; - com.seibel.distanthorizons.common.render.openGl.glObject.shader.GlShaderProgram::<init>@13 (line 62)
                      ; - com.seibel.distanthorizons.common.render.openGl.glObject.shader.GlShaderProgram::<init>@11 (line 52)
                      ; - com.seibel.distanthorizons.common.render.openGl.generic.GlGenericObjectShaderProgram::<init>@25 (line 57)
                      ; - com.seibel.distanthorizons.common.render.openGl.generic.GlGenericObjectRenderer::init@147 (line 219)
                      ; - com.seibel.distanthorizons.common.render.openGl.generic.GlGenericObjectRenderer::render@22 (line 423)
  0x000078d272b158a0: f46d 0000 

  0x000078d272b158a4: ;   {other}
  0x000078d272b158a4: 0f1f 8400 | 1414 000d | 4889 0424 | 498b 87b8 | 0100 004c | 8bd0 4983 | c210 4d3b | 97c8 0100 
  0x000078d272b158c4: 000f 83dd | 2600 004d | 8997 b801 | 0000 410f | 1882 0001 | 0000 48c7 | 0001 0000 

  0x000078d272b158e0: ;   {metadata('com/seibel/distanthorizons/common/render/openGl/glObject/shader/GlShader')}
  0x000078d272b158e0: 00c7 4008 | c8c6 b202 | 4489 600c | 4d8b 87b8 | 0100 004d | 8bd0 4983 | c238 4d3b | 97c8 0100 
  0x000078d272b15900: 000f 83ca | 2600 004d | 8997 b801 | 0000 410f | 1882 0001 | 0000 49c7 | 0001 0000 | 0041 0f18 
  0x000078d272b15920: 8240 0100 

  0x000078d272b15924: ;   {metadata({type array byte})}
  0x000078d272b15924: 0041 c740 | 0818 2300 | 0041 0f18 | 8280 0100 | 0041 c740 | 0c21 0000 | 0048 896c | 2448 4889 
  0x000078d272b15944: 4424 504d | 8b8f 5804 | 0000 498b | f048 83c6 

  0x000078d272b15954: ;   {oop([B{0x000000065a7a3fd0})}
  0x000078d272b15954: 1049 bad0 | 3f7a 5a06 

  0x000078d272b1595c: ;   {oop([B{0x000000065a7a3fd0})}
  0x000078d272b1595c: 0000 0048 | b9d0 3f7a | 5a06 0000 | 0048 83c1 | 1041 ba05 | 0000 0043 | c644 102b 

  0x000078d272b15978: ;   {oop([B{0x0000000618a2f210})}
  0x000078d272b15978: 5d49 ba10 | f2a2 1806 | 0000 0045 | 0fbe 5231 | 4588 502f 

  0x000078d272b1598c: ;   {oop([B{0x0000000618a2f288})}
  0x000078d272b1598c: 49ba 88f2 | a218 0600 | 0000 450f | be5a 3145 | 8858 2e4c | 8944 2408 

  0x000078d272b159a4: ;   {oop([B{0x000000065a7a3fd0})}
  0x000078d272b159a4: 48bb d03f | 7a5a 0600 

  0x000078d272b159ac: ; ImmutableOopMap {r8=Oop rsi=Derived_oop_r8 rbx=Oop rcx=Derived_oop_rbx [0]=Oop [8]=Oop [16]=Oop [40]=Oop [48]=Oop [72]=Oop [80]=Oop [96]=Oop }
                      ;*goto {reexecute=1 rethrow=0 return_oop=0}
                      ; - (reexecute) java.lang.Integer::getChars@69 (line 518)
                      ; - java.lang.StringConcatHelper::prepend@12 (line 253)
                      ; - java.lang.StringConcatHelper::prepend@3 (line 271)
                      ; - java.lang.invoke.DirectMethodHandle$Holder::invokeStatic@17
                      ; - java.lang.invoke.LambdaForm$MH/0x000078d2081d8400::invoke@28
                      ; - java.lang.invoke.LambdaForm$MH/0x000078d2081d9400::invoke@51
                      ; - java.lang.invoke.Invokers$Holder::linkToTargetMethod@5
                      ; - com.seibel.distanthorizons.common.render.openGl.glObject.shader.GlShader::<init>@8 (line 71)
                      ; - com.seibel.distanthorizons.common.render.openGl.glObject.shader.GlShaderProgram::<init>@26 (line 63)
                      ; - com.seibel.distanthorizons.common.render.openGl.glObject.shader.GlShaderProgram::<init>@11 (line 52)
                      ; - com.seibel.distanthorizons.common.render.openGl.generic.GlGenericObjectShaderProgram::<init>@25 (line 57)
                      ; - com.seibel.distanthorizons.common.render.openGl.generic.GlGenericObjectRenderer::init@147 (line 219)
                      ; - com.seibel.distanthorizons.common.render.openGl.generic.GlGenericObjectRenderer::render@22 (line 423)
                      ;   {poll}
  0x000078d272b159ac: 0000 4185 | 0148 894c 

  0x000078d272b159b4: ;   {oop([B{0x0000000618a2f210})}
  0x000078d272b159b4: 2420 49ba | 10f2 a218 | 0600 0000 | 450f be52 | 4845 8850 

  0x000078d272b159c8: ;   {oop([B{0x0000000618a2f288})}
  0x000078d272b159c8: 2d49 ba88 | f2a2 1806 | 0000 0045 | 0fbe 5a48 | 4588 582c 

  0x000078d272b159dc: ;   {oop([B{0x0000000618a2f210})}
  0x000078d272b159dc: 49ba 10f2 | a218 0600 | 0000 450f | be52 1345 | 8850 2b48 | 8bf9 ba1b | 0000 00c5 | f877 49ba 
  0x000078d272b159fc: c0f9 c86f | d278 0000 

  0x000078d272b15a04: ;   {other}
  0x000078d272b15a04: 41ff d20f | 1f84 0000 | 0000 004d | 8b87 b801 | 0000 4d8b | d049 83c2 | 184d 3b97 | c801 0000 
  0x000078d272b15a24: 0f83 de25 | 0000 4d89 | 97b8 0100 | 0041 0f18 | 8200 0100 | 0049 c700 | 0100 0000 

  0x000078d272b15a40: ;   {metadata('java/lang/String')}
  0x000078d272b15a40: 41c7 4008 | 78e8 0000 | 4589 600c | 4589 6010 | 4c8b 5424 | 084d 8bda | 49c1 eb03 | 4589 5814 
  0x000078d272b15a60: 498b 8fb8 | 0100 004c | 8bd1 4983 | c210 4d3b | 97c8 0100 | 000f 83b9 | 2500 004d | 8997 b801 
  0x000078d272b15a80: 0000 410f | 1882 0001 | 0000 48c7 | 0101 0000 | 0041 0f18 | 8240 0100 

  0x000078d272b15a98: ;   {metadata('java/lang/Object'[])}
  0x000078d272b15a98: 00c7 4108 | 7012 0000 | 410f 1882 | 8001 0000 | 4489 610c | 4c89 4424 

  0x000078d272b15ab0: ;   {oop(a 'com/seibel/distanthorizons/core/logging/DhLogger'{0x000000065a7a3ea8})}
  0x000078d272b15ab0: 0848 bea8 | 3e7a 5a06 | 0000 0048 | 8b54 2408 

  0x000078d272b15ac0: ;   {oop([B{0x000000065a7a3fd0})}
  0x000078d272b15ac0: 48bd d03f | 7a5a 0600 | 0000 6690 

  0x000078d272b15acc: ;   {optimized virtual_call}
  0x000078d272b15acc: c5f8 77e8 

  0x000078d272b15ad0: ; ImmutableOopMap {rbp=Oop [32]=Derived_oop_rbp [0]=Oop [16]=Oop [40]=Oop [48]=Oop [72]=Oop [80]=Oop [96]=Oop }
                      ;*invokevirtual info {reexecute=0 rethrow=0 return_oop=0}
                      ; - com.seibel.distanthorizons.common.render.openGl.glObject.shader.GlShader::<init>@17 (line 71)
                      ; - com.seibel.distanthorizons.common.render.openGl.glObject.shader.GlShaderProgram::<init>@26 (line 63)
                      ; - com.seibel.distanthorizons.common.render.openGl.glObject.shader.GlShaderProgram::<init>@11 (line 52)
                      ; - com.seibel.distanthorizons.common.render.openGl.generic.GlGenericObjectShaderProgram::<init>@25 (line 57)
                      ; - com.seibel.distanthorizons.common.render.openGl.generic.GlGenericObjectRenderer::init@147 (line 219)
                      ; - com.seibel.distanthorizons.common.render.openGl.generic.GlGenericObjectRenderer::render@22 (line 423)
  0x000078d272b15ad0: 8c60 41f6 

  0x000078d272b15ad4: ;   {other}
  0x000078d272b15ad4: 0f1f 8400 | 4416 000f | 4c8b 1424 

  0x000078d272b15ae0: ; implicit exception: dispatches to 0x000078d272b1b45c
  0x000078d272b15ae0: 418b 6a14 

  0x000078d272b15ae4: ; implicit exception: dispatches to 0x000078d272b1b4a8
  0x000078d272b15ae4: 458b 4cec | 0c45 0fbe | 4210 c442 | 3af7 d94d | 63db 4983 | c30a 4c89 | 9c24 9800 | 0000 4183 
  0x000078d272b15b04: f801 0f84 | 1c15 0000 | 4c8b 9c24 | 9800 0000 | 458b db45 | 85db 0f8c | a03d 0000 | 4489 9c24 
  0x000078d272b15b24: 8000 0000 | 4489 0424 | 896c 2478 | 4c89 5424 | 584c 8b94 | 2498 0000 | 0049 83c2 | 014d 8bda 
  0x000078d272b15b44: 49c1 fb20 | 458b c245 | 8bd3 450f | bed2 c4c2 | 29f7 e889 | 6c24 7c85 | ed0f 8cbd | 3d00 0081 
  0x000078d272b15b64: fd00 0010 | 000f 8781 | 3500 004c | 63d5 81fd | 0000 1000 | 0f87 ea24 | 0000 498b | 87b8 0100 
  0x000078d272b15b84: 0049 83c2 | 1749 83e2 | f84c 8bd8 | 4d03 da4d | 3b9f c801 | 0000 0f83 | c824 0000 | 4d89 9fb8 
  0x000078d272b15ba4: 0100 0041 | 0f18 8300 | 0100 0048 | c700 0100 | 0000 410f | 1883 4001 

  0x000078d272b15bbc: ;   {metadata({type array byte})}
  0x000078d272b15bbc: 0000 c740 | 0818 2300 | 0089 680c | 410f 1883 | 8001 0000 | 4889 8424 | 8800 0000 | 8b6c 247c 
  0x000078d272b15bdc: 896c 2404 | 49ba 0000 | 0000 0100 | 0000 4c8b | 9c24 9800 | 0000 4d3b | da0f 8db6 | 2200 0044 
  0x000078d272b15bfc: 8b9c 2480 | 0000 0041 | ffc3 413b | eb0f 8205 | 3600 0044 | 8b94 2480 | 0000 0042 | c644 1010 
  0x000078d272b15c1c: 5d8b 6c24 | 7841 8b54 | ec0c 448b | 1c24 c462 | 22f7 d24d | 63d2 4c8b | 9c24 9800 | 0000 4d2b 
  0x000078d272b15c3c: da4c 899c | 2490 0000 | 0041 8bcb | 49ba 0000 | 0000 0100 | 0000 4d3b | da0f 8def | 1300 004d 
  0x000078d272b15c5c: 8d1c ec4d | 8d44 ec10 | 8b2c 2485 | ed0f 85e6 | 2c00 0085 | c90f 8cd1 | 3b00 0044 | 8d14 118b 
  0x000078d272b15c7c: 6c24 0441 | 3bea 0f82 | c03b 0000 | 85d2 762b | 4c8b 9424 | 8800 0000 | 498d 740a | 1048 63d2 
  0x000078d272b15c9c: 498b f8c5 | f877 49ba | 60ff c86f | d278 0000 

  0x000078d272b15cac: ;   {other}
  0x000078d272b15cac: 41ff d20f | 1f84 0000 | 0000 004c | 8b94 2490 | 0000 0049 | 83c2 f64c | 8994 2490 | 0000 0041 
  0x000078d272b15ccc: ;   {oop([B{0x000000065a7a4100})}
  0x000078d272b15ccc: 8bca 49ba | 0041 7a5a | 0600 0000 

  0x000078d272b15cd8: ;   {oop([B{0x000000065a7a4100})}
  0x000078d272b15cd8: 49bb 0041 | 7a5a 0600 | 0000 4983 | c310 4c89 | 5c24 0849 | ba00 0000 | 0001 0000 | 004c 8b9c 
  0x000078d272b15cf8: 2490 0000 | 004d 3bda | 0f8d 8313 | 0000 85c9 | 0f8c d73a | 0000 448d | 590a 8b6c | 2404 413b 
  0x000078d272b15d18: eb0f 82c6 | 3a00 004c | 8b94 2488 | 0000 0049 | 8d74 0a10 | 488b 7c24 | 08ba 0a00 | 0000 c5f8 
  0x000078d272b15d38: 7749 ba60 | ffc8 6fd2 | 7800 0041 

  0x000078d272b15d44: ;   {other}
  0x000078d272b15d44: ffd2 0f1f | 8400 0000 | 0000 4c8b | 9424 8800 | 0000 498b | ea48 c1ed | 0389 6c24 | 1c4c 8b94 
  0x000078d272b15d64: 2490 0000 | 004d 85d2 | 0f85 6b13 | 0000 4d8b | 87b8 0100 | 004d 8bd0 | 4983 c218 | 4d3b 97c8 
  0x000078d272b15d84: 0100 000f | 8353 2300 | 004d 8997 | b801 0000 | 410f 1882 | 0001 0000 | 49c7 0001 | 0000 004d 
  0x000078d272b15da4: 8bd0 4983 

  0x000078d272b15da8: ;   {metadata('java/lang/String')}
  0x000078d272b15da8: c210 41c7 | 4008 78e8 | 0000 4589 | 600c c5fd | efc0 c4c1 | 79d6 024c | 8904 248b | 6c24 1c41 
  0x000078d272b15dc8: 8968 1449 | 8b8f b801 | 0000 4c8b | d149 83c2 | 104d 3b97 | c801 0000 | 0f83 b722 | 0000 4d89 
  0x000078d272b15de8: 97b8 0100 | 0041 0f18 | 8200 0100 | 0048 c701 | 0100 0000 | 410f 1882 | 4001 0000 

  0x000078d272b15e04: ;   {metadata('java/lang/Object'[])}
  0x000078d272b15e04: c741 0870 | 1200 0041 | 0f18 8280 | 0100 0044 

  0x000078d272b15e14: ;   {oop(a 'com/seibel/distanthorizons/core/logging/DhLogger'{0x000000065a7a3ea8})}
  0x000078d272b15e14: 8961 0c48 | bea8 3e7a | 5a06 0000 | 0048 8b14 

  0x000078d272b15e24: ;   {oop([B{0x000000065a7a4100})}
  0x000078d272b15e24: 2448 bd00 | 417a 5a06 

  0x000078d272b15e2c: ;   {oop([B{0x000000065a7a3fd0})}
  0x000078d272b15e2c: 0000 0049 | bad0 3f7a | 5a06 0000 | 004c 8994 | 2480 0000 | 0066 6690 

  0x000078d272b15e44: ;   {optimized virtual_call}
  0x000078d272b15e44: c5f8 77e8 

  0x000078d272b15e48: ; ImmutableOopMap {rbp=Oop [8]=Derived_oop_rbp [16]=Oop [40]=Oop [48]=Oop [72]=Oop [80]=Oop [88]=Oop [96]=Oop [128]=Oop [32]=Derived_oop_[128] }
                      ;*invokevirtual debug {reexecute=0 rethrow=0 return_oop=0}
                      ; - com.seibel.distanthorizons.common.render.openGl.glObject.shader.GlShader::<init>@33 (line 72)
                      ; - com.seibel.distanthorizons.common.render.openGl.glObject.shader.GlShaderProgram::<init>@26 (line 63)
                      ; - com.seibel.distanthorizons.common.render.openGl.glObject.shader.GlShaderProgram::<init>@11 (line 52)
                      ; - com.seibel.distanthorizons.common.render.openGl.generic.GlGenericObjectShaderProgram::<init>@25 (line 57)
                      ; - com.seibel.distanthorizons.common.render.openGl.generic.GlGenericObjectRenderer::init@147 (line 219)
                      ; - com.seibel.distanthorizons.common.render.openGl.generic.GlGenericObjectRenderer::render@22 (line 423)
  0x000078d272b15e48: 745b 63ff 

  0x000078d272b15e4c: ;   {other}
  0x000078d272b15e4c: 0f1f 8400 | bc19 0010 | 488b 7424 | 5866 6690 

  0x000078d272b15e5c: ;   {optimized virtual_call}
  0x000078d272b15e5c: c5f8 77e8 

  0x000078d272b15e60: ; ImmutableOopMap {rbp=Oop [8]=Derived_oop_rbp [16]=Oop [40]=Oop [48]=Oop [72]=Oop [80]=Oop [88]=Oop [96]=Oop [128]=Oop [32]=Derived_oop_[128] }
                      ;*invokevirtual isEmpty {reexecute=0 rethrow=0 return_oop=0}
                      ; - com.seibel.distanthorizons.common.render.openGl.glObject.shader.GlShader::<init>@41 (line 73)
                      ; - com.seibel.distanthorizons.common.render.openGl.glObject.shader.GlShaderProgram::<init>@26 (line 63)
                      ; - com.seibel.distanthorizons.common.render.openGl.glObject.shader.GlShaderProgram::<init>@11 (line 52)
                      ; - com.seibel.distanthorizons.common.render.openGl.generic.GlGenericObjectShaderProgram::<init>@25 (line 57)
                      ; - com.seibel.distanthorizons.common.render.openGl.generic.GlGenericObjectRenderer::init@147 (line 219)
                      ; - com.seibel.distanthorizons.common.render.openGl.generic.GlGenericObjectRenderer::render@22 (line 423)
  0x000078d272b15e60: bc13 8efd 

  0x000078d272b15e64: ;   {other}
  0x000078d272b15e64: 0f1f 8400 | d419 0011 | 85c0 0f85 | 5933 0000 | be31 8b00 

  0x000078d272b15e78: ;   {oop([B{0x000000065a7a3fd0})}
  0x000078d272b15e78: 0049 bad0 | 3f7a 5a06 | 0000 004c | 8994 2488 | 0000 0090 

  0x000078d272b15e8c: ;   {static_call}
  0x000078d272b15e8c: c5f8 77e8 

  0x000078d272b15e90: ; ImmutableOopMap {rbp=Oop [8]=Derived_oop_rbp [16]=Oop [40]=Oop [48]=Oop [72]=Oop [80]=Oop [88]=Oop [96]=Oop [136]=Oop [32]=Derived_oop_[136] }
                      ;*invokestatic glCreateShader {reexecute=0 rethrow=0 return_oop=0}
                      ; - org.lwjgl.opengl.GL20::glCreateShader@1 (line 230)
                      ; - com.seibel.distanthorizons.common.render.openGl.glObject.shader.GlShader::<init>@59 (line 79)
                      ; - com.seibel.distanthorizons.common.render.openGl.glObject.shader.GlShaderProgram::<init>@26 (line 63)
                      ; - com.seibel.distanthorizons.common.render.openGl.glObject.shader.GlShaderProgram::<init>@11 (line 52)
                      ; - com.seibel.distanthorizons.common.render.openGl.generic.GlGenericObjectShaderProgram::<init>@25 (line 57)
                      ; - com.seibel.distanthorizons.common.render.openGl.generic.GlGenericObjectRenderer::init@147 (line 219)
                      ; - com.seibel.distanthorizons.common.render.openGl.generic.GlGenericObjectRenderer::render@22 (line 423)
  0x000078d272b15e90: aca4 bdfe 

  0x000078d272b15e94: ;   {other}
  0x000078d272b15e94: 0f1f 8400 | 041a 0012 | 8944 2468 | 4c8b 5c24 | 5041 8943 | 0c85 c00f | 8447 3200 

  0x000078d272b15eb0: ;   {oop([B{0x000000065a7a4100})}
  0x000078d272b15eb0: 0048 bd00 | 417a 5a06 

  0x000078d272b15eb8: ;   {oop([B{0x000000065a7a3fd0})}
  0x000078d272b15eb8: 0000 0049 | bad0 3f7a | 5a06 0000 | 004c 8994 | 2490 0000 | 0066 6690 

  0x000078d272b15ed0: ;   {static_call}
  0x000078d272b15ed0: c5f8 77e8 

  0x000078d272b15ed4: ; ImmutableOopMap {rbp=Oop [8]=Derived_oop_rbp [16]=Oop [40]=Oop [48]=Oop [72]=Oop [80]=Oop [88]=Oop [96]=Oop [144]=Oop [32]=Derived_oop_[144] }
                      ;*invokestatic stackGet {reexecute=0 rethrow=0 return_oop=1}
                      ; - com.seibel.distanthorizons.common.render.openGl.glObject.shader.GlShader::safeShaderSource@0 (line 122)
                      ; - com.seibel.distanthorizons.common.render.openGl.glObject.shader.GlShader::<init>@92 (line 85)
                      ; - com.seibel.distanthorizons.common.render.openGl.glObject.shader.GlShaderProgram::<init>@26 (line 63)
                      ; - com.seibel.distanthorizons.common.render.openGl.glObject.shader.GlShaderProgram::<init>@11 (line 52)
                      ; - com.seibel.distanthorizons.common.render.openGl.generic.GlGenericObjectShaderProgram::<init>@25 (line 57)
                      ; - com.seibel.distanthorizons.common.render.openGl.generic.GlGenericObjectRenderer::init@147 (line 219)
                      ; - com.seibel.distanthorizons.common.render.openGl.generic.GlGenericObjectRenderer::render@22 (line 423)
  0x000078d272b15ed4: 6806 7ffe 

  0x000078d272b15ed8: ;   {other}
  0x000078d272b15ed8: 0f1f 8400 | 481a 0013 | 4889 4424 | 708b 6818 | 896c 246c | 488b 7424 | 58ba 0100 

  0x000078d272b15ef4: ;   {oop([B{0x000000065a7a4100})}
  0x000078d272b15ef4: 0000 48bd | 0041 7a5a | 0600 0000 

  0x000078d272b15f00: ;   {static_call}
  0x000078d272b15f00: c5f8 77e8 

  0x000078d272b15f04: ; ImmutableOopMap {rbp=Oop [8]=Derived_oop_rbp [16]=Oop [40]=Oop [48]=Oop [72]=Oop [80]=Oop [88]=Oop [96]=Oop [112]=Oop [144]=Oop [32]=Derived_oop_[144] }
                      ;*invokestatic memUTF8 {reexecute=0 rethrow=0 return_oop=1}
                      ; - com.seibel.distanthorizons.common.render.openGl.glObject.shader.GlShader::safeShaderSource@11 (line 127)
                      ; - com.seibel.distanthorizons.common.render.openGl.glObject.shader.GlShader::<init>@92 (line 85)
                      ; - com.seibel.distanthorizons.common.render.openGl.glObject.shader.GlShaderProgram::<init>@26 (line 63)
                      ; - com.seibel.distanthorizons.common.render.openGl.glObject.shader.GlShaderProgram::<init>@11 (line 52)
                      ; - com.seibel.distanthorizons.common.render.openGl.generic.GlGenericObjectShaderProgram::<init>@25 (line 57)
                      ; - com.seibel.distanthorizons.common.render.openGl.generic.GlGenericObjectRenderer::init@147 (line 219)
                      ; - com.seibel.distanthorizons.common.render.openGl.generic.GlGenericObjectRenderer::render@22 (line 423)
  0x000078d272b15f04: 982c 17f7 

  0x000078d272b15f08: ;   {other}
  0x000078d272b15f08: 0f1f 8400 | 781a 0014 | 4889 4424 | 7848 8b74 | 2470 ba01 

  0x000078d272b15f1c: ;   {oop([B{0x000000065a7a4100})}
  0x000078d272b15f1c: 0000 0048 | bd00 417a | 5a06 0000 

  0x000078d272b15f28: ;   {oop([B{0x000000065a7a3fd0})}
  0x000078d272b15f28: 0049 bad0 | 3f7a 5a06 | 0000 004c | 8994 2498 | 0000 0090 

  0x000078d272b15f3c: ;   {optimized virtual_call}
  0x000078d272b15f3c: c5f8 77e8 

  0x000078d272b15f40: ; ImmutableOopMap {rbp=Oop [8]=Derived_oop_rbp [16]=Oop [40]=Oop [48]=Oop [72]=Oop [80]=Oop [88]=Oop [96]=Oop [112]=Oop [120]=Oop [152]=Oop [32]=Derived_oop_[152] }
                      ;*invokevirtual mallocPointer {reexecute=0 rethrow=0 return_oop=1}
                      ; - com.seibel.distanthorizons.common.render.openGl.glObject.shader.GlShader::safeShaderSource@18 (line 128)
                      ; - com.seibel.distanthorizons.common.render.openGl.glObject.shader.GlShader::<init>@92 (line 85)
                      ; - com.seibel.distanthorizons.common.render.openGl.glObject.shader.GlShaderProgram::<init>@26 (line 63)
                      ; - com.seibel.distanthorizons.common.render.openGl.glObject.shader.GlShaderProgram::<init>@11 (line 52)
                      ; - com.seibel.distanthorizons.common.render.openGl.generic.GlGenericObjectShaderProgram::<init>@25 (line 57)
                      ; - com.seibel.distanthorizons.common.render.openGl.generic.GlGenericObjectRenderer::init@147 (line 219)
                      ; - com.seibel.distanthorizons.common.render.openGl.generic.GlGenericObjectRenderer::render@22 (line 423)
  0x000078d272b15f40: 9c7a 60f6 

  0x000078d272b15f44: ;   {other}
  0x000078d272b15f44: 0f1f 8400 | b41a 0015 | 4889 0424 | 4885 c00f | 84ef 3100 | 0048 8bf0 | 488b 5424 

  0x000078d272b15f60: ;   {oop([B{0x000000065a7a4100})}
  0x000078d272b15f60: 7848 bd00 | 417a 5a06 | 0000 0090 

  0x000078d272b15f6c: ;   {optimized virtual_call}
  0x000078d272b15f6c: c5f8 77e8 

  0x000078d272b15f70: ; ImmutableOopMap {rbp=Oop [8]=Derived_oop_rbp [0]=Oop [16]=Oop [40]=Oop [48]=Oop [72]=Oop [80]=Oop [88]=Oop [96]=Oop [112]=Oop [152]=Oop [32]=Derived_oop_[152] }
                      ;*invokevirtual put {reexecute=0 rethrow=0 return_oop=1}
                      ; - com.seibel.distanthorizons.common.render.openGl.glObject.shader.GlShader::safeShaderSource@27 (line 129)
                      ; - com.seibel.distanthorizons.common.render.openGl.glObject.shader.GlShader::<init>@92 (line 85)
                      ; - com.seibel.distanthorizons.common.render.openGl.glObject.shader.GlShaderProgram::<init>@26 (line 63)
                      ; - com.seibel.distanthorizons.common.render.openGl.glObject.shader.GlShaderProgram::<init>@11 (line 52)
                      ; - com.seibel.distanthorizons.common.render.openGl.generic.GlGenericObjectShaderProgram::<init>@25 (line 57)
                      ; - com.seibel.distanthorizons.common.render.openGl.generic.GlGenericObjectRenderer::init@147 (line 219)
                      ; - com.seibel.distanthorizons.common.render.openGl.generic.GlGenericObjectRenderer::render@22 (line 423)
  0x000078d272b15f70: 8c30 7ff7 

  0x000078d272b15f74: ;   {other}
  0x000078d272b15f74: 0f1f 8400 | e41a 0016 | 4c8b 1424 | 498b 4a10 | 8b74 2468 | ba01 0000 | 0045 33c0 

  0x000078d272b15f90: ;   {oop([B{0x000000065a7a4100})}
  0x000078d272b15f90: 48bd 0041 | 7a5a 0600 | 0000 6690 

  0x000078d272b15f9c: ;   {static_call}
  0x000078d272b15f9c: c5f8 77e8 

  0x000078d272b15fa0: ; ImmutableOopMap {rbp=Oop [8]=Derived_oop_rbp [0]=Oop [16]=Oop [40]=Oop [48]=Oop [72]=Oop [80]=Oop [88]=Oop [96]=Oop [112]=Oop [152]=Oop [32]=Derived_oop_[152] }
                      ;*invokestatic nglShaderSource {reexecute=0 rethrow=0 return_oop=0}
                      ; - com.seibel.distanthorizons.common.render.openGl.glObject.shader.GlShader::safeShaderSource@39 (line 131)
                      ; - com.seibel.distanthorizons.common.render.openGl.glObject.shader.GlShader::<init>@92 (line 85)
                      ; - com.seibel.distanthorizons.common.render.openGl.glObject.shader.GlShaderProgram::<init>@26 (line 63)
                      ; - com.seibel.distanthorizons.common.render.openGl.glObject.shader.GlShaderProgram::<init>@11 (line 52)
                      ; - com.seibel.distanthorizons.common.render.openGl.generic.GlGenericObjectShaderProgram::<init>@25 (line 57)
                      ; - com.seibel.distanthorizons.common.render.openGl.generic.GlGenericObjectRenderer::init@147 (line 219)
                      ; - com.seibel.distanthorizons.common.render.openGl.generic.GlGenericObjectRenderer::render@22 (line 423)
  0x000078d272b15fa0: 7a68 0000 

  0x000078d272b15fa4: ;   {other}
  0x000078d272b15fa4: 0f1f 8400 | 141b 0017 | 4c8b 1424 | 498b 7210 | ba01 0000 

  0x000078d272b15fb8: ;   {oop([B{0x000000065a7a4100})}
  0x000078d272b15fb8: 0048 bd00 | 417a 5a06 | 0000 0090 

  0x000078d272b15fc4: ;   {static_call}
  0x000078d272b15fc4: c5f8 77e8 

  0x000078d272b15fc8: ; ImmutableOopMap {rbp=Oop [8]=Derived_oop_rbp [16]=Oop [40]=Oop [48]=Oop [72]=Oop [80]=Oop [88]=Oop [96]=Oop [112]=Oop [152]=Oop [32]=Derived_oop_[152] }
                      ;*invokestatic apiArrayFree {reexecute=0 rethrow=0 return_oop=0}
                      ; - com.seibel.distanthorizons.common.render.openGl.glObject.shader.GlShader::safeShaderSource@48 (line 132)
                      ; - com.seibel.distanthorizons.common.render.openGl.glObject.shader.GlShader::<init>@92 (line 85)
                      ; - com.seibel.distanthorizons.common.render.openGl.glObject.shader.GlShaderProgram::<init>@26 (line 63)
                      ; - com.seibel.distanthorizons.common.render.openGl.glObject.shader.GlShaderProgram::<init>@11 (line 52)
                      ; - com.seibel.distanthorizons.common.render.openGl.generic.GlGenericObjectShaderProgram::<init>@25 (line 57)
                      ; - com.seibel.distanthorizons.common.render.openGl.generic.GlGenericObjectRenderer::init@147 (line 219)
                      ; - com.seibel.distanthorizons.common.render.openGl.generic.GlGenericObjectRenderer::render@22 (line 423)
  0x000078d272b15fc8: 1668 0000 

  0x000078d272b15fcc: ;   {other}
  0x000078d272b15fcc: 0f1f 8400 | 3c1b 0018 | 488b 7424 | 708b 5424 | 6c66 6690 

  0x000078d272b15fe0: ;   {optimized virtual_call}
  0x000078d272b15fe0: c5f8 77e8 

  0x000078d272b15fe4: ; ImmutableOopMap {rbp=Oop [8]=Derived_oop_rbp [16]=Oop [40]=Oop [48]=Oop [72]=Oop [80]=Oop [88]=Oop [96]=Oop [152]=Oop [32]=Derived_oop_[152] }
                      ;*invokevirtual setPointer {reexecute=0 rethrow=0 return_oop=0}
                      ; - com.seibel.distanthorizons.common.render.openGl.glObject.shader.GlShader::safeShaderSource@53 (line 136)
                      ; - com.seibel.distanthorizons.common.render.openGl.glObject.shader.GlShader::<init>@92 (line 85)
                      ; - com.seibel.distanthorizons.common.render.openGl.glObject.shader.GlShaderProgram::<init>@26 (line 63)
                      ; - com.seibel.distanthorizons.common.render.openGl.glObject.shader.GlShaderProgram::<init>@11 (line 52)
                      ; - com.seibel.distanthorizons.common.render.openGl.generic.GlGenericObjectShaderProgram::<init>@25 (line 57)
                      ; - com.seibel.distanthorizons.common.render.openGl.generic.GlGenericObjectRenderer::init@147 (line 219)
                      ; - com.seibel.distanthorizons.common.render.openGl.generic.GlGenericObjectRenderer::render@22 (line 423)
  0x000078d272b15fe4: 5850 31ff 

  0x000078d272b15fe8: ;   {other}
  0x000078d272b15fe8: 0f1f 8400 | 581b 0019 | 4c8b 5424 | 5041 8b72 | 0c66 6690 

  0x000078d272b15ffc: ;   {static_call}
  0x000078d272b15ffc: c5f8 77e8 

  0x000078d272b16000: ; ImmutableOopMap {rbp=Oop [8]=Derived_oop_rbp [16]=Oop [40]=Oop [48]=Oop [72]=Oop [80]=Oop [88]=Oop [96]=Oop [152]=Oop [32]=Derived_oop_[152] }
                      ;*invokestatic glCompileShader {reexecute=0 rethrow=0 return_oop=0}
                      ; - org.lwjgl.opengl.GL20::glCompileShader@1 (line 372)
                      ; - com.seibel.distanthorizons.common.render.openGl.glObject.shader.GlShader::<init>@99 (line 86)
                      ; - com.seibel.distanthorizons.common.render.openGl.glObject.shader.GlShaderProgram::<init>@26 (line 63)
                      ; - com.seibel.distanthorizons.common.render.openGl.glObject.shader.GlShaderProgram::<init>@11 (line 52)
                      ; - com.seibel.distanthorizons.common.render.openGl.generic.GlGenericObjectShaderProgram::<init>@25 (line 57)
                      ; - com.seibel.distanthorizons.common.render.openGl.generic.GlGenericObjectRenderer::init@147 (line 219)
                      ; - com.seibel.distanthorizons.common.render.openGl.generic.GlGenericObjectRenderer::render@22 (line 423)
  0x000078d272b16000: 3cab bdfe 

  0x000078d272b16004: ;   {other}
  0x000078d272b16004: 0f1f 8400 | 741b 001a | 4c8b 5424 | 5041 8b72 | 0cba 818b | 0000 6690 

  0x000078d272b1601c: ;   {static_call}
  0x000078d272b1601c: c5f8 77e8 

  0x000078d272b16020: ; ImmutableOopMap {rbp=Oop [8]=Derived_oop_rbp [16]=Oop [40]=Oop [48]=Oop [72]=Oop [80]=Oop [88]=Oop [96]=Oop [152]=Oop [32]=Derived_oop_[152] }
                      ;*invokestatic glGetShaderi {reexecute=0 rethrow=0 return_oop=0}
                      ; - org.lwjgl.opengl.GL20::glGetShaderi@2 (line 824)
                      ; - com.seibel.distanthorizons.common.render.openGl.glObject.shader.GlShader::<init>@108 (line 88)
                      ; - com.seibel.distanthorizons.common.render.openGl.glObject.shader.GlShaderProgram::<init>@26 (line 63)
                      ; - com.seibel.distanthorizons.common.render.openGl.glObject.shader.GlShaderProgram::<init>@11 (line 52)
                      ; - com.seibel.distanthorizons.common.render.openGl.generic.GlGenericObjectShaderProgram::<init>@25 (line 57)
                      ; - com.seibel.distanthorizons.common.render.openGl.generic.GlGenericObjectRenderer::init@147 (line 219)
                      ; - com.seibel.distanthorizons.common.render.openGl.generic.GlGenericObjectRenderer::render@22 (line 423)
  0x000078d272b16020: 7cf6 c2f6 

  0x000078d272b16024: ;   {other}
  0x000078d272b16024: 0f1f 8400 | 941b 001b | 83f8 010f | 84e4 0000 | 0048 8b6c | 2450 8b75 | 0c4c 8b54 | 2430 4c89 
  0x000078d272b16044: 5424 2090 

  0x000078d272b16048: ;   {static_call}
  0x000078d272b16048: c5f8 77e8 

  0x000078d272b1604c: ; ImmutableOopMap {rbp=Oop [16]=Oop [32]=Oop [40]=Oop [48]=Oop [72]=Oop [88]=Oop [96]=Oop }
                      ;*invokestatic glGetShaderInfoLog {reexecute=0 rethrow=0 return_oop=1}
                      ; - com.seibel.distanthorizons.common.render.openGl.glObject.shader.GlShader::<init>@121 (line 92)
                      ; - com.seibel.distanthorizons.common.render.openGl.glObject.shader.GlShaderProgram::<init>@26 (line 63)
                      ; - com.seibel.distanthorizons.common.render.openGl.glObject.shader.GlShaderProgram::<init>@11 (line 52)
                      ; - com.seibel.distanthorizons.common.render.openGl.generic.GlGenericObjectShaderProgram::<init>@25 (line 57)
                      ; - com.seibel.distanthorizons.common.render.openGl.generic.GlGenericObjectRenderer::init@147 (line 219)
                      ; - com.seibel.distanthorizons.common.render.openGl.generic.GlGenericObjectRenderer::render@22 (line 423)
  0x000078d272b1604c: 3081 19fd 

  0x000078d272b16050: ;   {other}
  0x000078d272b16050: 0f1f 8400 | c01b 001c | bead ffff | ff4c 8b54 | 2420 4c89 | 1424 4c8b | 5424 284c | 8954 2408 
  0x000078d272b16070: 4c8b 5424 | 604c 8954 | 2420 4889 | 6c24 5048 | 8944 2460 

  0x000078d272b16084: ;   {runtime_call UncommonTrapBlob}
  0x000078d272b16084: c5f8 77e8 

  0x000078d272b16088: ; ImmutableOopMap {[0]=Oop [8]=Oop [16]=Oop [32]=Oop [72]=Oop [80]=Oop [88]=Oop [96]=Oop }
                      ;*invokedynamic {reexecute=0 rethrow=0 return_oop=0}
                      ; - com.seibel.distanthorizons.common.render.openGl.glObject.shader.GlShader::<init>@124 (line 92)
                      ; - com.seibel.distanthorizons.common.render.openGl.glObject.shader.GlShaderProgram::<init>@26 (line 63)
                      ; - com.seibel.distanthorizons.common.render.openGl.glObject.shader.GlShaderProgram::<init>@11 (line 52)
                      ; - com.seibel.distanthorizons.common.render.openGl.generic.GlGenericObjectShaderProgram::<init>@25 (line 57)
                      ; - com.seibel.distanthorizons.common.render.openGl.generic.GlGenericObjectRenderer::init@147 (line 219)
                      ; - com.seibel.distanthorizons.common.render.openGl.generic.GlGenericObjectRenderer::render@22 (line 423)
  0x000078d272b16088: f404 1afd 

  0x000078d272b1608c: ;   {other}
  0x000078d272b1608c: 0f1f 8400 | fc1b 001d | 4585 c00f | 8512 f7ff | ff45 8862 | 0d49 8b87 | b801 0000 | 4c8b d049 
  0x000078d272b160ac: 83c2 104d | 3b97 c801 | 0000 0f83 | f030 0000 | 4d89 97b8 | 0100 0041 | 0f18 8200 | 0100 0048 
  0x000078d272b160cc: c700 0100 | 0000 410f | 1882 4001 

  0x000078d272b160d8: ;   {metadata('java/lang/Object'[])}
  0x000078d272b160d8: 0000 c740 | 0870 1200 | 0041 0f18 | 8280 0100 | 0044 8960 | 0c48 8bc8 

  0x000078d272b160f0: ;   {oop("Instanced rendering not supported by this GPU, falling back to direct rendering. Generic object rendering will be slow and some effects may be disabled."{0x0000000646d812c8})}
  0x000078d272b160f0: 48ba c812 | d846 0600 

  0x000078d272b160f8: ;   {oop(a 'com/seibel/distanthorizons/core/logging/DhLogger'{0x0000000631e99138})}
  0x000078d272b160f8: 0000 48be | 3891 e931 | 0600 0000 

  0x000078d272b16104: ;   {optimized virtual_call}
  0x000078d272b16104: c5f8 77e8 

  0x000078d272b16108: ; ImmutableOopMap {rbp=Oop [0]=Oop [40]=Oop [56]=Oop }
                      ;*invokevirtual warn {reexecute=0 rethrow=0 return_oop=0}
                      ; - com.seibel.distanthorizons.common.render.openGl.generic.GlGenericObjectRenderer::init@138 (line 210)
                      ; - com.seibel.distanthorizons.common.render.openGl.generic.GlGenericObjectRenderer::render@22 (line 423)
  0x000078d272b16108: 7476 19fd 

  0x000078d272b1610c: ;   {other}
  0x000078d272b1610c: 0f1f 8400 | 7c1c 001e | e99b f6ff | ff49 8b8f | b801 0000 | 4c8b d149 | 83c2 104d | 3b97 c801 
  0x000078d272b1612c: 0000 0f83 | 142a 0000 | 4d89 97b8 | 0100 0041 | 0f18 8200 | 0100 0048 | c701 0100 | 0000 410f 
  0x000078d272b1614c: 1882 4001 

  0x000078d272b16150: ;   {metadata('java/lang/Object'[])}
  0x000078d272b16150: 0000 c741 | 0870 1200 | 0041 0f18 | 8280 0100 | 0044 8961 

  0x000078d272b16164: ;   {oop(a 'com/seibel/distanthorizons/core/logging/DhLogger'{0x000000065a7a3ea8})}
  0x000078d272b16164: 0c48 bea8 | 3e7a 5a06 

  0x000078d272b1616c: ;   {oop("Shader loaded sucessfully."{0x000000065a7a3e90})}
  0x000078d272b1616c: 0000 0048 | ba90 3e7a | 5a06 0000 | 004c 8b54 | 2430 4c89 | 1424 6690 

  0x000078d272b16184: ;   {optimized virtual_call}
  0x000078d272b16184: c5f8 77e8 

  0x000078d272b16188: ; ImmutableOopMap {rbp=Oop [8]=Derived_oop_rbp [0]=Oop [16]=Oop [40]=Oop [48]=Oop [72]=Oop [80]=Oop [96]=Oop [152]=Oop [32]=Derived_oop_[152] }
                      ;*invokevirtual info {reexecute=0 rethrow=0 return_oop=0}
                      ; - com.seibel.distanthorizons.common.render.openGl.glObject.shader.GlShader::<init>@164 (line 97)
                      ; - com.seibel.distanthorizons.common.render.openGl.glObject.shader.GlShaderProgram::<init>@26 (line 63)
                      ; - com.seibel.distanthorizons.common.render.openGl.glObject.shader.GlShaderProgram::<init>@11 (line 52)
                      ; - com.seibel.distanthorizons.common.render.openGl.generic.GlGenericObjectShaderProgram::<init>@25 (line 57)
                      ; - com.seibel.distanthorizons.common.render.openGl.generic.GlGenericObjectRenderer::init@147 (line 219)
                      ; - com.seibel.distanthorizons.common.render.openGl.generic.GlGenericObjectRenderer::render@22 (line 423)
  0x000078d272b16188: d459 41f6 

  0x000078d272b1618c: ;   {other}
  0x000078d272b1618c: 0f1f 8400 | fc1c 001f | 4c8b 5424 | 5041 8b52 | 0c4c 8b54 | 2448 418b | 720c 6690 

  0x000078d272b161a8: ;   {static_call}
  0x000078d272b161a8: c5f8 77e8 

  0x000078d272b161ac: ; ImmutableOopMap {rbp=Oop [8]=Derived_oop_rbp [0]=Oop [16]=Oop [40]=Oop [48]=Oop [72]=Oop [80]=Oop [96]=Oop [152]=Oop [32]=Derived_oop_[152] }
                      ;*invokestatic glAttachShader {reexecute=0 rethrow=0 return_oop=0}
                      ; - org.lwjgl.opengl.GL20::glAttachShader@2 (line 283)
                      ; - com.seibel.distanthorizons.common.render.openGl.glObject.shader.GlShaderProgram::<init>@40 (line 64)
                      ; - com.seibel.distanthorizons.common.render.openGl.glObject.shader.GlShaderProgram::<init>@11 (line 52)
                      ; - com.seibel.distanthorizons.common.render.openGl.generic.GlGenericObjectShaderProgram::<init>@25 (line 57)
                      ; - com.seibel.distanthorizons.common.render.openGl.generic.GlGenericObjectRenderer::init@147 (line 219)
                      ; - com.seibel.distanthorizons.common.render.openGl.generic.GlGenericObjectRenderer::render@22 (line 423)
  0x000078d272b161ac: 1035 7ffe 

  0x000078d272b161b0: ;   {other}
  0x000078d272b161b0: 0f1f 8400 | 201d 0020 | 488b 7424 | 5066 6690 

  0x000078d272b161c0: ;   {optimized virtual_call}
  0x000078d272b161c0: c5f8 77e8 

  0x000078d272b161c4: ; ImmutableOopMap {rbp=Oop [8]=Derived_oop_rbp [0]=Oop [16]=Oop [40]=Oop [48]=Oop [72]=Oop [96]=Oop [152]=Oop [32]=Derived_oop_[152] }
                      ;*invokevirtual free {reexecute=0 rethrow=0 return_oop=0}
                      ; - com.seibel.distanthorizons.common.render.openGl.glObject.shader.GlShaderProgram::<init>@45 (line 65)
                      ; - com.seibel.distanthorizons.common.render.openGl.glObject.shader.GlShaderProgram::<init>@11 (line 52)
                      ; - com.seibel.distanthorizons.common.render.openGl.generic.GlGenericObjectShaderProgram::<init>@25 (line 57)
                      ; - com.seibel.distanthorizons.common.render.openGl.generic.GlGenericObjectRenderer::init@147 (line 219)
                      ; - com.seibel.distanthorizons.common.render.openGl.generic.GlGenericObjectRenderer::render@22 (line 423)
  0x000078d272b161c4: 6b60 0000 

  0x000078d272b161c8: ;   {other}
  0x000078d272b161c8: 0f1f 8400 | 381d 0021 

  0x000078d272b161d0: ;   {oop("assets/distanthorizons/shaders/generic/gl/instanced/frag.frag"{0x000000065a7a3de8})}
  0x000078d272b161d0: 48be e83d | 7a5a 0600 | 0000 33d2 

  0x000078d272b161dc: ;   {static_call}
  0x000078d272b161dc: c5f8 77e8 

  0x000078d272b161e0: ; ImmutableOopMap {rbp=Oop [8]=Derived_oop_rbp [0]=Oop [16]=Oop [40]=Oop [48]=Oop [72]=Oop [96]=Oop [152]=Oop [32]=Derived_oop_[152] }
                      ;*invokestatic loadFile {reexecute=0 rethrow=0 return_oop=1}
                      ; - com.seibel.distanthorizons.common.render.openGl.glObject.shader.GlShaderProgram::<init>@50 (line 69)
                      ; - com.seibel.distanthorizons.common.render.openGl.glObject.shader.GlShaderProgram::<init>@11 (line 52)
                      ; - com.seibel.distanthorizons.common.render.openGl.generic.GlGenericObjectShaderProgram::<init>@25 (line 57)
                      ; - com.seibel.distanthorizons.common.render.openGl.generic.GlGenericObjectRenderer::init@147 (line 219)
                      ; - com.seibel.distanthorizons.common.render.openGl.generic.GlGenericObjectRenderer::render@22 (line 423)
  0x000078d272b161e0: b464 0000 

  0x000078d272b161e4: ;   {other}
  0x000078d272b161e4: 0f1f 8400 | 541d 0022 | 4889 4424 | 5849 8b87 | b801 0000 | 4c8b d049 | 83c2 104d | 3b97 c801 
  0x000078d272b16204: 0000 0f83 | 6c29 0000 | 4d89 97b8 | 0100 0041 | 0f18 8200 | 0100 0048 | c700 0100 

  0x000078d272b16220: ;   {metadata('com/seibel/distanthorizons/common/render/openGl/glObject/shader/GlShader')}
  0x000078d272b16220: 0000 c740 | 08c8 c6b2 | 0244 8960 | 0c4c 8bd0 | 4c89 5424 | 504d 8b97 | b801 0000 | 4d8b da49 
  0x000078d272b16240: 83c3 384d | 3b9f c801 | 0000 0f83 | 4929 0000 | 4d89 9fb8 | 0100 0041 | 0f18 8300 | 0100 0049 
  0x000078d272b16260: c702 0100 | 0000 410f | 1883 4001 

  0x000078d272b1626c: ;   {metadata({type array byte})}
  0x000078d272b1626c: 0000 41c7 | 4208 1823 | 0000 410f | 1883 8001 | 0000 41c7 | 420c 2100 | 0000 4c89 | 1424 4d8b 
  0x000078d272b1628c: 8758 0400 | 0049 8bf2 | 4883 c610 | 41c6 4230 

  0x000078d272b1629c: ;   {oop([B{0x0000000618a2f210})}
  0x000078d272b1629c: 5d49 ba10 | f2a2 1806 | 0000 0045 | 0fbe 5a30 | 4c8b 1424 | 4588 5a2f 

  0x000078d272b162b4: ;   {oop([B{0x0000000618a2f288})}
  0x000078d272b162b4: 49ba 88f2 | a218 0600 | 0000 450f | be52 304c | 8b1c 2445 

  0x000078d272b162c8: ;   {oop([B{0x0000000618a2f210})}
  0x000078d272b162c8: 8853 2e49 | ba10 f2a2 | 1806 0000 | 0045 0fbe 

  0x000078d272b162d8: ;   {oop([B{0x000000065a7a3fd0})}
  0x000078d272b162d8: 5a48 49ba | d03f 7a5a | 0600 0000 

  0x000078d272b162e4: ;   {oop([B{0x000000065a7a4100})}
  0x000078d272b162e4: 49b9 0041 | 7a5a 0600 

  0x000078d272b162ec: ; ImmutableOopMap {r10=Oop [32]=Derived_oop_r10 r9=Oop [8]=Derived_oop_r9 rbp=Oop [0]=Oop rsi=Derived_oop_[0] [16]=Oop [40]=Oop [48]=Oop [72]=Oop [80]=Oop [88]=Oop [96]=Oop [152]=Oop }
                      ;*goto {reexecute=1 rethrow=0 return_oop=0}
                      ; - (reexecute) java.lang.Integer::getChars@69 (line 518)
                      ; - java.lang.StringConcatHelper::prepend@12 (line 253)
                      ; - java.lang.StringConcatHelper::prepend@3 (line 271)
                      ; - java.lang.invoke.DirectMethodHandle$Holder::invokeStatic@17
                      ; - java.lang.invoke.LambdaForm$MH/0x000078d2081d8400::invoke@28
                      ; - java.lang.invoke.LambdaForm$MH/0x000078d2081d9400::invoke@51
                      ; - java.lang.invoke.Invokers$Holder::linkToTargetMethod@5
                      ; - com.seibel.distanthorizons.common.render.openGl.glObject.shader.GlShader::<init>@8 (line 71)
                      ; - com.seibel.distanthorizons.common.render.openGl.glObject.shader.GlShaderProgram::<init>@63 (line 70)
                      ; - com.seibel.distanthorizons.common.render.openGl.glObject.shader.GlShaderProgram::<init>@11 (line 52)
                      ; - com.seibel.distanthorizons.common.render.openGl.generic.GlGenericObjectShaderProgram::<init>@25 (line 57)
                      ; - com.seibel.distanthorizons.common.render.openGl.generic.GlGenericObjectRenderer::init@147 (line 219)
                      ; - com.seibel.distanthorizons.common.render.openGl.generic.GlGenericObjectRenderer::render@22 (line 423)
                      ;   {poll}
  0x000078d272b162ec: 0000 4185 | 004c 8b14 | 2445 885a 

  0x000078d272b162f8: ;   {oop([B{0x0000000618a2f288})}
  0x000078d272b162f8: 2d49 ba88 | f2a2 1806 | 0000 0045 | 0fbe 5248 | 4c8b 1c24 | 4588 532c 

  0x000078d272b16310: ;   {oop([B{0x0000000618a2f210})}
  0x000078d272b16310: 49ba 10f2 | a218 0600 | 0000 450f | be5a 134c | 8b14 2445 | 885a 2b48 | 8b7c 2420 | ba1b 0000 
  0x000078d272b16330: 00c5 f877 | 49ba c0f9 | c86f d278 | 0000 41ff 

  0x000078d272b16340: ;   {other}
  0x000078d272b16340: d20f 1f84 | 0000 0000 | 004d 8b97 | b801 0000 | 4d8b da49 | 83c3 184d | 3b9f c801 | 0000 0f83 
  0x000078d272b16360: 5c28 0000 | 4d89 9fb8 | 0100 0041 | 0f18 8300 | 0100 0049 | c702 0100 

  0x000078d272b16378: ;   {metadata('java/lang/String')}
  0x000078d272b16378: 0000 41c7 | 4208 78e8 | 0000 4589 | 620c 4589 | 6210 4c8b | 1c24 4d8b | c349 c1e8 | 0345 8942 
  0x000078d272b16398: 144c 8914 | 2449 8b8f | b801 0000 | 4c8b d149 | 83c2 104d | 3b97 c801 | 0000 0f83 | 2c28 0000 
  0x000078d272b163b8: 4d89 97b8 | 0100 0041 | 0f18 8200 | 0100 0048 | c701 0100 | 0000 410f | 1882 4001 

  0x000078d272b163d4: ;   {metadata('java/lang/Object'[])}
  0x000078d272b163d4: 0000 c741 | 0870 1200 | 0041 0f18 | 8280 0100 | 0044 8961 

  0x000078d272b163e8: ;   {oop(a 'com/seibel/distanthorizons/core/logging/DhLogger'{0x000000065a7a3ea8})}
  0x000078d272b163e8: 0c48 bea8 | 3e7a 5a06 | 0000 0048 | 8b14 244c | 8b54 2430 | 4c89 1424 

  0x000078d272b16400: ;   {optimized virtual_call}
  0x000078d272b16400: c5f8 77e8 

  0x000078d272b16404: ; ImmutableOopMap {rbp=Oop [8]=Derived_oop_rbp [0]=Oop [16]=Oop [40]=Oop [48]=Oop [72]=Oop [80]=Oop [88]=Oop [96]=Oop [152]=Oop [32]=Derived_oop_[152] }
                      ;*invokevirtual info {reexecute=0 rethrow=0 return_oop=0}
                      ; - com.seibel.distanthorizons.common.render.openGl.glObject.shader.GlShader::<init>@17 (line 71)
                      ; - com.seibel.distanthorizons.common.render.openGl.glObject.shader.GlShaderProgram::<init>@63 (line 70)
                      ; - com.seibel.distanthorizons.common.render.openGl.glObject.shader.GlShaderProgram::<init>@11 (line 52)
                      ; - com.seibel.distanthorizons.common.render.openGl.generic.GlGenericObjectShaderProgram::<init>@25 (line 57)
                      ; - com.seibel.distanthorizons.common.render.openGl.generic.GlGenericObjectRenderer::init@147 (line 219)
                      ; - com.seibel.distanthorizons.common.render.openGl.generic.GlGenericObjectRenderer::render@22 (line 423)
  0x000078d272b16404: 5857 41f6 

  0x000078d272b16408: ;   {other}
  0x000078d272b16408: 0f1f 8400 | 781f 0024 | 4c8b 5424 | 5845 8b52 | 1444 8954 | 2478 478b | 5cd4 0c4c | 8b54 2458 
  0x000078d272b16428: 450f be42 | 1044 8904 | 24c4 423a | f7db 4d63 | d349 83c2 | 0a4c 8994 | 24a8 0000 | 0041 83f8 
  0x000078d272b16448: 010f 84bd | 1900 004c | 8b94 24a8 | 0000 0045 | 8bd2 4489 | 9424 8000 | 0000 4585 | d20f 8cdc 
  0x000078d272b16468: 3c00 004c | 8b94 24a8 | 0000 0049 | 83c2 014d | 8bda 49c1 | fb20 458b | d245 8bdb | 450f bec3 
  0x000078d272b16488: c442 39f7 | d244 8954 | 247c 4585 | d20f 8cfd | 3c00 0041 | 81fa 0000 | 1000 0f87 | c737 0000 
  0x000078d272b164a8: 4d63 d244 | 8b5c 247c | 4181 fb00 | 0010 000f | 874b 2700 | 0049 8b87 | b801 0000 | 4983 c217 
  0x000078d272b164c8: 4983 e2f8 | 4c8b c04d | 03c2 4d3b | 87c8 0100 | 000f 8329 | 2700 004d | 8987 b801 | 0000 410f 
  0x000078d272b164e8: 1880 0001 | 0000 48c7 | 0001 0000 | 0041 0f18 | 8040 0100 

  0x000078d272b164fc: ;   {metadata({type array byte})}
  0x000078d272b164fc: 00c7 4008 | 1823 0000 | 4489 580c | 410f 1880 | 8001 0000 | 4c8b d04c | 8994 2488 | 0000 0044 
  0x000078d272b1651c: 8b54 247c | 4489 5424 | 0449 ba00 | 0000 0001 | 0000 004c | 8b9c 24a8 | 0000 004d | 3bda 0f8d 
  0x000078d272b1653c: 5525 0000 | 448b 9c24 | 8000 0000 | 41ff c344 | 8b44 2404 | 453b c30f | 821b 3800 | 004c 8b94 
  0x000078d272b1655c: 2488 0000 | 0044 8b9c | 2480 0000 | 0043 c644 | 1a10 5d44 | 8b54 2478 | 438b 54d4 | 0c44 8b14 
  0x000078d272b1657c: 24c4 622a | f7da 4d63 | d34c 8b9c | 24a8 0000 | 004d 2bda | 4c89 9c24 | 9800 0000 | 418b cb49 
  0x000078d272b1659c: ba00 0000 | 0001 0000 | 004d 3bda | 0f8d 8018 | 0000 448b | 5c24 7849 | c1e3 0344 | 8b54 2478 
  0x000078d272b165bc: 4f8d 54d4 | 104d 8bc2 | 448b 1c24 | 4585 db0f | 858f 2800 | 0085 c90f | 8cb7 3900 | 0044 8d14 
  0x000078d272b165dc: 1144 8b5c | 2404 453b | da0f 82a5 | 3900 0085 | d276 2b4c | 8b94 2488 | 0000 0049 | 8d74 0a10 
  0x000078d272b165fc: ;   {no_reloc}
  0x000078d272b165fc: 4863 d249 | 8bf8 c5f8 | 7749 ba60 | ffc8 6fd2 | 7800 0041 

  0x000078d272b16610: ;   {other}
  0x000078d272b16610: ffd2 0f1f | 8400 0000 | 0000 4c8b | 9424 9800 | 0000 4983 | c2f6 4c89 | 9424 9000 | 0000 418b 
  0x000078d272b16630: ca49 ba00 | 0000 0001 | 0000 004c | 8b9c 2490 | 0000 004d | 3bda 0f8d | 1d18 0000 | 85c9 0f8c 
  0x000078d272b16650: d938 0000 | 448d 590a | 448b 5424 | 0445 3bd3 | 0f82 c738 | 0000 4c8b | 9424 8800 | 0000 498d 
  0x000078d272b16670: 740a 1048 | 8b7c 2408 | ba0a 0000 | 00c5 f877 | 49ba 60ff | c86f d278 | 0000 41ff 

  0x000078d272b1668c: ;   {other}
  0x000078d272b1668c: d20f 1f84 | 0000 0000 | 004c 8b94 | 2488 0000 | 0049 c1ea | 0344 8954 | 241c 4c8b | 9424 9000 
  0x000078d272b166ac: 0000 4d85 | d20f 855e | 1800 004d | 8b97 b801 | 0000 4d8b | da49 83c2 | 184d 3b97 | c801 0000 
  0x000078d272b166cc: 0f83 a225 | 0000 4d89 | 97b8 0100 | 0041 0f18 | 8200 0100 | 004d 8bd3 | 49c7 0201 | 0000 004d 
  0x000078d272b166ec: 8bc2 4983 

  0x000078d272b166f0: ;   {metadata('java/lang/String')}
  0x000078d272b166f0: c010 41c7 | 4208 78e8 | 0000 4589 | 620c c5fd | efc0 c4c1 | 79d6 004d | 8bd3 4c89 | 1424 448b 
  0x000078d272b16710: 5c24 1c45 | 895a 1449 | 8b8f b801 | 0000 4c8b | d149 83c2 | 104d 3b97 | c801 0000 | 0f83 0b25 
  0x000078d272b16730: 0000 4d89 | 97b8 0100 | 0041 0f18 | 8200 0100 | 0048 c701 | 0100 0000 | 410f 1882 | 4001 0000 
  0x000078d272b16750: ;   {metadata('java/lang/Object'[])}
  0x000078d272b16750: c741 0870 | 1200 0041 | 0f18 8280 | 0100 0044 

  0x000078d272b16760: ;   {oop(a 'com/seibel/distanthorizons/core/logging/DhLogger'{0x000000065a7a3ea8})}
  0x000078d272b16760: 8961 0c48 | bea8 3e7a | 5a06 0000 | 0048 8b14 | 244c 8b54 | 2430 4c89 

  0x000078d272b16778: ;   {oop([B{0x000000065a7a3fd0})}
  0x000078d272b16778: 1424 49ba | d03f 7a5a | 0600 0000 | 4c89 9424 | 8000 0000 

  0x000078d272b1678c: ;   {optimized virtual_call}
  0x000078d272b1678c: c5f8 77e8 

  0x000078d272b16790: ; ImmutableOopMap {rbp=Oop [8]=Derived_oop_rbp [0]=Oop [16]=Oop [40]=Oop [48]=Oop [72]=Oop [80]=Oop [88]=Oop [96]=Oop [128]=Oop [32]=Derived_oop_[128] }
                      ;*invokevirtual debug {reexecute=0 rethrow=0 return_oop=0}
                      ; - com.seibel.distanthorizons.common.render.openGl.glObject.shader.GlShader::<init>@33 (line 72)
                      ; - com.seibel.distanthorizons.common.render.openGl.glObject.shader.GlShaderProgram::<init>@63 (line 70)
                      ; - com.seibel.distanthorizons.common.render.openGl.glObject.shader.GlShaderProgram::<init>@11 (line 52)
                      ; - com.seibel.distanthorizons.common.render.openGl.generic.GlGenericObjectShaderProgram::<init>@25 (line 57)
                      ; - com.seibel.distanthorizons.common.render.openGl.generic.GlGenericObjectRenderer::init@147 (line 219)
                      ; - com.seibel.distanthorizons.common.render.openGl.generic.GlGenericObjectRenderer::render@22 (line 423)
  0x000078d272b16790: 2c52 63ff 

  0x000078d272b16794: ;   {other}
  0x000078d272b16794: 0f1f 8400 | 0423 0025 | 488b 7424 | 5866 6690 

  0x000078d272b167a4: ;   {optimized virtual_call}
  0x000078d272b167a4: c5f8 77e8 

  0x000078d272b167a8: ; ImmutableOopMap {rbp=Oop [8]=Derived_oop_rbp [0]=Oop [16]=Oop [40]=Oop [48]=Oop [72]=Oop [80]=Oop [88]=Oop [96]=Oop [128]=Oop [32]=Derived_oop_[128] }
                      ;*invokevirtual isEmpty {reexecute=0 rethrow=0 return_oop=0}
                      ; - com.seibel.distanthorizons.common.render.openGl.glObject.shader.GlShader::<init>@41 (line 73)
                      ; - com.seibel.distanthorizons.common.render.openGl.glObject.shader.GlShaderProgram::<init>@63 (line 70)
                      ; - com.seibel.distanthorizons.common.render.openGl.glObject.shader.GlShaderProgram::<init>@11 (line 52)
                      ; - com.seibel.distanthorizons.common.render.openGl.generic.GlGenericObjectShaderProgram::<init>@25 (line 57)
                      ; - com.seibel.distanthorizons.common.render.openGl.generic.GlGenericObjectRenderer::init@147 (line 219)
                      ; - com.seibel.distanthorizons.common.render.openGl.generic.GlGenericObjectRenderer::render@22 (line 423)
  0x000078d272b167a8: 740a 8efd 

  0x000078d272b167ac: ;   {other}
  0x000078d272b167ac: 0f1f 8400 | 1c23 0026 | 85c0 0f85 | 7035 0000 | be30 8b00 

  0x000078d272b167c0: ;   {oop([B{0x000000065a7a3fd0})}
  0x000078d272b167c0: 0049 bad0 | 3f7a 5a06 | 0000 004c | 8994 2488 | 0000 0090 

  0x000078d272b167d4: ;   {static_call}
  0x000078d272b167d4: c5f8 77e8 

  0x000078d272b167d8: ; ImmutableOopMap {rbp=Oop [8]=Derived_oop_rbp [0]=Oop [16]=Oop [40]=Oop [48]=Oop [72]=Oop [80]=Oop [88]=Oop [96]=Oop [136]=Oop [32]=Derived_oop_[136] }
                      ;*invokestatic glCreateShader {reexecute=0 rethrow=0 return_oop=0}
                      ; - org.lwjgl.opengl.GL20::glCreateShader@1 (line 230)
                      ; - com.seibel.distanthorizons.common.render.openGl.glObject.shader.GlShader::<init>@59 (line 79)
                      ; - com.seibel.distanthorizons.common.render.openGl.glObject.shader.GlShaderProgram::<init>@63 (line 70)
                      ; - com.seibel.distanthorizons.common.render.openGl.glObject.shader.GlShaderProgram::<init>@11 (line 52)
                      ; - com.seibel.distanthorizons.common.render.openGl.generic.GlGenericObjectShaderProgram::<init>@25 (line 57)
                      ; - com.seibel.distanthorizons.common.render.openGl.generic.GlGenericObjectRenderer::init@147 (line 219)
                      ; - com.seibel.distanthorizons.common.render.openGl.generic.GlGenericObjectRenderer::render@22 (line 423)
  0x000078d272b167d8: 649b bdfe 

  0x000078d272b167dc: ;   {other}
  0x000078d272b167dc: 0f1f 8400 | 4c23 0027 | 8944 2468 | 4c8b 5424 | 5041 8942 | 0c85 c00f | 847e 3400 

  0x000078d272b167f8: ;   {oop([B{0x000000065a7a3fd0})}
  0x000078d272b167f8: 0049 bad0 | 3f7a 5a06 | 0000 004c | 8994 2490 | 0000 0090 

  0x000078d272b1680c: ;   {static_call}
  0x000078d272b1680c: c5f8 77e8 

  0x000078d272b16810: ; ImmutableOopMap {rbp=Oop [8]=Derived_oop_rbp [0]=Oop [16]=Oop [40]=Oop [48]=Oop [72]=Oop [80]=Oop [88]=Oop [96]=Oop [144]=Oop [32]=Derived_oop_[144] }
                      ;*invokestatic stackGet {reexecute=0 rethrow=0 return_oop=1}
                      ; - com.seibel.distanthorizons.common.render.openGl.glObject.shader.GlShader::safeShaderSource@0 (line 122)
                      ; - com.seibel.distanthorizons.common.render.openGl.glObject.shader.GlShader::<init>@92 (line 85)
                      ; - com.seibel.distanthorizons.common.render.openGl.glObject.shader.GlShaderProgram::<init>@63 (line 70)
                      ; - com.seibel.distanthorizons.common.render.openGl.glObject.shader.GlShaderProgram::<init>@11 (line 52)
                      ; - com.seibel.distanthorizons.common.render.openGl.generic.GlGenericObjectShaderProgram::<init>@25 (line 57)
                      ; - com.seibel.distanthorizons.common.render.openGl.generic.GlGenericObjectRenderer::init@147 (line 219)
                      ; - com.seibel.distanthorizons.common.render.openGl.generic.GlGenericObjectRenderer::render@22 (line 423)
  0x000078d272b16810: 2cfd 7efe 

  0x000078d272b16814: ;   {other}
  0x000078d272b16814: 0f1f 8400 | 8423 0028 | 4889 4424 | 7044 8b50 | 1844 8954 | 246c 488b | 7424 58ba | 0100 0000 
  0x000078d272b16834: ;   {static_call}
  0x000078d272b16834: c5f8 77e8 

  0x000078d272b16838: ; ImmutableOopMap {rbp=Oop [8]=Derived_oop_rbp [0]=Oop [16]=Oop [40]=Oop [48]=Oop [72]=Oop [80]=Oop [88]=Oop [96]=Oop [112]=Oop [144]=Oop [32]=Derived_oop_[144] }
                      ;*invokestatic memUTF8 {reexecute=0 rethrow=0 return_oop=1}
                      ; - com.seibel.distanthorizons.common.render.openGl.glObject.shader.GlShader::safeShaderSource@11 (line 127)
                      ; - com.seibel.distanthorizons.common.render.openGl.glObject.shader.GlShader::<init>@92 (line 85)
                      ; - com.seibel.distanthorizons.common.render.openGl.glObject.shader.GlShaderProgram::<init>@63 (line 70)
                      ; - com.seibel.distanthorizons.common.render.openGl.glObject.shader.GlShaderProgram::<init>@11 (line 52)
                      ; - com.seibel.distanthorizons.common.render.openGl.generic.GlGenericObjectShaderProgram::<init>@25 (line 57)
                      ; - com.seibel.distanthorizons.common.render.openGl.generic.GlGenericObjectRenderer::init@147 (line 219)
                      ; - com.seibel.distanthorizons.common.render.openGl.generic.GlGenericObjectRenderer::render@22 (line 423)
  0x000078d272b16838: 6423 17f7 

  0x000078d272b1683c: ;   {other}
  0x000078d272b1683c: 0f1f 8400 | ac23 0029 | 4889 4424 | 7848 8b74 | 2470 ba01 

  0x000078d272b16850: ;   {oop([B{0x000000065a7a3fd0})}
  0x000078d272b16850: 0000 0049 | bad0 3f7a | 5a06 0000 | 004c 8994 | 2498 0000 | 0066 6690 

  0x000078d272b16868: ;   {optimized virtual_call}
  0x000078d272b16868: c5f8 77e8 

  0x000078d272b1686c: ; ImmutableOopMap {rbp=Oop [8]=Derived_oop_rbp [0]=Oop [16]=Oop [40]=Oop [48]=Oop [72]=Oop [80]=Oop [88]=Oop [96]=Oop [112]=Oop [120]=Oop [152]=Oop [32]=Derived_oop_[152] }
                      ;*invokevirtual mallocPointer {reexecute=0 rethrow=0 return_oop=1}
                      ; - com.seibel.distanthorizons.common.render.openGl.glObject.shader.GlShader::safeShaderSource@18 (line 128)
                      ; - com.seibel.distanthorizons.common.render.openGl.glObject.shader.GlShader::<init>@92 (line 85)
                      ; - com.seibel.distanthorizons.common.render.openGl.glObject.shader.GlShaderProgram::<init>@63 (line 70)
                      ; - com.seibel.distanthorizons.common.render.openGl.glObject.shader.GlShaderProgram::<init>@11 (line 52)
                      ; - com.seibel.distanthorizons.common.render.openGl.generic.GlGenericObjectShaderProgram::<init>@25 (line 57)
                      ; - com.seibel.distanthorizons.common.render.openGl.generic.GlGenericObjectRenderer::init@147 (line 219)
                      ; - com.seibel.distanthorizons.common.render.openGl.generic.GlGenericObjectRenderer::render@22 (line 423)
  0x000078d272b1686c: 7071 60f6 

  0x000078d272b16870: ;   {other}
  0x000078d272b16870: 0f1f 8400 | e023 002a | 4889 0424 | 4885 c00f | 8443 3400 | 0048 8bf0 | 488b 5424 | 7866 6690 
  0x000078d272b16890: ;   {optimized virtual_call}
  0x000078d272b16890: c5f8 77e8 

  0x000078d272b16894: ; ImmutableOopMap {rbp=Oop [8]=Derived_oop_rbp [0]=Oop [16]=Oop [40]=Oop [48]=Oop [72]=Oop [80]=Oop [88]=Oop [96]=Oop [112]=Oop [152]=Oop [32]=Derived_oop_[152] }
                      ;*invokevirtual put {reexecute=0 rethrow=0 return_oop=1}
                      ; - com.seibel.distanthorizons.common.render.openGl.glObject.shader.GlShader::safeShaderSource@27 (line 129)
                      ; - com.seibel.distanthorizons.common.render.openGl.glObject.shader.GlShader::<init>@92 (line 85)
                      ; - com.seibel.distanthorizons.common.render.openGl.glObject.shader.GlShaderProgram::<init>@63 (line 70)
                      ; - com.seibel.distanthorizons.common.render.openGl.glObject.shader.GlShaderProgram::<init>@11 (line 52)
                      ; - com.seibel.distanthorizons.common.render.openGl.generic.GlGenericObjectShaderProgram::<init>@25 (line 57)
                      ; - com.seibel.distanthorizons.common.render.openGl.generic.GlGenericObjectRenderer::init@147 (line 219)
                      ; - com.seibel.distanthorizons.common.render.openGl.generic.GlGenericObjectRenderer::render@22 (line 423)
  0x000078d272b16894: 6827 7ff7 

  0x000078d272b16898: ;   {other}
  0x000078d272b16898: 0f1f 8400 | 0824 002b | 4c8b 1424 | 498b 4a10 | 8b74 2468 | ba01 0000 | 0045 33c0 

  0x000078d272b168b4: ;   {static_call}
  0x000078d272b168b4: c5f8 77e8 

  0x000078d272b168b8: ; ImmutableOopMap {rbp=Oop [8]=Derived_oop_rbp [0]=Oop [16]=Oop [40]=Oop [48]=Oop [72]=Oop [80]=Oop [88]=Oop [96]=Oop [112]=Oop [152]=Oop [32]=Derived_oop_[152] }
                      ;*invokestatic nglShaderSource {reexecute=0 rethrow=0 return_oop=0}
                      ; - com.seibel.distanthorizons.common.render.openGl.glObject.shader.GlShader::safeShaderSource@39 (line 131)
                      ; - com.seibel.distanthorizons.common.render.openGl.glObject.shader.GlShader::<init>@92 (line 85)
                      ; - com.seibel.distanthorizons.common.render.openGl.glObject.shader.GlShaderProgram::<init>@63 (line 70)
                      ; - com.seibel.distanthorizons.common.render.openGl.glObject.shader.GlShaderProgram::<init>@11 (line 52)
                      ; - com.seibel.distanthorizons.common.render.openGl.generic.GlGenericObjectShaderProgram::<init>@25 (line 57)
                      ; - com.seibel.distanthorizons.common.render.openGl.generic.GlGenericObjectRenderer::init@147 (line 219)
                      ; - com.seibel.distanthorizons.common.render.openGl.generic.GlGenericObjectRenderer::render@22 (line 423)
  0x000078d272b168b8: 625f 0000 

  0x000078d272b168bc: ;   {other}
  0x000078d272b168bc: 0f1f 8400 | 2c24 002c | 4c8b 1424 | 498b 7210 | ba01 0000 | 004c 8b54 | 2430 4c89 | 1424 6690 
  0x000078d272b168dc: ;   {static_call}
  0x000078d272b168dc: c5f8 77e8 

  0x000078d272b168e0: ; ImmutableOopMap {rbp=Oop [8]=Derived_oop_rbp [0]=Oop [16]=Oop [40]=Oop [48]=Oop [72]=Oop [80]=Oop [88]=Oop [96]=Oop [112]=Oop [152]=Oop [32]=Derived_oop_[152] }
                      ;*invokestatic apiArrayFree {reexecute=0 rethrow=0 return_oop=0}
                      ; - com.seibel.distanthorizons.common.render.openGl.glObject.shader.GlShader::safeShaderSource@48 (line 132)
                      ; - com.seibel.distanthorizons.common.render.openGl.glObject.shader.GlShader::<init>@92 (line 85)
                      ; - com.seibel.distanthorizons.common.render.openGl.glObject.shader.GlShaderProgram::<init>@63 (line 70)
                      ; - com.seibel.distanthorizons.common.render.openGl.glObject.shader.GlShaderProgram::<init>@11 (line 52)
                      ; - com.seibel.distanthorizons.common.render.openGl.generic.GlGenericObjectShaderProgram::<init>@25 (line 57)
                      ; - com.seibel.distanthorizons.common.render.openGl.generic.GlGenericObjectRenderer::init@147 (line 219)
                      ; - com.seibel.distanthorizons.common.render.openGl.generic.GlGenericObjectRenderer::render@22 (line 423)
  0x000078d272b168e0: fe5e 0000 

  0x000078d272b168e4: ;   {other}
  0x000078d272b168e4: 0f1f 8400 | 5424 002d | 488b 7424 | 708b 5424 | 6c66 6690 

  0x000078d272b168f8: ;   {optimized virtual_call}
  0x000078d272b168f8: c5f8 77e8 

  0x000078d272b168fc: ; ImmutableOopMap {rbp=Oop [8]=Derived_oop_rbp [0]=Oop [16]=Oop [40]=Oop [48]=Oop [72]=Oop [80]=Oop [88]=Oop [96]=Oop [152]=Oop [32]=Derived_oop_[152] }
                      ;*invokevirtual setPointer {reexecute=0 rethrow=0 return_oop=0}
                      ; - com.seibel.distanthorizons.common.render.openGl.glObject.shader.GlShader::safeShaderSource@53 (line 136)
                      ; - com.seibel.distanthorizons.common.render.openGl.glObject.shader.GlShader::<init>@92 (line 85)
                      ; - com.seibel.distanthorizons.common.render.openGl.glObject.shader.GlShaderProgram::<init>@63 (line 70)
                      ; - com.seibel.distanthorizons.common.render.openGl.glObject.shader.GlShaderProgram::<init>@11 (line 52)
                      ; - com.seibel.distanthorizons.common.render.openGl.generic.GlGenericObjectShaderProgram::<init>@25 (line 57)
                      ; - com.seibel.distanthorizons.common.render.openGl.generic.GlGenericObjectRenderer::init@147 (line 219)
                      ; - com.seibel.distanthorizons.common.render.openGl.generic.GlGenericObjectRenderer::render@22 (line 423)
  0x000078d272b168fc: 4047 31ff 

  0x000078d272b16900: ;   {other}
  0x000078d272b16900: 0f1f 8400 | 7024 002e | 4c8b 5424 | 5041 8b72 | 0c66 6690 

  0x000078d272b16914: ;   {static_call}
  0x000078d272b16914: c5f8 77e8 

  0x000078d272b16918: ; ImmutableOopMap {rbp=Oop [8]=Derived_oop_rbp [0]=Oop [16]=Oop [40]=Oop [48]=Oop [72]=Oop [80]=Oop [88]=Oop [96]=Oop [152]=Oop [32]=Derived_oop_[152] }
                      ;*invokestatic glCompileShader {reexecute=0 rethrow=0 return_oop=0}
                      ; - org.lwjgl.opengl.GL20::glCompileShader@1 (line 372)
                      ; - com.seibel.distanthorizons.common.render.openGl.glObject.shader.GlShader::<init>@99 (line 86)
                      ; - com.seibel.distanthorizons.common.render.openGl.glObject.shader.GlShaderProgram::<init>@63 (line 70)
                      ; - com.seibel.distanthorizons.common.render.openGl.glObject.shader.GlShaderProgram::<init>@11 (line 52)
                      ; - com.seibel.distanthorizons.common.render.openGl.generic.GlGenericObjectShaderProgram::<init>@25 (line 57)
                      ; - com.seibel.distanthorizons.common.render.openGl.generic.GlGenericObjectRenderer::init@147 (line 219)
                      ; - com.seibel.distanthorizons.common.render.openGl.generic.GlGenericObjectRenderer::render@22 (line 423)
  0x000078d272b16918: 24a2 bdfe 

  0x000078d272b1691c: ;   {other}
  0x000078d272b1691c: 0f1f 8400 | 8c24 002f | 4c8b 5424 | 5041 8b72 | 0cba 818b | 0000 6690 

  0x000078d272b16934: ;   {static_call}
  0x000078d272b16934: c5f8 77e8 

  0x000078d272b16938: ; ImmutableOopMap {rbp=Oop [8]=Derived_oop_rbp [0]=Oop [16]=Oop [40]=Oop [48]=Oop [72]=Oop [80]=Oop [88]=Oop [96]=Oop [152]=Oop [32]=Derived_oop_[152] }
                      ;*invokestatic glGetShaderi {reexecute=0 rethrow=0 return_oop=0}
                      ; - org.lwjgl.opengl.GL20::glGetShaderi@2 (line 824)
                      ; - com.seibel.distanthorizons.common.render.openGl.glObject.shader.GlShader::<init>@108 (line 88)
                      ; - com.seibel.distanthorizons.common.render.openGl.glObject.shader.GlShaderProgram::<init>@63 (line 70)
                      ; - com.seibel.distanthorizons.common.render.openGl.glObject.shader.GlShaderProgram::<init>@11 (line 52)
                      ; - com.seibel.distanthorizons.common.render.openGl.generic.GlGenericObjectShaderProgram::<init>@25 (line 57)
                      ; - com.seibel.distanthorizons.common.render.openGl.generic.GlGenericObjectRenderer::init@147 (line 219)
                      ; - com.seibel.distanthorizons.common.render.openGl.generic.GlGenericObjectRenderer::render@22 (line 423)
  0x000078d272b16938: 64ed c2f6 

  0x000078d272b1693c: ;   {other}
  0x000078d272b1693c: 0f1f 8400 | ac24 0030 | 83f8 0174 | 4b48 8b6c | 2450 8b75 | 0c66 6690 

  0x000078d272b16954: ;   {static_call}
  0x000078d272b16954: c5f8 77e8 

  0x000078d272b16958: ; ImmutableOopMap {rbp=Oop [0]=Oop [16]=Oop [40]=Oop [72]=Oop [88]=Oop [96]=Oop }
                      ;*invokestatic glGetShaderInfoLog {reexecute=0 rethrow=0 return_oop=1}
                      ; - com.seibel.distanthorizons.common.render.openGl.glObject.shader.GlShader::<init>@121 (line 92)
                      ; - com.seibel.distanthorizons.common.render.openGl.glObject.shader.GlShaderProgram::<init>@63 (line 70)
                      ; - com.seibel.distanthorizons.common.render.openGl.glObject.shader.GlShaderProgram::<init>@11 (line 52)
                      ; - com.seibel.distanthorizons.common.render.openGl.generic.GlGenericObjectShaderProgram::<init>@25 (line 57)
                      ; - com.seibel.distanthorizons.common.render.openGl.generic.GlGenericObjectRenderer::init@147 (line 219)
                      ; - com.seibel.distanthorizons.common.render.openGl.generic.GlGenericObjectRenderer::render@22 (line 423)
  0x000078d272b16958: 2478 19fd 

  0x000078d272b1695c: ;   {other}
  0x000078d272b1695c: 0f1f 8400 | cc24 0031 | bead ffff | ff4c 8b54 | 2428 4c89 | 5424 084c | 8b54 2460 | 4c89 5424 
  0x000078d272b1697c: 2048 8944 | 2460 6690 

  0x000078d272b16984: ;   {runtime_call UncommonTrapBlob}
  0x000078d272b16984: c5f8 77e8 

  0x000078d272b16988: ; ImmutableOopMap {rbp=Oop [0]=Oop [8]=Oop [16]=Oop [32]=Oop [72]=Oop [88]=Oop [96]=Oop }
                      ;*invokedynamic {reexecute=0 rethrow=0 return_oop=0}
                      ; - com.seibel.distanthorizons.common.render.openGl.glObject.shader.GlShader::<init>@124 (line 92)
                      ; - com.seibel.distanthorizons.common.render.openGl.glObject.shader.GlShaderProgram::<init>@63 (line 70)
                      ; - com.seibel.distanthorizons.common.render.openGl.glObject.shader.GlShaderProgram::<init>@11 (line 52)
                      ; - com.seibel.distanthorizons.common.render.openGl.generic.GlGenericObjectShaderProgram::<init>@25 (line 57)
                      ; - com.seibel.distanthorizons.common.render.openGl.generic.GlGenericObjectRenderer::init@147 (line 219)
                      ; - com.seibel.distanthorizons.common.render.openGl.generic.GlGenericObjectRenderer::render@22 (line 423)
  0x000078d272b16988: f4fb 19fd 

  0x000078d272b1698c: ;   {other}
  0x000078d272b1698c: 0f1f 8400 | fc24 0032 | 498b 87b8 | 0100 004c | 8bd0 4983 | c210 4d3b | 97c8 0100 | 000f 83bd 
  0x000078d272b169ac: 2800 004d | 8997 b801 | 0000 410f | 1882 0001 | 0000 48c7 | 0001 0000 | 0041 0f18 | 8240 0100 
  0x000078d272b169cc: ;   {metadata('java/lang/Object'[])}
  0x000078d272b169cc: 00c7 4008 | 7012 0000 | 410f 1882 | 8001 0000 | 4489 600c 

  0x000078d272b169e0: ;   {oop(a 'com/seibel/distanthorizons/core/logging/DhLogger'{0x000000065a7a3ea8})}
  0x000078d272b169e0: 488b c848 | bea8 3e7a | 5a06 0000 

  0x000078d272b169ec: ;   {oop("Shader loaded sucessfully."{0x000000065a7a3e90})}
  0x000078d272b169ec: 0048 ba90 | 3e7a 5a06 | 0000 0090 

  0x000078d272b169f8: ;   {optimized virtual_call}
  0x000078d272b169f8: c5f8 77e8 

  0x000078d272b169fc: ; ImmutableOopMap {rbp=Oop [8]=Derived_oop_rbp [0]=Oop [16]=Oop [40]=Oop [48]=Oop [72]=Oop [80]=Oop [96]=Oop [152]=Oop [32]=Derived_oop_[152] }
                      ;*invokevirtual info {reexecute=0 rethrow=0 return_oop=0}
                      ; - com.seibel.distanthorizons.common.render.openGl.glObject.shader.GlShader::<init>@164 (line 97)
                      ; - com.seibel.distanthorizons.common.render.openGl.glObject.shader.GlShaderProgram::<init>@63 (line 70)
                      ; - com.seibel.distanthorizons.common.render.openGl.glObject.shader.GlShaderProgram::<init>@11 (line 52)
                      ; - com.seibel.distanthorizons.common.render.openGl.generic.GlGenericObjectShaderProgram::<init>@25 (line 57)
                      ; - com.seibel.distanthorizons.common.render.openGl.generic.GlGenericObjectRenderer::init@147 (line 219)
                      ; - com.seibel.distanthorizons.common.render.openGl.generic.GlGenericObjectRenderer::render@22 (line 423)
  0x000078d272b169fc: 6051 41f6 

  0x000078d272b16a00: ;   {other}
  0x000078d272b16a00: 0f1f 8400 | 7025 0033 | 4c8b 5424 | 5041 8b52 | 0c4c 8b54 | 2448 418b | 720c 6690 

  0x000078d272b16a1c: ;   {static_call}
  0x000078d272b16a1c: c5f8 77e8 

  0x000078d272b16a20: ; ImmutableOopMap {rbp=Oop [8]=Derived_oop_rbp [0]=Oop [16]=Oop [40]=Oop [48]=Oop [72]=Oop [80]=Oop [96]=Oop [152]=Oop [32]=Derived_oop_[152] }
                      ;*invokestatic glAttachShader {reexecute=0 rethrow=0 return_oop=0}
                      ; - org.lwjgl.opengl.GL20::glAttachShader@2 (line 283)
                      ; - com.seibel.distanthorizons.common.render.openGl.glObject.shader.GlShaderProgram::<init>@77 (line 71)
                      ; - com.seibel.distanthorizons.common.render.openGl.glObject.shader.GlShaderProgram::<init>@11 (line 52)
                      ; - com.seibel.distanthorizons.common.render.openGl.generic.GlGenericObjectShaderProgram::<init>@25 (line 57)
                      ; - com.seibel.distanthorizons.common.render.openGl.generic.GlGenericObjectRenderer::init@147 (line 219)
                      ; - com.seibel.distanthorizons.common.render.openGl.generic.GlGenericObjectRenderer::render@22 (line 423)
  0x000078d272b16a20: 9c2c 7ffe 

  0x000078d272b16a24: ;   {other}
  0x000078d272b16a24: 0f1f 8400 | 9425 0034 | 488b 7424 | 5066 6690 

  0x000078d272b16a34: ;   {optimized virtual_call}
  0x000078d272b16a34: c5f8 77e8 

  0x000078d272b16a38: ; ImmutableOopMap {rbp=Oop [8]=Derived_oop_rbp [0]=Oop [16]=Oop [40]=Oop [48]=Oop [72]=Oop [96]=Oop [152]=Oop [32]=Derived_oop_[152] }
                      ;*invokevirtual free {reexecute=0 rethrow=0 return_oop=0}
                      ; - com.seibel.distanthorizons.common.render.openGl.glObject.shader.GlShaderProgram::<init>@82 (line 72)
                      ; - com.seibel.distanthorizons.common.render.openGl.glObject.shader.GlShaderProgram::<init>@11 (line 52)
                      ; - com.seibel.distanthorizons.common.render.openGl.generic.GlGenericObjectShaderProgram::<init>@25 (line 57)
                      ; - com.seibel.distanthorizons.common.render.openGl.generic.GlGenericObjectRenderer::init@147 (line 219)
                      ; - com.seibel.distanthorizons.common.render.openGl.generic.GlGenericObjectRenderer::render@22 (line 423)
  0x000078d272b16a38: 6058 0000 

  0x000078d272b16a3c: ;   {other}
  0x000078d272b16a3c: 0f1f 8400 | ac25 0035 | 4c8b 5424 | 4841 8b72 

  0x000078d272b16a4c: ;   {oop("vPosition"{0x000000065a7a3c50})}
  0x000078d272b16a4c: 0c33 d248 | b950 3c7a | 5a06 0000 | 0066 6690 

  0x000078d272b16a5c: ;   {static_call}
  0x000078d272b16a5c: c5f8 77e8 

  0x000078d272b16a60: ; ImmutableOopMap {rbp=Oop [8]=Derived_oop_rbp [0]=Oop [16]=Oop [40]=Oop [48]=Oop [72]=Oop [96]=Oop [152]=Oop [32]=Derived_oop_[152] }
                      ;*invokestatic glBindAttribLocation {reexecute=0 rethrow=0 return_oop=0}
                      ; - com.seibel.distanthorizons.common.render.openGl.glObject.shader.GlShaderProgram::<init>@105 (line 77)
                      ; - com.seibel.distanthorizons.common.render.openGl.glObject.shader.GlShaderProgram::<init>@11 (line 52)
                      ; - com.seibel.distanthorizons.common.render.openGl.generic.GlGenericObjectShaderProgram::<init>@25 (line 57)
                      ; - com.seibel.distanthorizons.common.render.openGl.generic.GlGenericObjectRenderer::init@147 (line 219)
                      ; - com.seibel.distanthorizons.common.render.openGl.generic.GlGenericObjectRenderer::render@22 (line 423)
  0x000078d272b16a60: 525c 0000 

  0x000078d272b16a64: ;   {other}
  0x000078d272b16a64: 0f1f 8400 | d425 0036 | 4c8b 5424 | 4841 8b72 | 0c66 6690 

  0x000078d272b16a78: ;   {static_call}
  0x000078d272b16a78: c5f8 77e8 

  0x000078d272b16a7c: ; ImmutableOopMap {rbp=Oop [8]=Derived_oop_rbp [0]=Oop [16]=Oop [40]=Oop [48]=Oop [72]=Oop [96]=Oop [152]=Oop [32]=Derived_oop_[152] }
                      ;*invokestatic glLinkProgram {reexecute=0 rethrow=0 return_oop=0}
                      ; - org.lwjgl.opengl.GL20::glLinkProgram@1 (line 385)
                      ; - com.seibel.distanthorizons.common.render.openGl.glObject.shader.GlShaderProgram::<init>@118 (line 79)
                      ; - com.seibel.distanthorizons.common.render.openGl.glObject.shader.GlShaderProgram::<init>@11 (line 52)
                      ; - com.seibel.distanthorizons.common.render.openGl.generic.GlGenericObjectShaderProgram::<init>@25 (line 57)
                      ; - com.seibel.distanthorizons.common.render.openGl.generic.GlGenericObjectRenderer::init@147 (line 219)
                      ; - com.seibel.distanthorizons.common.render.openGl.generic.GlGenericObjectRenderer::render@22 (line 423)
  0x000078d272b16a7c: c0f0 bdfe 

  0x000078d272b16a80: ;   {other}
  0x000078d272b16a80: 0f1f 8400 | f025 0037 | 4c8b 5424 | 4841 8b72 | 0cba 828b | 0000 6690 

  0x000078d272b16a98: ;   {static_call}
  0x000078d272b16a98: c5f8 77e8 

  0x000078d272b16a9c: ; ImmutableOopMap {rbp=Oop [8]=Derived_oop_rbp [0]=Oop [16]=Oop [40]=Oop [48]=Oop [72]=Oop [96]=Oop [152]=Oop [32]=Derived_oop_[152] }
                      ;*invokestatic glGetProgrami {reexecute=0 rethrow=0 return_oop=0}
                      ; - org.lwjgl.opengl.GL20::glGetProgrami@2 (line 857)
                      ; - com.seibel.distanthorizons.common.render.openGl.glObject.shader.GlShaderProgram::<init>@127 (line 81)
                      ; - com.seibel.distanthorizons.common.render.openGl.glObject.shader.GlShaderProgram::<init>@11 (line 52)
                      ; - com.seibel.distanthorizons.common.render.openGl.generic.GlGenericObjectShaderProgram::<init>@25 (line 57)
                      ; - com.seibel.distanthorizons.common.render.openGl.generic.GlGenericObjectRenderer::init@147 (line 219)
                      ; - com.seibel.distanthorizons.common.render.openGl.generic.GlGenericObjectRenderer::render@22 (line 423)
  0x000078d272b16a9c: 80a7 faf7 

  0x000078d272b16aa0: ;   {other}
  0x000078d272b16aa0: 0f1f 8400 | 1026 0038 | 4c8b 5424 | 4841 8b72 | 0c83 f801 | 0f84 cb06 | 0000 488b | 2c24 6690 
  0x000078d272b16ac0: ;   {static_call}
  0x000078d272b16ac0: c5f8 77e8 

  0x000078d272b16ac4: ; ImmutableOopMap {rbp=Oop [16]=Oop [40]=Oop [72]=Oop [96]=Oop }
                      ;*invokestatic glGetProgramInfoLog {reexecute=0 rethrow=0 return_oop=1}
                      ; - com.seibel.distanthorizons.common.render.openGl.glObject.shader.GlShaderProgram::<init>@142 (line 84)
                      ; - com.seibel.distanthorizons.common.render.openGl.glObject.shader.GlShaderProgram::<init>@11 (line 52)
                      ; - com.seibel.distanthorizons.common.render.openGl.generic.GlGenericObjectShaderProgram::<init>@25 (line 57)
                      ; - com.seibel.distanthorizons.common.render.openGl.generic.GlGenericObjectRenderer::init@147 (line 219)
                      ; - com.seibel.distanthorizons.common.render.openGl.generic.GlGenericObjectRenderer::render@22 (line 423)
  0x000078d272b16ac4: b876 19fd 

  0x000078d272b16ac8: ;   {other}
  0x000078d272b16ac8: 0f1f 8400 | 3826 0039 | bead ffff | ff4c 8b5c | 2428 4c89 | 1c24 4c8b | 5c24 104c | 895c 2408 
  0x000078d272b16ae8: 448b 4424 | 1844 8944 | 2410 4c8b | 5c24 484c | 895c 2438 | 4c89 5c24 | 4048 8944 | 2448 6690 
  0x000078d272b16b08: ;   {runtime_call UncommonTrapBlob}
  0x000078d272b16b08: c5f8 77e8 

  0x000078d272b16b0c: ; ImmutableOopMap {rbp=Oop [0]=Oop [8]=Oop [56]=Oop [64]=Oop [72]=Oop [96]=Oop }
                      ;*invokedynamic {reexecute=0 rethrow=0 return_oop=0}
                      ; - com.seibel.distanthorizons.common.render.openGl.glObject.shader.GlShaderProgram::<init>@145 (line 84)
                      ; - com.seibel.distanthorizons.common.render.openGl.glObject.shader.GlShaderProgram::<init>@11 (line 52)
                      ; - com.seibel.distanthorizons.common.render.openGl.generic.GlGenericObjectShaderProgram::<init>@25 (line 57)
                      ; - com.seibel.distanthorizons.common.render.openGl.generic.GlGenericObjectRenderer::init@147 (line 219)
                      ; - com.seibel.distanthorizons.common.render.openGl.generic.GlGenericObjectRenderer::render@22 (line 423)
  0x000078d272b16b0c: 70fa 19fd 

  0x000078d272b16b10: ;   {other}
  0x000078d272b16b10: 0f1f 8400 | 8026 003a 

  0x000078d272b16b18: ; implicit exception: dispatches to 0x000078d272b1b6e4
  0x000078d272b16b18: 458b 5cec 

  0x000078d272b16b1c: ;   {metadata('com/seibel/distanthorizons/common/render/openGl/generic/GlGenericObjectShaderProgram')}
  0x000078d272b16b1c: 0841 81fb | 98ed b202 | 0f85 de38 | 0000 4d8d | 14ec 498b | ea48 8bf5 | 488b 5424 | 2866 6690 
  0x000078d272b16b3c: ;   {optimized virtual_call}
  0x000078d272b16b3c: c5f8 77e8 

  0x000078d272b16b40: ; ImmutableOopMap {rbp=Oop [0]=Oop [32]=Oop [40]=Oop [56]=Oop }
                      ;*invokeinterface bind {reexecute=0 rethrow=0 return_oop=0}
                      ; - com.seibel.distanthorizons.common.render.openGl.generic.GlGenericObjectRenderer::render@175 (line 451)
  0x000078d272b16b40: fcf3 f3fe 

  0x000078d272b16b44: ;   {other}
  0x000078d272b16b44: 0f1f 8400 | b426 003b | 4c8b 1424 | 458b 5218 | 4585 d20f | 845c 3800 | 004b 8d34 | d466 6690 
  0x000078d272b16b64: ;   {optimized virtual_call}
  0x000078d272b16b64: c5f8 77e8 

  0x000078d272b16b68: ; ImmutableOopMap {rbp=Oop [0]=Oop [32]=Oop [40]=Oop [56]=Oop }
                      ;*invokevirtual getId {reexecute=0 rethrow=0 return_oop=0}
                      ; - com.seibel.distanthorizons.common.render.openGl.generic.GlGenericObjectRenderer::render@186 (line 452)
  0x000078d272b16b68: d45d 43ff 

  0x000078d272b16b6c: ;   {other}
  0x000078d272b16b6c: 0f1f 8400 | dc26 003c | 488b f58b | d066 6690 

  0x000078d272b16b7c: ;   {optimized virtual_call}
  0x000078d272b16b7c: c5f8 77e8 

  0x000078d272b16b80: ; ImmutableOopMap {rbp=Oop [0]=Oop [32]=Oop [40]=Oop [56]=Oop }
                      ;*invokeinterface bindVertexBuffer {reexecute=0 rethrow=0 return_oop=0}
                      ; - com.seibel.distanthorizons.common.render.openGl.generic.GlGenericObjectRenderer::render@189 (line 452)
  0x000078d272b16b80: 3cc2 e4fd 

  0x000078d272b16b84: ;   {other}
  0x000078d272b16b84: 0f1f 8400 | f426 003d | 4c8b 1424 | 458b 5a1c | 4585 db0f | 843b 3800 | 004b 8d34 | dc66 6690 
  0x000078d272b16ba4: ;   {optimized virtual_call}
  0x000078d272b16ba4: c5f8 77e8 

  0x000078d272b16ba8: ; ImmutableOopMap {rbp=Oop [0]=Oop [32]=Oop [40]=Oop [56]=Oop }
                      ;*invokevirtual bind {reexecute=0 rethrow=0 return_oop=0}
                      ; - com.seibel.distanthorizons.common.render.openGl.generic.GlGenericObjectRenderer::render@198 (line 454)
  0x000078d272b16ba8: 9485 8aff 

  0x000078d272b16bac: ;   {other}
  0x000078d272b16bac: 0f1f 8400 | 1c27 003e | 4c8b 1424 | 458b 5220 | 4585 d20f | 842b 3800 | 004b 8d34 | d466 6690 
  0x000078d272b16bcc: ;   {optimized virtual_call}
  0x000078d272b16bcc: c5f8 77e8 

  0x000078d272b16bd0: ; ImmutableOopMap {rbp=Oop [0]=Oop [32]=Oop [40]=Oop [56]=Oop }
                      ;*invokevirtual values {reexecute=0 rethrow=0 return_oop=1}
                      ; - com.seibel.distanthorizons.common.render.openGl.generic.GlGenericObjectRenderer::render@205 (line 460)
  0x000078d272b16bd0: 6c1e 3800 

  0x000078d272b16bd4: ;   {other}
  0x000078d272b16bd4: 0f1f 8400 | 4427 003f 

  0x000078d272b16bdc: ; implicit exception: dispatches to 0x000078d272b1b71c
  0x000078d272b16bdc: 448b 5808 

  0x000078d272b16be0: ;   {metadata('java/util/concurrent/ConcurrentHashMap$ValuesView')}
  0x000078d272b16be0: 4181 fb78 | c217 000f | 8533 3800 | 0048 8bf0 

  0x000078d272b16bf0: ;   {optimized virtual_call}
  0x000078d272b16bf0: c5f8 77e8 

  0x000078d272b16bf4: ; ImmutableOopMap {rbp=Oop [0]=Oop [32]=Oop [40]=Oop [56]=Oop }
                      ;*invokeinterface iterator {reexecute=0 rethrow=0 return_oop=1}
                      ; - com.seibel.distanthorizons.common.render.openGl.generic.GlGenericObjectRenderer::render@212 (line 461)
  0x000078d272b16bf4: 8896 3c00 

  0x000078d272b16bf8: ;   {other}
  0x000078d272b16bf8: 0f1f 8400 | 6827 0040 | 4c8b d044 

  0x000078d272b16c04: ;   {metadata('java/util/concurrent/ConcurrentHashMap$ValueIterator')}
  0x000078d272b16c04: 8b58 0841 | 81fb 100d | 1800 0f85 | 3038 0000 | 4c89 5424 | 4048 896c | 2430 488b | 2c24 498b 
  0x000078d272b16c24: f266 6690 

  0x000078d272b16c28: ;   {optimized virtual_call}
  0x000078d272b16c28: c5f8 77e8 

  0x000078d272b16c2c: ; ImmutableOopMap {rbp=Oop [32]=Oop [40]=Oop [48]=Oop [56]=Oop [64]=Oop }
                      ;*invokeinterface hasNext {reexecute=0 rethrow=0 return_oop=0}
                      ; - com.seibel.distanthorizons.common.render.openGl.generic.GlGenericObjectRenderer::render@221 (line 461)
  0x000078d272b16c2c: 701e c6fd 

  0x000078d272b16c30: ;   {other}
  0x000078d272b16c30: 0f1f 8400 | a027 0041 | 85c0 0f85 | 4001 0000 

  0x000078d272b16c40: ;   {oop("cleanup"{0x0000000625926050})}
  0x000078d272b16c40: 48ba 5060 | 9225 0600 | 0000 488b | 7424 3890 

  0x000078d272b16c50: ;   {optimized virtual_call}
  0x000078d272b16c50: c5f8 77e8 

  0x000078d272b16c54: ; ImmutableOopMap {rbp=Oop [32]=Oop [40]=Oop [48]=Oop }
                      ;*invokeinterface popPush {reexecute=0 rethrow=0 return_oop=0}
                      ; - com.seibel.distanthorizons.common.render.openGl.generic.GlGenericObjectRenderer::render@522 (line 533)
  0x000078d272b16c54: 68ed f8fe 

  0x000078d272b16c58: ;   {other}
  0x000078d272b16c58: 0f1f 8400 | c827 0042 | 4c8b 5424 | 2845 8b5a | 4449 8bcb | 48c1 e103 

  0x000078d272b16c70: ;   {oop(a 'java/lang/Class'{0x000000065a7a3bb0} = 'com/seibel/distanthorizons/api/methods/events/abstractEvents/DhApiBeforeGenericRenderCleanupEvent')}
  0x000078d272b16c70: 48ba b03b | 7a5a 0600 

  0x000078d272b16c78: ;   {oop(a 'com/seibel/distanthorizons/coreapi/DependencyInjection/ApiEventInjector'{0x000000062eda7220})}
  0x000078d272b16c78: 0000 48be | 2072 da2e | 0600 0000 

  0x000078d272b16c84: ;   {optimized virtual_call}
  0x000078d272b16c84: c5f8 77e8 

  0x000078d272b16c88: ; ImmutableOopMap {rbp=Oop [32]=Oop [48]=Oop }
                      ;*invokevirtual fireAllEvents {reexecute=0 rethrow=0 return_oop=0}
                      ; - com.seibel.distanthorizons.common.render.openGl.generic.GlGenericObjectRenderer::render@537 (line 535)
  0x000078d272b16c88: 9493 81ff 

  0x000078d272b16c8c: ;   {other}
  0x000078d272b16c8c: 0f1f 8400 | fc27 0043 | 488b 7424 | 3066 6690 

  0x000078d272b16c9c: ;   {optimized virtual_call}
  0x000078d272b16c9c: c5f8 77e8 

  0x000078d272b16ca0: ; ImmutableOopMap {rbp=Oop [32]=Oop }
                      ;*invokeinterface unbind {reexecute=0 rethrow=0 return_oop=0}
                      ; - com.seibel.distanthorizons.common.render.openGl.generic.GlGenericObjectRenderer::render@563 (line 544)
  0x000078d272b16ca0: 9cfd bafd 

  0x000078d272b16ca4: ;   {other}
  0x000078d272b16ca4: 0f1f 8400 | 1428 0044 | 448b 5d18 | 4585 db0f | 84af 3700 | 004b 8d34 | dc66 6690 

  0x000078d272b16cc0: ;   {optimized virtual_call}
  0x000078d272b16cc0: c5f8 77e8 

  0x000078d272b16cc4: ; ImmutableOopMap {rbp=Oop [32]=Oop }
                      ;*invokevirtual unbind {reexecute=0 rethrow=0 return_oop=0}
                      ; - com.seibel.distanthorizons.common.render.openGl.generic.GlGenericObjectRenderer::render@572 (line 545)
  0x000078d272b16cc4: f8b6 0a00 

  0x000078d272b16cc8: ;   {other}
  0x000078d272b16cc8: 0f1f 8400 | 3828 0045 | 448b 551c | 4585 d20f | 84a3 3700 | 004b 8d34 | d448 8b6c | 2420 6690 
  0x000078d272b16ce8: ;   {optimized virtual_call}
  0x000078d272b16ce8: c5f8 77e8 

  0x000078d272b16cec: ; ImmutableOopMap {rbp=Oop }
                      ;*invokevirtual unbind {reexecute=0 rethrow=0 return_oop=0}
                      ; - com.seibel.distanthorizons.common.render.openGl.generic.GlGenericObjectRenderer::render@579 (line 546)
  0x000078d272b16cec: d0b6 0a00 

  0x000078d272b16cf0: ;   {other}
  0x000078d272b16cf0: 0f1f 8400 | 6028 0046 | 488b f590 

  0x000078d272b16cfc: ;   {optimized virtual_call}
  0x000078d272b16cfc: c5f8 77e8 

  0x000078d272b16d00: ; ImmutableOopMap {}
                      ;*invokeinterface close {reexecute=0 rethrow=0 return_oop=0}
                      ; - com.seibel.distanthorizons.common.render.openGl.generic.GlGenericObjectRenderer::render@589 (line 553)
  0x000078d272b16d00: bc8f d7fd 

  0x000078d272b16d04: ;   {other}
  0x000078d272b16d04: 0f1f 8400 | 7428 0047 | c5f8 7748 | 81c4 d000 

  0x000078d272b16d14: ;   {poll_return}
  0x000078d272b16d14: 0000 5d49 | 3ba7 5004 | 0000 0f87 | 2c54 0000 | c349 8bf2 

  0x000078d272b16d28: ;   {optimized virtual_call}
  0x000078d272b16d28: c5f8 77e8 

  0x000078d272b16d2c: ; ImmutableOopMap {rbp=Oop [32]=Oop [40]=Oop [48]=Oop [56]=Oop [64]=Oop [72]=Oop }
                      ;*invokeinterface close {reexecute=0 rethrow=0 return_oop=0}
                      ; - com.seibel.distanthorizons.common.render.openGl.generic.GlGenericObjectRenderer::render@472 (line 522)
  0x000078d272b16d2c: 908f d7fd 

  0x000078d272b16d30: ;   {other}
  0x000078d272b16d30: 0f1f 8400 | a028 0048 | 488b 7424 | 4848 8b54 | 2428 6690 

  0x000078d272b16d44: ;   {optimized virtual_call}
  0x000078d272b16d44: c5f8 77e8 

  0x000078d272b16d48: ; ImmutableOopMap {rbp=Oop [32]=Oop [40]=Oop [48]=Oop [56]=Oop [64]=Oop }
                      ;*invokevirtual postRender {reexecute=0 rethrow=0 return_oop=0}
                      ; - com.seibel.distanthorizons.common.render.openGl.generic.GlGenericObjectRenderer::render@512 (line 524)
  0x000078d272b16d48: 5430 0100 

  0x000078d272b16d4c: ;   {other}
  0x000078d272b16d4c: 0f1f 8400 | bc28 0049 | 660f 1f44 | 0000 660f | 1f44 0000 | 488b 7424 | 4066 6690 

  0x000078d272b16d68: ;   {optimized virtual_call}
  0x000078d272b16d68: c5f8 77e8 

  0x000078d272b16d6c: ; ImmutableOopMap {rbp=Oop [32]=Oop [40]=Oop [48]=Oop [56]=Oop [64]=Oop }
                      ;*invokeinterface hasNext {reexecute=0 rethrow=0 return_oop=0}
                      ; - com.seibel.distanthorizons.common.render.openGl.generic.GlGenericObjectRenderer::render@221 (line 461)
  0x000078d272b16d6c: 301d c6fd 

  0x000078d272b16d70: ;   {other}
  0x000078d272b16d70: 0f1f 8400 | e028 004a | 85c0 0f84 | c0fe ffff | 488b 7424 | 4066 6690 

  0x000078d272b16d88: ;   {optimized virtual_call}
  0x000078d272b16d88: c5f8 77e8 

  0x000078d272b16d8c: ; ImmutableOopMap {rbp=Oop [32]=Oop [40]=Oop [48]=Oop [56]=Oop [64]=Oop }
                      ;*invokeinterface next {reexecute=0 rethrow=0 return_oop=1}
                      ; - com.seibel.distanthorizons.common.render.openGl.generic.GlGenericObjectRenderer::render@231 (line 461)
  0x000078d272b16d8c: d05a c6fd 

  0x000078d272b16d90: ;   {other}
  0x000078d272b16d90: 0f1f 8400 | 0029 004b 

  0x000078d272b16d98: ; implicit exception: dispatches to 0x000078d272b1b3f8
  0x000078d272b16d98: 448b 5808 

  0x000078d272b16d9c: ;   {metadata('com/seibel/distanthorizons/core/render/renderer/RenderableBoxGroup')}
  0x000078d272b16d9c: 4181 fb48 | 636d 020f | 85a3 4500 | 0044 0fb6 | 581a 443b | 5c24 1875 | ab48 8904 | 2448 8b74 
  0x000078d272b16dbc: ;   {oop("render prep"{0x0000000646d81068})}
  0x000078d272b16dbc: 2438 48ba | 6810 d846 | 0600 0000 

  0x000078d272b16dc8: ;   {optimized virtual_call}
  0x000078d272b16dc8: c5f8 77e8 

  0x000078d272b16dcc: ; ImmutableOopMap {rbp=Oop [0]=Oop [32]=Oop [40]=Oop [48]=Oop [56]=Oop [64]=Oop }
                      ;*invokeinterface popPush {reexecute=0 rethrow=0 return_oop=0}
                      ; - com.seibel.distanthorizons.common.render.openGl.generic.GlGenericObjectRenderer::render@265 (line 477)
  0x000078d272b16dcc: f0eb f8fe 

  0x000078d272b16dd0: ;   {other}
  0x000078d272b16dd0: 0f1f 8400 | 4029 004c | 488b 3424 | 488b 5424 | 2866 6690 

  0x000078d272b16de4: ;   {optimized virtual_call}
  0x000078d272b16de4: c5f8 77e8 

  0x000078d272b16de8: ; ImmutableOopMap {rbp=Oop [0]=Oop [32]=Oop [40]=Oop [48]=Oop [56]=Oop [64]=Oop }
                      ;*invokevirtual preRender {reexecute=0 rethrow=0 return_oop=0}
                      ; - com.seibel.distanthorizons.common.render.openGl.generic.GlGenericObjectRenderer::render@273 (line 478)
  0x000078d272b16de8: 7456 43ff 

  0x000078d272b16dec: ;   {other}
  0x000078d272b16dec: 0f1f 8400 | 5c29 004d | 4c8b 1424 | 450f b65a | 1945 85db | 0f84 5aff | ffff 4c89 

  0x000078d272b16e08: ;   {oop(a 'com/seibel/distanthorizons/api/methods/events/abstractEvents/DhApiBeforeGenericObjectRenderEvent$EventParam'{0x0000000630205fd0})}
  0x000078d272b16e08: 5424 4848 | bed0 5f20 | 3006 0000 | 0048 8b54 | 2428 498b | ca66 6690 

  0x000078d272b16e20: ;   {optimized virtual_call}
  0x000078d272b16e20: c5f8 77e8 

  0x000078d272b16e24: ; ImmutableOopMap {rbp=Oop [0]=Oop [32]=Oop [40]=Oop [48]=Oop [56]=Oop [64]=Oop [72]=Oop }
                      ;*invokevirtual update {reexecute=0 rethrow=0 return_oop=0}
                      ; - com.seibel.distanthorizons.common.render.openGl.generic.GlGenericObjectRenderer::render@293 (line 487)
  0x000078d272b16e24: 3822 f4ff 

  0x000078d272b16e28: ;   {other}
  0x000078d272b16e28: 0f1f 8400 | 9829 004e 

  0x000078d272b16e30: ;   {oop(a 'com/seibel/distanthorizons/coreapi/DependencyInjection/ApiEventInjector'{0x000000062eda7220})}
  0x000078d272b16e30: 48be 2072 | da2e 0600 

  0x000078d272b16e38: ;   {oop(a 'java/lang/Class'{0x000000061f94d858} = 'com/seibel/distanthorizons/api/methods/events/abstractEvents/DhApiBeforeGenericObjectRenderEvent')}
  0x000078d272b16e38: 0000 48ba | 58d8 941f | 0600 0000 

  0x000078d272b16e44: ;   {oop(a 'com/seibel/distanthorizons/api/methods/events/abstractEvents/DhApiBeforeGenericObjectRenderEvent$EventParam'{0x0000000630205fd0})}
  0x000078d272b16e44: 48b9 d05f | 2030 0600 | 0000 6690 

  0x000078d272b16e50: ;   {optimized virtual_call}
  0x000078d272b16e50: c5f8 77e8 

  0x000078d272b16e54: ; ImmutableOopMap {rbp=Oop [32]=Oop [40]=Oop [48]=Oop [56]=Oop [64]=Oop [72]=Oop }
                      ;*invokevirtual fireAllEvents {reexecute=0 rethrow=0 return_oop=0}
                      ; - com.seibel.distanthorizons.common.render.openGl.generic.GlGenericObjectRenderer::render@304 (line 488)
  0x000078d272b16e54: c891 81ff 

  0x000078d272b16e58: ;   {other}
  0x000078d272b16e58: 0f1f 8400 | c829 004f | 85c0 0f85 | 822c 0000 | 440f b65d | 0d45 85db | 0f84 aa2c | 0000 488b 
  0x000078d272b16e78: 7424 4890 

  0x000078d272b16e7c: ;   {optimized virtual_call}
  0x000078d272b16e7c: c5f8 77e8 

  0x000078d272b16e80: ; ImmutableOopMap {rbp=Oop [32]=Oop [40]=Oop [48]=Oop [56]=Oop [64]=Oop [72]=Oop }
                      ;*invokevirtual tryUpdateInstancedDataAsync {reexecute=0 rethrow=0 return_oop=0}
                      ; - com.seibel.distanthorizons.common.render.openGl.generic.GlGenericObjectRenderer::render@326 (line 497)
  0x000078d272b16e80: bcb5 3e00 

  0x000078d272b16e84: ;   {other}
  0x000078d272b16e84: 0f1f 8400 | f429 0050 | 4c8b 4424 | 4845 8b50 | 4047 8b4c 

  0x000078d272b16e98: ;   {metadata('com/seibel/distanthorizons/common/render/openGl/generic/GlGenericObjectVertexContainer')}
  0x000078d272b16e98: d408 4181 | f9a0 6b6d | 020f 854a | 2b00 004b | 8d34 d490 

  0x000078d272b16eac: ;   {optimized virtual_call}
  0x000078d272b16eac: c5f8 77e8 

  0x000078d272b16eb0: ; ImmutableOopMap {rbp=Oop [32]=Oop [40]=Oop [48]=Oop [56]=Oop [64]=Oop [72]=Oop }
                      ;*invokeinterface getState {reexecute=0 rethrow=0 return_oop=1}
                      ; - com.seibel.distanthorizons.common.render.openGl.generic.GlGenericObjectRenderer::render@334 (line 500)
  0x000078d272b16eb0: 0c8a 8efe 

  0x000078d272b16eb4: ;   {other}
  0x000078d272b16eb4: 0f1f 8400 | 242a 0051 

  0x000078d272b16ebc: ;   {oop(a 'com/seibel/distanthorizons/core/wrapperInterfaces/render/objects/IDhGenericObjectVertexBufferContainer$EState'{0x000000062c087010})}
  0x000078d272b16ebc: 49ba 1070 | 082c 0600 | 0000 493b | c20f 8569 | 1a00 0048 | 8b74 2438 

  0x000078d272b16ed4: ;   {oop("rendering"{0x0000000646d81030})}
  0x000078d272b16ed4: 48ba 3010 | d846 0600 | 0000 6690 

  0x000078d272b16ee0: ;   {optimized virtual_call}
  0x000078d272b16ee0: c5f8 77e8 

  0x000078d272b16ee4: ; ImmutableOopMap {rbp=Oop [32]=Oop [40]=Oop [48]=Oop [56]=Oop [64]=Oop [72]=Oop }
                      ;*invokeinterface popPush {reexecute=0 rethrow=0 return_oop=0}
                      ; - com.seibel.distanthorizons.common.render.openGl.generic.GlGenericObjectRenderer::render@352 (line 510)
  0x000078d272b16ee4: d8ea f8fe 

  0x000078d272b16ee8: ;   {other}
  0x000078d272b16ee8: 0f1f 8400 | 582a 0052 | 488b 7424 | 4866 6690 

  0x000078d272b16ef8: ;   {optimized virtual_call}
  0x000078d272b16ef8: c5f8 77e8 

  0x000078d272b16efc: ; ImmutableOopMap {rbp=Oop [32]=Oop [40]=Oop [48]=Oop [56]=Oop [64]=Oop [72]=Oop }
                      ;*invokevirtual getResourceLocationNamespace {reexecute=0 rethrow=0 return_oop=1}
                      ; - com.seibel.distanthorizons.common.render.openGl.generic.GlGenericObjectRenderer::render@360 (line 511)
  0x000078d272b16efc: c0ea 93ff 

  0x000078d272b16f00: ;   {other}
  0x000078d272b16f00: 0f1f 8400 | 702a 0053 | 488b 7424 | 3848 8bd0 

  0x000078d272b16f10: ;   {optimized virtual_call}
  0x000078d272b16f10: c5f8 77e8 

  0x000078d272b16f14: ; ImmutableOopMap {rbp=Oop [32]=Oop [40]=Oop [48]=Oop [56]=Oop [64]=Oop [72]=Oop }
                      ;*invokeinterface push {reexecute=0 rethrow=0 return_oop=1}
                      ; - com.seibel.distanthorizons.common.render.openGl.generic.GlGenericObjectRenderer::render@363 (line 511)
  0x000078d272b16f14: 28fa 21fe 

  0x000078d272b16f18: ;   {other}
  0x000078d272b16f18: 0f1f 8400 | 882a 0054 | 4889 4424 | 5048 8b74 | 2448 6690 

  0x000078d272b16f2c: ;   {optimized virtual_call}
  0x000078d272b16f2c: c5f8 77e8 

  0x000078d272b16f30: ; ImmutableOopMap {rbp=Oop [32]=Oop [40]=Oop [48]=Oop [56]=Oop [64]=Oop [72]=Oop [80]=Oop }
                      ;*invokevirtual getResourceLocationPath {reexecute=0 rethrow=0 return_oop=1}
                      ; - com.seibel.distanthorizons.common.render.openGl.generic.GlGenericObjectRenderer::render@373 (line 512)
  0x000078d272b16f30: 8c44 abfe 

  0x000078d272b16f34: ;   {other}
  0x000078d272b16f34: 0f1f 8400 | a42a 0055 | 488b 7424 | 3848 8bd0 

  0x000078d272b16f44: ;   {optimized virtual_call}
  0x000078d272b16f44: c5f8 77e8 

  0x000078d272b16f48: ; ImmutableOopMap {rbp=Oop [32]=Oop [40]=Oop [48]=Oop [56]=Oop [64]=Oop [72]=Oop [80]=Oop }
                      ;*invokeinterface push {reexecute=0 rethrow=0 return_oop=1}
                      ; - com.seibel.distanthorizons.common.render.openGl.generic.GlGenericObjectRenderer::render@376 (line 512)
  0x000078d272b16f48: f4f9 21fe 

  0x000078d272b16f4c: ;   {other}
  0x000078d272b16f4c: 0f1f 8400 | bc2a 0056 | 4889 4424 | 5844 0fb6 | 550d 4585 | d20f 84fd | 2b00 004c | 8b54 2428 
  0x000078d272b16f6c: 458b 5260 | 4d8b ca49 | c1e1 0348 | 8bf5 488b | 5424 3048 | 8b4c 2428 | 4c8b 4424 | 4848 8b7c 
  0x000078d272b16f8c: 2438 6690 

  0x000078d272b16f90: ;   {optimized virtual_call}
  0x000078d272b16f90: c5f8 77e8 

  0x000078d272b16f94: ; ImmutableOopMap {rbp=Oop [32]=Oop [40]=Oop [48]=Oop [56]=Oop [64]=Oop [72]=Oop [80]=Oop [88]=Oop }
                      ;*invokevirtual renderBoxGroupInstanced {reexecute=0 rethrow=0 return_oop=0}
                      ; - com.seibel.distanthorizons.common.render.openGl.generic.GlGenericObjectRenderer::render@401 (line 516)
  0x000078d272b16f94: 686c f1ff 

  0x000078d272b16f98: ;   {other}
  0x000078d272b16f98: 0f1f 8400 | 082b 0057 | 4c8b 5424 | 5845 8b5a 

  0x000078d272b16fa8: ;   {metadata('com/seibel/distanthorizons/common/wrappers/minecraft/ProfilerWrapper$ProfileBlock')}
  0x000078d272b16fa8: 0841 81fb | b03b 9502 | 0f85 7e2a | 0000 498b | f266 6690 

  0x000078d272b16fbc: ;   {optimized virtual_call}
  0x000078d272b16fbc: c5f8 77e8 

  0x000078d272b16fc0: ; ImmutableOopMap {rbp=Oop [32]=Oop [40]=Oop [48]=Oop [56]=Oop [64]=Oop [72]=Oop [80]=Oop }
                      ;*invokeinterface close {reexecute=0 rethrow=0 return_oop=0}
                      ; - com.seibel.distanthorizons.common.render.openGl.generic.GlGenericObjectRenderer::render@428 (line 522)
  0x000078d272b16fc0: fc8c d7fd 

  0x000078d272b16fc4: ;   {other}
  0x000078d272b16fc4: 0f1f 8400 | 342b 0058 | 4c8b 5424 | 5045 8b5a 

  0x000078d272b16fd4: ;   {metadata('com/seibel/distanthorizons/common/wrappers/minecraft/ProfilerWrapper$ProfileBlock')}
  0x000078d272b16fd4: 0841 81fb | b03b 9502 | 0f84 43fd | ffff bede | ffff ff4c | 8b5c 2428 | 4c89 1c24 | 4c8b 5c24 
  0x000078d272b16ff4: 384c 895c | 2408 448b | 5c24 1844 | 895c 2410 | 4c8b 5c24 | 204c 895c | 2418 4c8b | 5c24 304c 
  0x000078d272b17014: 895c 2420 

  0x000078d272b17018: ;   {runtime_call UncommonTrapBlob}
  0x000078d272b17018: c5f8 77e8 

  0x000078d272b1701c: ; ImmutableOopMap {rbp=Oop [0]=Oop [8]=Oop [24]=Oop [32]=Oop [64]=Oop [72]=Oop [80]=Oop }
                      ;*invokeinterface close {reexecute=0 rethrow=0 return_oop=0}
                      ; - com.seibel.distanthorizons.common.render.openGl.generic.GlGenericObjectRenderer::render@472 (line 522)
  0x000078d272b1701c: 60f5 19fd 

  0x000078d272b17020: ;   {other}
  0x000078d272b17020: 0f1f 8400 | 902b 0059 | 49bb 0000 | 0000 0100 | 0000 4c8b | 8c24 9800 | 0000 4d0b | cb4c 898c 
  0x000078d272b17040: 2498 0000 | 00e9 c2ea | ffff 488b | 7424 5848 | 8b94 2488 | 0000 0041 | b801 0000 | 004c 8b54 
  0x000078d272b17060: 2430 4c89 

  0x000078d272b17064: ;   {oop([B{0x000000065a7a3fd0})}
  0x000078d272b17064: 5424 0848 | bdd0 3f7a | 5a06 0000 | 0066 6690 

  0x000078d272b17074: ;   {optimized virtual_call}
  0x000078d272b17074: c5f8 77e8 

  0x000078d272b17078: ; ImmutableOopMap {rbp=Oop [32]=Derived_oop_rbp [8]=Oop [16]=Oop [40]=Oop [48]=Oop [72]=Oop [80]=Oop [88]=Oop [96]=Oop [136]=Oop }
                      ;*invokevirtual getBytes {reexecute=0 rethrow=0 return_oop=0}
                      ; - java.lang.StringConcatHelper::prepend@32 (line 326)
                      ; - java.lang.StringConcatHelper::prepend@3 (line 343)
                      ; - java.lang.invoke.DirectMethodHandle$Holder::invokeStatic@17
                      ; - java.lang.invoke.LambdaForm$MH/0x000078d20810cc00::invoke@28
                      ; - java.lang.invoke.LambdaForm$MH/0x000078d208291800::invoke@70
                      ; - java.lang.invoke.Invokers$Holder::linkToTargetMethod@5
                      ; - com.seibel.distanthorizons.common.render.openGl.glObject.shader.GlShader::<init>@24 (line 72)
                      ; - com.seibel.distanthorizons.common.render.openGl.glObject.shader.GlShaderProgram::<init>@26 (line 63)
                      ; - com.seibel.distanthorizons.common.render.openGl.glObject.shader.GlShaderProgram::<init>@11 (line 52)
                      ; - com.seibel.distanthorizons.common.render.openGl.generic.GlGenericObjectShaderProgram::<init>@25 (line 57)
                      ; - com.seibel.distanthorizons.common.render.openGl.generic.GlGenericObjectRenderer::init@147 (line 219)
                      ; - com.seibel.distanthorizons.common.render.openGl.generic.GlGenericObjectRenderer::render@22 (line 423)
  0x000078d272b17078: 0467 19fd 

  0x000078d272b1707c: ;   {other}
  0x000078d272b1707c: 0f1f 8400 | ec2b 005a | e92e ecff 

  0x000078d272b17088: ;   {oop("Source: \x0A["{0x000000065a7a40e8})}
  0x000078d272b17088: ff48 bee8 | 407a 5a06 | 0000 0048 | 8b94 2488 | 0000 0041 | b801 0000 | 004c 8b54 | 2430 4c89 
  0x000078d272b170a8: ;   {oop([B{0x000000065a7a4100})}
  0x000078d272b170a8: 1424 48bd | 0041 7a5a | 0600 0000 

  0x000078d272b170b4: ;   {oop([B{0x000000065a7a3fd0})}
  0x000078d272b170b4: 49ba d03f | 7a5a 0600 | 0000 4c89 | 9424 9800 | 0000 6690 

  0x000078d272b170c8: ;   {optimized virtual_call}
  0x000078d272b170c8: c5f8 77e8 

  0x000078d272b170cc: ; ImmutableOopMap {rbp=Oop [8]=Derived_oop_rbp [0]=Oop [16]=Oop [40]=Oop [48]=Oop [72]=Oop [80]=Oop [88]=Oop [96]=Oop [136]=Oop [152]=Oop [32]=Derived_oop_[152] }
                      ;*invokevirtual getBytes {reexecute=0 rethrow=0 return_oop=0}
                      ; - java.lang.StringConcatHelper::prepend@32 (line 326)
                      ; - java.lang.StringConcatHelper::prepend@16 (line 344)
                      ; - java.lang.invoke.DirectMethodHandle$Holder::invokeStatic@17
                      ; - java.lang.invoke.LambdaForm$MH/0x000078d20810cc00::invoke@28
                      ; - java.lang.invoke.LambdaForm$MH/0x000078d208291800::invoke@70
                      ; - java.lang.invoke.Invokers$Holder::linkToTargetMethod@5
                      ; - com.seibel.distanthorizons.common.render.openGl.glObject.shader.GlShader::<init>@24 (line 72)
                      ; - com.seibel.distanthorizons.common.render.openGl.glObject.shader.GlShaderProgram::<init>@26 (line 63)
                      ; - com.seibel.distanthorizons.common.render.openGl.glObject.shader.GlShaderProgram::<init>@11 (line 52)
                      ; - com.seibel.distanthorizons.common.render.openGl.generic.GlGenericObjectShaderProgram::<init>@25 (line 57)
                      ; - com.seibel.distanthorizons.common.render.openGl.generic.GlGenericObjectRenderer::init@147 (line 219)
                      ; - com.seibel.distanthorizons.common.render.openGl.generic.GlGenericObjectRenderer::render@22 (line 423)
  0x000078d272b170cc: b066 19fd 

  0x000078d272b170d0: ;   {other}
  0x000078d272b170d0: 0f1f 8400 | 402c 005b | e971 ecff | ff49 ba00 | 0000 0001 | 0000 004c | 8b9c 2490 | 0000 004d 
  0x000078d272b170f0: 3bda 0f85 | e334 0000 | 498b 87b8 | 0100 004c | 8bd0 4983 | c218 4d3b | 97c8 0100 | 000f 83a9 
  0x000078d272b17110: 2a00 004d | 8997 b801 | 0000 410f | 1882 0001 | 0000 48c7 | 0001 0000 

  0x000078d272b17128: ;   {metadata('java/lang/String')}
  0x000078d272b17128: 00c7 4008 | 78e8 0000 | 4489 600c | 48c7 4010 | 0100 0000 | 448b 5424 | 1c44 8950 | 1448 8904 
  0x000078d272b17148: 24e9 7dec | ffff 4489 

  0x000078d272b17150: ;   {metadata('com/seibel/distanthorizons/common/wrappers/minecraft/ProfilerWrapper$ProfileBlock')}
  0x000078d272b17150: 5424 1c48 | beb0 3b95 | 09d2 7800 | 0048 8b2c | 2448 894c | 2420 6690 

  0x000078d272b17168: ;   {runtime_call _new_instance_Java}
  0x000078d272b17168: c5f8 77e8 

  0x000078d272b1716c: ; ImmutableOopMap {rbp=Oop [0]=Oop [28]=NarrowOop [32]=Oop [40]=Oop [56]=Oop }
                      ;*new {reexecute=0 rethrow=0 return_oop=1}
                      ; - com.seibel.distanthorizons.common.wrappers.minecraft.ProfilerWrapper::push@10 (line 57)
                      ; - com.seibel.distanthorizons.common.render.openGl.generic.GlGenericObjectRenderer::render@14 (line 420)
  0x000078d272b1716c: 10c5 26fd 

  0x000078d272b17170: ;   {other}
  0x000078d272b17170: 0f1f 8400 | e02c 005c | 488b e844 | 8b54 241c | e9ac e3ff | ff66 6690 

  0x000078d272b17188: ;   {static_call}
  0x000078d272b17188: c5f8 77e8 

  0x000078d272b1718c: ; ImmutableOopMap {rbp=Oop [8]=Derived_oop_rbp [0]=Oop [16]=Oop [40]=Oop [48]=Oop [72]=Oop [96]=Oop [152]=Oop [32]=Derived_oop_[152] }
                      ;*invokestatic glUseProgram {reexecute=0 rethrow=0 return_oop=0}
                      ; - org.lwjgl.opengl.GL20::glUseProgram@1 (line 398)
                      ; - com.seibel.distanthorizons.common.render.openGl.glObject.shader.GlShaderProgram::<init>@170 (line 88)
                      ; - com.seibel.distanthorizons.common.render.openGl.glObject.shader.GlShaderProgram::<init>@11 (line 52)
                      ; - com.seibel.distanthorizons.common.render.openGl.generic.GlGenericObjectShaderProgram::<init>@25 (line 57)
                      ; - com.seibel.distanthorizons.common.render.openGl.generic.GlGenericObjectRenderer::init@147 (line 219)
                      ; - com.seibel.distanthorizons.common.render.openGl.generic.GlGenericObjectRenderer::render@22 (line 423)
  0x000078d272b1718c: 3012 85fe 

  0x000078d272b17190: ;   {other}
  0x000078d272b17190: 0f1f 8400 | 002d 005d 

  0x000078d272b17198: ;   {static_call}
  0x000078d272b17198: c5f8 77e8 

  0x000078d272b1719c: ; ImmutableOopMap {rbp=Oop [8]=Derived_oop_rbp [0]=Oop [16]=Oop [40]=Oop [48]=Oop [72]=Oop [96]=Oop [152]=Oop [32]=Derived_oop_[152] }
                      ;*invokestatic create {reexecute=0 rethrow=0 return_oop=1}
                      ; - com.seibel.distanthorizons.common.render.openGl.generic.GlGenericObjectShaderProgram::<init>@29 (line 63)
                      ; - com.seibel.distanthorizons.common.render.openGl.generic.GlGenericObjectRenderer::init@147 (line 219)
                      ; - com.seibel.distanthorizons.common.render.openGl.generic.GlGenericObjectRenderer::render@22 (line 423)
  0x000078d272b1719c: 6155 0000 

  0x000078d272b171a0: ;   {other}
  0x000078d272b171a0: 0f1f 8400 | 102d 005e | 488b d841 | 807f 4000 | 0f85 e820 | 0000 4c8b | d349 c1ea | 034c 8b5c 
  0x000078d272b171c0: 2448 4589 | 5350 4c8b | d34d 33d3 | 49c1 ea16 | 4d85 d20f | 84b4 2000 | 0048 85db | 0f84 ce36 
  0x000078d272b171e0: 0000 49c1 | eb09 48bf | 0000 8064 | d278 0000 | 4903 fb80 | 3f02 0f85 | 1921 0000 | 488b f390 
  0x000078d272b17200: ;   {optimized virtual_call}
  0x000078d272b17200: c5f8 77e8 

  0x000078d272b17204: ; ImmutableOopMap {rbp=Oop [8]=Derived_oop_rbp [0]=Oop [16]=Oop [40]=Oop [48]=Oop [72]=Oop [96]=Oop [152]=Oop [32]=Derived_oop_[152] }
                      ;*invokevirtual bind {reexecute=0 rethrow=0 return_oop=0}
                      ; - com.seibel.distanthorizons.common.render.openGl.generic.GlGenericObjectShaderProgram::<init>@39 (line 64)
                      ; - com.seibel.distanthorizons.common.render.openGl.generic.GlGenericObjectRenderer::init@147 (line 219)
                      ; - com.seibel.distanthorizons.common.render.openGl.generic.GlGenericObjectRenderer::render@22 (line 423)
  0x000078d272b17204: d855 4df8 

  0x000078d272b17208: ;   {other}
  0x000078d272b17208: 0f1f 8400 | 782d 005f | 4c8b 5424 | 4845 8b5a | 5044 895c | 2468 33f6 

  0x000078d272b17220: ;   {static_call}
  0x000078d272b17220: c5f8 77e8 

  0x000078d272b17224: ; ImmutableOopMap {rbp=Oop [8]=Derived_oop_rbp [0]=Oop [16]=Oop [40]=Oop [48]=Oop [72]=Oop [96]=Oop [104]=NarrowOop [152]=Oop [32]=Derived_oop_[152] }
                      ;*invokestatic addVec3Pointer {reexecute=0 rethrow=0 return_oop=1}
                      ; - com.seibel.distanthorizons.common.render.openGl.generic.GlGenericObjectShaderProgram::<init>@49 (line 66)
                      ; - com.seibel.distanthorizons.common.render.openGl.generic.GlGenericObjectRenderer::init@147 (line 219)
                      ; - com.seibel.distanthorizons.common.render.openGl.generic.GlGenericObjectRenderer::render@22 (line 423)
  0x000078d272b17224: e854 0000 

  0x000078d272b17228: ;   {other}
  0x000078d272b17228: 0f1f 8400 | 982d 0060 | 448b 5c24 | 6847 8b44 

  0x000078d272b17238: ;   {metadata('com/seibel/distanthorizons/common/render/openGl/glObject/vertexAttribute/GlVertexAttributePostGL43')}
  0x000078d272b17238: dc08 4181 | f8a0 bfb2 | 020f 8599 | 3600 004b | 8d34 dc33 | d233 c94c | 8bc0 6690 

  0x000078d272b17254: ;   {optimized virtual_call}
  0x000078d272b17254: c5f8 77e8 

  0x000078d272b17258: ; ImmutableOopMap {rbp=Oop [8]=Derived_oop_rbp [0]=Oop [16]=Oop [40]=Oop [48]=Oop [72]=Oop [96]=Oop [152]=Oop [32]=Derived_oop_[152] }
                      ;*invokevirtual setVertexAttribute {reexecute=0 rethrow=0 return_oop=0}
                      ; - com.seibel.distanthorizons.common.render.openGl.generic.GlGenericObjectShaderProgram::<init>@52 (line 66)
                      ; - com.seibel.distanthorizons.common.render.openGl.generic.GlGenericObjectRenderer::init@147 (line 219)
                      ; - com.seibel.distanthorizons.common.render.openGl.generic.GlGenericObjectRenderer::render@22 (line 423)
  0x000078d272b17258: 0f54 0000 

  0x000078d272b1725c: ;   {other}
  0x000078d272b1725c: 0f1f 8400 | cc2d 0061 | 4c8b 5424 | 4841 8b6a | 5045 8b54 

  0x000078d272b17270: ;   {metadata('com/seibel/distanthorizons/common/render/openGl/glObject/vertexAttribute/GlVertexAttributePostGL43')}
  0x000078d272b17270: ec08 4181 | faa0 bfb2 | 020f 859d | 3600 0049 | 8d34 ecba | 0c00 0000 

  0x000078d272b17288: ;   {oop([B{0x000000065a7a4100})}
  0x000078d272b17288: 48bd 0041 | 7a5a 0600 | 0000 6690 

  0x000078d272b17294: ;   {optimized virtual_call}
  0x000078d272b17294: c5f8 77e8 

  0x000078d272b17298: ; ImmutableOopMap {rbp=Oop [8]=Derived_oop_rbp [0]=Oop [16]=Oop [40]=Oop [48]=Oop [72]=Oop [96]=Oop [152]=Oop [32]=Derived_oop_[152] }
                      ;*invokevirtual completeAndCheck {reexecute=0 rethrow=0 return_oop=0}
                      ; - com.seibel.distanthorizons.common.render.openGl.generic.GlGenericObjectShaderProgram::<init>@61 (line 67)
                      ; - com.seibel.distanthorizons.common.render.openGl.generic.GlGenericObjectRenderer::init@147 (line 219)
                      ; - com.seibel.distanthorizons.common.render.openGl.generic.GlGenericObjectRenderer::render@22 (line 423)
  0x000078d272b17298: de53 0000 

  0x000078d272b1729c: ;   {other}
  0x000078d272b1729c: 0f1f 8400 | 0c2e 0062 | 4c8b 5424 | 4841 8b72 

  0x000078d272b172ac: ;   {oop("uTransform"{0x000000065a7a3c68})}
  0x000078d272b172ac: 0c48 ba68 | 3c7a 5a06 | 0000 0090 

  0x000078d272b172b8: ;   {static_call}
  0x000078d272b172b8: c5f8 77e8 

  0x000078d272b172bc: ; ImmutableOopMap {rbp=Oop [8]=Derived_oop_rbp [0]=Oop [16]=Oop [40]=Oop [48]=Oop [72]=Oop [96]=Oop [152]=Oop [32]=Derived_oop_[152] }
                      ;*invokestatic glGetUniformLocation {reexecute=0 rethrow=0 return_oop=0}
                      ; - org.lwjgl.opengl.GL20::glGetUniformLocation@2 (line 1012)
                      ; - com.seibel.distanthorizons.common.render.openGl.glObject.shader.GlShaderProgram::tryGetUniformLocation@5 (line 167)
                      ; - com.seibel.distanthorizons.common.render.openGl.generic.GlGenericObjectShaderProgram::<init>@68 (line 69)
                      ; - com.seibel.distanthorizons.common.render.openGl.generic.GlGenericObjectRenderer::init@147 (line 219)
                      ; - com.seibel.distanthorizons.common.render.openGl.generic.GlGenericObjectRenderer::render@22 (line 423)
  0x000078d272b172bc: 20f0 60f8 

  0x000078d272b172c0: ;   {other}
  0x000078d272b172c0: 0f1f 8400 | 302e 0063 | 4c8b 5424 | 4841 8942 | 1041 8b72 

  0x000078d272b172d4: ;   {oop("uColor"{0x000000065a7a3c80})}
  0x000078d272b172d4: 0c48 ba80 | 3c7a 5a06 | 0000 0090 

  0x000078d272b172e0: ;   {static_call}
  0x000078d272b172e0: c5f8 77e8 

  0x000078d272b172e4: ; ImmutableOopMap {rbp=Oop [8]=Derived_oop_rbp [0]=Oop [16]=Oop [40]=Oop [48]=Oop [72]=Oop [96]=Oop [152]=Oop [32]=Derived_oop_[152] }
                      ;*invokestatic glGetUniformLocation {reexecute=0 rethrow=0 return_oop=0}
                      ; - org.lwjgl.opengl.GL20::glGetUniformLocation@2 (line 1012)
                      ; - com.seibel.distanthorizons.common.render.openGl.glObject.shader.GlShaderProgram::tryGetUniformLocation@5 (line 167)
                      ; - com.seibel.distanthorizons.common.render.openGl.generic.GlGenericObjectShaderProgram::<init>@78 (line 70)
                      ; - com.seibel.distanthorizons.common.render.openGl.generic.GlGenericObjectRenderer::init@147 (line 219)
                      ; - com.seibel.distanthorizons.common.render.openGl.generic.GlGenericObjectRenderer::render@22 (line 423)
  0x000078d272b172e4: f8ef 60f8 

  0x000078d272b172e8: ;   {other}
  0x000078d272b172e8: 0f1f 8400 | 582e 0064 | 4c8b 5424 | 4841 8942 | 1441 8b72 

  0x000078d272b172fc: ;   {oop("uOffsetChunk"{0x000000065a7a3c98})}
  0x000078d272b172fc: 0c48 ba98 | 3c7a 5a06 | 0000 0090 

  0x000078d272b17308: ;   {static_call}
  0x000078d272b17308: c5f8 77e8 

  0x000078d272b1730c: ; ImmutableOopMap {rbp=Oop [8]=Derived_oop_rbp [0]=Oop [16]=Oop [40]=Oop [48]=Oop [72]=Oop [96]=Oop [152]=Oop [32]=Derived_oop_[152] }
                      ;*invokestatic glGetUniformLocation {reexecute=0 rethrow=0 return_oop=0}
                      ; - org.lwjgl.opengl.GL20::glGetUniformLocation@2 (line 1012)
                      ; - com.seibel.distanthorizons.common.render.openGl.glObject.shader.GlShaderProgram::tryGetUniformLocation@5 (line 167)
                      ; - com.seibel.distanthorizons.common.render.openGl.generic.GlGenericObjectShaderProgram::<init>@88 (line 72)
                      ; - com.seibel.distanthorizons.common.render.openGl.generic.GlGenericObjectRenderer::init@147 (line 219)
                      ; - com.seibel.distanthorizons.common.render.openGl.generic.GlGenericObjectRenderer::render@22 (line 423)
  0x000078d272b1730c: d0ef 60f8 

  0x000078d272b17310: ;   {other}
  0x000078d272b17310: 0f1f 8400 | 802e 0065 | 4c8b 5424 | 4841 8942 | 1841 8b72 

  0x000078d272b17324: ;   {oop("uOffsetSubChunk"{0x000000065a7a3cb0})}
  0x000078d272b17324: 0c48 bab0 | 3c7a 5a06 | 0000 0090 

  0x000078d272b17330: ;   {static_call}
  0x000078d272b17330: c5f8 77e8 

  0x000078d272b17334: ; ImmutableOopMap {rbp=Oop [8]=Derived_oop_rbp [0]=Oop [16]=Oop [40]=Oop [48]=Oop [72]=Oop [96]=Oop [152]=Oop [32]=Derived_oop_[152] }
                      ;*invokestatic glGetUniformLocation {reexecute=0 rethrow=0 return_oop=0}
                      ; - org.lwjgl.opengl.GL20::glGetUniformLocation@2 (line 1012)
                      ; - com.seibel.distanthorizons.common.render.openGl.glObject.shader.GlShaderProgram::tryGetUniformLocation@5 (line 167)
                      ; - com.seibel.distanthorizons.common.render.openGl.generic.GlGenericObjectShaderProgram::<init>@98 (line 73)
                      ; - com.seibel.distanthorizons.common.render.openGl.generic.GlGenericObjectRenderer::init@147 (line 219)
                      ; - com.seibel.distanthorizons.common.render.openGl.generic.GlGenericObjectRenderer::render@22 (line 423)
  0x000078d272b17334: a8ef 60f8 

  0x000078d272b17338: ;   {other}
  0x000078d272b17338: 0f1f 8400 | a82e 0066 | 4c8b 5424 | 4841 8942 | 1c41 8b72 

  0x000078d272b1734c: ;   {oop("uCameraPosChunk"{0x000000065a7a3cc8})}
  0x000078d272b1734c: 0c48 bac8 | 3c7a 5a06 | 0000 0090 

  0x000078d272b17358: ;   {static_call}
  0x000078d272b17358: c5f8 77e8 

  0x000078d272b1735c: ; ImmutableOopMap {rbp=Oop [8]=Derived_oop_rbp [0]=Oop [16]=Oop [40]=Oop [48]=Oop [72]=Oop [96]=Oop [152]=Oop [32]=Derived_oop_[152] }
                      ;*invokestatic glGetUniformLocation {reexecute=0 rethrow=0 return_oop=0}
                      ; - org.lwjgl.opengl.GL20::glGetUniformLocation@2 (line 1012)
                      ; - com.seibel.distanthorizons.common.render.openGl.glObject.shader.GlShaderProgram::tryGetUniformLocation@5 (line 167)
                      ; - com.seibel.distanthorizons.common.render.openGl.generic.GlGenericObjectShaderProgram::<init>@108 (line 74)
                      ; - com.seibel.distanthorizons.common.render.openGl.generic.GlGenericObjectRenderer::init@147 (line 219)
                      ; - com.seibel.distanthorizons.common.render.openGl.generic.GlGenericObjectRenderer::render@22 (line 423)
  0x000078d272b1735c: 80ef 60f8 

  0x000078d272b17360: ;   {other}
  0x000078d272b17360: 0f1f 8400 | d02e 0067 | 4c8b 5424 | 4841 8942 | 2041 8b72 

  0x000078d272b17374: ;   {oop("uCameraPosSubChunk"{0x000000065a7a3ce0})}
  0x000078d272b17374: 0c48 bae0 | 3c7a 5a06 | 0000 0090 

  0x000078d272b17380: ;   {static_call}
  0x000078d272b17380: c5f8 77e8 

  0x000078d272b17384: ; ImmutableOopMap {rbp=Oop [8]=Derived_oop_rbp [0]=Oop [16]=Oop [40]=Oop [48]=Oop [72]=Oop [96]=Oop [152]=Oop [32]=Derived_oop_[152] }
                      ;*invokestatic glGetUniformLocation {reexecute=0 rethrow=0 return_oop=0}
                      ; - org.lwjgl.opengl.GL20::glGetUniformLocation@2 (line 1012)
                      ; - com.seibel.distanthorizons.common.render.openGl.glObject.shader.GlShaderProgram::tryGetUniformLocation@5 (line 167)
                      ; - com.seibel.distanthorizons.common.render.openGl.generic.GlGenericObjectShaderProgram::<init>@118 (line 75)
                      ; - com.seibel.distanthorizons.common.render.openGl.generic.GlGenericObjectRenderer::init@147 (line 219)
                      ; - com.seibel.distanthorizons.common.render.openGl.generic.GlGenericObjectRenderer::render@22 (line 423)
  0x000078d272b17384: 58ef 60f8 

  0x000078d272b17388: ;   {other}
  0x000078d272b17388: 0f1f 8400 | f82e 0068 | 4c8b 5424 | 4841 8942 | 2441 8b72 

  0x000078d272b1739c: ;   {oop("uProjectionMvm"{0x000000065a7a3cf8})}
  0x000078d272b1739c: 0c48 baf8 | 3c7a 5a06 | 0000 0090 

  0x000078d272b173a8: ;   {static_call}
  0x000078d272b173a8: c5f8 77e8 

  0x000078d272b173ac: ; ImmutableOopMap {rbp=Oop [8]=Derived_oop_rbp [0]=Oop [16]=Oop [40]=Oop [48]=Oop [72]=Oop [96]=Oop [152]=Oop [32]=Derived_oop_[152] }
                      ;*invokestatic glGetUniformLocation {reexecute=0 rethrow=0 return_oop=0}
                      ; - org.lwjgl.opengl.GL20::glGetUniformLocation@2 (line 1012)
                      ; - com.seibel.distanthorizons.common.render.openGl.glObject.shader.GlShaderProgram::tryGetUniformLocation@5 (line 167)
                      ; - com.seibel.distanthorizons.common.render.openGl.generic.GlGenericObjectShaderProgram::<init>@128 (line 76)
                      ; - com.seibel.distanthorizons.common.render.openGl.generic.GlGenericObjectRenderer::init@147 (line 219)
                      ; - com.seibel.distanthorizons.common.render.openGl.generic.GlGenericObjectRenderer::render@22 (line 423)
  0x000078d272b173ac: 30ef 60f8 

  0x000078d272b173b0: ;   {other}
  0x000078d272b173b0: 0f1f 8400 | 202f 0069 | 4c8b 5424 | 4841 8942 | 2841 8b72 

  0x000078d272b173c4: ;   {oop("uLightMap"{0x000000065a7a3d10})}
  0x000078d272b173c4: 0c48 ba10 | 3d7a 5a06 | 0000 0090 

  0x000078d272b173d0: ;   {static_call}
  0x000078d272b173d0: c5f8 77e8 

  0x000078d272b173d4: ; ImmutableOopMap {rbp=Oop [8]=Derived_oop_rbp [0]=Oop [16]=Oop [40]=Oop [48]=Oop [72]=Oop [96]=Oop [152]=Oop [32]=Derived_oop_[152] }
                      ;*invokestatic glGetUniformLocation {reexecute=0 rethrow=0 return_oop=0}
                      ; - org.lwjgl.opengl.GL20::glGetUniformLocation@2 (line 1012)
                      ; - com.seibel.distanthorizons.common.render.openGl.glObject.shader.GlShaderProgram::getUniformLocation@5 (line 156)
                      ; - com.seibel.distanthorizons.common.render.openGl.generic.GlGenericObjectShaderProgram::<init>@138 (line 78)
                      ; - com.seibel.distanthorizons.common.render.openGl.generic.GlGenericObjectRenderer::init@147 (line 219)
                      ; - com.seibel.distanthorizons.common.render.openGl.generic.GlGenericObjectRenderer::render@22 (line 423)
  0x000078d272b173d4: 08ef 60f8 

  0x000078d272b173d8: ;   {other}
  0x000078d272b173d8: 0f1f 8400 | 482f 006a | 83f8 ff0f | 8443 3200 | 004c 8b54 | 2448 4189 | 422c 418b 

  0x000078d272b173f4: ;   {oop("uSkyLight"{0x000000065a7a3d28})}
  0x000078d272b173f4: 720c 48ba | 283d 7a5a | 0600 0000 

  0x000078d272b17400: ;   {static_call}
  0x000078d272b17400: c5f8 77e8 

  0x000078d272b17404: ; ImmutableOopMap {rbp=Oop [8]=Derived_oop_rbp [0]=Oop [16]=Oop [40]=Oop [48]=Oop [72]=Oop [96]=Oop [152]=Oop [32]=Derived_oop_[152] }
                      ;*invokestatic glGetUniformLocation {reexecute=0 rethrow=0 return_oop=0}
                      ; - org.lwjgl.opengl.GL20::glGetUniformLocation@2 (line 1012)
                      ; - com.seibel.distanthorizons.common.render.openGl.glObject.shader.GlShaderProgram::getUniformLocation@5 (line 156)
                      ; - com.seibel.distanthorizons.common.render.openGl.generic.GlGenericObjectShaderProgram::<init>@148 (line 79)
                      ; - com.seibel.distanthorizons.common.render.openGl.generic.GlGenericObjectRenderer::init@147 (line 219)
                      ; - com.seibel.distanthorizons.common.render.openGl.generic.GlGenericObjectRenderer::render@22 (line 423)
  0x000078d272b17404: d8ee 60f8 

  0x000078d272b17408: ;   {other}
  0x000078d272b17408: 0f1f 8400 | 782f 006b | 83f8 ff0f | 844b 3200 | 004c 8b54 | 2448 4189 | 4230 418b 

  0x000078d272b17424: ;   {oop("uBlockLight"{0x000000065a7a3d40})}
  0x000078d272b17424: 720c 48ba | 403d 7a5a | 0600 0000 

  0x000078d272b17430: ;   {static_call}
  0x000078d272b17430: c5f8 77e8 

  0x000078d272b17434: ; ImmutableOopMap {rbp=Oop [8]=Derived_oop_rbp [0]=Oop [16]=Oop [40]=Oop [48]=Oop [72]=Oop [96]=Oop [152]=Oop [32]=Derived_oop_[152] }
                      ;*invokestatic glGetUniformLocation {reexecute=0 rethrow=0 return_oop=0}
                      ; - org.lwjgl.opengl.GL20::glGetUniformLocation@2 (line 1012)
                      ; - com.seibel.distanthorizons.common.render.openGl.glObject.shader.GlShaderProgram::getUniformLocation@5 (line 156)
                      ; - com.seibel.distanthorizons.common.render.openGl.generic.GlGenericObjectShaderProgram::<init>@158 (line 80)
                      ; - com.seibel.distanthorizons.common.render.openGl.generic.GlGenericObjectRenderer::init@147 (line 219)
                      ; - com.seibel.distanthorizons.common.render.openGl.generic.GlGenericObjectRenderer::render@22 (line 423)
  0x000078d272b17434: a8ee 60f8 

  0x000078d272b17438: ;   {other}
  0x000078d272b17438: 0f1f 8400 | a82f 006c | 83f8 ff0f | 8453 3200 | 004c 8b54 | 2448 4189 | 4234 418b 

  0x000078d272b17454: ;   {oop("uNorthShading"{0x000000065a7a3d58})}
  0x000078d272b17454: 720c 48ba | 583d 7a5a | 0600 0000 

  0x000078d272b17460: ;   {static_call}
  0x000078d272b17460: c5f8 77e8 

  0x000078d272b17464: ; ImmutableOopMap {rbp=Oop [8]=Derived_oop_rbp [0]=Oop [16]=Oop [40]=Oop [48]=Oop [72]=Oop [96]=Oop [152]=Oop [32]=Derived_oop_[152] }
                      ;*invokestatic glGetUniformLocation {reexecute=0 rethrow=0 return_oop=0}
                      ; - org.lwjgl.opengl.GL20::glGetUniformLocation@2 (line 1012)
                      ; - com.seibel.distanthorizons.common.render.openGl.glObject.shader.GlShaderProgram::getUniformLocation@5 (line 156)
                      ; - com.seibel.distanthorizons.common.render.openGl.generic.GlGenericObjectShaderProgram::<init>@168 (line 81)
                      ; - com.seibel.distanthorizons.common.render.openGl.generic.GlGenericObjectRenderer::init@147 (line 219)
                      ; - com.seibel.distanthorizons.common.render.openGl.generic.GlGenericObjectRenderer::render@22 (line 423)
  0x000078d272b17464: 78ee 60f8 

  0x000078d272b17468: ;   {other}
  0x000078d272b17468: 0f1f 8400 | d82f 006d | 83f8 ff0f | 845b 3200 | 004c 8b54 | 2448 4189 | 4238 418b 

  0x000078d272b17484: ;   {oop("uSouthShading"{0x000000065a7a3d70})}
  0x000078d272b17484: 720c 48ba | 703d 7a5a | 0600 0000 

  0x000078d272b17490: ;   {static_call}
  0x000078d272b17490: c5f8 77e8 

  0x000078d272b17494: ; ImmutableOopMap {rbp=Oop [8]=Derived_oop_rbp [0]=Oop [16]=Oop [40]=Oop [48]=Oop [72]=Oop [96]=Oop [152]=Oop [32]=Derived_oop_[152] }
                      ;*invokestatic glGetUniformLocation {reexecute=0 rethrow=0 return_oop=0}
                      ; - org.lwjgl.opengl.GL20::glGetUniformLocation@2 (line 1012)
                      ; - com.seibel.distanthorizons.common.render.openGl.glObject.shader.GlShaderProgram::getUniformLocation@5 (line 156)
                      ; - com.seibel.distanthorizons.common.render.openGl.generic.GlGenericObjectShaderProgram::<init>@178 (line 82)
                      ; - com.seibel.distanthorizons.common.render.openGl.generic.GlGenericObjectRenderer::init@147 (line 219)
                      ; - com.seibel.distanthorizons.common.render.openGl.generic.GlGenericObjectRenderer::render@22 (line 423)
  0x000078d272b17494: 48ee 60f8 

  0x000078d272b17498: ;   {other}
  0x000078d272b17498: 0f1f 8400 | 0830 006e | 83f8 ff0f | 8463 3200 | 004c 8b54 | 2448 4189 | 423c 418b 

  0x000078d272b174b4: ;   {oop("uEastShading"{0x000000065a7a3d88})}
  0x000078d272b174b4: 720c 48ba | 883d 7a5a | 0600 0000 

  0x000078d272b174c0: ;   {static_call}
  0x000078d272b174c0: c5f8 77e8 

  0x000078d272b174c4: ; ImmutableOopMap {rbp=Oop [8]=Derived_oop_rbp [0]=Oop [16]=Oop [40]=Oop [48]=Oop [72]=Oop [96]=Oop [152]=Oop [32]=Derived_oop_[152] }
                      ;*invokestatic glGetUniformLocation {reexecute=0 rethrow=0 return_oop=0}
                      ; - org.lwjgl.opengl.GL20::glGetUniformLocation@2 (line 1012)
                      ; - com.seibel.distanthorizons.common.render.openGl.glObject.shader.GlShaderProgram::getUniformLocation@5 (line 156)
                      ; - com.seibel.distanthorizons.common.render.openGl.generic.GlGenericObjectShaderProgram::<init>@188 (line 83)
                      ; - com.seibel.distanthorizons.common.render.openGl.generic.GlGenericObjectRenderer::init@147 (line 219)
                      ; - com.seibel.distanthorizons.common.render.openGl.generic.GlGenericObjectRenderer::render@22 (line 423)
  0x000078d272b174c4: 18ee 60f8 

  0x000078d272b174c8: ;   {other}
  0x000078d272b174c8: 0f1f 8400 | 3830 006f | 83f8 ff0f | 846b 3200 | 004c 8b54 | 2448 4189 | 4240 418b 

  0x000078d272b174e4: ;   {oop("uWestShading"{0x000000065a7a3da0})}
  0x000078d272b174e4: 720c 48ba | a03d 7a5a | 0600 0000 

  0x000078d272b174f0: ;   {static_call}
  0x000078d272b174f0: c5f8 77e8 

  0x000078d272b174f4: ; ImmutableOopMap {rbp=Oop [8]=Derived_oop_rbp [0]=Oop [16]=Oop [40]=Oop [48]=Oop [72]=Oop [96]=Oop [152]=Oop [32]=Derived_oop_[152] }
                      ;*invokestatic glGetUniformLocation {reexecute=0 rethrow=0 return_oop=0}
                      ; - org.lwjgl.opengl.GL20::glGetUniformLocation@2 (line 1012)
                      ; - com.seibel.distanthorizons.common.render.openGl.glObject.shader.GlShaderProgram::getUniformLocation@5 (line 156)
                      ; - com.seibel.distanthorizons.common.render.openGl.generic.GlGenericObjectShaderProgram::<init>@198 (line 84)
                      ; - com.seibel.distanthorizons.common.render.openGl.generic.GlGenericObjectRenderer::init@147 (line 219)
                      ; - com.seibel.distanthorizons.common.render.openGl.generic.GlGenericObjectRenderer::render@22 (line 423)
  0x000078d272b174f4: e8ed 60f8 

  0x000078d272b174f8: ;   {other}
  0x000078d272b174f8: 0f1f 8400 | 6830 0070 | 83f8 ff0f | 8473 3200 | 004c 8b54 | 2448 4189 | 4244 418b 

  0x000078d272b17514: ;   {oop("uTopShading"{0x000000065a7a3db8})}
  0x000078d272b17514: 720c 48ba | b83d 7a5a | 0600 0000 

  0x000078d272b17520: ;   {static_call}
  0x000078d272b17520: c5f8 77e8 

  0x000078d272b17524: ; ImmutableOopMap {rbp=Oop [8]=Derived_oop_rbp [0]=Oop [16]=Oop [40]=Oop [48]=Oop [72]=Oop [96]=Oop [152]=Oop [32]=Derived_oop_[152] }
                      ;*invokestatic glGetUniformLocation {reexecute=0 rethrow=0 return_oop=0}
                      ; - org.lwjgl.opengl.GL20::glGetUniformLocation@2 (line 1012)
                      ; - com.seibel.distanthorizons.common.render.openGl.glObject.shader.GlShaderProgram::getUniformLocation@5 (line 156)
                      ; - com.seibel.distanthorizons.common.render.openGl.generic.GlGenericObjectShaderProgram::<init>@208 (line 85)
                      ; - com.seibel.distanthorizons.common.render.openGl.generic.GlGenericObjectRenderer::init@147 (line 219)
                      ; - com.seibel.distanthorizons.common.render.openGl.generic.GlGenericObjectRenderer::render@22 (line 423)
  0x000078d272b17524: b8ed 60f8 

  0x000078d272b17528: ;   {other}
  0x000078d272b17528: 0f1f 8400 | 9830 0071 | 83f8 ff0f | 847b 3200 | 004c 8b54 | 2448 4189 | 4248 418b 

  0x000078d272b17544: ;   {oop("uBottomShading"{0x000000065a7a3dd0})}
  0x000078d272b17544: 720c 48ba | d03d 7a5a | 0600 0000 

  0x000078d272b17550: ;   {static_call}
  0x000078d272b17550: c5f8 77e8 

  0x000078d272b17554: ; ImmutableOopMap {rbp=Oop [8]=Derived_oop_rbp [0]=Oop [16]=Oop [40]=Oop [48]=Oop [72]=Oop [96]=Oop [152]=Oop [32]=Derived_oop_[152] }
                      ;*invokestatic glGetUniformLocation {reexecute=0 rethrow=0 return_oop=0}
                      ; - org.lwjgl.opengl.GL20::glGetUniformLocation@2 (line 1012)
                      ; - com.seibel.distanthorizons.common.render.openGl.glObject.shader.GlShaderProgram::getUniformLocation@5 (line 156)
                      ; - com.seibel.distanthorizons.common.render.openGl.generic.GlGenericObjectShaderProgram::<init>@218 (line 86)
                      ; - com.seibel.distanthorizons.common.render.openGl.generic.GlGenericObjectRenderer::init@147 (line 219)
                      ; - com.seibel.distanthorizons.common.render.openGl.generic.GlGenericObjectRenderer::render@22 (line 423)
  0x000078d272b17554: 88ed 60f8 

  0x000078d272b17558: ;   {other}
  0x000078d272b17558: 0f1f 8400 | c830 0072 | 83f8 ff0f | 8483 3200 | 004c 8b54 | 2448 4189 | 424c 4180 | 7f40 000f 
  0x000078d272b17578: 855d 1d00 | 004c 8b14 | 244c 8b5c | 2448 4d33 | da4c 8b44 | 2448 4d8b | c849 c1e9 | 034c 8b04 
  0x000078d272b17598: 2445 8948 | 1049 c1eb | 164d 85db | 741a 49c1 | ea09 48bf | 0000 8064 | d278 0000 | 4903 fa80 
  0x000078d272b175b8: 3f02 0f85 | d421 0000 | 4d8b 97b8 | 0100 004d | 8bda 4983 | c358 4d3b | 9fc8 0100 | 000f 83f9 
  0x000078d272b175d8: 2700 004d | 899f b801 | 0000 410f | 1883 0001 | 0000 49c7 | 0201 0000 | 0049 8bfa | 4883 c710 
  0x000078d272b175f8: ;   {metadata('com/seibel/distanthorizons/common/render/openGl/generic/GlGenericObjectShaderProgram')}
  0x000078d272b175f8: 41c7 4208 | 98ed b202 | 4589 620c | b909 0000 | 00c5 fdef | c0e9 0d00 | 0000 c5fe | 7f07 c5fe 
  0x000078d272b17618: 7f47 2048 | 83c7 4048 | 83e9 087d | ed48 83c1 | 047c 0cc5 | fe7f 0748 | 83c7 2048 | 83e9 0448 
  0x000078d272b17638: 83c1 047e | 1748 c7c0 | ffff ffff | c4e2 f0f5 | c0c4 e1fb | 92f8 62f1 | fe2f 7f07 | 4c89 5424 
  0x000078d272b17658: 3866 6690 

  0x000078d272b1765c: ;   {static_call}
  0x000078d272b1765c: c5f8 77e8 

  0x000078d272b17660: ; ImmutableOopMap {rbp=Oop [8]=Derived_oop_rbp [0]=Oop [16]=Oop [40]=Oop [48]=Oop [56]=Oop [96]=Oop [152]=Oop [32]=Derived_oop_[152] }
                      ;*invokestatic glCreateProgram {reexecute=0 rethrow=0 return_oop=0}
                      ; - org.lwjgl.opengl.GL20::glCreateProgram@0 (line 188)
                      ; - com.seibel.distanthorizons.common.render.openGl.glObject.shader.GlShaderProgram::<init>@5 (line 59)
                      ; - com.seibel.distanthorizons.common.render.openGl.glObject.shader.GlShaderProgram::<init>@11 (line 52)
                      ; - com.seibel.distanthorizons.common.render.openGl.generic.GlGenericObjectShaderProgram::<init>@25 (line 57)
                      ; - com.seibel.distanthorizons.common.render.openGl.generic.GlGenericObjectRenderer::init@159 (line 220)
                      ; - com.seibel.distanthorizons.common.render.openGl.generic.GlGenericObjectRenderer::render@22 (line 423)
  0x000078d272b17660: dce0 bdfe 

  0x000078d272b17664: ;   {other}
  0x000078d272b17664: 0f1f 8400 | d431 0073 | 4c8b 5424 | 3841 8942 

  0x000078d272b17674: ;   {oop("assets/distanthorizons/shaders/generic/gl/direct/vert.vert"{0x000000065a7a3c20})}
  0x000078d272b17674: 0c48 be20 | 3c7a 5a06 | 0000 0033 | d266 6690 

  0x000078d272b17684: ;   {static_call}
  0x000078d272b17684: c5f8 77e8 

  0x000078d272b17688: ; ImmutableOopMap {rbp=Oop [8]=Derived_oop_rbp [0]=Oop [16]=Oop [40]=Oop [48]=Oop [56]=Oop [96]=Oop [152]=Oop [32]=Derived_oop_[152] }
                      ;*invokestatic loadFile {reexecute=0 rethrow=0 return_oop=1}
                      ; - com.seibel.distanthorizons.common.render.openGl.glObject.shader.GlShaderProgram::<init>@13 (line 62)
                      ; - com.seibel.distanthorizons.common.render.openGl.glObject.shader.GlShaderProgram::<init>@11 (line 52)
                      ; - com.seibel.distanthorizons.common.render.openGl.generic.GlGenericObjectShaderProgram::<init>@25 (line 57)
                      ; - com.seibel.distanthorizons.common.render.openGl.generic.GlGenericObjectRenderer::init@159 (line 220)
                      ; - com.seibel.distanthorizons.common.render.openGl.generic.GlGenericObjectRenderer::render@22 (line 423)
  0x000078d272b17688: 0c50 0000 

  0x000078d272b1768c: ;   {other}
  0x000078d272b1768c: 0f1f 8400 | fc31 0074 | 4889 4424 | 4049 8b87 | b801 0000 | 4c8b d049 | 83c2 104d | 3b97 c801 
  0x000078d272b176ac: 0000 0f83 | 4427 0000 | 4d89 97b8 | 0100 0041 | 0f18 8200 | 0100 0048 | c700 0100 

  0x000078d272b176c8: ;   {metadata('com/seibel/distanthorizons/common/render/openGl/glObject/shader/GlShader')}
  0x000078d272b176c8: 0000 c740 | 08c8 c6b2 | 0244 8960 | 0c4c 8bd0 | 4c89 5424 | 484d 8b97 | b801 0000 | 4d8b da49 
  0x000078d272b176e8: 83c3 384d | 3b9f c801 | 0000 0f83 | 2127 0000 | 4d89 9fb8 | 0100 0041 | 0f18 8300 | 0100 0049 
  0x000078d272b17708: c702 0100 | 0000 410f | 1883 4001 

  0x000078d272b17714: ;   {metadata({type array byte})}
  0x000078d272b17714: 0000 41c7 | 4208 1823 | 0000 410f | 1883 8001 | 0000 41c7 | 420c 2100 | 0000 4c89 | 1424 4d8b 
  0x000078d272b17734: 8f58 0400 | 0049 8bf2 | 4883 c610 | 41c6 4230 

  0x000078d272b17744: ;   {oop([B{0x0000000618a2f210})}
  0x000078d272b17744: 5d49 ba10 | f2a2 1806 | 0000 0045 | 0fbe 5a31 | 4c8b 1424 | 4588 5a2f 

  0x000078d272b1775c: ;   {oop([B{0x0000000618a2f288})}
  0x000078d272b1775c: 49ba 88f2 | a218 0600 | 0000 450f | be42 314c | 8b14 2445 

  0x000078d272b17770: ;   {oop([B{0x0000000618a2f210})}
  0x000078d272b17770: 8842 2e49 | ba10 f2a2 | 1806 0000 | 0045 0fbe 

  0x000078d272b17780: ;   {oop([B{0x000000065a7a3fd0})}
  0x000078d272b17780: 5248 49bb | d03f 7a5a | 0600 0000 

  0x000078d272b1778c: ;   {oop([B{0x000000065a7a4100})}
  0x000078d272b1778c: 49b8 0041 | 7a5a 0600 

  0x000078d272b17794: ; ImmutableOopMap {r11=Oop [32]=Derived_oop_r11 r8=Oop [8]=Derived_oop_r8 rbp=Oop [0]=Oop rsi=Derived_oop_[0] [16]=Oop [40]=Oop [48]=Oop [56]=Oop [64]=Oop [72]=Oop [96]=Oop [152]=Oop }
                      ;*goto {reexecute=1 rethrow=0 return_oop=0}
                      ; - (reexecute) java.lang.Integer::getChars@69 (line 518)
                      ; - java.lang.StringConcatHelper::prepend@12 (line 253)
                      ; - java.lang.StringConcatHelper::prepend@3 (line 271)
                      ; - java.lang.invoke.DirectMethodHandle$Holder::invokeStatic@17
                      ; - java.lang.invoke.LambdaForm$MH/0x000078d2081d8400::invoke@28
                      ; - java.lang.invoke.LambdaForm$MH/0x000078d2081d9400::invoke@51
                      ; - java.lang.invoke.Invokers$Holder::linkToTargetMethod@5
                      ; - com.seibel.distanthorizons.common.render.openGl.glObject.shader.GlShader::<init>@8 (line 71)
                      ; - com.seibel.distanthorizons.common.render.openGl.glObject.shader.GlShaderProgram::<init>@26 (line 63)
                      ; - com.seibel.distanthorizons.common.render.openGl.glObject.shader.GlShaderProgram::<init>@11 (line 52)
                      ; - com.seibel.distanthorizons.common.render.openGl.generic.GlGenericObjectShaderProgram::<init>@25 (line 57)
                      ; - com.seibel.distanthorizons.common.render.openGl.generic.GlGenericObjectRenderer::init@159 (line 220)
                      ; - com.seibel.distanthorizons.common.render.openGl.generic.GlGenericObjectRenderer::render@22 (line 423)
                      ;   {poll}
  0x000078d272b17794: 0000 4185 | 014c 8b1c | 2445 8853 

  0x000078d272b177a0: ;   {oop([B{0x0000000618a2f288})}
  0x000078d272b177a0: 2d49 ba88 | f2a2 1806 | 0000 0045 | 0fbe 5a48 | 4c8b 1424 | 4588 5a2c 

  0x000078d272b177b8: ;   {oop([B{0x0000000618a2f210})}
  0x000078d272b177b8: 49ba 10f2 | a218 0600 | 0000 450f | be52 134c | 8b1c 2445 | 8853 2b48 | 8b7c 2420 | ba1b 0000 
  0x000078d272b177d8: 00c5 f877 | 49ba c0f9 | c86f d278 | 0000 41ff 

  0x000078d272b177e8: ;   {other}
  0x000078d272b177e8: d20f 1f84 | 0000 0000 | 0049 8b87 | b801 0000 | 4c8b d049 | 83c2 184d | 3b97 c801 | 0000 0f83 
  0x000078d272b17808: 3426 0000 | 4d89 97b8 | 0100 0041 | 0f18 8200 | 0100 0048 | c700 0100 

  0x000078d272b17820: ;   {metadata('java/lang/String')}
  0x000078d272b17820: 0000 c740 | 0878 e800 | 0044 8960 | 0c44 8960 | 104c 8b14 | 244d 8bda | 49c1 eb03 | 4489 5814 
  0x000078d272b17840: 4c8b d04c | 8914 2449 | 8b87 b801 | 0000 4c8b | d049 83c2 | 104d 3b97 | c801 0000 | 0f83 ff25 
  0x000078d272b17860: 0000 4d89 | 97b8 0100 | 0041 0f18 | 8200 0100 | 0048 c700 | 0100 0000 | 410f 1882 | 4001 0000 
  0x000078d272b17880: ;   {metadata('java/lang/Object'[])}
  0x000078d272b17880: c740 0870 | 1200 0041 | 0f18 8280 | 0100 0044 | 8960 0c48 

  0x000078d272b17894: ;   {oop(a 'com/seibel/distanthorizons/core/logging/DhLogger'{0x000000065a7a3ea8})}
  0x000078d272b17894: 8bc8 48be | a83e 7a5a | 0600 0000 | 488b 1424 | 4c8b 5424 | 304c 8914 | 2466 6690 

  0x000078d272b178b0: ;   {optimized virtual_call}
  0x000078d272b178b0: c5f8 77e8 

  0x000078d272b178b4: ; ImmutableOopMap {rbp=Oop [8]=Derived_oop_rbp [0]=Oop [16]=Oop [40]=Oop [48]=Oop [56]=Oop [64]=Oop [72]=Oop [96]=Oop [152]=Oop [32]=Derived_oop_[152] }
                      ;*invokevirtual info {reexecute=0 rethrow=0 return_oop=0}
                      ; - com.seibel.distanthorizons.common.render.openGl.glObject.shader.GlShader::<init>@17 (line 71)
                      ; - com.seibel.distanthorizons.common.render.openGl.glObject.shader.GlShaderProgram::<init>@26 (line 63)
                      ; - com.seibel.distanthorizons.common.render.openGl.glObject.shader.GlShaderProgram::<init>@11 (line 52)
                      ; - com.seibel.distanthorizons.common.render.openGl.generic.GlGenericObjectShaderProgram::<init>@25 (line 57)
                      ; - com.seibel.distanthorizons.common.render.openGl.generic.GlGenericObjectRenderer::init@159 (line 220)
                      ; - com.seibel.distanthorizons.common.render.openGl.generic.GlGenericObjectRenderer::render@22 (line 423)
  0x000078d272b178b4: a842 41f6 

  0x000078d272b178b8: ;   {other}
  0x000078d272b178b8: 0f1f 8400 | 2834 0076 | 4c8b 5424 | 4045 8b5a | 1444 895c | 2450 478b | 5cdc 0c4c | 8b54 2440 
  0x000078d272b178d8: 450f be52 | 1044 8914 | 24c4 422a | f7d3 4d63 | d249 83c2 | 0a4c 8954 | 2458 448b | 1424 4183 
  0x000078d272b178f8: fa01 0f84 | e416 0000 | 4c8b 5424 | 5845 8bda | 4489 5c24 | 5445 85db | 0f8c f232 | 0000 4983 
  0x000078d272b17918: c201 4d8b | c249 c1f8 | 2045 8bda | 458b c045 | 0fbe d0c4 | 4229 f7d3 | 4489 5424 | 6845 85d2 
  0x000078d272b17938: 0f8c 0e33 | 0000 4181 | fa00 0010 | 000f 87d9 | 2e00 004d | 63da 4181 | fa00 0010 | 000f 872a 
  0x000078d272b17958: 2500 0049 | 8b87 b801 | 0000 4983 | c317 4983 | e3f8 4c8b | d04d 03d3 | 4d3b 97c8 | 0100 000f 
  0x000078d272b17978: 8308 2500 | 004d 8997 | b801 0000 | 410f 1882 | 0001 0000 | 48c7 0001 | 0000 0041 | 0f18 8240 
  0x000078d272b17998: ;   {metadata({type array byte})}
  0x000078d272b17998: 0100 00c7 | 4008 1823 | 0000 448b | 5c24 6844 | 8958 0c41 | 0f18 8280 | 0100 004c | 8bd0 4c89 
  0x000078d272b179b8: 5424 7044 | 8b5c 2468 | 4489 5c24 | 044c 8b5c | 2458 49ba | 0000 0000 | 0100 0000 | 4d3b da0f 
  0x000078d272b179d8: 8da7 2000 | 0044 8b5c | 2454 41ff | c344 8b54 | 2404 453b | d30f 8281 | 2f00 004c | 8b54 2470 
  0x000078d272b179f8: 448b 5c24 | 5443 c644 | 1a10 5d44 | 8b5c 2450 | 478b 54dc | 0c41 8bda | 448b 1424 | c462 2af7 
  0x000078d272b17a18: d34d 63d2 | 4c8b 5c24 | 584d 2bda | 4c89 5c24 | 5845 8bd3 | 418b fa49 | ba00 0000 | 0001 0000 
  0x000078d272b17a38: 004d 3bda | 0f8d be15 | 0000 448b | 5424 5049 | c1e2 0344 | 8b5c 2450 | 4f8d 54dc | 1049 8bc2 
  0x000078d272b17a58: 448b 1424 | 4585 d20f | 85a3 2500 | 0085 ff0f | 8cf7 3000 | 0044 8d1c | 1f44 8b54 | 2404 453b 
  0x000078d272b17a78: d30f 82e5 | 3000 0044 | 8bd3 4585 | d276 284c | 8b54 2470 | 498d 743a | 1048 63d3 | 488b f8c5 
  0x000078d272b17a98: ;   {no_reloc}
  0x000078d272b17a98: f877 49ba | 60ff c86f | d278 0000 

  0x000078d272b17aa4: ;   {other}
  0x000078d272b17aa4: 41ff d20f | 1f84 0000 | 0000 004c | 8b54 2458 | 4983 c2f6 | 4c89 5424 | 5045 8bda | 458b cb4d 
  0x000078d272b17ac4: 8bda 49ba | 0000 0000 | 0100 0000 | 4d3b da0f | 8d60 1500 | 0045 8bd9 | 4585 db0f | 8c37 3000 
  0x000078d272b17ae4: 0045 8d53 | 0a44 8b44 | 2404 453b | c20f 8225 | 3000 004c | 8b54 2470 | 4b8d 741a | 1048 8b7c 
  0x000078d272b17b04: 2408 ba0a | 0000 00c5 | f877 49ba | 60ff c86f | d278 0000 

  0x000078d272b17b18: ;   {other}
  0x000078d272b17b18: 41ff d20f | 1f84 0000 | 0000 004c | 8b54 2470 | 49c1 ea03 | 4489 5424 | 1c4c 8b54 | 2450 4d85 
  0x000078d272b17b38: d20f 8542 | 1500 0049 | 8b87 b801 | 0000 4c8b | d049 83c2 | 184d 3b97 | c801 0000 | 0f83 9723 
  0x000078d272b17b58: 0000 4d89 | 97b8 0100 | 0041 0f18 | 8200 0100 | 0048 c700 | 0100 0000 | 4c8b d049 

  0x000078d272b17b74: ;   {metadata('java/lang/String')}
  0x000078d272b17b74: 83c2 10c7 | 4008 78e8 | 0000 4489 | 600c c5fd | efc0 c4c1 | 79d6 024c | 8bd0 4c89 | 1424 448b 
  0x000078d272b17b94: 5c24 1c45 | 895a 1449 | 8b87 b801 | 0000 4c8b | d049 83c2 | 104d 3b97 | c801 0000 | 0f83 0723 
  0x000078d272b17bb4: 0000 4d89 | 97b8 0100 | 0041 0f18 | 8200 0100 | 0048 c700 | 0100 0000 | 410f 1882 | 4001 0000 
  0x000078d272b17bd4: ;   {metadata('java/lang/Object'[])}
  0x000078d272b17bd4: c740 0870 | 1200 0041 | 0f18 8280 | 0100 0044 | 8960 0c48 

  0x000078d272b17be8: ;   {oop(a 'com/seibel/distanthorizons/core/logging/DhLogger'{0x000000065a7a3ea8})}
  0x000078d272b17be8: 8bc8 48be | a83e 7a5a | 0600 0000 | 488b 1424 | 4c8b 5424 | 304c 8914 

  0x000078d272b17c00: ;   {oop([B{0x000000065a7a3fd0})}
  0x000078d272b17c00: 2449 bad0 | 3f7a 5a06 | 0000 004c | 8994 2480 | 0000 0090 

  0x000078d272b17c14: ;   {optimized virtual_call}
  0x000078d272b17c14: c5f8 77e8 

  0x000078d272b17c18: ; ImmutableOopMap {rbp=Oop [8]=Derived_oop_rbp [0]=Oop [16]=Oop [40]=Oop [48]=Oop [56]=Oop [64]=Oop [72]=Oop [96]=Oop [128]=Oop [32]=Derived_oop_[128] }
                      ;*invokevirtual debug {reexecute=0 rethrow=0 return_oop=0}
                      ; - com.seibel.distanthorizons.common.render.openGl.glObject.shader.GlShader::<init>@33 (line 72)
                      ; - com.seibel.distanthorizons.common.render.openGl.glObject.shader.GlShaderProgram::<init>@26 (line 63)
                      ; - com.seibel.distanthorizons.common.render.openGl.glObject.shader.GlShaderProgram::<init>@11 (line 52)
                      ; - com.seibel.distanthorizons.common.render.openGl.generic.GlGenericObjectShaderProgram::<init>@25 (line 57)
                      ; - com.seibel.distanthorizons.common.render.openGl.generic.GlGenericObjectRenderer::init@159 (line 220)
                      ; - com.seibel.distanthorizons.common.render.openGl.generic.GlGenericObjectRenderer::render@22 (line 423)
  0x000078d272b17c18: a43d 63ff 

  0x000078d272b17c1c: ;   {other}
  0x000078d272b17c1c: 0f1f 8400 | 8c37 0077 | 488b 7424 | 4066 6690 

  0x000078d272b17c2c: ;   {optimized virtual_call}
  0x000078d272b17c2c: c5f8 77e8 

  0x000078d272b17c30: ; ImmutableOopMap {rbp=Oop [8]=Derived_oop_rbp [0]=Oop [16]=Oop [40]=Oop [48]=Oop [56]=Oop [64]=Oop [72]=Oop [96]=Oop [128]=Oop [32]=Derived_oop_[128] }
                      ;*invokevirtual isEmpty {reexecute=0 rethrow=0 return_oop=0}
                      ; - com.seibel.distanthorizons.common.render.openGl.glObject.shader.GlShader::<init>@41 (line 73)
                      ; - com.seibel.distanthorizons.common.render.openGl.glObject.shader.GlShaderProgram::<init>@26 (line 63)
                      ; - com.seibel.distanthorizons.common.render.openGl.glObject.shader.GlShaderProgram::<init>@11 (line 52)
                      ; - com.seibel.distanthorizons.common.render.openGl.generic.GlGenericObjectShaderProgram::<init>@25 (line 57)
                      ; - com.seibel.distanthorizons.common.render.openGl.generic.GlGenericObjectRenderer::init@159 (line 220)
                      ; - com.seibel.distanthorizons.common.render.openGl.generic.GlGenericObjectRenderer::render@22 (line 423)
  0x000078d272b17c30: ecf5 8dfd 

  0x000078d272b17c34: ;   {other}
  0x000078d272b17c34: 0f1f 8400 | a437 0078 | 85c0 0f85 | f82c 0000 | be31 8b00 

  0x000078d272b17c48: ;   {oop([B{0x000000065a7a3fd0})}
  0x000078d272b17c48: 0049 bad0 | 3f7a 5a06 | 0000 004c | 8994 2488 | 0000 0090 

  0x000078d272b17c5c: ;   {static_call}
  0x000078d272b17c5c: c5f8 77e8 

  0x000078d272b17c60: ; ImmutableOopMap {rbp=Oop [8]=Derived_oop_rbp [0]=Oop [16]=Oop [40]=Oop [48]=Oop [56]=Oop [64]=Oop [72]=Oop [96]=Oop [136]=Oop [32]=Derived_oop_[136] }
                      ;*invokestatic glCreateShader {reexecute=0 rethrow=0 return_oop=0}
                      ; - org.lwjgl.opengl.GL20::glCreateShader@1 (line 230)
                      ; - com.seibel.distanthorizons.common.render.openGl.glObject.shader.GlShader::<init>@59 (line 79)
                      ; - com.seibel.distanthorizons.common.render.openGl.glObject.shader.GlShaderProgram::<init>@26 (line 63)
                      ; - com.seibel.distanthorizons.common.render.openGl.glObject.shader.GlShaderProgram::<init>@11 (line 52)
                      ; - com.seibel.distanthorizons.common.render.openGl.generic.GlGenericObjectShaderProgram::<init>@25 (line 57)
                      ; - com.seibel.distanthorizons.common.render.openGl.generic.GlGenericObjectRenderer::init@159 (line 220)
                      ; - com.seibel.distanthorizons.common.render.openGl.generic.GlGenericObjectRenderer::render@22 (line 423)
  0x000078d272b17c60: dc86 bdfe 

  0x000078d272b17c64: ;   {other}
  0x000078d272b17c64: 0f1f 8400 | d437 0079 | 8944 2450 | 4c8b 5424 | 4841 8942 | 0c85 c00f | 84ab 2b00 

  0x000078d272b17c80: ;   {oop([B{0x000000065a7a3fd0})}
  0x000078d272b17c80: 0049 bad0 | 3f7a 5a06 | 0000 004c | 8994 2490 | 0000 0090 

  0x000078d272b17c94: ;   {static_call}
  0x000078d272b17c94: c5f8 77e8 

  0x000078d272b17c98: ; ImmutableOopMap {rbp=Oop [8]=Derived_oop_rbp [0]=Oop [16]=Oop [40]=Oop [48]=Oop [56]=Oop [64]=Oop [72]=Oop [96]=Oop [144]=Oop [32]=Derived_oop_[144] }
                      ;*invokestatic stackGet {reexecute=0 rethrow=0 return_oop=1}
                      ; - com.seibel.distanthorizons.common.render.openGl.glObject.shader.GlShader::safeShaderSource@0 (line 122)
                      ; - com.seibel.distanthorizons.common.render.openGl.glObject.shader.GlShader::<init>@92 (line 85)
                      ; - com.seibel.distanthorizons.common.render.openGl.glObject.shader.GlShaderProgram::<init>@26 (line 63)
                      ; - com.seibel.distanthorizons.common.render.openGl.glObject.shader.GlShaderProgram::<init>@11 (line 52)
                      ; - com.seibel.distanthorizons.common.render.openGl.generic.GlGenericObjectShaderProgram::<init>@25 (line 57)
                      ; - com.seibel.distanthorizons.common.render.openGl.generic.GlGenericObjectRenderer::init@159 (line 220)
                      ; - com.seibel.distanthorizons.common.render.openGl.generic.GlGenericObjectRenderer::render@22 (line 423)
  0x000078d272b17c98: a4e8 7efe 

  0x000078d272b17c9c: ;   {other}
  0x000078d272b17c9c: 0f1f 8400 | 0c38 007a | 4889 4424 | 5844 8b58 | 1844 895c | 2454 488b | 7424 40ba | 0100 0000 
  0x000078d272b17cbc: ;   {static_call}
  0x000078d272b17cbc: c5f8 77e8 

  0x000078d272b17cc0: ; ImmutableOopMap {rbp=Oop [8]=Derived_oop_rbp [0]=Oop [16]=Oop [40]=Oop [48]=Oop [56]=Oop [64]=Oop [72]=Oop [88]=Oop [96]=Oop [144]=Oop [32]=Derived_oop_[144] }
                      ;*invokestatic memUTF8 {reexecute=0 rethrow=0 return_oop=1}
                      ; - com.seibel.distanthorizons.common.render.openGl.glObject.shader.GlShader::safeShaderSource@11 (line 127)
                      ; - com.seibel.distanthorizons.common.render.openGl.glObject.shader.GlShader::<init>@92 (line 85)
                      ; - com.seibel.distanthorizons.common.render.openGl.glObject.shader.GlShaderProgram::<init>@26 (line 63)
                      ; - com.seibel.distanthorizons.common.render.openGl.glObject.shader.GlShaderProgram::<init>@11 (line 52)
                      ; - com.seibel.distanthorizons.common.render.openGl.generic.GlGenericObjectShaderProgram::<init>@25 (line 57)
                      ; - com.seibel.distanthorizons.common.render.openGl.generic.GlGenericObjectRenderer::init@159 (line 220)
                      ; - com.seibel.distanthorizons.common.render.openGl.generic.GlGenericObjectRenderer::render@22 (line 423)
  0x000078d272b17cc0: dc0e 17f7 

  0x000078d272b17cc4: ;   {other}
  0x000078d272b17cc4: 0f1f 8400 | 3438 007b | 4889 4424 | 6848 8b74 | 2458 ba01 | 0000 0090 

  0x000078d272b17cdc: ;   {optimized virtual_call}
  0x000078d272b17cdc: c5f8 77e8 

  0x000078d272b17ce0: ; ImmutableOopMap {rbp=Oop [8]=Derived_oop_rbp [0]=Oop [16]=Oop [40]=Oop [48]=Oop [56]=Oop [64]=Oop [72]=Oop [88]=Oop [96]=Oop [104]=Oop [144]=Oop [32]=Derived_oop_[144] }
                      ;*invokevirtual mallocPointer {reexecute=0 rethrow=0 return_oop=1}
                      ; - com.seibel.distanthorizons.common.render.openGl.glObject.shader.GlShader::safeShaderSource@18 (line 128)
                      ; - com.seibel.distanthorizons.common.render.openGl.glObject.shader.GlShader::<init>@92 (line 85)
                      ; - com.seibel.distanthorizons.common.render.openGl.glObject.shader.GlShaderProgram::<init>@26 (line 63)
                      ; - com.seibel.distanthorizons.common.render.openGl.glObject.shader.GlShaderProgram::<init>@11 (line 52)
                      ; - com.seibel.distanthorizons.common.render.openGl.generic.GlGenericObjectShaderProgram::<init>@25 (line 57)
                      ; - com.seibel.distanthorizons.common.render.openGl.generic.GlGenericObjectRenderer::init@159 (line 220)
                      ; - com.seibel.distanthorizons.common.render.openGl.generic.GlGenericObjectRenderer::render@22 (line 423)
  0x000078d272b17ce0: fc5c 60f6 

  0x000078d272b17ce4: ;   {other}
  0x000078d272b17ce4: 0f1f 8400 | 5438 007c | 4889 0424 | 4885 c00f | 846b 2b00 | 0048 8bf0 | 488b 5424 | 6866 6690 
  0x000078d272b17d04: ;   {optimized virtual_call}
  0x000078d272b17d04: c5f8 77e8 

  0x000078d272b17d08: ; ImmutableOopMap {rbp=Oop [8]=Derived_oop_rbp [0]=Oop [16]=Oop [40]=Oop [48]=Oop [56]=Oop [64]=Oop [72]=Oop [88]=Oop [96]=Oop [144]=Oop [32]=Derived_oop_[144] }
                      ;*invokevirtual put {reexecute=0 rethrow=0 return_oop=1}
                      ; - com.seibel.distanthorizons.common.render.openGl.glObject.shader.GlShader::safeShaderSource@27 (line 129)
                      ; - com.seibel.distanthorizons.common.render.openGl.glObject.shader.GlShader::<init>@92 (line 85)
                      ; - com.seibel.distanthorizons.common.render.openGl.glObject.shader.GlShaderProgram::<init>@26 (line 63)
                      ; - com.seibel.distanthorizons.common.render.openGl.glObject.shader.GlShaderProgram::<init>@11 (line 52)
                      ; - com.seibel.distanthorizons.common.render.openGl.generic.GlGenericObjectShaderProgram::<init>@25 (line 57)
                      ; - com.seibel.distanthorizons.common.render.openGl.generic.GlGenericObjectRenderer::init@159 (line 220)
                      ; - com.seibel.distanthorizons.common.render.openGl.generic.GlGenericObjectRenderer::render@22 (line 423)
  0x000078d272b17d08: f412 7ff7 

  0x000078d272b17d0c: ;   {other}
  0x000078d272b17d0c: 0f1f 8400 | 7c38 007d | 4c8b 1424 | 498b 4a10 | 8b74 2450 | ba01 0000 | 0045 33c0 

  0x000078d272b17d28: ;   {static_call}
  0x000078d272b17d28: c5f8 77e8 

  0x000078d272b17d2c: ; ImmutableOopMap {rbp=Oop [8]=Derived_oop_rbp [0]=Oop [16]=Oop [40]=Oop [48]=Oop [56]=Oop [64]=Oop [72]=Oop [88]=Oop [96]=Oop [144]=Oop [32]=Derived_oop_[144] }
                      ;*invokestatic nglShaderSource {reexecute=0 rethrow=0 return_oop=0}
                      ; - com.seibel.distanthorizons.common.render.openGl.glObject.shader.GlShader::safeShaderSource@39 (line 131)
                      ; - com.seibel.distanthorizons.common.render.openGl.glObject.shader.GlShader::<init>@92 (line 85)
                      ; - com.seibel.distanthorizons.common.render.openGl.glObject.shader.GlShaderProgram::<init>@26 (line 63)
                      ; - com.seibel.distanthorizons.common.render.openGl.glObject.shader.GlShaderProgram::<init>@11 (line 52)
                      ; - com.seibel.distanthorizons.common.render.openGl.generic.GlGenericObjectShaderProgram::<init>@25 (line 57)
                      ; - com.seibel.distanthorizons.common.render.openGl.generic.GlGenericObjectRenderer::init@159 (line 220)
                      ; - com.seibel.distanthorizons.common.render.openGl.generic.GlGenericObjectRenderer::render@22 (line 423)
  0x000078d272b17d2c: ee4a 0000 

  0x000078d272b17d30: ;   {other}
  0x000078d272b17d30: 0f1f 8400 | a038 007e | 4c8b 1424 | 498b 7210 | ba01 0000 | 0066 6690 

  0x000078d272b17d48: ;   {static_call}
  0x000078d272b17d48: c5f8 77e8 

  0x000078d272b17d4c: ; ImmutableOopMap {rbp=Oop [8]=Derived_oop_rbp [16]=Oop [40]=Oop [48]=Oop [56]=Oop [64]=Oop [72]=Oop [88]=Oop [96]=Oop [144]=Oop [32]=Derived_oop_[144] }
                      ;*invokestatic apiArrayFree {reexecute=0 rethrow=0 return_oop=0}
                      ; - com.seibel.distanthorizons.common.render.openGl.glObject.shader.GlShader::safeShaderSource@48 (line 132)
                      ; - com.seibel.distanthorizons.common.render.openGl.glObject.shader.GlShader::<init>@92 (line 85)
                      ; - com.seibel.distanthorizons.common.render.openGl.glObject.shader.GlShaderProgram::<init>@26 (line 63)
                      ; - com.seibel.distanthorizons.common.render.openGl.glObject.shader.GlShaderProgram::<init>@11 (line 52)
                      ; - com.seibel.distanthorizons.common.render.openGl.generic.GlGenericObjectShaderProgram::<init>@25 (line 57)
                      ; - com.seibel.distanthorizons.common.render.openGl.generic.GlGenericObjectRenderer::init@159 (line 220)
                      ; - com.seibel.distanthorizons.common.render.openGl.generic.GlGenericObjectRenderer::render@22 (line 423)
  0x000078d272b17d4c: 924a 0000 

  0x000078d272b17d50: ;   {other}
  0x000078d272b17d50: 0f1f 8400 | c038 007f | 488b 7424 | 588b 5424 | 544c 8b54 | 2430 4c89 | 1424 6690 

  0x000078d272b17d6c: ;   {optimized virtual_call}
  0x000078d272b17d6c: c5f8 77e8 

  0x000078d272b17d70: ; ImmutableOopMap {rbp=Oop [8]=Derived_oop_rbp [0]=Oop [16]=Oop [40]=Oop [48]=Oop [56]=Oop [64]=Oop [72]=Oop [96]=Oop [144]=Oop [32]=Derived_oop_[144] }
                      ;*invokevirtual setPointer {reexecute=0 rethrow=0 return_oop=0}
                      ; - com.seibel.distanthorizons.common.render.openGl.glObject.shader.GlShader::safeShaderSource@53 (line 136)
                      ; - com.seibel.distanthorizons.common.render.openGl.glObject.shader.GlShader::<init>@92 (line 85)
                      ; - com.seibel.distanthorizons.common.render.openGl.glObject.shader.GlShaderProgram::<init>@26 (line 63)
                      ; - com.seibel.distanthorizons.common.render.openGl.glObject.shader.GlShaderProgram::<init>@11 (line 52)
                      ; - com.seibel.distanthorizons.common.render.openGl.generic.GlGenericObjectShaderProgram::<init>@25 (line 57)
                      ; - com.seibel.distanthorizons.common.render.openGl.generic.GlGenericObjectRenderer::init@159 (line 220)
                      ; - com.seibel.distanthorizons.common.render.openGl.generic.GlGenericObjectRenderer::render@22 (line 423)
  0x000078d272b17d70: cc32 31ff 

  0x000078d272b17d74: ;   {other}
  0x000078d272b17d74: 0f1f 8400 | e438 0080 | 4c8b 5424 | 4841 8b72 | 0c66 6690 

  0x000078d272b17d88: ;   {static_call}
  0x000078d272b17d88: c5f8 77e8 

  0x000078d272b17d8c: ; ImmutableOopMap {rbp=Oop [8]=Derived_oop_rbp [0]=Oop [16]=Oop [40]=Oop [48]=Oop [56]=Oop [64]=Oop [72]=Oop [96]=Oop [144]=Oop [32]=Derived_oop_[144] }
                      ;*invokestatic glCompileShader {reexecute=0 rethrow=0 return_oop=0}
                      ; - org.lwjgl.opengl.GL20::glCompileShader@1 (line 372)
                      ; - com.seibel.distanthorizons.common.render.openGl.glObject.shader.GlShader::<init>@99 (line 86)
                      ; - com.seibel.distanthorizons.common.render.openGl.glObject.shader.GlShaderProgram::<init>@26 (line 63)
                      ; - com.seibel.distanthorizons.common.render.openGl.glObject.shader.GlShaderProgram::<init>@11 (line 52)
                      ; - com.seibel.distanthorizons.common.render.openGl.generic.GlGenericObjectShaderProgram::<init>@25 (line 57)
                      ; - com.seibel.distanthorizons.common.render.openGl.generic.GlGenericObjectRenderer::init@159 (line 220)
                      ; - com.seibel.distanthorizons.common.render.openGl.generic.GlGenericObjectRenderer::render@22 (line 423)
  0x000078d272b17d8c: b08d bdfe 

  0x000078d272b17d90: ;   {other}
  0x000078d272b17d90: 0f1f 8400 | 0039 0081 | 4c8b 5424 | 4841 8b72 | 0cba 818b | 0000 6690 

  0x000078d272b17da8: ;   {static_call}
  0x000078d272b17da8: c5f8 77e8 

  0x000078d272b17dac: ; ImmutableOopMap {rbp=Oop [8]=Derived_oop_rbp [0]=Oop [16]=Oop [40]=Oop [48]=Oop [56]=Oop [64]=Oop [72]=Oop [96]=Oop [144]=Oop [32]=Derived_oop_[144] }
                      ;*invokestatic glGetShaderi {reexecute=0 rethrow=0 return_oop=0}
                      ; - org.lwjgl.opengl.GL20::glGetShaderi@2 (line 824)
                      ; - com.seibel.distanthorizons.common.render.openGl.glObject.shader.GlShader::<init>@108 (line 88)
                      ; - com.seibel.distanthorizons.common.render.openGl.glObject.shader.GlShaderProgram::<init>@26 (line 63)
                      ; - com.seibel.distanthorizons.common.render.openGl.glObject.shader.GlShaderProgram::<init>@11 (line 52)
                      ; - com.seibel.distanthorizons.common.render.openGl.generic.GlGenericObjectShaderProgram::<init>@25 (line 57)
                      ; - com.seibel.distanthorizons.common.render.openGl.generic.GlGenericObjectRenderer::init@159 (line 220)
                      ; - com.seibel.distanthorizons.common.render.openGl.generic.GlGenericObjectRenderer::render@22 (line 423)
  0x000078d272b17dac: f0d8 c2f6 

  0x000078d272b17db0: ;   {other}
  0x000078d272b17db0: 0f1f 8400 | 2039 0082 | 83f8 010f | 846b 0300 | 0048 8b6c | 2448 8b75 | 0c66 6690 

  0x000078d272b17dcc: ;   {static_call}
  0x000078d272b17dcc: c5f8 77e8 

  0x000078d272b17dd0: ; ImmutableOopMap {rbp=Oop [0]=Oop [16]=Oop [40]=Oop [56]=Oop [64]=Oop [96]=Oop }
                      ;*invokestatic glGetShaderInfoLog {reexecute=0 rethrow=0 return_oop=1}
                      ; - com.seibel.distanthorizons.common.render.openGl.glObject.shader.GlShader::<init>@121 (line 92)
                      ; - com.seibel.distanthorizons.common.render.openGl.glObject.shader.GlShaderProgram::<init>@26 (line 63)
                      ; - com.seibel.distanthorizons.common.render.openGl.glObject.shader.GlShaderProgram::<init>@11 (line 52)
                      ; - com.seibel.distanthorizons.common.render.openGl.generic.GlGenericObjectShaderProgram::<init>@25 (line 57)
                      ; - com.seibel.distanthorizons.common.render.openGl.generic.GlGenericObjectRenderer::init@159 (line 220)
                      ; - com.seibel.distanthorizons.common.render.openGl.generic.GlGenericObjectRenderer::render@22 (line 423)
  0x000078d272b17dd0: ac63 19fd 

  0x000078d272b17dd4: ;   {other}
  0x000078d272b17dd4: 0f1f 8400 | 4439 0083 | bead ffff | ff4c 8b5c | 2428 4c89 | 5c24 084c | 8b5c 2460 | 4c89 5c24 
  0x000078d272b17df4: 2048 8944 | 2460 6690 

  0x000078d272b17dfc: ;   {runtime_call UncommonTrapBlob}
  0x000078d272b17dfc: c5f8 77e8 

  0x000078d272b17e00: ; ImmutableOopMap {rbp=Oop [0]=Oop [8]=Oop [16]=Oop [32]=Oop [56]=Oop [64]=Oop [96]=Oop }
                      ;*invokedynamic {reexecute=0 rethrow=0 return_oop=0}
                      ; - com.seibel.distanthorizons.common.render.openGl.glObject.shader.GlShader::<init>@124 (line 92)
                      ; - com.seibel.distanthorizons.common.render.openGl.glObject.shader.GlShaderProgram::<init>@26 (line 63)
                      ; - com.seibel.distanthorizons.common.render.openGl.glObject.shader.GlShaderProgram::<init>@11 (line 52)
                      ; - com.seibel.distanthorizons.common.render.openGl.generic.GlGenericObjectShaderProgram::<init>@25 (line 57)
                      ; - com.seibel.distanthorizons.common.render.openGl.generic.GlGenericObjectRenderer::init@159 (line 220)
                      ; - com.seibel.distanthorizons.common.render.openGl.generic.GlGenericObjectRenderer::render@22 (line 423)
  0x000078d272b17e00: 7ce7 19fd 

  0x000078d272b17e04: ;   {other}
  0x000078d272b17e04: 0f1f 8400 | 7439 0084 | 49ba 0000 | 0000 0100 | 0000 4c8b | 9c24 a800 | 0000 4d0b | da4c 899c 
  0x000078d272b17e24: 24a8 0000 | 00e9 21e6 | ffff 488b | 7424 5848 | 8b94 2488 | 0000 0041 | b801 0000 

  0x000078d272b17e40: ;   {oop([B{0x000000065a7a3fd0})}
  0x000078d272b17e40: 0049 bad0 | 3f7a 5a06 | 0000 004c | 8994 24a0 | 0000 0090 

  0x000078d272b17e54: ;   {optimized virtual_call}
  0x000078d272b17e54: c5f8 77e8 

  0x000078d272b17e58: ; ImmutableOopMap {rbp=Oop [8]=Derived_oop_rbp [16]=Oop [40]=Oop [48]=Oop [72]=Oop [80]=Oop [88]=Oop [96]=Oop [136]=Oop [160]=Oop [32]=Derived_oop_[160] }
                      ;*invokevirtual getBytes {reexecute=0 rethrow=0 return_oop=0}
                      ; - java.lang.StringConcatHelper::prepend@32 (line 326)
                      ; - java.lang.StringConcatHelper::prepend@3 (line 343)
                      ; - java.lang.invoke.DirectMethodHandle$Holder::invokeStatic@17
                      ; - java.lang.invoke.LambdaForm$MH/0x000078d20810cc00::invoke@28
                      ; - java.lang.invoke.LambdaForm$MH/0x000078d208291800::invoke@70
                      ; - java.lang.invoke.Invokers$Holder::linkToTargetMethod@5
                      ; - com.seibel.distanthorizons.common.render.openGl.glObject.shader.GlShader::<init>@24 (line 72)
                      ; - com.seibel.distanthorizons.common.render.openGl.glObject.shader.GlShaderProgram::<init>@63 (line 70)
                      ; - com.seibel.distanthorizons.common.render.openGl.glObject.shader.GlShaderProgram::<init>@11 (line 52)
                      ; - com.seibel.distanthorizons.common.render.openGl.generic.GlGenericObjectShaderProgram::<init>@25 (line 57)
                      ; - com.seibel.distanthorizons.common.render.openGl.generic.GlGenericObjectRenderer::init@147 (line 219)
                      ; - com.seibel.distanthorizons.common.render.openGl.generic.GlGenericObjectRenderer::render@22 (line 423)
  0x000078d272b17e58: 2459 19fd 

  0x000078d272b17e5c: ;   {other}
  0x000078d272b17e5c: 0f1f 8400 | cc39 0085 | e9b1 e7ff 

  0x000078d272b17e68: ;   {oop("Source: \x0A["{0x000000065a7a40e8})}
  0x000078d272b17e68: ff48 bee8 | 407a 5a06 | 0000 0048 | 8b94 2488 | 0000 0041 | b801 0000 | 004c 8b54 | 2430 4c89 
  0x000078d272b17e88: ;   {oop([B{0x000000065a7a3fd0})}
  0x000078d272b17e88: 1424 49ba | d03f 7a5a | 0600 0000 | 4c89 9424 | 9800 0000 

  0x000078d272b17e9c: ;   {optimized virtual_call}
  0x000078d272b17e9c: c5f8 77e8 

  0x000078d272b17ea0: ; ImmutableOopMap {rbp=Oop [8]=Derived_oop_rbp [0]=Oop [16]=Oop [40]=Oop [48]=Oop [72]=Oop [80]=Oop [88]=Oop [96]=Oop [136]=Oop [152]=Oop [32]=Derived_oop_[152] }
                      ;*invokevirtual getBytes {reexecute=0 rethrow=0 return_oop=0}
                      ; - java.lang.StringConcatHelper::prepend@32 (line 326)
                      ; - java.lang.StringConcatHelper::prepend@16 (line 344)
                      ; - java.lang.invoke.DirectMethodHandle$Holder::invokeStatic@17
                      ; - java.lang.invoke.LambdaForm$MH/0x000078d20810cc00::invoke@28
                      ; - java.lang.invoke.LambdaForm$MH/0x000078d208291800::invoke@70
                      ; - java.lang.invoke.Invokers$Holder::linkToTargetMethod@5
                      ; - com.seibel.distanthorizons.common.render.openGl.glObject.shader.GlShader::<init>@24 (line 72)
                      ; - com.seibel.distanthorizons.common.render.openGl.glObject.shader.GlShaderProgram::<init>@63 (line 70)
                      ; - com.seibel.distanthorizons.common.render.openGl.glObject.shader.GlShaderProgram::<init>@11 (line 52)
                      ; - com.seibel.distanthorizons.common.render.openGl.generic.GlGenericObjectShaderProgram::<init>@25 (line 57)
                      ; - com.seibel.distanthorizons.common.render.openGl.generic.GlGenericObjectRenderer::init@147 (line 219)
                      ; - com.seibel.distanthorizons.common.render.openGl.generic.GlGenericObjectRenderer::render@22 (line 423)
  0x000078d272b17ea0: dc58 19fd 

  0x000078d272b17ea4: ;   {other}
  0x000078d272b17ea4: 0f1f 8400 | 143a 0086 | e9e4 e7ff 

  0x000078d272b17eb0: ;   {oop("]"{0x000000065a7a4090})}
  0x000078d272b17eb0: ff48 be90 | 407a 5a06 | 0000 0048 | 8bd0 8b8c | 2480 0000 | 0041 b801 | 0000 004c | 8b54 2430 
  0x000078d272b17ed0: 4c89 5424 

  0x000078d272b17ed4: ;   {oop([B{0x000000065a7a3fd0})}
  0x000078d272b17ed4: 0848 bdd0 | 3f7a 5a06 | 0000 0090 

  0x000078d272b17ee0: ;   {optimized virtual_call}
  0x000078d272b17ee0: c5f8 77e8 

  0x000078d272b17ee4: ; ImmutableOopMap {rbp=Oop [32]=Derived_oop_rbp [8]=Oop [16]=Oop [40]=Oop [48]=Oop [72]=Oop [80]=Oop [88]=Oop [96]=Oop [136]=Oop }
                      ;*invokevirtual getBytes {reexecute=0 rethrow=0 return_oop=0}
                      ; - java.lang.StringConcatHelper::newArrayWithSuffix@35 (line 493)
                      ; - java.lang.invoke.DirectMethodHandle$Holder::invokeStatic@13
                      ; - java.lang.invoke.LambdaForm$MH/0x000078d208290000::invoke@23
                      ; - java.lang.invoke.LambdaForm$MH/0x000078d208291800::invoke@49
                      ; - java.lang.invoke.Invokers$Holder::linkToTargetMethod@5
                      ; - com.seibel.distanthorizons.common.render.openGl.glObject.shader.GlShader::<init>@24 (line 72)
                      ; - com.seibel.distanthorizons.common.render.openGl.glObject.shader.GlShaderProgram::<init>@26 (line 63)
                      ; - com.seibel.distanthorizons.common.render.openGl.glObject.shader.GlShaderProgram::<init>@11 (line 52)
                      ; - com.seibel.distanthorizons.common.render.openGl.generic.GlGenericObjectShaderProgram::<init>@25 (line 57)
                      ; - com.seibel.distanthorizons.common.render.openGl.generic.GlGenericObjectRenderer::init@147 (line 219)
                      ; - com.seibel.distanthorizons.common.render.openGl.generic.GlGenericObjectRenderer::render@22 (line 423)
  0x000078d272b17ee4: 9858 19fd 

  0x000078d272b17ee8: ;   {other}
  0x000078d272b17ee8: 0f1f 8400 | 583a 0087 | 4c8b 5c24 | 5845 8b53 | 1445 85d2 | 0f84 8e2d | 0000 4489 | 5424 7845 
  0x000078d272b17f08: 0fbe 5b10 | 4489 1c24 | e908 ddff | ff49 ba00 | 0000 0001 | 0000 004c | 8b9c 2490 | 0000 004d 
  0x000078d272b17f28: 3bda 0f85 | 902d 0000 | 498b 87b8 | 0100 004c | 8bd0 4983 | c218 4d3b | 97c8 0100 | 000f 83fb 
  0x000078d272b17f48: 2200 004d | 8997 b801 | 0000 410f | 1882 0001 | 0000 48c7 | 0001 0000 

  0x000078d272b17f60: ;   {metadata('java/lang/String')}
  0x000078d272b17f60: 00c7 4008 | 78e8 0000 | 4489 600c | 48c7 4010 | 0100 0000 | 448b 5c24 | 1c44 8958 | 1448 8904 
  0x000078d272b17f80: 24e9 91e7 

  0x000078d272b17f84: ;   {metadata('com/seibel/distanthorizons/common/render/openGl/generic/GlGenericObjectShaderProgram')}
  0x000078d272b17f84: ffff 48be | 98ed b209 | d278 0000 

  0x000078d272b17f90: ;   {runtime_call _new_instance_Java}
  0x000078d272b17f90: c5f8 77e8 

  0x000078d272b17f94: ; ImmutableOopMap {rbp=Oop [0]=Oop [40]=Oop [56]=Oop }
                      ;*new {reexecute=0 rethrow=0 return_oop=1}
                      ; - com.seibel.distanthorizons.common.render.openGl.generic.GlGenericObjectRenderer::init@142 (line 219)
                      ; - com.seibel.distanthorizons.common.render.openGl.generic.GlGenericObjectRenderer::render@22 (line 423)
  0x000078d272b17f94: e8b6 26fd 

  0x000078d272b17f98: ;   {other}
  0x000078d272b17f98: 0f1f 8400 | 083b 0088 | 4c8b d8e9 | a0d8 ffff 

  0x000078d272b17fa8: ;   {metadata('com/seibel/distanthorizons/common/render/openGl/glObject/shader/GlShader')}
  0x000078d272b17fa8: 48be c8c6 | b209 d278 | 0000 4c8b | 5424 204c | 8954 2408 

  0x000078d272b17fbc: ;   {runtime_call _new_instance_Java}
  0x000078d272b17fbc: c5f8 77e8 

  0x000078d272b17fc0: ; ImmutableOopMap {rbp=Oop [0]=Oop [8]=Oop [16]=Oop [40]=Oop [48]=Oop [96]=Oop }
                      ;*new {reexecute=0 rethrow=0 return_oop=1}
                      ; - com.seibel.distanthorizons.common.render.openGl.glObject.shader.GlShaderProgram::<init>@18 (line 63)
                      ; - com.seibel.distanthorizons.common.render.openGl.glObject.shader.GlShaderProgram::<init>@11 (line 52)
                      ; - com.seibel.distanthorizons.common.render.openGl.generic.GlGenericObjectShaderProgram::<init>@25 (line 57)
                      ; - com.seibel.distanthorizons.common.render.openGl.generic.GlGenericObjectRenderer::init@147 (line 219)
                      ; - com.seibel.distanthorizons.common.render.openGl.generic.GlGenericObjectRenderer::render@22 (line 423)
  0x000078d272b17fc0: bcb6 26fd 

  0x000078d272b17fc4: ;   {other}
  0x000078d272b17fc4: 0f1f 8400 | 343b 0089 | e91b d9ff | ff48 8944 | 2450 4889 

  0x000078d272b17fd8: ;   {metadata({type array byte})}
  0x000078d272b17fd8: 6c24 4848 | be18 2300 | 07d2 7800 | 00ba 2100 | 0000 488b | 6c24 3090 

  0x000078d272b17ff0: ;   {runtime_call _new_array_Java}
  0x000078d272b17ff0: c5f8 77e8 

  0x000078d272b17ff4: ; ImmutableOopMap {rbp=Oop [0]=Oop [16]=Oop [40]=Oop [48]=Oop [72]=Oop [80]=Oop [96]=Oop }
                      ;*invokevirtual allocateUninitializedArray0 {reexecute=0 rethrow=0 return_oop=1}
                      ; - jdk.internal.misc.Unsafe::allocateUninitializedArray@51 (line 1380)
                      ; - java.lang.StringConcatHelper::newArray@33 (line 511)
                      ; - java.lang.StringConcatHelper::newArrayWithSuffix@7 (line 489)
                      ; - java.lang.invoke.DirectMethodHandle$Holder::invokeStatic@13
                      ; - java.lang.invoke.LambdaForm$MH/0x000078d208290000::invoke@23
                      ; - java.lang.invoke.LambdaForm$MH/0x000078d2081d9400::invoke@31
                      ; - java.lang.invoke.Invokers$Holder::linkToTargetMethod@5
                      ; - com.seibel.distanthorizons.common.render.openGl.glObject.shader.GlShader::<init>@8 (line 71)
                      ; - com.seibel.distanthorizons.common.render.openGl.glObject.shader.GlShaderProgram::<init>@26 (line 63)
                      ; - com.seibel.distanthorizons.common.render.openGl.glObject.shader.GlShaderProgram::<init>@11 (line 52)
                      ; - com.seibel.distanthorizons.common.render.openGl.generic.GlGenericObjectShaderProgram::<init>@25 (line 57)
                      ; - com.seibel.distanthorizons.common.render.openGl.generic.GlGenericObjectRenderer::init@147 (line 219)
                      ; - com.seibel.distanthorizons.common.render.openGl.generic.GlGenericObjectRenderer::render@22 (line 423)
  0x000078d272b17ff4: 08dc 26fd 

  0x000078d272b17ff8: ;   {other}
  0x000078d272b17ff8: 0f1f 8400 | 683b 008a | 4c8b c0e9 | 3fd9 ffff 

  0x000078d272b18008: ;   {metadata('java/lang/String')}
  0x000078d272b18008: 48be 78e8 | 0007 d278 

  0x000078d272b18010: ;   {oop([B{0x000000065a7a3fd0})}
  0x000078d272b18010: 0000 48bd | d03f 7a5a | 0600 0000 

  0x000078d272b1801c: ;   {runtime_call _new_instance_Java}
  0x000078d272b1801c: c5f8 77e8 

  0x000078d272b18020: ; ImmutableOopMap {rbp=Oop [32]=Derived_oop_rbp [0]=Oop [8]=Oop [16]=Oop [40]=Oop [48]=Oop [72]=Oop [80]=Oop [96]=Oop }
                      ;*new {reexecute=0 rethrow=0 return_oop=1}
                      ; - java.lang.StringConcatHelper::newString@6 (line 400)
                      ; - java.lang.invoke.DirectMethodHandle$Holder::invokeStatic@13
                      ; - java.lang.invoke.LambdaForm$MH/0x000078d2081d9400::invoke@71
                      ; - java.lang.invoke.Invokers$Holder::linkToTargetMethod@5
                      ; - com.seibel.distanthorizons.common.render.openGl.glObject.shader.GlShader::<init>@8 (line 71)
                      ; - com.seibel.distanthorizons.common.render.openGl.glObject.shader.GlShaderProgram::<init>@26 (line 63)
                      ; - com.seibel.distanthorizons.common.render.openGl.glObject.shader.GlShaderProgram::<init>@11 (line 52)
                      ; - com.seibel.distanthorizons.common.render.openGl.generic.GlGenericObjectShaderProgram::<init>@25 (line 57)
                      ; - com.seibel.distanthorizons.common.render.openGl.generic.GlGenericObjectRenderer::init@147 (line 219)
                      ; - com.seibel.distanthorizons.common.render.openGl.generic.GlGenericObjectRenderer::render@22 (line 423)
  0x000078d272b18020: 5cb6 26fd 

  0x000078d272b18024: ;   {other}
  0x000078d272b18024: 0f1f 8400 | 943b 008b | 4c8b c0e9 | 1cda ffff | 4c89 4424 

  0x000078d272b18038: ;   {metadata('java/lang/Object'[])}
  0x000078d272b18038: 0848 be70 | 1200 07d2 | 7800 0033 

  0x000078d272b18044: ;   {oop([B{0x000000065a7a3fd0})}
  0x000078d272b18044: d248 bdd0 | 3f7a 5a06 | 0000 0090 

  0x000078d272b18050: ;   {runtime_call _new_array_Java}
  0x000078d272b18050: c5f8 77e8 

  0x000078d272b18054: ; ImmutableOopMap {rbp=Oop [32]=Derived_oop_rbp [0]=Oop [8]=Oop [16]=Oop [40]=Oop [48]=Oop [72]=Oop [80]=Oop [96]=Oop }
                      ;*anewarray {reexecute=0 rethrow=0 return_oop=1}
                      ; - com.seibel.distanthorizons.common.render.openGl.glObject.shader.GlShader::<init>@14 (line 71)
                      ; - com.seibel.distanthorizons.common.render.openGl.glObject.shader.GlShaderProgram::<init>@26 (line 63)
                      ; - com.seibel.distanthorizons.common.render.openGl.glObject.shader.GlShaderProgram::<init>@11 (line 52)
                      ; - com.seibel.distanthorizons.common.render.openGl.generic.GlGenericObjectShaderProgram::<init>@25 (line 57)
                      ; - com.seibel.distanthorizons.common.render.openGl.generic.GlGenericObjectRenderer::init@147 (line 219)
                      ; - com.seibel.distanthorizons.common.render.openGl.generic.GlGenericObjectRenderer::render@22 (line 423)
  0x000078d272b18054: a8db 26fd 

  0x000078d272b18058: ;   {other}
  0x000078d272b18058: 0f1f 8400 | c83b 008c | 488b c8e9 | 49da ffff 

  0x000078d272b18068: ;   {metadata({type array byte})}
  0x000078d272b18068: 48be 1823 | 0007 d278 | 0000 8bd5 | 4c8b 5424 | 304c 8954 

  0x000078d272b1807c: ;   {oop([B{0x000000065a7a3fd0})}
  0x000078d272b1807c: 2408 48bd | d03f 7a5a | 0600 0000 

  0x000078d272b18088: ;   {runtime_call _new_array_Java}
  0x000078d272b18088: c5f8 77e8 

  0x000078d272b1808c: ; ImmutableOopMap {rbp=Oop [32]=Derived_oop_rbp [8]=Oop [16]=Oop [40]=Oop [48]=Oop [72]=Oop [80]=Oop [88]=Oop [96]=Oop [120]=NarrowOop }
                      ;*invokevirtual allocateUninitializedArray0 {reexecute=0 rethrow=0 return_oop=1}
                      ; - jdk.internal.misc.Unsafe::allocateUninitializedArray@51 (line 1380)
                      ; - java.lang.StringConcatHelper::newArray@33 (line 511)
                      ; - java.lang.StringConcatHelper::newArrayWithSuffix@7 (line 489)
                      ; - java.lang.invoke.DirectMethodHandle$Holder::invokeStatic@13
                      ; - java.lang.invoke.LambdaForm$MH/0x000078d208290000::invoke@23
                      ; - java.lang.invoke.LambdaForm$MH/0x000078d208291800::invoke@49
                      ; - java.lang.invoke.Invokers$Holder::linkToTargetMethod@5
                      ; - com.seibel.distanthorizons.common.render.openGl.glObject.shader.GlShader::<init>@24 (line 72)
                      ; - com.seibel.distanthorizons.common.render.openGl.glObject.shader.GlShaderProgram::<init>@26 (line 63)
                      ; - com.seibel.distanthorizons.common.render.openGl.glObject.shader.GlShaderProgram::<init>@11 (line 52)
                      ; - com.seibel.distanthorizons.common.render.openGl.generic.GlGenericObjectShaderProgram::<init>@25 (line 57)
                      ; - com.seibel.distanthorizons.common.render.openGl.generic.GlGenericObjectRenderer::init@147 (line 219)
                      ; - com.seibel.distanthorizons.common.render.openGl.generic.GlGenericObjectRenderer::render@22 (line 423)
  0x000078d272b1808c: 70db 26fd 

  0x000078d272b18090: ;   {other}
  0x000078d272b18090: 0f1f 8400 | 003c 008d | e933 dbff 

  0x000078d272b1809c: ;   {metadata('java/lang/Object'[])}
  0x000078d272b1809c: ff48 be70 | 1200 07d2 | 7800 0033 

  0x000078d272b180a8: ;   {oop([B{0x000000065a7a4100})}
  0x000078d272b180a8: d248 bd00 | 417a 5a06 

  0x000078d272b180b0: ;   {oop([B{0x000000065a7a3fd0})}
  0x000078d272b180b0: 0000 0049 | bad0 3f7a | 5a06 0000 | 004c 8994 | 2488 0000 | 0066 6690 

  0x000078d272b180c8: ;   {runtime_call _new_array_Java}
  0x000078d272b180c8: c5f8 77e8 

  0x000078d272b180cc: ; ImmutableOopMap {rbp=Oop [8]=Derived_oop_rbp [0]=Oop [16]=Oop [40]=Oop [48]=Oop [72]=Oop [80]=Oop [88]=Oop [96]=Oop [136]=Oop [32]=Derived_oop_[136] }
                      ;*anewarray {reexecute=0 rethrow=0 return_oop=1}
                      ; - com.seibel.distanthorizons.common.render.openGl.glObject.shader.GlShader::<init>@30 (line 72)
                      ; - com.seibel.distanthorizons.common.render.openGl.glObject.shader.GlShaderProgram::<init>@26 (line 63)
                      ; - com.seibel.distanthorizons.common.render.openGl.glObject.shader.GlShaderProgram::<init>@11 (line 52)
                      ; - com.seibel.distanthorizons.common.render.openGl.generic.GlGenericObjectShaderProgram::<init>@25 (line 57)
                      ; - com.seibel.distanthorizons.common.render.openGl.generic.GlGenericObjectRenderer::init@147 (line 219)
                      ; - com.seibel.distanthorizons.common.render.openGl.generic.GlGenericObjectRenderer::render@22 (line 423)
  0x000078d272b180cc: 30db 26fd 

  0x000078d272b180d0: ;   {other}
  0x000078d272b180d0: 0f1f 8400 | 403c 008e | 488b c8e9 | 37dd ffff 

  0x000078d272b180e0: ;   {metadata('java/lang/String')}
  0x000078d272b180e0: 48be 78e8 | 0007 d278 | 0000 4c8b | 9424 8800 | 0000 4c89 

  0x000078d272b180f4: ;   {oop([B{0x000000065a7a4100})}
  0x000078d272b180f4: 1424 48bd | 0041 7a5a | 0600 0000 

  0x000078d272b18100: ;   {oop([B{0x000000065a7a3fd0})}
  0x000078d272b18100: 49ba d03f | 7a5a 0600 | 0000 4c89 | 9424 8800 | 0000 6690 

  0x000078d272b18114: ;   {runtime_call _new_instance_Java}
  0x000078d272b18114: c5f8 77e8 

  0x000078d272b18118: ; ImmutableOopMap {rbp=Oop [8]=Derived_oop_rbp [0]=Oop [16]=Oop [28]=NarrowOop [40]=Oop [48]=Oop [72]=Oop [80]=Oop [88]=Oop [96]=Oop [136]=Oop [32]=Derived_oop_[136] }
                      ;*new {reexecute=0 rethrow=0 return_oop=1}
                      ; - java.lang.StringConcatHelper::newString@6 (line 400)
                      ; - java.lang.invoke.DirectMethodHandle$Holder::invokeStatic@13
                      ; - java.lang.invoke.LambdaForm$MH/0x000078d208291800::invoke@90
                      ; - java.lang.invoke.Invokers$Holder::linkToTargetMethod@5
                      ; - com.seibel.distanthorizons.common.render.openGl.glObject.shader.GlShader::<init>@24 (line 72)
                      ; - com.seibel.distanthorizons.common.render.openGl.glObject.shader.GlShaderProgram::<init>@26 (line 63)
                      ; - com.seibel.distanthorizons.common.render.openGl.glObject.shader.GlShaderProgram::<init>@11 (line 52)
                      ; - com.seibel.distanthorizons.common.render.openGl.generic.GlGenericObjectShaderProgram::<init>@25 (line 57)
                      ; - com.seibel.distanthorizons.common.render.openGl.generic.GlGenericObjectRenderer::init@147 (line 219)
                      ; - com.seibel.distanthorizons.common.render.openGl.generic.GlGenericObjectRenderer::render@22 (line 423)
  0x000078d272b18118: 64b5 26fd 

  0x000078d272b1811c: ;   {other}
  0x000078d272b1811c: 0f1f 8400 | 8c3c 008f | 4c8b c0e9 | 93dc ffff | 498b 87b8 | 0100 004c | 8bd0 4983 | c210 4d3b 
  0x000078d272b1813c: 97c8 0100 | 000f 833e | 2100 004d | 8997 b801 | 0000 410f | 1882 0001 | 0000 48c7 | 0001 0000 
  0x000078d272b1815c: 0041 0f18 | 8240 0100 

  0x000078d272b18164: ;   {metadata('java/lang/Object'[])}
  0x000078d272b18164: 00c7 4008 | 7012 0000 | 410f 1882 | 8001 0000 | 4489 600c 

  0x000078d272b18178: ;   {oop(a 'com/seibel/distanthorizons/core/logging/DhLogger'{0x000000065a7a3ea8})}
  0x000078d272b18178: 488b c848 | bea8 3e7a | 5a06 0000 

  0x000078d272b18184: ;   {oop("Shader loaded sucessfully."{0x000000065a7a3e90})}
  0x000078d272b18184: 0048 ba90 | 3e7a 5a06 | 0000 0090 

  0x000078d272b18190: ;   {optimized virtual_call}
  0x000078d272b18190: c5f8 77e8 

  0x000078d272b18194: ; ImmutableOopMap {rbp=Oop [8]=Derived_oop_rbp [0]=Oop [16]=Oop [40]=Oop [48]=Oop [56]=Oop [72]=Oop [96]=Oop [144]=Oop [32]=Derived_oop_[144] }
                      ;*invokevirtual info {reexecute=0 rethrow=0 return_oop=0}
                      ; - com.seibel.distanthorizons.common.render.openGl.glObject.shader.GlShader::<init>@164 (line 97)
                      ; - com.seibel.distanthorizons.common.render.openGl.glObject.shader.GlShaderProgram::<init>@26 (line 63)
                      ; - com.seibel.distanthorizons.common.render.openGl.glObject.shader.GlShaderProgram::<init>@11 (line 52)
                      ; - com.seibel.distanthorizons.common.render.openGl.generic.GlGenericObjectShaderProgram::<init>@25 (line 57)
                      ; - com.seibel.distanthorizons.common.render.openGl.generic.GlGenericObjectRenderer::init@159 (line 220)
                      ; - com.seibel.distanthorizons.common.render.openGl.generic.GlGenericObjectRenderer::render@22 (line 423)
  0x000078d272b18194: c839 41f6 

  0x000078d272b18198: ;   {other}
  0x000078d272b18198: 0f1f 8400 | 083d 0090 | 4c8b 5424 | 4841 8b52 | 0c4c 8b54 | 2438 418b | 720c 6690 

  0x000078d272b181b4: ;   {static_call}
  0x000078d272b181b4: c5f8 77e8 

  0x000078d272b181b8: ; ImmutableOopMap {rbp=Oop [8]=Derived_oop_rbp [0]=Oop [16]=Oop [40]=Oop [48]=Oop [56]=Oop [72]=Oop [96]=Oop [144]=Oop [32]=Derived_oop_[144] }
                      ;*invokestatic glAttachShader {reexecute=0 rethrow=0 return_oop=0}
                      ; - org.lwjgl.opengl.GL20::glAttachShader@2 (line 283)
                      ; - com.seibel.distanthorizons.common.render.openGl.glObject.shader.GlShaderProgram::<init>@40 (line 64)
                      ; - com.seibel.distanthorizons.common.render.openGl.glObject.shader.GlShaderProgram::<init>@11 (line 52)
                      ; - com.seibel.distanthorizons.common.render.openGl.generic.GlGenericObjectShaderProgram::<init>@25 (line 57)
                      ; - com.seibel.distanthorizons.common.render.openGl.generic.GlGenericObjectRenderer::init@159 (line 220)
                      ; - com.seibel.distanthorizons.common.render.openGl.generic.GlGenericObjectRenderer::render@22 (line 423)
  0x000078d272b181b8: 0415 7ffe 

  0x000078d272b181bc: ;   {other}
  0x000078d272b181bc: 0f1f 8400 | 2c3d 0091 | 488b 7424 | 4866 6690 

  0x000078d272b181cc: ;   {optimized virtual_call}
  0x000078d272b181cc: c5f8 77e8 

  0x000078d272b181d0: ; ImmutableOopMap {rbp=Oop [8]=Derived_oop_rbp [0]=Oop [16]=Oop [40]=Oop [48]=Oop [56]=Oop [96]=Oop [144]=Oop [32]=Derived_oop_[144] }
                      ;*invokevirtual free {reexecute=0 rethrow=0 return_oop=0}
                      ; - com.seibel.distanthorizons.common.render.openGl.glObject.shader.GlShaderProgram::<init>@45 (line 65)
                      ; - com.seibel.distanthorizons.common.render.openGl.glObject.shader.GlShaderProgram::<init>@11 (line 52)
                      ; - com.seibel.distanthorizons.common.render.openGl.generic.GlGenericObjectShaderProgram::<init>@25 (line 57)
                      ; - com.seibel.distanthorizons.common.render.openGl.generic.GlGenericObjectRenderer::init@159 (line 220)
                      ; - com.seibel.distanthorizons.common.render.openGl.generic.GlGenericObjectRenderer::render@22 (line 423)
  0x000078d272b181d0: a842 0000 

  0x000078d272b181d4: ;   {other}
  0x000078d272b181d4: 0f1f 8400 | 443d 0092 

  0x000078d272b181dc: ;   {oop("assets/distanthorizons/shaders/generic/gl/direct/frag.frag"{0x000000065a7a3c38})}
  0x000078d272b181dc: 48be 383c | 7a5a 0600 | 0000 33d2 

  0x000078d272b181e8: ;   {static_call}
  0x000078d272b181e8: c5f8 77e8 

  0x000078d272b181ec: ; ImmutableOopMap {rbp=Oop [8]=Derived_oop_rbp [0]=Oop [16]=Oop [40]=Oop [48]=Oop [56]=Oop [96]=Oop [144]=Oop [32]=Derived_oop_[144] }
                      ;*invokestatic loadFile {reexecute=0 rethrow=0 return_oop=1}
                      ; - com.seibel.distanthorizons.common.render.openGl.glObject.shader.GlShaderProgram::<init>@50 (line 69)
                      ; - com.seibel.distanthorizons.common.render.openGl.glObject.shader.GlShaderProgram::<init>@11 (line 52)
                      ; - com.seibel.distanthorizons.common.render.openGl.generic.GlGenericObjectShaderProgram::<init>@25 (line 57)
                      ; - com.seibel.distanthorizons.common.render.openGl.generic.GlGenericObjectRenderer::init@159 (line 220)
                      ; - com.seibel.distanthorizons.common.render.openGl.generic.GlGenericObjectRenderer::render@22 (line 423)
  0x000078d272b181ec: a844 0000 

  0x000078d272b181f0: ;   {other}
  0x000078d272b181f0: 0f1f 8400 | 603d 0093 | 4889 4424 | 4049 8b87 | b801 0000 | 4c8b d049 | 83c2 104d | 3b97 c801 
  0x000078d272b18210: 0000 0f83 | 9120 0000 | 4d89 97b8 | 0100 0041 | 0f18 8200 | 0100 0048 | c700 0100 

  0x000078d272b1822c: ;   {metadata('com/seibel/distanthorizons/common/render/openGl/glObject/shader/GlShader')}
  0x000078d272b1822c: 0000 c740 | 08c8 c6b2 | 0244 8960 | 0c4c 8bd0 | 4c89 5424 | 484d 8b97 | b801 0000 | 4d8b da49 
  0x000078d272b1824c: 83c3 384d | 3b9f c801 | 0000 0f83 | 6d20 0000 | 4d89 9fb8 | 0100 0041 | 0f18 8300 | 0100 0049 
  0x000078d272b1826c: c702 0100 | 0000 410f | 1883 4001 

  0x000078d272b18278: ;   {metadata({type array byte})}
  0x000078d272b18278: 0000 41c7 | 4208 1823 | 0000 410f | 1883 8001 | 0000 41c7 | 420c 2100 | 0000 4c89 | 1424 4d8b 
  0x000078d272b18298: 8f58 0400 | 0049 8bf2 | 4883 c610 | 41c6 4230 

  0x000078d272b182a8: ;   {oop([B{0x0000000618a2f210})}
  0x000078d272b182a8: 5d49 ba10 | f2a2 1806 | 0000 0045 | 0fbe 4230 | 4c8b 1424 | 4588 422f 

  0x000078d272b182c0: ;   {oop([B{0x0000000618a2f288})}
  0x000078d272b182c0: 49ba 88f2 | a218 0600 | 0000 450f | be5a 304c | 8b14 2445 

  0x000078d272b182d4: ;   {oop([B{0x0000000618a2f210})}
  0x000078d272b182d4: 885a 2e49 | ba10 f2a2 | 1806 0000 | 0045 0fbe 

  0x000078d272b182e4: ;   {oop([B{0x000000065a7a3fd0})}
  0x000078d272b182e4: 5a48 49ba | d03f 7a5a | 0600 0000 

  0x000078d272b182f0: ;   {oop([B{0x000000065a7a4100})}
  0x000078d272b182f0: 49b8 0041 | 7a5a 0600 

  0x000078d272b182f8: ; ImmutableOopMap {r10=Oop [32]=Derived_oop_r10 r8=Oop [8]=Derived_oop_r8 rbp=Oop [0]=Oop rsi=Derived_oop_[0] [16]=Oop [40]=Oop [48]=Oop [56]=Oop [64]=Oop [72]=Oop [96]=Oop }
                      ;*goto {reexecute=1 rethrow=0 return_oop=0}
                      ; - (reexecute) java.lang.Integer::getChars@69 (line 518)
                      ; - java.lang.StringConcatHelper::prepend@12 (line 253)
                      ; - java.lang.StringConcatHelper::prepend@3 (line 271)
                      ; - java.lang.invoke.DirectMethodHandle$Holder::invokeStatic@17
                      ; - java.lang.invoke.LambdaForm$MH/0x000078d2081d8400::invoke@28
                      ; - java.lang.invoke.LambdaForm$MH/0x000078d2081d9400::invoke@51
                      ; - java.lang.invoke.Invokers$Holder::linkToTargetMethod@5
                      ; - com.seibel.distanthorizons.common.render.openGl.glObject.shader.GlShader::<init>@8 (line 71)
                      ; - com.seibel.distanthorizons.common.render.openGl.glObject.shader.GlShaderProgram::<init>@63 (line 70)
                      ; - com.seibel.distanthorizons.common.render.openGl.glObject.shader.GlShaderProgram::<init>@11 (line 52)
                      ; - com.seibel.distanthorizons.common.render.openGl.generic.GlGenericObjectShaderProgram::<init>@25 (line 57)
                      ; - com.seibel.distanthorizons.common.render.openGl.generic.GlGenericObjectRenderer::init@159 (line 220)
                      ; - com.seibel.distanthorizons.common.render.openGl.generic.GlGenericObjectRenderer::render@22 (line 423)
                      ;   {poll}
  0x000078d272b182f8: 0000 4185 | 014c 8b14 | 2445 885a 

  0x000078d272b18304: ;   {oop([B{0x0000000618a2f288})}
  0x000078d272b18304: 2d49 ba88 | f2a2 1806 | 0000 0045 | 0fbe 5a48 | 4c8b 1424 | 4588 5a2c 

  0x000078d272b1831c: ;   {oop([B{0x0000000618a2f210})}
  0x000078d272b1831c: 49ba 10f2 | a218 0600 | 0000 450f | be52 134c | 8b1c 2445 | 8853 2b48 | 8b7c 2420 | ba1b 0000 
  0x000078d272b1833c: 00c5 f877 | 49ba c0f9 | c86f d278 | 0000 41ff 

  0x000078d272b1834c: ;   {other}
  0x000078d272b1834c: d20f 1f84 | 0000 0000 | 0049 8b87 | b801 0000 | 4c8b d049 | 83c2 184d | 3b97 c801 | 0000 0f83 
  0x000078d272b1836c: 801f 0000 | 4d89 97b8 | 0100 0041 | 0f18 8200 | 0100 0048 | c700 0100 

  0x000078d272b18384: ;   {metadata('java/lang/String')}
  0x000078d272b18384: 0000 c740 | 0878 e800 | 0044 8960 | 0c44 8960 | 104c 8b14 | 244d 8bda | 49c1 eb03 | 4489 5814 
  0x000078d272b183a4: 4c8b d04c | 8914 2449 | 8b87 b801 | 0000 4c8b | d049 83c2 | 104d 3b97 | c801 0000 | 0f83 531f 
  0x000078d272b183c4: 0000 4d89 | 97b8 0100 | 0041 0f18 | 8200 0100 | 0048 c700 | 0100 0000 | 410f 1882 | 4001 0000 
  0x000078d272b183e4: ;   {metadata('java/lang/Object'[])}
  0x000078d272b183e4: c740 0870 | 1200 0041 | 0f18 8280 | 0100 0044 | 8960 0c48 

  0x000078d272b183f8: ;   {oop(a 'com/seibel/distanthorizons/core/logging/DhLogger'{0x000000065a7a3ea8})}
  0x000078d272b183f8: 8bc8 48be | a83e 7a5a | 0600 0000 | 488b 1424 | 4c8b 5424 | 304c 8914 | 2466 6690 

  0x000078d272b18414: ;   {optimized virtual_call}
  0x000078d272b18414: c5f8 77e8 

  0x000078d272b18418: ; ImmutableOopMap {rbp=Oop [8]=Derived_oop_rbp [0]=Oop [16]=Oop [40]=Oop [48]=Oop [56]=Oop [64]=Oop [72]=Oop [96]=Oop }
                      ;*invokevirtual info {reexecute=0 rethrow=0 return_oop=0}
                      ; - com.seibel.distanthorizons.common.render.openGl.glObject.shader.GlShader::<init>@17 (line 71)
                      ; - com.seibel.distanthorizons.common.render.openGl.glObject.shader.GlShaderProgram::<init>@63 (line 70)
                      ; - com.seibel.distanthorizons.common.render.openGl.glObject.shader.GlShaderProgram::<init>@11 (line 52)
                      ; - com.seibel.distanthorizons.common.render.openGl.generic.GlGenericObjectShaderProgram::<init>@25 (line 57)
                      ; - com.seibel.distanthorizons.common.render.openGl.generic.GlGenericObjectRenderer::init@159 (line 220)
                      ; - com.seibel.distanthorizons.common.render.openGl.generic.GlGenericObjectRenderer::render@22 (line 423)
  0x000078d272b18418: 4437 41f6 

  0x000078d272b1841c: ;   {other}
  0x000078d272b1841c: 0f1f 8400 | 8c3f 0095 | 4c8b 5424 | 4045 8b52 | 1444 8954 | 2450 478b | 5cd4 0c4c | 8b54 2440 
  0x000078d272b1843c: 450f be42 | 1044 8904 | 24c4 423a | f7d3 4d63 | d249 83c2 | 0a4c 8954 | 2458 4183 | f801 0f84 
  0x000078d272b1845c: 1015 0000 | 4c8b 5424 | 5845 8bd2 | 4489 5424 | 5445 85d2 | 0f8c fa2a | 0000 4c8b | 5424 5849 
  0x000078d272b1847c: 83c2 014d | 8bda 49c1 | fb20 458b | d245 8bc3 | 450f bed8 | c442 21f7 | da44 895c | 2468 4585 
  0x000078d272b1849c: db0f 8c11 | 2b00 0041 | 81fb 0000 | 1000 0f87 | 9d28 0000 | 4d63 d341 | 81fb 0000 | 1000 0f87 
  0x000078d272b184bc: 851e 0000 | 498b 87b8 | 0100 0049 | 83c2 1749 | 83e2 f84c | 8bc0 4d03 | c24d 3b87 | c801 0000 
  0x000078d272b184dc: 0f83 631e | 0000 4d89 | 87b8 0100 | 0041 0f18 | 8000 0100 | 0048 c700 | 0100 0000 | 410f 1880 
  0x000078d272b184fc: 4001 0000 

  0x000078d272b18500: ;   {metadata({type array byte})}
  0x000078d272b18500: c740 0818 | 2300 0044 | 8958 0c41 | 0f18 8080 | 0100 004c | 8bd0 4c89 | 5424 7044 | 8b54 2468 
  0x000078d272b18520: 4489 5424 | 044c 8b5c | 2458 49ba | 0000 0000 | 0100 0000 | 4d3b da0f | 8dab 1c00 | 0044 8b5c 
  0x000078d272b18540: 2454 41ff | c344 8b54 | 2404 453b | d30f 82b5 | 2800 004c | 8b54 2470 | 448b 5c24 | 5443 c644 
  0x000078d272b18560: 1a10 5d44 | 8b54 2450 | 478b 54d4 | 0c41 8bda | 448b 1424 | c462 2af7 | d34d 63d2 | 4c8b 5c24 
  0x000078d272b18580: 584d 2bda | 4c89 5c24 | 5845 8bd3 | 418b fa49 | ba00 0000 | 0001 0000 | 004d 3bda | 0f8d e813 
  0x000078d272b185a0: 0000 448b | 5c24 5049 | c1e3 0344 | 8b54 2450 | 4f8d 54d4 | 1049 8bc2 | 448b 1c24 | 4585 db0f 
  0x000078d272b185c0: 85d7 1e00 | 0044 8bd7 | 4585 d20f | 8cc3 2800 | 0044 03d3 | 448b 5c24 | 0445 3bda | 0f82 b228 
  0x000078d272b185e0: 0000 448b | d345 85d2 | 7628 4c8b | 5424 7049 | 8d74 3a10 | 4863 d348 | 8bf8 c5f8 

  0x000078d272b185fc: ;   {no_reloc}
  0x000078d272b185fc: 7749 ba60 | ffc8 6fd2 | 7800 0041 

  0x000078d272b18608: ;   {other}
  0x000078d272b18608: ffd2 0f1f | 8400 0000 | 0000 4c8b | 5424 5849 | 83c2 f64c | 8954 2450 | 458b d245 | 8bca 4c8b 
  0x000078d272b18628: 5c24 5049 | ba00 0000 | 0001 0000 | 004d 3bda | 0f8d 7f13 | 0000 458b | d145 85d2 | 0f8c 0228 
  0x000078d272b18648: 0000 458d | 5a0a 448b | 5424 0445 | 3bd3 0f82 | f027 0000 | 4c8b 5424 | 704b 8d74 | 0a10 488b 
  0x000078d272b18668: 7c24 08ba | 0a00 0000 | c5f8 7749 | ba60 ffc8 | 6fd2 7800 | 0041 ffd2 

  0x000078d272b18680: ;   {other}
  0x000078d272b18680: 0f1f 8400 | 0000 0000 | 4c8b 5424 | 7049 8bea | 48c1 ed03 | 4c8b 5424 | 504d 85d2 | 0f85 6315 
  0x000078d272b186a0: 0000 498b | 87b8 0100 | 004c 8bd0 | 4983 c218 | 4d3b 97c8 | 0100 000f | 83d4 1c00 | 004d 8997 
  0x000078d272b186c0: b801 0000 | 410f 1882 | 0001 0000 | 48c7 0001 | 0000 004c | 8bd0 4983 

  0x000078d272b186d8: ;   {metadata('java/lang/String')}
  0x000078d272b186d8: c210 c740 | 0878 e800 | 0044 8960 | 0cc5 fdef | c0c4 c179 | d602 4c8b | d04c 8914 | 2441 896a 
  0x000078d272b186f8: 1449 8b87 | b801 0000 | 4c8b d049 | 83c2 104d | 3b97 c801 | 0000 0f83 | 551c 0000 | 4d89 97b8 
  0x000078d272b18718: 0100 0041 | 0f18 8200 | 0100 0048 | c700 0100 | 0000 410f | 1882 4001 

  0x000078d272b18730: ;   {metadata('java/lang/Object'[])}
  0x000078d272b18730: 0000 c740 | 0870 1200 | 0041 0f18 | 8280 0100 | 0044 8960 | 0c48 8bc8 

  0x000078d272b18748: ;   {oop(a 'com/seibel/distanthorizons/core/logging/DhLogger'{0x000000065a7a3ea8})}
  0x000078d272b18748: 48be a83e | 7a5a 0600 | 0000 488b | 1424 488b | 6c24 3090 

  0x000078d272b1875c: ;   {optimized virtual_call}
  0x000078d272b1875c: c5f8 77e8 

  0x000078d272b18760: ; ImmutableOopMap {rbp=Oop [16]=Oop [40]=Oop [48]=Oop [56]=Oop [64]=Oop [72]=Oop [96]=Oop }
                      ;*invokevirtual debug {reexecute=0 rethrow=0 return_oop=0}
                      ; - com.seibel.distanthorizons.common.render.openGl.glObject.shader.GlShader::<init>@33 (line 72)
                      ; - com.seibel.distanthorizons.common.render.openGl.glObject.shader.GlShaderProgram::<init>@63 (line 70)
                      ; - com.seibel.distanthorizons.common.render.openGl.glObject.shader.GlShaderProgram::<init>@11 (line 52)
                      ; - com.seibel.distanthorizons.common.render.openGl.generic.GlGenericObjectShaderProgram::<init>@25 (line 57)
                      ; - com.seibel.distanthorizons.common.render.openGl.generic.GlGenericObjectRenderer::init@159 (line 220)
                      ; - com.seibel.distanthorizons.common.render.openGl.generic.GlGenericObjectRenderer::render@22 (line 423)
  0x000078d272b18760: 5c32 63ff 

  0x000078d272b18764: ;   {other}
  0x000078d272b18764: 0f1f 8400 | d442 0096 | 488b 7424 | 4066 6690 

  0x000078d272b18774: ;   {optimized virtual_call}
  0x000078d272b18774: c5f8 77e8 

  0x000078d272b18778: ; ImmutableOopMap {rbp=Oop [16]=Oop [40]=Oop [48]=Oop [56]=Oop [64]=Oop [72]=Oop [96]=Oop }
                      ;*invokevirtual isEmpty {reexecute=0 rethrow=0 return_oop=0}
                      ; - com.seibel.distanthorizons.common.render.openGl.glObject.shader.GlShader::<init>@41 (line 73)
                      ; - com.seibel.distanthorizons.common.render.openGl.glObject.shader.GlShaderProgram::<init>@63 (line 70)
                      ; - com.seibel.distanthorizons.common.render.openGl.glObject.shader.GlShaderProgram::<init>@11 (line 52)
                      ; - com.seibel.distanthorizons.common.render.openGl.generic.GlGenericObjectShaderProgram::<init>@25 (line 57)
                      ; - com.seibel.distanthorizons.common.render.openGl.generic.GlGenericObjectRenderer::init@159 (line 220)
                      ; - com.seibel.distanthorizons.common.render.openGl.generic.GlGenericObjectRenderer::render@22 (line 423)
  0x000078d272b18778: a4ea 8dfd 

  0x000078d272b1877c: ;   {other}
  0x000078d272b1877c: 0f1f 8400 | ec42 0097 | 85c0 0f85 | 4826 0000 | be30 8b00 | 0066 6690 

  0x000078d272b18794: ;   {static_call}
  0x000078d272b18794: c5f8 77e8 

  0x000078d272b18798: ; ImmutableOopMap {rbp=Oop [16]=Oop [40]=Oop [48]=Oop [56]=Oop [64]=Oop [72]=Oop [96]=Oop }
                      ;*invokestatic glCreateShader {reexecute=0 rethrow=0 return_oop=0}
                      ; - org.lwjgl.opengl.GL20::glCreateShader@1 (line 230)
                      ; - com.seibel.distanthorizons.common.render.openGl.glObject.shader.GlShader::<init>@59 (line 79)
                      ; - com.seibel.distanthorizons.common.render.openGl.glObject.shader.GlShaderProgram::<init>@63 (line 70)
                      ; - com.seibel.distanthorizons.common.render.openGl.glObject.shader.GlShaderProgram::<init>@11 (line 52)
                      ; - com.seibel.distanthorizons.common.render.openGl.generic.GlGenericObjectShaderProgram::<init>@25 (line 57)
                      ; - com.seibel.distanthorizons.common.render.openGl.generic.GlGenericObjectRenderer::init@159 (line 220)
                      ; - com.seibel.distanthorizons.common.render.openGl.generic.GlGenericObjectRenderer::render@22 (line 423)
  0x000078d272b18798: a47b bdfe 

  0x000078d272b1879c: ;   {other}
  0x000078d272b1879c: 0f1f 8400 | 0c43 0098 | 8944 2450 | 4c8b 5424 | 4841 8942 | 0c85 c00f | 849c 2500 | 0066 6690 
  0x000078d272b187bc: ;   {static_call}
  0x000078d272b187bc: c5f8 77e8 

  0x000078d272b187c0: ; ImmutableOopMap {rbp=Oop [16]=Oop [40]=Oop [48]=Oop [56]=Oop [64]=Oop [72]=Oop [96]=Oop }
                      ;*invokestatic stackGet {reexecute=0 rethrow=0 return_oop=1}
                      ; - com.seibel.distanthorizons.common.render.openGl.glObject.shader.GlShader::safeShaderSource@0 (line 122)
                      ; - com.seibel.distanthorizons.common.render.openGl.glObject.shader.GlShader::<init>@92 (line 85)
                      ; - com.seibel.distanthorizons.common.render.openGl.glObject.shader.GlShaderProgram::<init>@63 (line 70)
                      ; - com.seibel.distanthorizons.common.render.openGl.glObject.shader.GlShaderProgram::<init>@11 (line 52)
                      ; - com.seibel.distanthorizons.common.render.openGl.generic.GlGenericObjectShaderProgram::<init>@25 (line 57)
                      ; - com.seibel.distanthorizons.common.render.openGl.generic.GlGenericObjectRenderer::init@159 (line 220)
                      ; - com.seibel.distanthorizons.common.render.openGl.generic.GlGenericObjectRenderer::render@22 (line 423)
  0x000078d272b187c0: 7cdd 7efe 

  0x000078d272b187c4: ;   {other}
  0x000078d272b187c4: 0f1f 8400 | 3443 0099 | 4889 4424 | 5844 8b50 | 1844 8954 | 2454 488b | 7424 40ba | 0100 0000 
  0x000078d272b187e4: ;   {static_call}
  0x000078d272b187e4: c5f8 77e8 

  0x000078d272b187e8: ; ImmutableOopMap {rbp=Oop [16]=Oop [40]=Oop [48]=Oop [56]=Oop [64]=Oop [72]=Oop [88]=Oop [96]=Oop }
                      ;*invokestatic memUTF8 {reexecute=0 rethrow=0 return_oop=1}
                      ; - com.seibel.distanthorizons.common.render.openGl.glObject.shader.GlShader::safeShaderSource@11 (line 127)
                      ; - com.seibel.distanthorizons.common.render.openGl.glObject.shader.GlShader::<init>@92 (line 85)
                      ; - com.seibel.distanthorizons.common.render.openGl.glObject.shader.GlShaderProgram::<init>@63 (line 70)
                      ; - com.seibel.distanthorizons.common.render.openGl.glObject.shader.GlShaderProgram::<init>@11 (line 52)
                      ; - com.seibel.distanthorizons.common.render.openGl.generic.GlGenericObjectShaderProgram::<init>@25 (line 57)
                      ; - com.seibel.distanthorizons.common.render.openGl.generic.GlGenericObjectRenderer::init@159 (line 220)
                      ; - com.seibel.distanthorizons.common.render.openGl.generic.GlGenericObjectRenderer::render@22 (line 423)
  0x000078d272b187e8: b403 17f7 

  0x000078d272b187ec: ;   {other}
  0x000078d272b187ec: 0f1f 8400 | 5c43 009a | 4889 4424 | 6848 8b74 | 2458 ba01 | 0000 0090 

  0x000078d272b18804: ;   {optimized virtual_call}
  0x000078d272b18804: c5f8 77e8 

  0x000078d272b18808: ; ImmutableOopMap {rbp=Oop [16]=Oop [40]=Oop [48]=Oop [56]=Oop [64]=Oop [72]=Oop [88]=Oop [96]=Oop [104]=Oop }
                      ;*invokevirtual mallocPointer {reexecute=0 rethrow=0 return_oop=1}
                      ; - com.seibel.distanthorizons.common.render.openGl.glObject.shader.GlShader::safeShaderSource@18 (line 128)
                      ; - com.seibel.distanthorizons.common.render.openGl.glObject.shader.GlShader::<init>@92 (line 85)
                      ; - com.seibel.distanthorizons.common.render.openGl.glObject.shader.GlShaderProgram::<init>@63 (line 70)
                      ; - com.seibel.distanthorizons.common.render.openGl.glObject.shader.GlShaderProgram::<init>@11 (line 52)
                      ; - com.seibel.distanthorizons.common.render.openGl.generic.GlGenericObjectShaderProgram::<init>@25 (line 57)
                      ; - com.seibel.distanthorizons.common.render.openGl.generic.GlGenericObjectRenderer::init@159 (line 220)
                      ; - com.seibel.distanthorizons.common.render.openGl.generic.GlGenericObjectRenderer::render@22 (line 423)
  0x000078d272b18808: d451 60f6 

  0x000078d272b1880c: ;   {other}
  0x000078d272b1880c: 0f1f 8400 | 7c43 009b | 488b e848 | 85c0 0f84 | 6825 0000 | 488b f048 | 8b54 2468 | 4c8b 5424 
  0x000078d272b1882c: 304c 8914 | 2466 6690 

  0x000078d272b18834: ;   {optimized virtual_call}
  0x000078d272b18834: c5f8 77e8 

  0x000078d272b18838: ; ImmutableOopMap {rbp=Oop [0]=Oop [16]=Oop [40]=Oop [48]=Oop [56]=Oop [64]=Oop [72]=Oop [88]=Oop [96]=Oop }
                      ;*invokevirtual put {reexecute=0 rethrow=0 return_oop=1}
                      ; - com.seibel.distanthorizons.common.render.openGl.glObject.shader.GlShader::safeShaderSource@27 (line 129)
                      ; - com.seibel.distanthorizons.common.render.openGl.glObject.shader.GlShader::<init>@92 (line 85)
                      ; - com.seibel.distanthorizons.common.render.openGl.glObject.shader.GlShaderProgram::<init>@63 (line 70)
                      ; - com.seibel.distanthorizons.common.render.openGl.glObject.shader.GlShaderProgram::<init>@11 (line 52)
                      ; - com.seibel.distanthorizons.common.render.openGl.generic.GlGenericObjectShaderProgram::<init>@25 (line 57)
                      ; - com.seibel.distanthorizons.common.render.openGl.generic.GlGenericObjectRenderer::init@159 (line 220)
                      ; - com.seibel.distanthorizons.common.render.openGl.generic.GlGenericObjectRenderer::render@22 (line 423)
  0x000078d272b18838: c407 7ff7 

  0x000078d272b1883c: ;   {other}
  0x000078d272b1883c: 0f1f 8400 | ac43 009c | 488b 4d10 | 8b74 2450 | ba01 0000 | 0045 33c0 

  0x000078d272b18854: ;   {static_call}
  0x000078d272b18854: c5f8 77e8 

  0x000078d272b18858: ; ImmutableOopMap {rbp=Oop [0]=Oop [16]=Oop [40]=Oop [48]=Oop [56]=Oop [64]=Oop [72]=Oop [88]=Oop [96]=Oop }
                      ;*invokestatic nglShaderSource {reexecute=0 rethrow=0 return_oop=0}
                      ; - com.seibel.distanthorizons.common.render.openGl.glObject.shader.GlShader::safeShaderSource@39 (line 131)
                      ; - com.seibel.distanthorizons.common.render.openGl.glObject.shader.GlShader::<init>@92 (line 85)
                      ; - com.seibel.distanthorizons.common.render.openGl.glObject.shader.GlShaderProgram::<init>@63 (line 70)
                      ; - com.seibel.distanthorizons.common.render.openGl.glObject.shader.GlShaderProgram::<init>@11 (line 52)
                      ; - com.seibel.distanthorizons.common.render.openGl.generic.GlGenericObjectShaderProgram::<init>@25 (line 57)
                      ; - com.seibel.distanthorizons.common.render.openGl.generic.GlGenericObjectRenderer::init@159 (line 220)
                      ; - com.seibel.distanthorizons.common.render.openGl.generic.GlGenericObjectRenderer::render@22 (line 423)
  0x000078d272b18858: c23f 0000 

  0x000078d272b1885c: ;   {other}
  0x000078d272b1885c: 0f1f 8400 | cc43 009d | 488b 7510 | ba01 0000 | 0048 8b2c | 2466 6690 

  0x000078d272b18874: ;   {static_call}
  0x000078d272b18874: c5f8 77e8 

  0x000078d272b18878: ; ImmutableOopMap {rbp=Oop [16]=Oop [40]=Oop [48]=Oop [56]=Oop [64]=Oop [72]=Oop [88]=Oop [96]=Oop }
                      ;*invokestatic apiArrayFree {reexecute=0 rethrow=0 return_oop=0}
                      ; - com.seibel.distanthorizons.common.render.openGl.glObject.shader.GlShader::safeShaderSource@48 (line 132)
                      ; - com.seibel.distanthorizons.common.render.openGl.glObject.shader.GlShader::<init>@92 (line 85)
                      ; - com.seibel.distanthorizons.common.render.openGl.glObject.shader.GlShaderProgram::<init>@63 (line 70)
                      ; - com.seibel.distanthorizons.common.render.openGl.glObject.shader.GlShaderProgram::<init>@11 (line 52)
                      ; - com.seibel.distanthorizons.common.render.openGl.generic.GlGenericObjectShaderProgram::<init>@25 (line 57)
                      ; - com.seibel.distanthorizons.common.render.openGl.generic.GlGenericObjectRenderer::init@159 (line 220)
                      ; - com.seibel.distanthorizons.common.render.openGl.generic.GlGenericObjectRenderer::render@22 (line 423)
  0x000078d272b18878: 663f 0000 

  0x000078d272b1887c: ;   {other}
  0x000078d272b1887c: 0f1f 8400 | ec43 009e | 488b 7424 | 588b 5424 | 5466 6690 

  0x000078d272b18890: ;   {optimized virtual_call}
  0x000078d272b18890: c5f8 77e8 

  0x000078d272b18894: ; ImmutableOopMap {rbp=Oop [16]=Oop [40]=Oop [48]=Oop [56]=Oop [64]=Oop [72]=Oop [96]=Oop }
                      ;*invokevirtual setPointer {reexecute=0 rethrow=0 return_oop=0}
                      ; - com.seibel.distanthorizons.common.render.openGl.glObject.shader.GlShader::safeShaderSource@53 (line 136)
                      ; - com.seibel.distanthorizons.common.render.openGl.glObject.shader.GlShader::<init>@92 (line 85)
                      ; - com.seibel.distanthorizons.common.render.openGl.glObject.shader.GlShaderProgram::<init>@63 (line 70)
                      ; - com.seibel.distanthorizons.common.render.openGl.glObject.shader.GlShaderProgram::<init>@11 (line 52)
                      ; - com.seibel.distanthorizons.common.render.openGl.generic.GlGenericObjectShaderProgram::<init>@25 (line 57)
                      ; - com.seibel.distanthorizons.common.render.openGl.generic.GlGenericObjectRenderer::init@159 (line 220)
                      ; - com.seibel.distanthorizons.common.render.openGl.generic.GlGenericObjectRenderer::render@22 (line 423)
  0x000078d272b18894: a827 31ff 

  0x000078d272b18898: ;   {other}
  0x000078d272b18898: 0f1f 8400 | 0844 009f | 4c8b 5424 | 4841 8b72 | 0c66 6690 

  0x000078d272b188ac: ;   {static_call}
  0x000078d272b188ac: c5f8 77e8 

  0x000078d272b188b0: ; ImmutableOopMap {rbp=Oop [16]=Oop [40]=Oop [48]=Oop [56]=Oop [64]=Oop [72]=Oop [96]=Oop }
                      ;*invokestatic glCompileShader {reexecute=0 rethrow=0 return_oop=0}
                      ; - org.lwjgl.opengl.GL20::glCompileShader@1 (line 372)
                      ; - com.seibel.distanthorizons.common.render.openGl.glObject.shader.GlShader::<init>@99 (line 86)
                      ; - com.seibel.distanthorizons.common.render.openGl.glObject.shader.GlShaderProgram::<init>@63 (line 70)
                      ; - com.seibel.distanthorizons.common.render.openGl.glObject.shader.GlShaderProgram::<init>@11 (line 52)
                      ; - com.seibel.distanthorizons.common.render.openGl.generic.GlGenericObjectShaderProgram::<init>@25 (line 57)
                      ; - com.seibel.distanthorizons.common.render.openGl.generic.GlGenericObjectRenderer::init@159 (line 220)
                      ; - com.seibel.distanthorizons.common.render.openGl.generic.GlGenericObjectRenderer::render@22 (line 423)
  0x000078d272b188b0: 8c82 bdfe 

  0x000078d272b188b4: ;   {other}
  0x000078d272b188b4: 0f1f 8400 | 2444 00a0 | 4c8b 5424 | 4841 8b72 | 0cba 818b | 0000 6690 

  0x000078d272b188cc: ;   {static_call}
  0x000078d272b188cc: c5f8 77e8 

  0x000078d272b188d0: ; ImmutableOopMap {rbp=Oop [16]=Oop [40]=Oop [48]=Oop [56]=Oop [64]=Oop [72]=Oop [96]=Oop }
                      ;*invokestatic glGetShaderi {reexecute=0 rethrow=0 return_oop=0}
                      ; - org.lwjgl.opengl.GL20::glGetShaderi@2 (line 824)
                      ; - com.seibel.distanthorizons.common.render.openGl.glObject.shader.GlShader::<init>@108 (line 88)
                      ; - com.seibel.distanthorizons.common.render.openGl.glObject.shader.GlShaderProgram::<init>@63 (line 70)
                      ; - com.seibel.distanthorizons.common.render.openGl.glObject.shader.GlShaderProgram::<init>@11 (line 52)
                      ; - com.seibel.distanthorizons.common.render.openGl.generic.GlGenericObjectShaderProgram::<init>@25 (line 57)
                      ; - com.seibel.distanthorizons.common.render.openGl.generic.GlGenericObjectRenderer::init@159 (line 220)
                      ; - com.seibel.distanthorizons.common.render.openGl.generic.GlGenericObjectRenderer::render@22 (line 423)
  0x000078d272b188d0: cccd c2f6 

  0x000078d272b188d4: ;   {other}
  0x000078d272b188d4: 0f1f 8400 | 4444 00a1 | 83f8 010f | 84cf 0300 | 0048 8b6c | 2448 8b75 | 0c4c 8b54 | 2430 4c89 
  0x000078d272b188f4: 1424 6690 

  0x000078d272b188f8: ;   {static_call}
  0x000078d272b188f8: c5f8 77e8 

  0x000078d272b188fc: ; ImmutableOopMap {rbp=Oop [0]=Oop [16]=Oop [40]=Oop [56]=Oop [64]=Oop [96]=Oop }
                      ;*invokestatic glGetShaderInfoLog {reexecute=0 rethrow=0 return_oop=1}
                      ; - com.seibel.distanthorizons.common.render.openGl.glObject.shader.GlShader::<init>@121 (line 92)
                      ; - com.seibel.distanthorizons.common.render.openGl.glObject.shader.GlShaderProgram::<init>@63 (line 70)
                      ; - com.seibel.distanthorizons.common.render.openGl.glObject.shader.GlShaderProgram::<init>@11 (line 52)
                      ; - com.seibel.distanthorizons.common.render.openGl.generic.GlGenericObjectShaderProgram::<init>@25 (line 57)
                      ; - com.seibel.distanthorizons.common.render.openGl.generic.GlGenericObjectRenderer::init@159 (line 220)
                      ; - com.seibel.distanthorizons.common.render.openGl.generic.GlGenericObjectRenderer::render@22 (line 423)
  0x000078d272b188fc: 8058 19fd 

  0x000078d272b18900: ;   {other}
  0x000078d272b18900: 0f1f 8400 | 7044 00a2 | bead ffff | ff4c 8b5c | 2428 4c89 | 5c24 084c | 8b5c 2460 | 4c89 5c24 
  0x000078d272b18920: 2048 8944 | 2460 6690 

  0x000078d272b18928: ;   {runtime_call UncommonTrapBlob}
  0x000078d272b18928: c5f8 77e8 

  0x000078d272b1892c: ; ImmutableOopMap {rbp=Oop [0]=Oop [8]=Oop [16]=Oop [32]=Oop [56]=Oop [64]=Oop [96]=Oop }
                      ;*invokedynamic {reexecute=0 rethrow=0 return_oop=0}
                      ; - com.seibel.distanthorizons.common.render.openGl.glObject.shader.GlShader::<init>@124 (line 92)
                      ; - com.seibel.distanthorizons.common.render.openGl.glObject.shader.GlShaderProgram::<init>@63 (line 70)
                      ; - com.seibel.distanthorizons.common.render.openGl.glObject.shader.GlShaderProgram::<init>@11 (line 52)
                      ; - com.seibel.distanthorizons.common.render.openGl.generic.GlGenericObjectShaderProgram::<init>@25 (line 57)
                      ; - com.seibel.distanthorizons.common.render.openGl.generic.GlGenericObjectRenderer::init@159 (line 220)
                      ; - com.seibel.distanthorizons.common.render.openGl.generic.GlGenericObjectRenderer::render@22 (line 423)
  0x000078d272b1892c: 50dc 19fd 

  0x000078d272b18930: ;   {other}
  0x000078d272b18930: 0f1f 8400 | a044 00a3 | 4d8b 9758 

  0x000078d272b1893c: ; ImmutableOopMap {rbp=Oop [32]=Oop [40]=Oop [48]=Oop [56]=Oop [64]=Oop }
                      ;*goto {reexecute=1 rethrow=0 return_oop=0}
                      ; - (reexecute) com.seibel.distanthorizons.common.render.openGl.generic.GlGenericObjectRenderer::render@345 (line 502)
                      ;   {poll}
  0x000078d272b1893c: 0400 0041 | 8502 4889 | 2c24 488b | 6c24 304c | 8b54 2440 | e9bf e2ff | ff44 8d14 | 0945 85d2 
  0x000078d272b1895c: 0f8c 9625 | 0000 448d | 1c12 4585 | db0f 8c89 | 2500 0047 | 8d0c 1a44 | 8b5c 2404 | 453b d90f 
  0x000078d272b1897c: 8277 2500 | 004c 8b9c | 2488 0000 | 004b 8d7c | 1310 498b | f08b caf7 | c2f0 ffff | ff0f 8484 
  0x000078d272b1899c: 0000 00f7 | c200 f0ff | ff0f 8454 | 0000 0083 | e11f 83e2 | e074 1f48 | 8d34 1648 | 8d3c 5748 
  0x000078d272b189bc: f7da 62f2 | 7d48 3004 | 1662 f1ff | 487f 0457 | 4883 c220 | 75ec f7c1 | ffff ffff | 0f84 b200 
  0x000078d272b189dc: 0000 baff | ffff ffc4 | e271 f7d2 | f7d2 c5fb | 92fa 62f2 | 7dcf 3006 | 62f1 ff4f | 7f07 e991 
  0x000078d272b189fc: 0000 0083 | e10f 83e2 | f074 1c48 | 8d34 1648 | 8d3c 5748 | f7da c4e2 | 7d30 0416 | c5fe 7f04 
  0x000078d272b18a1c: 5748 83c2 | 1075 ef8b | d183 e107 | 83e2 f874 | 27c4 e279 | 3006 c5fa | 7f07 4883 | c608 4883 
  0x000078d272b18a3c: ;   {no_reloc}
  0x000078d272b18a3c: c710 e911 | 0000 00c4 | e279 3004 | 16c5 fa7f | 0457 4883 | c208 75ef | 8bd1 83fa | 047c 19c5 
  0x000078d272b18a5c: f96e 06c4 | e279 30c0 | c5f9 d607 | 4883 ea04 | 4883 c604 | 4883 c708 | 85d2 7418 | 488d 3416 
  0x000078d272b18a7c: 488d 3c57 | 48f7 da0f | b60c 1666 | 890c 5748 | ffc2 75f3 | e922 d2ff 

  0x000078d272b18a94: ;   {oop("]"{0x000000065a7a4090})}
  0x000078d272b18a94: ff48 be90 | 407a 5a06 | 0000 0048 | 8b94 2488 | 0000 008b | 8c24 8000 | 0000 41b8 | 0100 0000 
  0x000078d272b18ab4: ;   {oop([B{0x000000065a7a3fd0})}
  0x000078d272b18ab4: 49ba d03f | 7a5a 0600 | 0000 4c89 | 9424 a000 | 0000 6690 

  0x000078d272b18ac8: ;   {optimized virtual_call}
  0x000078d272b18ac8: c5f8 77e8 

  0x000078d272b18acc: ; ImmutableOopMap {rbp=Oop [8]=Derived_oop_rbp [16]=Oop [40]=Oop [48]=Oop [72]=Oop [80]=Oop [88]=Oop [96]=Oop [136]=Oop [160]=Oop [32]=Derived_oop_[160] }
                      ;*invokevirtual getBytes {reexecute=0 rethrow=0 return_oop=0}
                      ; - java.lang.StringConcatHelper::newArrayWithSuffix@35 (line 493)
                      ; - java.lang.invoke.DirectMethodHandle$Holder::invokeStatic@13
                      ; - java.lang.invoke.LambdaForm$MH/0x000078d208290000::invoke@23
                      ; - java.lang.invoke.LambdaForm$MH/0x000078d208291800::invoke@49
                      ; - java.lang.invoke.Invokers$Holder::linkToTargetMethod@5
                      ; - com.seibel.distanthorizons.common.render.openGl.glObject.shader.GlShader::<init>@24 (line 72)
                      ; - com.seibel.distanthorizons.common.render.openGl.glObject.shader.GlShaderProgram::<init>@63 (line 70)
                      ; - com.seibel.distanthorizons.common.render.openGl.glObject.shader.GlShaderProgram::<init>@11 (line 52)
                      ; - com.seibel.distanthorizons.common.render.openGl.generic.GlGenericObjectShaderProgram::<init>@25 (line 57)
                      ; - com.seibel.distanthorizons.common.render.openGl.generic.GlGenericObjectRenderer::init@147 (line 219)
                      ; - com.seibel.distanthorizons.common.render.openGl.generic.GlGenericObjectRenderer::render@22 (line 423)
  0x000078d272b18acc: b04c 19fd 

  0x000078d272b18ad0: ;   {other}
  0x000078d272b18ad0: 0f1f 8400 | 4046 00a5 | 4c8b 5424 | 5845 8b5a | 1444 895c | 2478 4585 | db0f 8409 | 2500 0045 
  0x000078d272b18af0: 0fbe 5a10 | 4489 1c24 | e972 daff | ffbe deff | ffff 488b | 2c24 4489 | 4424 1048 | 894c 2418 
  0x000078d272b18b10: ;   {runtime_call UncommonTrapBlob}
  0x000078d272b18b10: c5f8 77e8 

  0x000078d272b18b14: ; ImmutableOopMap {rbp=Oop [24]=Oop [40]=Oop }
                      ;*invokeinterface push {reexecute=0 rethrow=0 return_oop=0}
                      ; - com.seibel.distanthorizons.common.render.openGl.generic.GlGenericObjectRenderer::render@14 (line 420)
  0x000078d272b18b14: 68da 19fd 

  0x000078d272b18b18: ;   {other}
  0x000078d272b18b18: 0f1f 8400 | 8846 00a6 | bede ffff | ff48 8b2c | 2444 8944 | 2410 4889 | 4c24 1844 | 8954 2414 
  0x000078d272b18b38: ;   {runtime_call UncommonTrapBlob}
  0x000078d272b18b38: c5f8 77e8 

  0x000078d272b18b3c: ; ImmutableOopMap {rbp=Oop [20]=NarrowOop [24]=Oop [40]=Oop [56]=Oop }
                      ;*invokeinterface push {reexecute=0 rethrow=0 return_oop=0}
                      ; - com.seibel.distanthorizons.common.wrappers.minecraft.ProfilerWrapper::push@5 (line 55)
                      ; - com.seibel.distanthorizons.common.render.openGl.generic.GlGenericObjectRenderer::render@14 (line 420)
  0x000078d272b18b3c: 40da 19fd 

  0x000078d272b18b40: ;   {other}
  0x000078d272b18b40: 0f1f 8400 | b046 00a7 

  0x000078d272b18b48: ;   {metadata('java/lang/Object'[])}
  0x000078d272b18b48: 48be 7012 | 0007 d278 | 0000 33d2 | 4c8b 5424 | 304c 8914 | 2466 6690 

  0x000078d272b18b60: ;   {runtime_call _new_array_Java}
  0x000078d272b18b60: c5f8 77e8 

  0x000078d272b18b64: ; ImmutableOopMap {rbp=Oop [8]=Derived_oop_rbp [0]=Oop [16]=Oop [40]=Oop [48]=Oop [72]=Oop [80]=Oop [96]=Oop [152]=Oop [32]=Derived_oop_[152] }
                      ;*anewarray {reexecute=0 rethrow=0 return_oop=1}
                      ; - com.seibel.distanthorizons.common.render.openGl.glObject.shader.GlShader::<init>@161 (line 97)
                      ; - com.seibel.distanthorizons.common.render.openGl.glObject.shader.GlShaderProgram::<init>@26 (line 63)
                      ; - com.seibel.distanthorizons.common.render.openGl.glObject.shader.GlShaderProgram::<init>@11 (line 52)
                      ; - com.seibel.distanthorizons.common.render.openGl.generic.GlGenericObjectShaderProgram::<init>@25 (line 57)
                      ; - com.seibel.distanthorizons.common.render.openGl.generic.GlGenericObjectRenderer::init@147 (line 219)
                      ; - com.seibel.distanthorizons.common.render.openGl.generic.GlGenericObjectRenderer::render@22 (line 423)
  0x000078d272b18b64: 98d0 26fd 

  0x000078d272b18b68: ;   {other}
  0x000078d272b18b68: 0f1f 8400 | d846 00a8 | 488b c8e9 | edd5 ffff 

  0x000078d272b18b78: ;   {metadata('com/seibel/distanthorizons/common/render/openGl/glObject/shader/GlShader')}
  0x000078d272b18b78: 48be c8c6 | b209 d278 | 0000 6690 

  0x000078d272b18b84: ;   {runtime_call _new_instance_Java}
  0x000078d272b18b84: c5f8 77e8 

  0x000078d272b18b88: ; ImmutableOopMap {rbp=Oop [8]=Derived_oop_rbp [0]=Oop [16]=Oop [40]=Oop [48]=Oop [72]=Oop [88]=Oop [96]=Oop [152]=Oop [32]=Derived_oop_[152] }
                      ;*new {reexecute=0 rethrow=0 return_oop=1}
                      ; - com.seibel.distanthorizons.common.render.openGl.glObject.shader.GlShaderProgram::<init>@55 (line 70)
                      ; - com.seibel.distanthorizons.common.render.openGl.glObject.shader.GlShaderProgram::<init>@11 (line 52)
                      ; - com.seibel.distanthorizons.common.render.openGl.generic.GlGenericObjectShaderProgram::<init>@25 (line 57)
                      ; - com.seibel.distanthorizons.common.render.openGl.generic.GlGenericObjectRenderer::init@147 (line 219)
                      ; - com.seibel.distanthorizons.common.render.openGl.generic.GlGenericObjectRenderer::render@22 (line 423)
  0x000078d272b18b88: f4aa 26fd 

  0x000078d272b18b8c: ;   {other}
  0x000078d272b18b8c: 0f1f 8400 | fc46 00a9 | e994 d6ff 

  0x000078d272b18b98: ;   {metadata({type array byte})}
  0x000078d272b18b98: ff48 be18 | 2300 07d2 | 7800 00ba | 2100 0000 

  0x000078d272b18ba8: ;   {runtime_call _new_array_Java}
  0x000078d272b18ba8: c5f8 77e8 

  0x000078d272b18bac: ; ImmutableOopMap {rbp=Oop [8]=Derived_oop_rbp [0]=Oop [16]=Oop [40]=Oop [48]=Oop [72]=Oop [80]=Oop [88]=Oop [96]=Oop [152]=Oop [32]=Derived_oop_[152] }
                      ;*invokevirtual allocateUninitializedArray0 {reexecute=0 rethrow=0 return_oop=1}
                      ; - jdk.internal.misc.Unsafe::allocateUninitializedArray@51 (line 1380)
                      ; - java.lang.StringConcatHelper::newArray@33 (line 511)
                      ; - java.lang.StringConcatHelper::newArrayWithSuffix@7 (line 489)
                      ; - java.lang.invoke.DirectMethodHandle$Holder::invokeStatic@13
                      ; - java.lang.invoke.LambdaForm$MH/0x000078d208290000::invoke@23
                      ; - java.lang.invoke.LambdaForm$MH/0x000078d2081d9400::invoke@31
                      ; - java.lang.invoke.Invokers$Holder::linkToTargetMethod@5
                      ; - com.seibel.distanthorizons.common.render.openGl.glObject.shader.GlShader::<init>@8 (line 71)
                      ; - com.seibel.distanthorizons.common.render.openGl.glObject.shader.GlShaderProgram::<init>@63 (line 70)
                      ; - com.seibel.distanthorizons.common.render.openGl.glObject.shader.GlShaderProgram::<init>@11 (line 52)
                      ; - com.seibel.distanthorizons.common.render.openGl.generic.GlGenericObjectShaderProgram::<init>@25 (line 57)
                      ; - com.seibel.distanthorizons.common.render.openGl.generic.GlGenericObjectRenderer::init@147 (line 219)
                      ; - com.seibel.distanthorizons.common.render.openGl.generic.GlGenericObjectRenderer::render@22 (line 423)
  0x000078d272b18bac: 50d0 26fd 

  0x000078d272b18bb0: ;   {other}
  0x000078d272b18bb0: 0f1f 8400 | 2047 00aa | 4c8b d0e9 | c6d6 ffff 

  0x000078d272b18bc0: ;   {metadata('java/lang/String')}
  0x000078d272b18bc0: 48be 78e8 | 0007 d278 | 0000 6690 

  0x000078d272b18bcc: ;   {runtime_call _new_instance_Java}
  0x000078d272b18bcc: c5f8 77e8 

  0x000078d272b18bd0: ; ImmutableOopMap {rbp=Oop [8]=Derived_oop_rbp [0]=Oop [16]=Oop [40]=Oop [48]=Oop [72]=Oop [80]=Oop [88]=Oop [96]=Oop [152]=Oop [32]=Derived_oop_[152] }
                      ;*new {reexecute=0 rethrow=0 return_oop=1}
                      ; - java.lang.StringConcatHelper::newString@6 (line 400)
                      ; - java.lang.invoke.DirectMethodHandle$Holder::invokeStatic@13
                      ; - java.lang.invoke.LambdaForm$MH/0x000078d2081d9400::invoke@71
                      ; - java.lang.invoke.Invokers$Holder::linkToTargetMethod@5
                      ; - com.seibel.distanthorizons.common.render.openGl.glObject.shader.GlShader::<init>@8 (line 71)
                      ; - com.seibel.distanthorizons.common.render.openGl.glObject.shader.GlShaderProgram::<init>@63 (line 70)
                      ; - com.seibel.distanthorizons.common.render.openGl.glObject.shader.GlShaderProgram::<init>@11 (line 52)
                      ; - com.seibel.distanthorizons.common.render.openGl.generic.GlGenericObjectShaderProgram::<init>@25 (line 57)
                      ; - com.seibel.distanthorizons.common.render.openGl.generic.GlGenericObjectRenderer::init@147 (line 219)
                      ; - com.seibel.distanthorizons.common.render.openGl.generic.GlGenericObjectRenderer::render@22 (line 423)
  0x000078d272b18bd0: acaa 26fd 

  0x000078d272b18bd4: ;   {other}
  0x000078d272b18bd4: 0f1f 8400 | 4447 00ab | 4c8b d0e9 | a6d7 ffff 

  0x000078d272b18be4: ;   {metadata('java/lang/Object'[])}
  0x000078d272b18be4: 48be 7012 | 0007 d278 | 0000 33d2 

  0x000078d272b18bf0: ;   {runtime_call _new_array_Java}
  0x000078d272b18bf0: c5f8 77e8 

  0x000078d272b18bf4: ; ImmutableOopMap {rbp=Oop [8]=Derived_oop_rbp [0]=Oop [16]=Oop [40]=Oop [48]=Oop [72]=Oop [80]=Oop [88]=Oop [96]=Oop [152]=Oop [32]=Derived_oop_[152] }
                      ;*anewarray {reexecute=0 rethrow=0 return_oop=1}
                      ; - com.seibel.distanthorizons.common.render.openGl.glObject.shader.GlShader::<init>@14 (line 71)
                      ; - com.seibel.distanthorizons.common.render.openGl.glObject.shader.GlShaderProgram::<init>@63 (line 70)
                      ; - com.seibel.distanthorizons.common.render.openGl.glObject.shader.GlShaderProgram::<init>@11 (line 52)
                      ; - com.seibel.distanthorizons.common.render.openGl.generic.GlGenericObjectShaderProgram::<init>@25 (line 57)
                      ; - com.seibel.distanthorizons.common.render.openGl.generic.GlGenericObjectRenderer::init@147 (line 219)
                      ; - com.seibel.distanthorizons.common.render.openGl.generic.GlGenericObjectRenderer::render@22 (line 423)
  0x000078d272b18bf4: 08d0 26fd 

  0x000078d272b18bf8: ;   {other}
  0x000078d272b18bf8: 0f1f 8400 | 6847 00ac | 488b c8e9 | e1d7 ffff 

  0x000078d272b18c08: ;   {metadata({type array byte})}
  0x000078d272b18c08: 48be 1823 | 0007 d278 | 0000 418b 

  0x000078d272b18c14: ;   {oop([B{0x000000065a7a3fd0})}
  0x000078d272b18c14: d349 bad0 | 3f7a 5a06 | 0000 004c | 8994 24b0 | 0000 0090 

  0x000078d272b18c28: ;   {runtime_call _new_array_Java}
  0x000078d272b18c28: c5f8 77e8 

  0x000078d272b18c2c: ; ImmutableOopMap {rbp=Oop [8]=Derived_oop_rbp [16]=Oop [40]=Oop [48]=Oop [72]=Oop [80]=Oop [88]=Oop [96]=Oop [120]=NarrowOop [176]=Oop [32]=Derived_oop_[176] }
                      ;*invokevirtual allocateUninitializedArray0 {reexecute=0 rethrow=0 return_oop=1}
                      ; - jdk.internal.misc.Unsafe::allocateUninitializedArray@51 (line 1380)
                      ; - java.lang.StringConcatHelper::newArray@33 (line 511)
                      ; - java.lang.StringConcatHelper::newArrayWithSuffix@7 (line 489)
                      ; - java.lang.invoke.DirectMethodHandle$Holder::invokeStatic@13
                      ; - java.lang.invoke.LambdaForm$MH/0x000078d208290000::invoke@23
                      ; - java.lang.invoke.LambdaForm$MH/0x000078d208291800::invoke@49
                      ; - java.lang.invoke.Invokers$Holder::linkToTargetMethod@5
                      ; - com.seibel.distanthorizons.common.render.openGl.glObject.shader.GlShader::<init>@24 (line 72)
                      ; - com.seibel.distanthorizons.common.render.openGl.glObject.shader.GlShaderProgram::<init>@63 (line 70)
                      ; - com.seibel.distanthorizons.common.render.openGl.glObject.shader.GlShaderProgram::<init>@11 (line 52)
                      ; - com.seibel.distanthorizons.common.render.openGl.generic.GlGenericObjectShaderProgram::<init>@25 (line 57)
                      ; - com.seibel.distanthorizons.common.render.openGl.generic.GlGenericObjectRenderer::init@147 (line 219)
                      ; - com.seibel.distanthorizons.common.render.openGl.generic.GlGenericObjectRenderer::render@22 (line 423)
  0x000078d272b18c2c: d0cf 26fd 

  0x000078d272b18c30: ;   {other}
  0x000078d272b18c30: 0f1f 8400 | a047 00ad | e9d3 d8ff 

  0x000078d272b18c3c: ;   {metadata('java/lang/Object'[])}
  0x000078d272b18c3c: ff48 be70 | 1200 07d2 | 7800 0033 

  0x000078d272b18c48: ;   {oop([B{0x000000065a7a3fd0})}
  0x000078d272b18c48: d249 bad0 | 3f7a 5a06 | 0000 004c | 8994 2488 | 0000 0090 

  0x000078d272b18c5c: ;   {runtime_call _new_array_Java}
  0x000078d272b18c5c: c5f8 77e8 

  0x000078d272b18c60: ; ImmutableOopMap {rbp=Oop [8]=Derived_oop_rbp [0]=Oop [16]=Oop [40]=Oop [48]=Oop [72]=Oop [80]=Oop [88]=Oop [96]=Oop [136]=Oop [32]=Derived_oop_[136] }
                      ;*anewarray {reexecute=0 rethrow=0 return_oop=1}
                      ; - com.seibel.distanthorizons.common.render.openGl.glObject.shader.GlShader::<init>@30 (line 72)
                      ; - com.seibel.distanthorizons.common.render.openGl.glObject.shader.GlShaderProgram::<init>@63 (line 70)
                      ; - com.seibel.distanthorizons.common.render.openGl.glObject.shader.GlShaderProgram::<init>@11 (line 52)
                      ; - com.seibel.distanthorizons.common.render.openGl.generic.GlGenericObjectShaderProgram::<init>@25 (line 57)
                      ; - com.seibel.distanthorizons.common.render.openGl.generic.GlGenericObjectRenderer::init@147 (line 219)
                      ; - com.seibel.distanthorizons.common.render.openGl.generic.GlGenericObjectRenderer::render@22 (line 423)
  0x000078d272b18c60: 9ccf 26fd 

  0x000078d272b18c64: ;   {other}
  0x000078d272b18c64: 0f1f 8400 | d447 00ae | 488b c8e9 | efda ffff 

  0x000078d272b18c74: ;   {metadata('java/lang/String')}
  0x000078d272b18c74: 48be 78e8 | 0007 d278 | 0000 4c8b | 9424 8800 | 0000 4c89 

  0x000078d272b18c88: ;   {oop([B{0x000000065a7a3fd0})}
  0x000078d272b18c88: 1424 49ba | d03f 7a5a | 0600 0000 | 4c89 9424 | 8800 0000 

  0x000078d272b18c9c: ;   {runtime_call _new_instance_Java}
  0x000078d272b18c9c: c5f8 77e8 

  0x000078d272b18ca0: ; ImmutableOopMap {rbp=Oop [8]=Derived_oop_rbp [0]=Oop [16]=Oop [28]=NarrowOop [40]=Oop [48]=Oop [72]=Oop [80]=Oop [88]=Oop [96]=Oop [136]=Oop [32]=Derived_oop_[136] }
                      ;*new {reexecute=0 rethrow=0 return_oop=1}
                      ; - java.lang.StringConcatHelper::newString@6 (line 400)
                      ; - java.lang.invoke.DirectMethodHandle$Holder::invokeStatic@13
                      ; - java.lang.invoke.LambdaForm$MH/0x000078d208291800::invoke@90
                      ; - java.lang.invoke.Invokers$Holder::linkToTargetMethod@5
                      ; - com.seibel.distanthorizons.common.render.openGl.glObject.shader.GlShader::<init>@24 (line 72)
                      ; - com.seibel.distanthorizons.common.render.openGl.glObject.shader.GlShaderProgram::<init>@63 (line 70)
                      ; - com.seibel.distanthorizons.common.render.openGl.glObject.shader.GlShaderProgram::<init>@11 (line 52)
                      ; - com.seibel.distanthorizons.common.render.openGl.generic.GlGenericObjectShaderProgram::<init>@25 (line 57)
                      ; - com.seibel.distanthorizons.common.render.openGl.generic.GlGenericObjectRenderer::init@147 (line 219)
                      ; - com.seibel.distanthorizons.common.render.openGl.generic.GlGenericObjectRenderer::render@22 (line 423)
  0x000078d272b18ca0: dca9 26fd 

  0x000078d272b18ca4: ;   {other}
  0x000078d272b18ca4: 0f1f 8400 | 1448 00af | 4c8b d8e9 | 53da ffff | 498b 87b8 | 0100 004c | 8bd0 4983 | c210 4d3b 
  0x000078d272b18cc4: 97c8 0100 | 000f 83e9 | 1c00 004d | 8997 b801 | 0000 410f | 1882 0001 | 0000 48c7 | 0001 0000 
  0x000078d272b18ce4: 0041 0f18 | 8240 0100 

  0x000078d272b18cec: ;   {metadata('java/lang/Object'[])}
  0x000078d272b18cec: 00c7 4008 | 7012 0000 | 410f 1882 | 8001 0000 | 4489 600c 

  0x000078d272b18d00: ;   {oop(a 'com/seibel/distanthorizons/core/logging/DhLogger'{0x000000065a7a3ea8})}
  0x000078d272b18d00: 488b c848 | bea8 3e7a | 5a06 0000 

  0x000078d272b18d0c: ;   {oop("Shader loaded sucessfully."{0x000000065a7a3e90})}
  0x000078d272b18d0c: 0048 ba90 | 3e7a 5a06 | 0000 0090 

  0x000078d272b18d18: ;   {optimized virtual_call}
  0x000078d272b18d18: c5f8 77e8 

  0x000078d272b18d1c: ; ImmutableOopMap {rbp=Oop [16]=Oop [40]=Oop [48]=Oop [56]=Oop [72]=Oop [96]=Oop }
                      ;*invokevirtual info {reexecute=0 rethrow=0 return_oop=0}
                      ; - com.seibel.distanthorizons.common.render.openGl.glObject.shader.GlShader::<init>@164 (line 97)
                      ; - com.seibel.distanthorizons.common.render.openGl.glObject.shader.GlShaderProgram::<init>@63 (line 70)
                      ; - com.seibel.distanthorizons.common.render.openGl.glObject.shader.GlShaderProgram::<init>@11 (line 52)
                      ; - com.seibel.distanthorizons.common.render.openGl.generic.GlGenericObjectShaderProgram::<init>@25 (line 57)
                      ; - com.seibel.distanthorizons.common.render.openGl.generic.GlGenericObjectRenderer::init@159 (line 220)
                      ; - com.seibel.distanthorizons.common.render.openGl.generic.GlGenericObjectRenderer::render@22 (line 423)
  0x000078d272b18d1c: 402e 41f6 

  0x000078d272b18d20: ;   {other}
  0x000078d272b18d20: 0f1f 8400 | 9048 00b0 | 4c8b 5424 | 4841 8b52 | 0c4c 8b54 | 2438 418b | 720c 6690 

  0x000078d272b18d3c: ;   {static_call}
  0x000078d272b18d3c: c5f8 77e8 

  0x000078d272b18d40: ; ImmutableOopMap {rbp=Oop [16]=Oop [40]=Oop [48]=Oop [56]=Oop [72]=Oop [96]=Oop }
                      ;*invokestatic glAttachShader {reexecute=0 rethrow=0 return_oop=0}
                      ; - org.lwjgl.opengl.GL20::glAttachShader@2 (line 283)
                      ; - com.seibel.distanthorizons.common.render.openGl.glObject.shader.GlShaderProgram::<init>@77 (line 71)
                      ; - com.seibel.distanthorizons.common.render.openGl.glObject.shader.GlShaderProgram::<init>@11 (line 52)
                      ; - com.seibel.distanthorizons.common.render.openGl.generic.GlGenericObjectShaderProgram::<init>@25 (line 57)
                      ; - com.seibel.distanthorizons.common.render.openGl.generic.GlGenericObjectRenderer::init@159 (line 220)
                      ; - com.seibel.distanthorizons.common.render.openGl.generic.GlGenericObjectRenderer::render@22 (line 423)
  0x000078d272b18d40: 7c09 7ffe 

  0x000078d272b18d44: ;   {other}
  0x000078d272b18d44: 0f1f 8400 | b448 00b1 | 488b 7424 | 4866 6690 

  0x000078d272b18d54: ;   {optimized virtual_call}
  0x000078d272b18d54: c5f8 77e8 

  0x000078d272b18d58: ; ImmutableOopMap {rbp=Oop [16]=Oop [40]=Oop [48]=Oop [56]=Oop [96]=Oop }
                      ;*invokevirtual free {reexecute=0 rethrow=0 return_oop=0}
                      ; - com.seibel.distanthorizons.common.render.openGl.glObject.shader.GlShaderProgram::<init>@82 (line 72)
                      ; - com.seibel.distanthorizons.common.render.openGl.glObject.shader.GlShaderProgram::<init>@11 (line 52)
                      ; - com.seibel.distanthorizons.common.render.openGl.generic.GlGenericObjectShaderProgram::<init>@25 (line 57)
                      ; - com.seibel.distanthorizons.common.render.openGl.generic.GlGenericObjectRenderer::init@159 (line 220)
                      ; - com.seibel.distanthorizons.common.render.openGl.generic.GlGenericObjectRenderer::render@22 (line 423)
  0x000078d272b18d58: 8937 0000 

  0x000078d272b18d5c: ;   {other}
  0x000078d272b18d5c: 0f1f 8400 | cc48 00b2 | 4c8b 5424 | 3841 8b72 

  0x000078d272b18d6c: ;   {oop("vPosition"{0x000000065a7a3c50})}
  0x000078d272b18d6c: 0c33 d248 | b950 3c7a | 5a06 0000 | 0066 6690 

  0x000078d272b18d7c: ;   {static_call}
  0x000078d272b18d7c: c5f8 77e8 

  0x000078d272b18d80: ; ImmutableOopMap {rbp=Oop [16]=Oop [40]=Oop [48]=Oop [56]=Oop [96]=Oop }
                      ;*invokestatic glBindAttribLocation {reexecute=0 rethrow=0 return_oop=0}
                      ; - com.seibel.distanthorizons.common.render.openGl.glObject.shader.GlShaderProgram::<init>@105 (line 77)
                      ; - com.seibel.distanthorizons.common.render.openGl.glObject.shader.GlShaderProgram::<init>@11 (line 52)
                      ; - com.seibel.distanthorizons.common.render.openGl.generic.GlGenericObjectShaderProgram::<init>@25 (line 57)
                      ; - com.seibel.distanthorizons.common.render.openGl.generic.GlGenericObjectRenderer::init@159 (line 220)
                      ; - com.seibel.distanthorizons.common.render.openGl.generic.GlGenericObjectRenderer::render@22 (line 423)
  0x000078d272b18d80: 3239 0000 

  0x000078d272b18d84: ;   {other}
  0x000078d272b18d84: 0f1f 8400 | f448 00b3 | 4c8b 5424 | 3841 8b72 | 0c66 6690 

  0x000078d272b18d98: ;   {static_call}
  0x000078d272b18d98: c5f8 77e8 

  0x000078d272b18d9c: ; ImmutableOopMap {rbp=Oop [16]=Oop [40]=Oop [48]=Oop [56]=Oop [96]=Oop }
                      ;*invokestatic glLinkProgram {reexecute=0 rethrow=0 return_oop=0}
                      ; - org.lwjgl.opengl.GL20::glLinkProgram@1 (line 385)
                      ; - com.seibel.distanthorizons.common.render.openGl.glObject.shader.GlShaderProgram::<init>@118 (line 79)
                      ; - com.seibel.distanthorizons.common.render.openGl.glObject.shader.GlShaderProgram::<init>@11 (line 52)
                      ; - com.seibel.distanthorizons.common.render.openGl.generic.GlGenericObjectShaderProgram::<init>@25 (line 57)
                      ; - com.seibel.distanthorizons.common.render.openGl.generic.GlGenericObjectRenderer::init@159 (line 220)
                      ; - com.seibel.distanthorizons.common.render.openGl.generic.GlGenericObjectRenderer::render@22 (line 423)
  0x000078d272b18d9c: a0cd bdfe 

  0x000078d272b18da0: ;   {other}
  0x000078d272b18da0: 0f1f 8400 | 1049 00b4 | 4c8b 5424 | 3841 8b72 | 0cba 828b | 0000 6690 

  0x000078d272b18db8: ;   {static_call}
  0x000078d272b18db8: c5f8 77e8 

  0x000078d272b18dbc: ; ImmutableOopMap {rbp=Oop [16]=Oop [40]=Oop [48]=Oop [56]=Oop [96]=Oop }
                      ;*invokestatic glGetProgrami {reexecute=0 rethrow=0 return_oop=0}
                      ; - org.lwjgl.opengl.GL20::glGetProgrami@2 (line 857)
                      ; - com.seibel.distanthorizons.common.render.openGl.glObject.shader.GlShaderProgram::<init>@127 (line 81)
                      ; - com.seibel.distanthorizons.common.render.openGl.glObject.shader.GlShaderProgram::<init>@11 (line 52)
                      ; - com.seibel.distanthorizons.common.render.openGl.generic.GlGenericObjectShaderProgram::<init>@25 (line 57)
                      ; - com.seibel.distanthorizons.common.render.openGl.generic.GlGenericObjectRenderer::init@159 (line 220)
                      ; - com.seibel.distanthorizons.common.render.openGl.generic.GlGenericObjectRenderer::render@22 (line 423)
  0x000078d272b18dbc: 6084 faf7 

  0x000078d272b18dc0: ;   {other}
  0x000078d272b18dc0: 0f1f 8400 | 3049 00b5 | 4c8b 5424 | 3841 8b72 | 0c83 f801 | 0f84 a105 | 0000 6690 

  0x000078d272b18ddc: ;   {static_call}
  0x000078d272b18ddc: c5f8 77e8 

  0x000078d272b18de0: ; ImmutableOopMap {rbp=Oop [16]=Oop [40]=Oop [56]=Oop [96]=Oop }
                      ;*invokestatic glGetProgramInfoLog {reexecute=0 rethrow=0 return_oop=1}
                      ; - com.seibel.distanthorizons.common.render.openGl.glObject.shader.GlShaderProgram::<init>@142 (line 84)
                      ; - com.seibel.distanthorizons.common.render.openGl.glObject.shader.GlShaderProgram::<init>@11 (line 52)
                      ; - com.seibel.distanthorizons.common.render.openGl.generic.GlGenericObjectShaderProgram::<init>@25 (line 57)
                      ; - com.seibel.distanthorizons.common.render.openGl.generic.GlGenericObjectRenderer::init@159 (line 220)
                      ; - com.seibel.distanthorizons.common.render.openGl.generic.GlGenericObjectRenderer::render@22 (line 423)
  0x000078d272b18de0: 9c53 19fd 

  0x000078d272b18de4: ;   {other}
  0x000078d272b18de4: 0f1f 8400 | 5449 00b6 | bead ffff | ff4c 8b5c | 2428 4c89 | 1c24 4c8b | 5c24 104c | 895c 2408 
  0x000078d272b18e04: 448b 5c24 | 1844 895c | 2410 4889 | 4424 4890 

  0x000078d272b18e14: ;   {runtime_call UncommonTrapBlob}
  0x000078d272b18e14: c5f8 77e8 

  0x000078d272b18e18: ; ImmutableOopMap {rbp=Oop [0]=Oop [8]=Oop [56]=Oop [72]=Oop [96]=Oop }
                      ;*invokedynamic {reexecute=0 rethrow=0 return_oop=0}
                      ; - com.seibel.distanthorizons.common.render.openGl.glObject.shader.GlShaderProgram::<init>@145 (line 84)
                      ; - com.seibel.distanthorizons.common.render.openGl.glObject.shader.GlShaderProgram::<init>@11 (line 52)
                      ; - com.seibel.distanthorizons.common.render.openGl.generic.GlGenericObjectShaderProgram::<init>@25 (line 57)
                      ; - com.seibel.distanthorizons.common.render.openGl.generic.GlGenericObjectRenderer::init@159 (line 220)
                      ; - com.seibel.distanthorizons.common.render.openGl.generic.GlGenericObjectRenderer::render@22 (line 423)
  0x000078d272b18e18: 64d7 19fd 

  0x000078d272b18e1c: ;   {other}
  0x000078d272b18e1c: 0f1f 8400 | 8c49 00b7 | bef6 ffff | ff66 6690 

  0x000078d272b18e2c: ;   {runtime_call UncommonTrapBlob}
  0x000078d272b18e2c: c5f8 77e8 

  0x000078d272b18e30: ; ImmutableOopMap {rbp=Oop [0]=Oop [40]=Oop [56]=Oop }
                      ;*invokevirtual get {reexecute=0 rethrow=0 return_oop=0}
                      ; - com.seibel.distanthorizons.common.render.openGl.generic.GlGenericObjectRenderer::render@42 (line 428)
  0x000078d272b18e30: 4cd7 19fd 

  0x000078d272b18e34: ;   {other}
  0x000078d272b18e34: 0f1f 8400 | a449 00b8 | bede ffff | ff4c 8b5c | 2428 4c89 | 5c24 084c | 8954 2428 

  0x000078d272b18e50: ;   {runtime_call UncommonTrapBlob}
  0x000078d272b18e50: c5f8 77e8 

  0x000078d272b18e54: ; ImmutableOopMap {rbp=NarrowOop [0]=Oop [8]=Oop [32]=Oop [40]=Oop [56]=Oop }
                      ;*checkcast {reexecute=0 rethrow=0 return_oop=0}
                      ; - com.seibel.distanthorizons.common.render.openGl.generic.GlGenericObjectRenderer::render@148 (line 445)
  0x000078d272b18e54: 28d7 19fd 

  0x000078d272b18e58: ;   {other}
  0x000078d272b18e58: 0f1f 8400 | c849 00b9 | 448d 1409 | 4585 d20f | 8ce4 2100 | 0044 8d1c | 1245 85db | 0f8c d721 
  0x000078d272b18e78: 0000 478d | 0c1a 448b | 5c24 0445 | 3bd9 0f82 | c521 0000 | 4c8b 9c24 | 8800 0000 | 4b8d 7c13 
  0x000078d272b18e98: 1049 8bf0 | 8bca f7c2 | f0ff ffff | 0f84 8400 | 0000 f7c2 | 00f0 ffff | 0f84 5400 | 0000 83e1 
  0x000078d272b18eb8: 1f83 e2e0 | 741f 488d | 3416 488d | 3c57 48f7 | da62 f27d | 4830 0416 | 62f1 ff48 | 7f04 5748 
  0x000078d272b18ed8: 83c2 2075 | ecf7 c1ff | ffff ff0f | 84b2 0000 | 00ba ffff | ffff c4e2 | 71f7 d2f7 | d2c5 fb92 
  0x000078d272b18ef8: fa62 f27d | cf30 0662 | f1ff 4f7f | 07e9 9100 | 0000 83e1 | 0f83 e2f0 | 741c 488d | 3416 488d 
  0x000078d272b18f18: 3c57 48f7 | dac4 e27d | 3004 16c5 | fe7f 0457 | 4883 c210 | 75ef 8bd1 | 83e1 0783 | e2f8 7427 
  0x000078d272b18f38: c4e2 7930 | 06c5 fa7f | 0748 83c6 | 0848 83c7 | 10e9 1100 | 0000 c4e2 | 7930 0416 

  0x000078d272b18f54: ;   {no_reloc}
  0x000078d272b18f54: c5fa 7f04 | 5748 83c2 | 0875 ef8b | d183 fa04 | 7c19 c5f9 | 6e06 c4e2 | 7930 c0c5 | f9d6 0748 
  0x000078d272b18f74: 83ea 0448 | 83c6 0448 | 83c7 0885 | d274 1848 | 8d34 1648 | 8d3c 5748 | f7da 0fb6 | 0c16 6689 
  0x000078d272b18f94: 0c57 48ff | c275 f3e9 | 7ad6 ffff | be45 ffff | ff89 4424 | 2066 6690 

  0x000078d272b18fac: ;   {runtime_call UncommonTrapBlob}
  0x000078d272b18fac: c5f8 77e8 

  0x000078d272b18fb0: ; ImmutableOopMap {rbp=Oop [0]=Oop [40]=Oop [56]=Oop }
                      ;*ifeq {reexecute=1 rethrow=0 return_oop=0}
                      ; - (reexecute) com.seibel.distanthorizons.common.render.openGl.generic.GlGenericObjectRenderer::render@55 (line 429)
  0x000078d272b18fb0: ccd5 19fd 

  0x000078d272b18fb4: ;   {other}
  0x000078d272b18fb4: 0f1f 8400 | 244b 00ba | be45 ffff | ff48 8b2c | 2444 8b54 | 2418 4489 | 5424 1044 | 895c 2414 
  0x000078d272b18fd4: ;   {runtime_call UncommonTrapBlob}
  0x000078d272b18fd4: c5f8 77e8 

  0x000078d272b18fd8: ; ImmutableOopMap {rbp=Oop [32]=Oop [40]=Oop [56]=Oop }
                      ;*ifeq {reexecute=1 rethrow=0 return_oop=0}
                      ; - (reexecute) com.seibel.distanthorizons.common.render.openGl.generic.GlGenericObjectRenderer::render@123 (line 444)
  0x000078d272b18fd8: a4d5 19fd 

  0x000078d272b18fdc: ;   {other}
  0x000078d272b18fdc: 0f1f 8400 | 4c4b 00bb | 4c8b 5c24 | 5849 ba00 | 0000 0001 | 0000 004d | 0bda 4c89 | 5c24 58e9 
  0x000078d272b18ffc: 00e9 ffff | 488b 7424 | 4048 8b54 | 2470 8bcf | 41b8 0100 

  0x000078d272b19010: ;   {oop([B{0x000000065a7a3fd0})}
  0x000078d272b19010: 0000 49ba | d03f 7a5a | 0600 0000 | 4c89 9424 | a000 0000 

  0x000078d272b19024: ;   {optimized virtual_call}
  0x000078d272b19024: c5f8 77e8 

  0x000078d272b19028: ; ImmutableOopMap {rbp=Oop [8]=Derived_oop_rbp [16]=Oop [40]=Oop [48]=Oop [56]=Oop [64]=Oop [72]=Oop [96]=Oop [112]=Oop [160]=Oop [32]=Derived_oop_[160] }
                      ;*invokevirtual getBytes {reexecute=0 rethrow=0 return_oop=0}
                      ; - java.lang.StringConcatHelper::prepend@32 (line 326)
                      ; - java.lang.StringConcatHelper::prepend@3 (line 343)
                      ; - java.lang.invoke.DirectMethodHandle$Holder::invokeStatic@17
                      ; - java.lang.invoke.LambdaForm$MH/0x000078d20810cc00::invoke@28
                      ; - java.lang.invoke.LambdaForm$MH/0x000078d208291800::invoke@70
                      ; - java.lang.invoke.Invokers$Holder::linkToTargetMethod@5
                      ; - com.seibel.distanthorizons.common.render.openGl.glObject.shader.GlShader::<init>@24 (line 72)
                      ; - com.seibel.distanthorizons.common.render.openGl.glObject.shader.GlShaderProgram::<init>@26 (line 63)
                      ; - com.seibel.distanthorizons.common.render.openGl.glObject.shader.GlShaderProgram::<init>@11 (line 52)
                      ; - com.seibel.distanthorizons.common.render.openGl.generic.GlGenericObjectShaderProgram::<init>@25 (line 57)
                      ; - com.seibel.distanthorizons.common.render.openGl.generic.GlGenericObjectRenderer::init@159 (line 220)
                      ; - com.seibel.distanthorizons.common.render.openGl.generic.GlGenericObjectRenderer::render@22 (line 423)
  0x000078d272b19028: 5447 19fd 

  0x000078d272b1902c: ;   {other}
  0x000078d272b1902c: 0f1f 8400 | 9c4b 00bc | e976 eaff 

  0x000078d272b19038: ;   {oop("Source: \x0A["{0x000000065a7a40e8})}
  0x000078d272b19038: ff48 bee8 | 407a 5a06 | 0000 0048 | 8b54 2470 | 418b c941 | b801 0000 | 004c 8b54 | 2430 4c89 
  0x000078d272b19058: ;   {oop([B{0x000000065a7a3fd0})}
  0x000078d272b19058: 1424 49ba | d03f 7a5a | 0600 0000 | 4c89 9424 | 9000 0000 

  0x000078d272b1906c: ;   {optimized virtual_call}
  0x000078d272b1906c: c5f8 77e8 

  0x000078d272b19070: ; ImmutableOopMap {rbp=Oop [8]=Derived_oop_rbp [0]=Oop [16]=Oop [40]=Oop [48]=Oop [56]=Oop [64]=Oop [72]=Oop [96]=Oop [112]=Oop [144]=Oop [32]=Derived_oop_[144] }
                      ;*invokevirtual getBytes {reexecute=0 rethrow=0 return_oop=0}
                      ; - java.lang.StringConcatHelper::prepend@32 (line 326)
                      ; - java.lang.StringConcatHelper::prepend@16 (line 344)
                      ; - java.lang.invoke.DirectMethodHandle$Holder::invokeStatic@17
                      ; - java.lang.invoke.LambdaForm$MH/0x000078d20810cc00::invoke@28
                      ; - java.lang.invoke.LambdaForm$MH/0x000078d208291800::invoke@70
                      ; - java.lang.invoke.Invokers$Holder::linkToTargetMethod@5
                      ; - com.seibel.distanthorizons.common.render.openGl.glObject.shader.GlShader::<init>@24 (line 72)
                      ; - com.seibel.distanthorizons.common.render.openGl.glObject.shader.GlShaderProgram::<init>@26 (line 63)
                      ; - com.seibel.distanthorizons.common.render.openGl.glObject.shader.GlShaderProgram::<init>@11 (line 52)
                      ; - com.seibel.distanthorizons.common.render.openGl.generic.GlGenericObjectShaderProgram::<init>@25 (line 57)
                      ; - com.seibel.distanthorizons.common.render.openGl.generic.GlGenericObjectRenderer::init@159 (line 220)
                      ; - com.seibel.distanthorizons.common.render.openGl.generic.GlGenericObjectRenderer::render@22 (line 423)
  0x000078d272b19070: 0c47 19fd 

  0x000078d272b19074: ;   {other}
  0x000078d272b19074: 0f1f 8400 | e44b 00bd | e9a2 eaff | ff4d 8bda | 49ba 0000 | 0000 0100 | 0000 4d3b | da0f 8531 
  0x000078d272b19094: 2000 0049 | 8b87 b801 | 0000 4c8b | d049 83c2 | 184d 3b97 | c801 0000 | 0f83 5e1c | 0000 4d89 
  0x000078d272b190b4: 97b8 0100 | 0041 0f18 | 8200 0100 | 0048 c700 | 0100 0000 

  0x000078d272b190c8: ;   {metadata('java/lang/String')}
  0x000078d272b190c8: c740 0878 | e800 0044 | 8960 0c48 | c740 1001 | 0000 004c | 8bd0 4c89 | 1424 448b | 4424 1c45 
  0x000078d272b190e8: 8942 14e9 | abea ffff | 4c63 d5e9 | 7aca ffff | be41 0000 | 0048 8b6c | 2430 4c8b | 5424 284c 
  0x000078d272b19108: 8914 244c | 8b54 2410 | 4c89 5424 | 0844 8b54 | 2418 4489 | 5424 104c | 8b54 2448 | 4c89 5424 
  0x000078d272b19128: 384c 8954 | 2440 4c8b | 5424 504c | 8954 2448 

  0x000078d272b19138: ;   {runtime_call UncommonTrapBlob}
  0x000078d272b19138: c5f8 77e8 

  0x000078d272b1913c: ; ImmutableOopMap {rbp=Oop [0]=Oop [8]=Oop [56]=Oop [64]=Oop [72]=Oop [88]=Oop [96]=Oop }
                      ;*new {reexecute=0 rethrow=0 return_oop=0}
                      ; - com.seibel.distanthorizons.common.render.openGl.glObject.shader.GlShader::<init>@72 (line 82)
                      ; - com.seibel.distanthorizons.common.render.openGl.glObject.shader.GlShaderProgram::<init>@26 (line 63)
                      ; - com.seibel.distanthorizons.common.render.openGl.glObject.shader.GlShaderProgram::<init>@11 (line 52)
                      ; - com.seibel.distanthorizons.common.render.openGl.generic.GlGenericObjectShaderProgram::<init>@25 (line 57)
                      ; - com.seibel.distanthorizons.common.render.openGl.generic.GlGenericObjectRenderer::init@147 (line 219)
                      ; - com.seibel.distanthorizons.common.render.openGl.generic.GlGenericObjectRenderer::render@22 (line 423)
  0x000078d272b1913c: 40d4 19fd 

  0x000078d272b19140: ;   {other}
  0x000078d272b19140: 0f1f 8400 | b04c 00be | bef6 ffff | ff48 8b6c | 2430 4c8b | 5424 284c | 8914 244c | 8b54 2410 
  0x000078d272b19160: 4c89 5424 | 0844 8b5c | 2418 4489 | 5c24 104c | 8b54 2460 | 4c89 5424 | 184c 8b54 | 2448 4c89 
  0x000078d272b19180: 5424 384c | 8954 2440 | 448b 5c24 | 6844 895c | 2414 4c8b | 5424 704c | 8954 2460 

  0x000078d272b1919c: ;   {runtime_call UncommonTrapBlob}
  0x000078d272b1919c: c5f8 77e8 

  0x000078d272b191a0: ; ImmutableOopMap {rbp=Oop [0]=Oop [8]=Oop [24]=Oop [56]=Oop [64]=Oop [80]=Oop [88]=Oop [96]=Oop [120]=Oop }
                      ;*invokevirtual put {reexecute=0 rethrow=0 return_oop=0}
                      ; - com.seibel.distanthorizons.common.render.openGl.glObject.shader.GlShader::safeShaderSource@27 (line 129)
                      ; - com.seibel.distanthorizons.common.render.openGl.glObject.shader.GlShader::<init>@92 (line 85)
                      ; - com.seibel.distanthorizons.common.render.openGl.glObject.shader.GlShaderProgram::<init>@26 (line 63)
                      ; - com.seibel.distanthorizons.common.render.openGl.glObject.shader.GlShaderProgram::<init>@11 (line 52)
                      ; - com.seibel.distanthorizons.common.render.openGl.generic.GlGenericObjectShaderProgram::<init>@25 (line 57)
                      ; - com.seibel.distanthorizons.common.render.openGl.generic.GlGenericObjectRenderer::init@147 (line 219)
                      ; - com.seibel.distanthorizons.common.render.openGl.generic.GlGenericObjectRenderer::render@22 (line 423)
  0x000078d272b191a0: dcd3 19fd 

  0x000078d272b191a4: ;   {other}
  0x000078d272b191a4: 0f1f 8400 | 144d 00bf 

  0x000078d272b191ac: ;   {metadata('java/lang/Object'[])}
  0x000078d272b191ac: 48be 7012 | 0007 d278 | 0000 33d2 

  0x000078d272b191b8: ;   {runtime_call _new_array_Java}
  0x000078d272b191b8: c5f8 77e8 

  0x000078d272b191bc: ; ImmutableOopMap {rbp=Oop [0]=Oop [40]=Oop [56]=Oop }
                      ;*anewarray {reexecute=0 rethrow=0 return_oop=1}
                      ; - com.seibel.distanthorizons.common.render.openGl.generic.GlGenericObjectRenderer::init@135 (line 210)
                      ; - com.seibel.distanthorizons.common.render.openGl.generic.GlGenericObjectRenderer::render@22 (line 423)
  0x000078d272b191bc: 40ca 26fd 

  0x000078d272b191c0: ;   {other}
  0x000078d272b191c0: 0f1f 8400 | 304d 00c0 | e920 cfff | ffbe 4100 | 0000 488b | 6c24 304c | 8b54 2428 | 4c89 1424 
  0x000078d272b191e0: 4c8b 5424 | 104c 8954 | 2408 448b | 5424 1844 | 8954 2410 | 4c8b 5424 | 484c 8954 | 2438 4c89 
  0x000078d272b19200: 5424 4090 

  0x000078d272b19204: ;   {runtime_call UncommonTrapBlob}
  0x000078d272b19204: c5f8 77e8 

  0x000078d272b19208: ; ImmutableOopMap {rbp=Oop [0]=Oop [8]=Oop [56]=Oop [64]=Oop [80]=Oop [96]=Oop }
                      ;*new {reexecute=0 rethrow=0 return_oop=0}
                      ; - com.seibel.distanthorizons.common.render.openGl.glObject.shader.GlShader::<init>@47 (line 75)
                      ; - com.seibel.distanthorizons.common.render.openGl.glObject.shader.GlShaderProgram::<init>@26 (line 63)
                      ; - com.seibel.distanthorizons.common.render.openGl.glObject.shader.GlShaderProgram::<init>@11 (line 52)
                      ; - com.seibel.distanthorizons.common.render.openGl.generic.GlGenericObjectShaderProgram::<init>@25 (line 57)
                      ; - com.seibel.distanthorizons.common.render.openGl.generic.GlGenericObjectRenderer::init@147 (line 219)
                      ; - com.seibel.distanthorizons.common.render.openGl.generic.GlGenericObjectRenderer::render@22 (line 423)
  0x000078d272b19208: 74d3 19fd 

  0x000078d272b1920c: ;   {other}
  0x000078d272b1920c: 0f1f 8400 | 7c4d 00c1 | becc ffff | ff48 8b6c | 2430 4c8b | 5424 284c | 8914 244c | 8b54 2410 
  0x000078d272b1922c: 4c89 5424 | 0844 8b5c | 2418 4489 | 5c24 104c | 8b54 2460 | 4c89 5424 | 184c 8b54 | 2448 4c89 
  0x000078d272b1924c: 5424 384c | 8954 2440 | 4889 4424 | 7866 6690 

  0x000078d272b1925c: ;   {runtime_call UncommonTrapBlob}
  0x000078d272b1925c: c5f8 77e8 

  0x000078d272b19260: ; ImmutableOopMap {rbp=Oop [0]=Oop [8]=Oop [24]=Oop [56]=Oop [64]=Oop [80]=Oop [88]=Oop [120]=Oop [136]=Oop }
                      ;*invokestatic arraycopy {reexecute=0 rethrow=0 return_oop=0}
                      ; - java.lang.String::getBytes@22 (line 4715)
                      ; - java.lang.StringConcatHelper::newArrayWithSuffix@24 (line 491)
                      ; - java.lang.invoke.DirectMethodHandle$Holder::invokeStatic@13
                      ; - java.lang.invoke.LambdaForm$MH/0x000078d208290000::invoke@23
                      ; - java.lang.invoke.LambdaForm$MH/0x000078d208291800::invoke@49
                      ; - java.lang.invoke.Invokers$Holder::linkToTargetMethod@5
                      ; - com.seibel.distanthorizons.common.render.openGl.glObject.shader.GlShader::<init>@24 (line 72)
                      ; - com.seibel.distanthorizons.common.render.openGl.glObject.shader.GlShaderProgram::<init>@26 (line 63)
                      ; - com.seibel.distanthorizons.common.render.openGl.glObject.shader.GlShaderProgram::<init>@11 (line 52)
                      ; - com.seibel.distanthorizons.common.render.openGl.generic.GlGenericObjectShaderProgram::<init>@25 (line 57)
                      ; - com.seibel.distanthorizons.common.render.openGl.generic.GlGenericObjectRenderer::init@147 (line 219)
                      ; - com.seibel.distanthorizons.common.render.openGl.generic.GlGenericObjectRenderer::render@22 (line 423)
  0x000078d272b19260: 1cd3 19fd 

  0x000078d272b19264: ;   {other}
  0x000078d272b19264: 0f1f 8400 | d44d 00c2 

  0x000078d272b1926c: ;   {metadata('java/lang/Object'[])}
  0x000078d272b1926c: 48be 7012 | 0007 d278 | 0000 33d2 

  0x000078d272b19278: ;   {runtime_call _new_array_Java}
  0x000078d272b19278: c5f8 77e8 

  0x000078d272b1927c: ; ImmutableOopMap {rbp=Oop [8]=Derived_oop_rbp [0]=Oop [16]=Oop [40]=Oop [48]=Oop [72]=Oop [80]=Oop [96]=Oop [152]=Oop [32]=Derived_oop_[152] }
                      ;*anewarray {reexecute=0 rethrow=0 return_oop=1}
                      ; - com.seibel.distanthorizons.common.render.openGl.glObject.shader.GlShader::<init>@161 (line 97)
                      ; - com.seibel.distanthorizons.common.render.openGl.glObject.shader.GlShaderProgram::<init>@63 (line 70)
                      ; - com.seibel.distanthorizons.common.render.openGl.glObject.shader.GlShaderProgram::<init>@11 (line 52)
                      ; - com.seibel.distanthorizons.common.render.openGl.generic.GlGenericObjectShaderProgram::<init>@25 (line 57)
                      ; - com.seibel.distanthorizons.common.render.openGl.generic.GlGenericObjectRenderer::init@147 (line 219)
                      ; - com.seibel.distanthorizons.common.render.openGl.generic.GlGenericObjectRenderer::render@22 (line 423)
  0x000078d272b1927c: 80c9 26fd 

  0x000078d272b19280: ;   {other}
  0x000078d272b19280: 0f1f 8400 | f04d 00c3 | e953 d7ff | ff48 85db | 0f84 1a16 | 0000 488b | f3e9 61df | ffff 4c8b 
  0x000078d272b192a0: 5424 4845 | 8b5a 5045 | 85db 0f84 | 06df ffff | 4d8b 5728 | 498b fb48 | c1e7 034d | 85d2 0f84 
  0x000078d272b192c0: 0419 0000 | 4d8b 5f38 | 4b89 7c13 | f849 83c2 | f84d 8957 | 28e9 dcde | ffff 4c8b | 1424 458b 
  0x000078d272b192e0: 5a10 4585 | db0f 8492 | e2ff ff4d | 8b57 2849 | 8bfb 48c1 | e703 4d85 | d20f 84e9 | 1800 004d 
  0x000078d272b19300: 8b5f 384b | 897c 13f8 | 4983 c2f8 | 4d89 5728 | e968 e2ff | ff4d 8b57 | 584d 8b5f | 48f0 8344 
  0x000078d272b19320: 24c0 0080 | 3f00 7432 | 4488 274d | 85db 740f | 4b89 7c1a | f849 83c3 | f84d 895f | 48eb 1b49 
  0x000078d272b19340: 8bf7 c5f8 | 7749 ba80 | bafb 86d2 | 7800 0041 

  0x000078d272b19350: ;   {other}
  0x000078d272b19350: ffd2 0f1f | 8400 0000 | 0000 4c8b | 5424 4845 | 8b5a 5045 | 85db 0f84 | 4415 0000 | 4d8b d349 
  0x000078d272b19370: c1e2 0349 | 8bda e981 | deff ff90 

  0x000078d272b1937c: ;   {static_call}
  0x000078d272b1937c: c5f8 77e8 

  0x000078d272b19380: ; ImmutableOopMap {rbp=Oop [16]=Oop [40]=Oop [48]=Oop [56]=Oop [96]=Oop }
                      ;*invokestatic glUseProgram {reexecute=0 rethrow=0 return_oop=0}
                      ; - org.lwjgl.opengl.GL20::glUseProgram@1 (line 398)
                      ; - com.seibel.distanthorizons.common.render.openGl.glObject.shader.GlShaderProgram::<init>@170 (line 88)
                      ; - com.seibel.distanthorizons.common.render.openGl.glObject.shader.GlShaderProgram::<init>@11 (line 52)
                      ; - com.seibel.distanthorizons.common.render.openGl.generic.GlGenericObjectShaderProgram::<init>@25 (line 57)
                      ; - com.seibel.distanthorizons.common.render.openGl.generic.GlGenericObjectRenderer::init@159 (line 220)
                      ; - com.seibel.distanthorizons.common.render.openGl.generic.GlGenericObjectRenderer::render@22 (line 423)
  0x000078d272b19380: 3cf0 84fe 

  0x000078d272b19384: ;   {other}
  0x000078d272b19384: 0f1f 8400 | f44e 00c4 

  0x000078d272b1938c: ;   {static_call}
  0x000078d272b1938c: c5f8 77e8 

  0x000078d272b19390: ; ImmutableOopMap {rbp=Oop [16]=Oop [40]=Oop [48]=Oop [56]=Oop [96]=Oop }
                      ;*invokestatic create {reexecute=0 rethrow=0 return_oop=1}
                      ; - com.seibel.distanthorizons.common.render.openGl.generic.GlGenericObjectShaderProgram::<init>@29 (line 63)
                      ; - com.seibel.distanthorizons.common.render.openGl.generic.GlGenericObjectRenderer::init@159 (line 220)
                      ; - com.seibel.distanthorizons.common.render.openGl.generic.GlGenericObjectRenderer::render@22 (line 423)
  0x000078d272b19390: 6d33 0000 

  0x000078d272b19394: ;   {other}
  0x000078d272b19394: 0f1f 8400 | 044f 00c5 | 488b d841 | 807f 4000 | 0f85 4016 | 0000 4c8b | d349 c1ea | 034c 8b5c 
  0x000078d272b193b4: 2438 4589 | 5350 4d8b | d34c 8bdb | 4d33 da49 | c1eb 164d | 85db 0f84 | 0916 0000 | 4885 db0f 
  0x000078d272b193d4: 8433 1d00 | 0049 c1ea | 0948 bf00 | 0080 64d2 | 7800 0049 | 03fa 803f | 020f 856e | 1600 0048 
  0x000078d272b193f4: 8bf3 6690 

  0x000078d272b193f8: ;   {optimized virtual_call}
  0x000078d272b193f8: c5f8 77e8 

  0x000078d272b193fc: ; ImmutableOopMap {rbp=Oop [16]=Oop [40]=Oop [48]=Oop [56]=Oop [96]=Oop }
                      ;*invokevirtual bind {reexecute=0 rethrow=0 return_oop=0}
                      ; - com.seibel.distanthorizons.common.render.openGl.generic.GlGenericObjectShaderProgram::<init>@39 (line 64)
                      ; - com.seibel.distanthorizons.common.render.openGl.generic.GlGenericObjectRenderer::init@159 (line 220)
                      ; - com.seibel.distanthorizons.common.render.openGl.generic.GlGenericObjectRenderer::render@22 (line 423)
  0x000078d272b193fc: e033 4df8 

  0x000078d272b19400: ;   {other}
  0x000078d272b19400: 0f1f 8400 | 704f 00c6 | 4c8b 5424 | 3841 8b6a | 5033 f64c | 8b54 2430 | 4c89 1424 

  0x000078d272b1941c: ;   {static_call}
  0x000078d272b1941c: c5f8 77e8 

  0x000078d272b19420: ; ImmutableOopMap {rbp=NarrowOop [0]=Oop [16]=Oop [40]=Oop [48]=Oop [56]=Oop [96]=Oop }
                      ;*invokestatic addVec3Pointer {reexecute=0 rethrow=0 return_oop=1}
                      ; - com.seibel.distanthorizons.common.render.openGl.generic.GlGenericObjectShaderProgram::<init>@49 (line 66)
                      ; - com.seibel.distanthorizons.common.render.openGl.generic.GlGenericObjectRenderer::init@159 (line 220)
                      ; - com.seibel.distanthorizons.common.render.openGl.generic.GlGenericObjectRenderer::render@22 (line 423)
  0x000078d272b19420: ec32 0000 

  0x000078d272b19424: ;   {other}
  0x000078d272b19424: 0f1f 8400 | 944f 00c7 

  0x000078d272b1942c: ; implicit exception: dispatches to 0x000078d272b1b8fc
  0x000078d272b1942c: 458b 44ec 

  0x000078d272b19430: ;   {metadata('com/seibel/distanthorizons/common/render/openGl/glObject/vertexAttribute/GlVertexAttributePostGL43')}
  0x000078d272b19430: 0841 81f8 | a0bf b202 | 0f85 fa1c | 0000 498d | 34ec 33d2 | 33c9 4c8b | c048 8b2c | 2466 6690 
  0x000078d272b19450: ;   {optimized virtual_call}
  0x000078d272b19450: c5f8 77e8 

  0x000078d272b19454: ; ImmutableOopMap {rbp=Oop [16]=Oop [40]=Oop [48]=Oop [56]=Oop [96]=Oop }
                      ;*invokevirtual setVertexAttribute {reexecute=0 rethrow=0 return_oop=0}
                      ; - com.seibel.distanthorizons.common.render.openGl.generic.GlGenericObjectShaderProgram::<init>@52 (line 66)
                      ; - com.seibel.distanthorizons.common.render.openGl.generic.GlGenericObjectRenderer::init@159 (line 220)
                      ; - com.seibel.distanthorizons.common.render.openGl.generic.GlGenericObjectRenderer::render@22 (line 423)
  0x000078d272b19454: 1332 0000 

  0x000078d272b19458: ;   {other}
  0x000078d272b19458: 0f1f 8400 | c84f 00c8 | 4c8b 5424 | 3841 8b6a | 5045 8b54 

  0x000078d272b1946c: ;   {metadata('com/seibel/distanthorizons/common/render/openGl/glObject/vertexAttribute/GlVertexAttributePostGL43')}
  0x000078d272b1946c: ec08 4181 | faa0 bfb2 | 020f 85e1 | 1c00 0049 | 8d34 ecba | 0c00 0000 | 488b 6c24 | 3066 6690 
  0x000078d272b1948c: ;   {optimized virtual_call}
  0x000078d272b1948c: c5f8 77e8 

  0x000078d272b19490: ; ImmutableOopMap {rbp=Oop [16]=Oop [40]=Oop [48]=Oop [56]=Oop [96]=Oop }
                      ;*invokevirtual completeAndCheck {reexecute=0 rethrow=0 return_oop=0}
                      ; - com.seibel.distanthorizons.common.render.openGl.generic.GlGenericObjectShaderProgram::<init>@61 (line 67)
                      ; - com.seibel.distanthorizons.common.render.openGl.generic.GlGenericObjectRenderer::init@159 (line 220)
                      ; - com.seibel.distanthorizons.common.render.openGl.generic.GlGenericObjectRenderer::render@22 (line 423)
  0x000078d272b19490: e631 0000 

  0x000078d272b19494: ;   {other}
  0x000078d272b19494: 0f1f 8400 | 0450 00c9 | 488b 7424 

  0x000078d272b194a0: ;   {oop("uTransform"{0x000000065a7a3c68})}
  0x000078d272b194a0: 3848 ba68 | 3c7a 5a06 | 0000 0090 

  0x000078d272b194ac: ;   {optimized virtual_call}
  0x000078d272b194ac: c5f8 77e8 

  0x000078d272b194b0: ; ImmutableOopMap {rbp=Oop [16]=Oop [40]=Oop [48]=Oop [56]=Oop [96]=Oop }
                      ;*invokevirtual tryGetUniformLocation {reexecute=0 rethrow=0 return_oop=0}
                      ; - com.seibel.distanthorizons.common.render.openGl.generic.GlGenericObjectShaderProgram::<init>@68 (line 69)
                      ; - com.seibel.distanthorizons.common.render.openGl.generic.GlGenericObjectRenderer::init@159 (line 220)
                      ; - com.seibel.distanthorizons.common.render.openGl.generic.GlGenericObjectRenderer::render@22 (line 423)
  0x000078d272b194b0: 4f30 0000 

  0x000078d272b194b4: ;   {other}
  0x000078d272b194b4: 0f1f 8400 | 2450 00ca | 4c8b 5424 | 3841 8942 | 1049 8bf2 

  0x000078d272b194c8: ;   {oop("uColor"{0x000000065a7a3c80})}
  0x000078d272b194c8: 48ba 803c | 7a5a 0600 | 0000 6690 

  0x000078d272b194d4: ;   {optimized virtual_call}
  0x000078d272b194d4: c5f8 77e8 

  0x000078d272b194d8: ; ImmutableOopMap {rbp=Oop [16]=Oop [40]=Oop [48]=Oop [56]=Oop [96]=Oop }
                      ;*invokevirtual tryGetUniformLocation {reexecute=0 rethrow=0 return_oop=0}
                      ; - com.seibel.distanthorizons.common.render.openGl.generic.GlGenericObjectShaderProgram::<init>@78 (line 70)
                      ; - com.seibel.distanthorizons.common.render.openGl.generic.GlGenericObjectRenderer::init@159 (line 220)
                      ; - com.seibel.distanthorizons.common.render.openGl.generic.GlGenericObjectRenderer::render@22 (line 423)
  0x000078d272b194d8: 3630 0000 

  0x000078d272b194dc: ;   {other}
  0x000078d272b194dc: 0f1f 8400 | 4c50 00cb | 4c8b 5424 | 3841 8942 | 1449 8bf2 

  0x000078d272b194f0: ;   {oop("uOffsetChunk"{0x000000065a7a3c98})}
  0x000078d272b194f0: 48ba 983c | 7a5a 0600 | 0000 6690 

  0x000078d272b194fc: ;   {optimized virtual_call}
  0x000078d272b194fc: c5f8 77e8 

  0x000078d272b19500: ; ImmutableOopMap {rbp=Oop [16]=Oop [40]=Oop [48]=Oop [56]=Oop [96]=Oop }
                      ;*invokevirtual tryGetUniformLocation {reexecute=0 rethrow=0 return_oop=0}
                      ; - com.seibel.distanthorizons.common.render.openGl.generic.GlGenericObjectShaderProgram::<init>@88 (line 72)
                      ; - com.seibel.distanthorizons.common.render.openGl.generic.GlGenericObjectRenderer::init@159 (line 220)
                      ; - com.seibel.distanthorizons.common.render.openGl.generic.GlGenericObjectRenderer::render@22 (line 423)
  0x000078d272b19500: 1d30 0000 

  0x000078d272b19504: ;   {other}
  0x000078d272b19504: 0f1f 8400 | 7450 00cc | 4c8b 5424 | 3841 8942 | 1849 8bf2 

  0x000078d272b19518: ;   {oop("uOffsetSubChunk"{0x000000065a7a3cb0})}
  0x000078d272b19518: 48ba b03c | 7a5a 0600 | 0000 6690 

  0x000078d272b19524: ;   {optimized virtual_call}
  0x000078d272b19524: c5f8 77e8 

  0x000078d272b19528: ; ImmutableOopMap {rbp=Oop [16]=Oop [40]=Oop [48]=Oop [56]=Oop [96]=Oop }
                      ;*invokevirtual tryGetUniformLocation {reexecute=0 rethrow=0 return_oop=0}
                      ; - com.seibel.distanthorizons.common.render.openGl.generic.GlGenericObjectShaderProgram::<init>@98 (line 73)
                      ; - com.seibel.distanthorizons.common.render.openGl.generic.GlGenericObjectRenderer::init@159 (line 220)
                      ; - com.seibel.distanthorizons.common.render.openGl.generic.GlGenericObjectRenderer::render@22 (line 423)
  0x000078d272b19528: 0430 0000 

  0x000078d272b1952c: ;   {other}
  0x000078d272b1952c: 0f1f 8400 | 9c50 00cd | 4c8b 5424 | 3841 8942 | 1c49 8bf2 

  0x000078d272b19540: ;   {oop("uCameraPosChunk"{0x000000065a7a3cc8})}
  0x000078d272b19540: 48ba c83c | 7a5a 0600 | 0000 6690 

  0x000078d272b1954c: ;   {optimized virtual_call}
  0x000078d272b1954c: c5f8 77e8 

  0x000078d272b19550: ; ImmutableOopMap {rbp=Oop [16]=Oop [40]=Oop [48]=Oop [56]=Oop [96]=Oop }
                      ;*invokevirtual tryGetUniformLocation {reexecute=0 rethrow=0 return_oop=0}
                      ; - com.seibel.distanthorizons.common.render.openGl.generic.GlGenericObjectShaderProgram::<init>@108 (line 74)
                      ; - com.seibel.distanthorizons.common.render.openGl.generic.GlGenericObjectRenderer::init@159 (line 220)
                      ; - com.seibel.distanthorizons.common.render.openGl.generic.GlGenericObjectRenderer::render@22 (line 423)
  0x000078d272b19550: eb2f 0000 

  0x000078d272b19554: ;   {other}
  0x000078d272b19554: 0f1f 8400 | c450 00ce | 4c8b 5424 | 3841 8942 | 2049 8bf2 

  0x000078d272b19568: ;   {oop("uCameraPosSubChunk"{0x000000065a7a3ce0})}
  0x000078d272b19568: 48ba e03c | 7a5a 0600 | 0000 6690 

  0x000078d272b19574: ;   {optimized virtual_call}
  0x000078d272b19574: c5f8 77e8 

  0x000078d272b19578: ; ImmutableOopMap {rbp=Oop [16]=Oop [40]=Oop [48]=Oop [56]=Oop [96]=Oop }
                      ;*invokevirtual tryGetUniformLocation {reexecute=0 rethrow=0 return_oop=0}
                      ; - com.seibel.distanthorizons.common.render.openGl.generic.GlGenericObjectShaderProgram::<init>@118 (line 75)
                      ; - com.seibel.distanthorizons.common.render.openGl.generic.GlGenericObjectRenderer::init@159 (line 220)
                      ; - com.seibel.distanthorizons.common.render.openGl.generic.GlGenericObjectRenderer::render@22 (line 423)
  0x000078d272b19578: d22f 0000 

  0x000078d272b1957c: ;   {other}
  0x000078d272b1957c: 0f1f 8400 | ec50 00cf | 4c8b 5424 | 3841 8942 | 2449 8bf2 

  0x000078d272b19590: ;   {oop("uProjectionMvm"{0x000000065a7a3cf8})}
  0x000078d272b19590: 48ba f83c | 7a5a 0600 | 0000 6690 

  0x000078d272b1959c: ;   {optimized virtual_call}
  0x000078d272b1959c: c5f8 77e8 

  0x000078d272b195a0: ; ImmutableOopMap {rbp=Oop [16]=Oop [40]=Oop [48]=Oop [56]=Oop [96]=Oop }
                      ;*invokevirtual tryGetUniformLocation {reexecute=0 rethrow=0 return_oop=0}
                      ; - com.seibel.distanthorizons.common.render.openGl.generic.GlGenericObjectShaderProgram::<init>@128 (line 76)
                      ; - com.seibel.distanthorizons.common.render.openGl.generic.GlGenericObjectRenderer::init@159 (line 220)
                      ; - com.seibel.distanthorizons.common.render.openGl.generic.GlGenericObjectRenderer::render@22 (line 423)
  0x000078d272b195a0: b92f 0000 

  0x000078d272b195a4: ;   {other}
  0x000078d272b195a4: 0f1f 8400 | 1451 00d0 | 4c8b 5424 | 3841 8942 | 2849 8bf2 

  0x000078d272b195b8: ;   {oop("uLightMap"{0x000000065a7a3d10})}
  0x000078d272b195b8: 48ba 103d | 7a5a 0600 | 0000 6690 

  0x000078d272b195c4: ;   {optimized virtual_call}
  0x000078d272b195c4: c5f8 77e8 

  0x000078d272b195c8: ; ImmutableOopMap {rbp=Oop [16]=Oop [40]=Oop [48]=Oop [56]=Oop [96]=Oop }
                      ;*invokevirtual getUniformLocation {reexecute=0 rethrow=0 return_oop=0}
                      ; - com.seibel.distanthorizons.common.render.openGl.generic.GlGenericObjectShaderProgram::<init>@138 (line 78)
                      ; - com.seibel.distanthorizons.common.render.openGl.generic.GlGenericObjectRenderer::init@159 (line 220)
                      ; - com.seibel.distanthorizons.common.render.openGl.generic.GlGenericObjectRenderer::render@22 (line 423)
  0x000078d272b195c8: a02f 0000 

  0x000078d272b195cc: ;   {other}
  0x000078d272b195cc: 0f1f 8400 | 3c51 00d1 | 4c8b 5424 | 3841 8942 | 2c49 8bf2 

  0x000078d272b195e0: ;   {oop("uSkyLight"{0x000000065a7a3d28})}
  0x000078d272b195e0: 48ba 283d | 7a5a 0600 | 0000 6690 

  0x000078d272b195ec: ;   {optimized virtual_call}
  0x000078d272b195ec: c5f8 77e8 

  0x000078d272b195f0: ; ImmutableOopMap {rbp=Oop [16]=Oop [40]=Oop [48]=Oop [56]=Oop [96]=Oop }
                      ;*invokevirtual getUniformLocation {reexecute=0 rethrow=0 return_oop=0}
                      ; - com.seibel.distanthorizons.common.render.openGl.generic.GlGenericObjectShaderProgram::<init>@148 (line 79)
                      ; - com.seibel.distanthorizons.common.render.openGl.generic.GlGenericObjectRenderer::init@159 (line 220)
                      ; - com.seibel.distanthorizons.common.render.openGl.generic.GlGenericObjectRenderer::render@22 (line 423)
  0x000078d272b195f0: 872f 0000 

  0x000078d272b195f4: ;   {other}
  0x000078d272b195f4: 0f1f 8400 | 6451 00d2 | 4c8b 5424 | 3841 8942 | 3049 8bf2 

  0x000078d272b19608: ;   {oop("uBlockLight"{0x000000065a7a3d40})}
  0x000078d272b19608: 48ba 403d | 7a5a 0600 | 0000 6690 

  0x000078d272b19614: ;   {optimized virtual_call}
  0x000078d272b19614: c5f8 77e8 

  0x000078d272b19618: ; ImmutableOopMap {rbp=Oop [16]=Oop [40]=Oop [48]=Oop [56]=Oop [96]=Oop }
                      ;*invokevirtual getUniformLocation {reexecute=0 rethrow=0 return_oop=0}
                      ; - com.seibel.distanthorizons.common.render.openGl.generic.GlGenericObjectShaderProgram::<init>@158 (line 80)
                      ; - com.seibel.distanthorizons.common.render.openGl.generic.GlGenericObjectRenderer::init@159 (line 220)
                      ; - com.seibel.distanthorizons.common.render.openGl.generic.GlGenericObjectRenderer::render@22 (line 423)
  0x000078d272b19618: 6e2f 0000 

  0x000078d272b1961c: ;   {other}
  0x000078d272b1961c: 0f1f 8400 | 8c51 00d3 | 4c8b 5424 | 3841 8942 | 3449 8bf2 

  0x000078d272b19630: ;   {oop("uNorthShading"{0x000000065a7a3d58})}
  0x000078d272b19630: 48ba 583d | 7a5a 0600 | 0000 6690 

  0x000078d272b1963c: ;   {optimized virtual_call}
  0x000078d272b1963c: c5f8 77e8 

  0x000078d272b19640: ; ImmutableOopMap {rbp=Oop [16]=Oop [40]=Oop [48]=Oop [56]=Oop [96]=Oop }
                      ;*invokevirtual getUniformLocation {reexecute=0 rethrow=0 return_oop=0}
                      ; - com.seibel.distanthorizons.common.render.openGl.generic.GlGenericObjectShaderProgram::<init>@168 (line 81)
                      ; - com.seibel.distanthorizons.common.render.openGl.generic.GlGenericObjectRenderer::init@159 (line 220)
                      ; - com.seibel.distanthorizons.common.render.openGl.generic.GlGenericObjectRenderer::render@22 (line 423)
  0x000078d272b19640: 552f 0000 

  0x000078d272b19644: ;   {other}
  0x000078d272b19644: 0f1f 8400 | b451 00d4 | 4c8b 5424 | 3841 8942 | 3849 8bf2 

  0x000078d272b19658: ;   {oop("uSouthShading"{0x000000065a7a3d70})}
  0x000078d272b19658: 48ba 703d | 7a5a 0600 | 0000 6690 

  0x000078d272b19664: ;   {optimized virtual_call}
  0x000078d272b19664: c5f8 77e8 

  0x000078d272b19668: ; ImmutableOopMap {rbp=Oop [16]=Oop [40]=Oop [48]=Oop [56]=Oop [96]=Oop }
                      ;*invokevirtual getUniformLocation {reexecute=0 rethrow=0 return_oop=0}
                      ; - com.seibel.distanthorizons.common.render.openGl.generic.GlGenericObjectShaderProgram::<init>@178 (line 82)
                      ; - com.seibel.distanthorizons.common.render.openGl.generic.GlGenericObjectRenderer::init@159 (line 220)
                      ; - com.seibel.distanthorizons.common.render.openGl.generic.GlGenericObjectRenderer::render@22 (line 423)
  0x000078d272b19668: 3c2f 0000 

  0x000078d272b1966c: ;   {other}
  0x000078d272b1966c: 0f1f 8400 | dc51 00d5 | 4c8b 5424 | 3841 8942 | 3c49 8bf2 

  0x000078d272b19680: ;   {oop("uEastShading"{0x000000065a7a3d88})}
  0x000078d272b19680: 48ba 883d | 7a5a 0600 | 0000 6690 

  0x000078d272b1968c: ;   {optimized virtual_call}
  0x000078d272b1968c: c5f8 77e8 

  0x000078d272b19690: ; ImmutableOopMap {rbp=Oop [16]=Oop [40]=Oop [48]=Oop [56]=Oop [96]=Oop }
                      ;*invokevirtual getUniformLocation {reexecute=0 rethrow=0 return_oop=0}
                      ; - com.seibel.distanthorizons.common.render.openGl.generic.GlGenericObjectShaderProgram::<init>@188 (line 83)
                      ; - com.seibel.distanthorizons.common.render.openGl.generic.GlGenericObjectRenderer::init@159 (line 220)
                      ; - com.seibel.distanthorizons.common.render.openGl.generic.GlGenericObjectRenderer::render@22 (line 423)
  0x000078d272b19690: 232f 0000 

  0x000078d272b19694: ;   {other}
  0x000078d272b19694: 0f1f 8400 | 0452 00d6 | 4c8b 5424 | 3841 8942 | 4049 8bf2 

  0x000078d272b196a8: ;   {oop("uWestShading"{0x000000065a7a3da0})}
  0x000078d272b196a8: 48ba a03d | 7a5a 0600 | 0000 6690 

  0x000078d272b196b4: ;   {optimized virtual_call}
  0x000078d272b196b4: c5f8 77e8 

  0x000078d272b196b8: ; ImmutableOopMap {rbp=Oop [16]=Oop [40]=Oop [48]=Oop [56]=Oop [96]=Oop }
                      ;*invokevirtual getUniformLocation {reexecute=0 rethrow=0 return_oop=0}
                      ; - com.seibel.distanthorizons.common.render.openGl.generic.GlGenericObjectShaderProgram::<init>@198 (line 84)
                      ; - com.seibel.distanthorizons.common.render.openGl.generic.GlGenericObjectRenderer::init@159 (line 220)
                      ; - com.seibel.distanthorizons.common.render.openGl.generic.GlGenericObjectRenderer::render@22 (line 423)
  0x000078d272b196b8: 0a2f 0000 

  0x000078d272b196bc: ;   {other}
  0x000078d272b196bc: 0f1f 8400 | 2c52 00d7 | 4c8b 5424 | 3841 8942 | 4449 8bf2 

  0x000078d272b196d0: ;   {oop("uTopShading"{0x000000065a7a3db8})}
  0x000078d272b196d0: 48ba b83d | 7a5a 0600 | 0000 6690 

  0x000078d272b196dc: ;   {optimized virtual_call}
  0x000078d272b196dc: c5f8 77e8 

  0x000078d272b196e0: ; ImmutableOopMap {rbp=Oop [16]=Oop [40]=Oop [48]=Oop [56]=Oop [96]=Oop }
                      ;*invokevirtual getUniformLocation {reexecute=0 rethrow=0 return_oop=0}
                      ; - com.seibel.distanthorizons.common.render.openGl.generic.GlGenericObjectShaderProgram::<init>@208 (line 85)
                      ; - com.seibel.distanthorizons.common.render.openGl.generic.GlGenericObjectRenderer::init@159 (line 220)
                      ; - com.seibel.distanthorizons.common.render.openGl.generic.GlGenericObjectRenderer::render@22 (line 423)
  0x000078d272b196e0: f12e 0000 

  0x000078d272b196e4: ;   {other}
  0x000078d272b196e4: 0f1f 8400 | 5452 00d8 | 488b 6c24 | 3889 4548 

  0x000078d272b196f4: ;   {oop("uBottomShading"{0x000000065a7a3dd0})}
  0x000078d272b196f4: 488b f548 | bad0 3d7a | 5a06 0000 | 004c 8b54 | 2430 4c89 | 1424 6690 

  0x000078d272b1970c: ;   {optimized virtual_call}
  0x000078d272b1970c: c5f8 77e8 

  0x000078d272b19710: ; ImmutableOopMap {rbp=Oop [0]=Oop [16]=Oop [40]=Oop [96]=Oop }
                      ;*invokevirtual getUniformLocation {reexecute=0 rethrow=0 return_oop=0}
                      ; - com.seibel.distanthorizons.common.render.openGl.generic.GlGenericObjectShaderProgram::<init>@218 (line 86)
                      ; - com.seibel.distanthorizons.common.render.openGl.generic.GlGenericObjectRenderer::init@159 (line 220)
                      ; - com.seibel.distanthorizons.common.render.openGl.generic.GlGenericObjectRenderer::render@22 (line 423)
  0x000078d272b19710: d02e 0000 

  0x000078d272b19714: ;   {other}
  0x000078d272b19714: 0f1f 8400 | 8452 00d9 | 8945 4c41 | 807f 4000 | 0f85 fc12 | 0000 4c8b | 1424 4c8b | c549 c1e8 
  0x000078d272b19734: 034c 8b1c | 2445 8943 | 144c 8bdd | 4d33 da49 | c1eb 164d | 85db 741b | 49c1 ea09 | 49b8 0000 
  0x000078d272b19754: 8064 d278 | 0000 4d03 | c241 8038 | 020f 8560 | 1300 0048 | 8b34 2448 | 8bee 6690 

  0x000078d272b19770: ;   {optimized virtual_call}
  0x000078d272b19770: c5f8 77e8 

  0x000078d272b19774: ; ImmutableOopMap {rbp=Oop [0]=Oop [16]=Oop [40]=Oop [96]=Oop }
                      ;*invokevirtual createBuffers {reexecute=0 rethrow=0 return_oop=0}
                      ; - com.seibel.distanthorizons.common.render.openGl.generic.GlGenericObjectRenderer::init@166 (line 222)
                      ; - com.seibel.distanthorizons.common.render.openGl.generic.GlGenericObjectRenderer::render@22 (line 423)
  0x000078d272b19774: c430 0000 

  0x000078d272b19778: ;   {other}
  0x000078d272b19778: 0f1f 8400 | e852 00da | 4c8b 5424 | 104c 8954 | 2438 488b | 6c24 60e9 | b3bd ffff | 4d8b 5748 
  0x000078d272b19798: 4d8b 5f58 | f083 4424 | c000 803f | 000f 8415 | deff ff44 | 8827 4d85 | d275 2049 | 8bf7 c5f8 
  0x000078d272b197b8: 7749 ba80 | bafb 86d2 | 7800 0041 

  0x000078d272b197c4: ;   {other}
  0x000078d272b197c4: ffd2 0f1f | 8400 0000 | 0000 e9ed | ddff ff4b | 897c 13f8 | 4983 c2f8 | 4d89 5748 | e9db ddff 
  0x000078d272b197e4: ffbe ccff | ffff 488b | 6c24 304c | 8b54 2428 | 4c89 1424 | 4c8b 5424 | 104c 8954 | 2408 448b 
  0x000078d272b19804: 5c24 1844 | 895c 2410 | 4c8b 5424 | 604c 8954 | 2418 4c8b | 5424 484c | 8954 2438 | 4c89 5424 
  0x000078d272b19824: 404c 8b94 | 2488 0000 | 004c 8954 | 2460 894c | 2414 6690 

  0x000078d272b19838: ;   {runtime_call UncommonTrapBlob}
  0x000078d272b19838: c5f8 77e8 

  0x000078d272b1983c: ; ImmutableOopMap {rbp=Oop [0]=Oop [8]=Oop [24]=Oop [56]=Oop [64]=Oop [80]=Oop [88]=Oop [96]=Oop }
                      ;*invokestatic arraycopy {reexecute=0 rethrow=0 return_oop=0}
                      ; - java.lang.String::getBytes@22 (line 4715)
                      ; - java.lang.StringConcatHelper::prepend@21 (line 324)
                      ; - java.lang.StringConcatHelper::prepend@16 (line 344)
                      ; - java.lang.invoke.DirectMethodHandle$Holder::invokeStatic@17
                      ; - java.lang.invoke.LambdaForm$MH/0x000078d20810cc00::invoke@28
                      ; - java.lang.invoke.LambdaForm$MH/0x000078d208291800::invoke@70
                      ; - java.lang.invoke.Invokers$Holder::linkToTargetMethod@5
                      ; - com.seibel.distanthorizons.common.render.openGl.glObject.shader.GlShader::<init>@24 (line 72)
                      ; - com.seibel.distanthorizons.common.render.openGl.glObject.shader.GlShaderProgram::<init>@26 (line 63)
                      ; - com.seibel.distanthorizons.common.render.openGl.glObject.shader.GlShaderProgram::<init>@11 (line 52)
                      ; - com.seibel.distanthorizons.common.render.openGl.generic.GlGenericObjectShaderProgram::<init>@25 (line 57)
                      ; - com.seibel.distanthorizons.common.render.openGl.generic.GlGenericObjectRenderer::init@147 (line 219)
                      ; - com.seibel.distanthorizons.common.render.openGl.generic.GlGenericObjectRenderer::render@22 (line 423)
  0x000078d272b1983c: 40cd 19fd 

  0x000078d272b19840: ;   {other}
  0x000078d272b19840: 0f1f 8400 | b053 00db | becc ffff | ff48 8b6c | 2430 4c8b | 5424 284c | 8914 244c | 8b54 2410 
  0x000078d272b19860: 4c89 5424 | 0844 8b5c | 2418 4489 | 5c24 104c | 8b54 2460 | 4c89 5424 | 184c 8b54 | 2448 4c89 
  0x000078d272b19880: 5424 384c | 8954 2440 | 4c8b 9424 | 8800 0000 | 4c89 5424 | 6044 8b54 | 2478 4489 | 5424 1489 
  0x000078d272b198a0: 8c24 8000 | 0000 8994 | 2484 0000 | 0066 6690 

  0x000078d272b198b0: ;   {runtime_call UncommonTrapBlob}
  0x000078d272b198b0: c5f8 77e8 

  0x000078d272b198b4: ; ImmutableOopMap {rbp=Oop [0]=Oop [8]=Oop [20]=NarrowOop [24]=Oop [56]=Oop [64]=Oop [80]=Oop [88]=Oop [96]=Oop }
                      ;*invokestatic arraycopy {reexecute=0 rethrow=0 return_oop=0}
                      ; - java.lang.String::getBytes@22 (line 4715)
                      ; - java.lang.StringConcatHelper::prepend@21 (line 324)
                      ; - java.lang.StringConcatHelper::prepend@3 (line 343)
                      ; - java.lang.invoke.DirectMethodHandle$Holder::invokeStatic@17
                      ; - java.lang.invoke.LambdaForm$MH/0x000078d20810cc00::invoke@28
                      ; - java.lang.invoke.LambdaForm$MH/0x000078d208291800::invoke@70
                      ; - java.lang.invoke.Invokers$Holder::linkToTargetMethod@5
                      ; - com.seibel.distanthorizons.common.render.openGl.glObject.shader.GlShader::<init>@24 (line 72)
                      ; - com.seibel.distanthorizons.common.render.openGl.glObject.shader.GlShaderProgram::<init>@26 (line 63)
                      ; - com.seibel.distanthorizons.common.render.openGl.glObject.shader.GlShaderProgram::<init>@11 (line 52)
                      ; - com.seibel.distanthorizons.common.render.openGl.generic.GlGenericObjectShaderProgram::<init>@25 (line 57)
                      ; - com.seibel.distanthorizons.common.render.openGl.generic.GlGenericObjectRenderer::init@147 (line 219)
                      ; - com.seibel.distanthorizons.common.render.openGl.generic.GlGenericObjectRenderer::render@22 (line 423)
  0x000078d272b198b4: c8cc 19fd 

  0x000078d272b198b8: ;   {other}
  0x000078d272b198b8: 0f1f 8400 | 2854 00dc | be45 ffff | ff4c 8b44 | 2430 498b | e84c 8b44 | 2428 4c89 | 0424 4c8b 
  0x000078d272b198d8: 4424 104c | 8944 2408 | 448b 4c24 | 1844 894c | 2410 4c8b | 4424 604c | 8944 2418 | 4c8b 4424 
  0x000078d272b198f8: 484c 8944 | 2438 4c89 | 4424 404c | 8954 2460 | 4489 5c24 | 1466 6690 

  0x000078d272b19910: ;   {runtime_call UncommonTrapBlob}
  0x000078d272b19910: c5f8 77e8 

  0x000078d272b19914: ; ImmutableOopMap {rbp=Oop [0]=Oop [8]=Oop [24]=Oop [56]=Oop [64]=Oop [80]=Oop [96]=Oop }
                      ;*iflt {reexecute=1 rethrow=0 return_oop=0}
                      ; - (reexecute) java.lang.StringConcatHelper::checkOverflow@2 (line 65)
                      ; - java.lang.StringConcatHelper::mix@23 (line 127)
                      ; - java.lang.invoke.DirectMethodHandle$Holder::invokeStatic@13
                      ; - java.lang.invoke.LambdaForm$MH/0x000078d208291000::invoke@23
                      ; - java.lang.invoke.LambdaForm$MH/0x000078d208291800::invoke@31
                      ; - java.lang.invoke.Invokers$Holder::linkToTargetMethod@5
                      ; - com.seibel.distanthorizons.common.render.openGl.glObject.shader.GlShader::<init>@24 (line 72)
                      ; - com.seibel.distanthorizons.common.render.openGl.glObject.shader.GlShaderProgram::<init>@26 (line 63)
                      ; - com.seibel.distanthorizons.common.render.openGl.glObject.shader.GlShaderProgram::<init>@11 (line 52)
                      ; - com.seibel.distanthorizons.common.render.openGl.generic.GlGenericObjectShaderProgram::<init>@25 (line 57)
                      ; - com.seibel.distanthorizons.common.render.openGl.generic.GlGenericObjectRenderer::init@147 (line 219)
                      ; - com.seibel.distanthorizons.common.render.openGl.generic.GlGenericObjectRenderer::render@22 (line 423)
  0x000078d272b19914: 68cc 19fd 

  0x000078d272b19918: ;   {other}
  0x000078d272b19918: 0f1f 8400 | 8854 00dd | be45 ffff | ff48 8b6c | 2430 4c8b | 5424 284c | 8914 244c | 8b54 2410 
  0x000078d272b19938: 4c89 5424 | 0844 8b54 | 2418 4489 | 5424 104c | 8b54 2460 | 4c89 5424 | 184c 8b54 | 2448 4c89 
  0x000078d272b19958: 5424 384c | 8954 2440 

  0x000078d272b19960: ;   {runtime_call UncommonTrapBlob}
  0x000078d272b19960: c5f8 77e8 

  0x000078d272b19964: ; ImmutableOopMap {rbp=Oop [0]=Oop [8]=Oop [24]=Oop [56]=Oop [64]=Oop [80]=Oop [88]=Oop }
                      ;*ifge {reexecute=1 rethrow=0 return_oop=0}
                      ; - (reexecute) java.lang.StringConcatHelper::newArray@13 (line 508)
                      ; - java.lang.StringConcatHelper::newArrayWithSuffix@7 (line 489)
                      ; - java.lang.invoke.DirectMethodHandle$Holder::invokeStatic@13
                      ; - java.lang.invoke.LambdaForm$MH/0x000078d208290000::invoke@23
                      ; - java.lang.invoke.LambdaForm$MH/0x000078d208291800::invoke@49
                      ; - java.lang.invoke.Invokers$Holder::linkToTargetMethod@5
                      ; - com.seibel.distanthorizons.common.render.openGl.glObject.shader.GlShader::<init>@24 (line 72)
                      ; - com.seibel.distanthorizons.common.render.openGl.glObject.shader.GlShaderProgram::<init>@26 (line 63)
                      ; - com.seibel.distanthorizons.common.render.openGl.glObject.shader.GlShaderProgram::<init>@11 (line 52)
                      ; - com.seibel.distanthorizons.common.render.openGl.generic.GlGenericObjectShaderProgram::<init>@25 (line 57)
                      ; - com.seibel.distanthorizons.common.render.openGl.generic.GlGenericObjectRenderer::init@147 (line 219)
                      ; - com.seibel.distanthorizons.common.render.openGl.generic.GlGenericObjectRenderer::render@22 (line 423)
  0x000078d272b19964: 18cc 19fd 

  0x000078d272b19968: ;   {other}
  0x000078d272b19968: 0f1f 8400 | d854 00de | 4d8b da49 | ba00 0000 | 0001 0000 | 004d 0bda | 4c89 5c24 | 58e9 d6ea 
  0x000078d272b19988: ffff 488b | 7424 4048 | 8b54 2470 | 8bcf 41b8 | 0100 0000 | 4c8b 5424 | 304c 8954 | 2420 6690 
  0x000078d272b199a8: ;   {optimized virtual_call}
  0x000078d272b199a8: c5f8 77e8 

  0x000078d272b199ac: ; ImmutableOopMap {rbp=Oop [8]=Derived_oop_rbp [16]=Oop [32]=Oop [40]=Oop [48]=Oop [56]=Oop [64]=Oop [72]=Oop [96]=Oop [112]=Oop }
                      ;*invokevirtual getBytes {reexecute=0 rethrow=0 return_oop=0}
                      ; - java.lang.StringConcatHelper::prepend@32 (line 326)
                      ; - java.lang.StringConcatHelper::prepend@3 (line 343)
                      ; - java.lang.invoke.DirectMethodHandle$Holder::invokeStatic@17
                      ; - java.lang.invoke.LambdaForm$MH/0x000078d20810cc00::invoke@28
                      ; - java.lang.invoke.LambdaForm$MH/0x000078d208291800::invoke@70
                      ; - java.lang.invoke.Invokers$Holder::linkToTargetMethod@5
                      ; - com.seibel.distanthorizons.common.render.openGl.glObject.shader.GlShader::<init>@24 (line 72)
                      ; - com.seibel.distanthorizons.common.render.openGl.glObject.shader.GlShaderProgram::<init>@63 (line 70)
                      ; - com.seibel.distanthorizons.common.render.openGl.glObject.shader.GlShaderProgram::<init>@11 (line 52)
                      ; - com.seibel.distanthorizons.common.render.openGl.generic.GlGenericObjectShaderProgram::<init>@25 (line 57)
                      ; - com.seibel.distanthorizons.common.render.openGl.generic.GlGenericObjectRenderer::init@159 (line 220)
                      ; - com.seibel.distanthorizons.common.render.openGl.generic.GlGenericObjectRenderer::render@22 (line 423)
  0x000078d272b199ac: d03d 19fd 

  0x000078d272b199b0: ;   {other}
  0x000078d272b199b0: 0f1f 8400 | 2055 00df | e955 ecff 

  0x000078d272b199bc: ;   {oop("Source: \x0A["{0x000000065a7a40e8})}
  0x000078d272b199bc: ff48 bee8 | 407a 5a06 | 0000 0048 | 8b54 2470 | 418b c941 | b801 0000 | 0048 8b6c | 2430 6690 
  0x000078d272b199dc: ;   {optimized virtual_call}
  0x000078d272b199dc: c5f8 77e8 

  0x000078d272b199e0: ; ImmutableOopMap {rbp=Oop [16]=Oop [40]=Oop [48]=Oop [56]=Oop [64]=Oop [72]=Oop [96]=Oop [112]=Oop }
                      ;*invokevirtual getBytes {reexecute=0 rethrow=0 return_oop=0}
                      ; - java.lang.StringConcatHelper::prepend@32 (line 326)
                      ; - java.lang.StringConcatHelper::prepend@16 (line 344)
                      ; - java.lang.invoke.DirectMethodHandle$Holder::invokeStatic@17
                      ; - java.lang.invoke.LambdaForm$MH/0x000078d20810cc00::invoke@28
                      ; - java.lang.invoke.LambdaForm$MH/0x000078d208291800::invoke@70
                      ; - java.lang.invoke.Invokers$Holder::linkToTargetMethod@5
                      ; - com.seibel.distanthorizons.common.render.openGl.glObject.shader.GlShader::<init>@24 (line 72)
                      ; - com.seibel.distanthorizons.common.render.openGl.glObject.shader.GlShaderProgram::<init>@63 (line 70)
                      ; - com.seibel.distanthorizons.common.render.openGl.glObject.shader.GlShaderProgram::<init>@11 (line 52)
                      ; - com.seibel.distanthorizons.common.render.openGl.generic.GlGenericObjectShaderProgram::<init>@25 (line 57)
                      ; - com.seibel.distanthorizons.common.render.openGl.generic.GlGenericObjectRenderer::init@159 (line 220)
                      ; - com.seibel.distanthorizons.common.render.openGl.generic.GlGenericObjectRenderer::render@22 (line 423)
  0x000078d272b199e0: 9c3d 19fd 

  0x000078d272b199e4: ;   {other}
  0x000078d272b199e4: 0f1f 8400 | 5455 00e0 | e997 ecff | ffbe deff | ffff 4c8b | 5c24 284c | 891c 2444 | 8b5c 2418 
  0x000078d272b19a04: 4489 5c24 | 104c 8b5c | 2420 4c89 | 5c24 184c | 8b5c 2430 | 4c89 5c24 | 2044 8954 | 2414 6690 
  0x000078d272b19a24: ;   {runtime_call UncommonTrapBlob}
  0x000078d272b19a24: c5f8 77e8 

  0x000078d272b19a28: ; ImmutableOopMap {rbp=Oop [0]=Oop [20]=NarrowOop [24]=Oop [32]=Oop [56]=Oop [64]=Oop [72]=Oop }
                      ;*invokeinterface getState {reexecute=0 rethrow=0 return_oop=0}
                      ; - com.seibel.distanthorizons.common.render.openGl.generic.GlGenericObjectRenderer::render@334 (line 500)
  0x000078d272b19a28: 54cb 19fd 

  0x000078d272b19a2c: ;   {other}
  0x000078d272b19a2c: 0f1f 8400 | 9c55 00e1 | bede ffff | ff4c 8b5c | 2428 4c89 | 1c24 4c8b | 5c24 384c | 895c 2408 
  0x000078d272b19a4c: 448b 5c24 | 1844 895c | 2410 4c8b | 5c24 204c | 895c 2418 | 4c8b 5c24 | 304c 895c | 2420 4c8b 
  0x000078d272b19a6c: 5c24 404c | 895c 2428 

  0x000078d272b19a74: ;   {runtime_call UncommonTrapBlob}
  0x000078d272b19a74: c5f8 77e8 

  0x000078d272b19a78: ; ImmutableOopMap {rbp=Oop [0]=Oop [8]=Oop [24]=Oop [32]=Oop [40]=Oop [72]=Oop [80]=Oop [88]=Oop }
                      ;*invokeinterface close {reexecute=0 rethrow=0 return_oop=0}
                      ; - com.seibel.distanthorizons.common.render.openGl.generic.GlGenericObjectRenderer::render@428 (line 522)
  0x000078d272b19a78: 04cb 19fd 

  0x000078d272b19a7c: ;   {other}
  0x000078d272b19a7c: 0f1f 8400 | ec55 00e2 

  0x000078d272b19a84: ;   {oop("]"{0x000000065a7a4090})}
  0x000078d272b19a84: 48be 9040 | 7a5a 0600 | 0000 488b | 5424 708b | 4c24 5441 | b801 0000 

  0x000078d272b19a9c: ;   {oop([B{0x000000065a7a3fd0})}
  0x000078d272b19a9c: 0049 bad0 | 3f7a 5a06 | 0000 004c | 8994 24a0 | 0000 0090 

  0x000078d272b19ab0: ;   {optimized virtual_call}
  0x000078d272b19ab0: c5f8 77e8 

  0x000078d272b19ab4: ; ImmutableOopMap {rbp=Oop [8]=Derived_oop_rbp [16]=Oop [40]=Oop [48]=Oop [56]=Oop [64]=Oop [72]=Oop [96]=Oop [112]=Oop [160]=Oop [32]=Derived_oop_[160] }
                      ;*invokevirtual getBytes {reexecute=0 rethrow=0 return_oop=0}
                      ; - java.lang.StringConcatHelper::newArrayWithSuffix@35 (line 493)
                      ; - java.lang.invoke.DirectMethodHandle$Holder::invokeStatic@13
                      ; - java.lang.invoke.LambdaForm$MH/0x000078d208290000::invoke@23
                      ; - java.lang.invoke.LambdaForm$MH/0x000078d208291800::invoke@49
                      ; - java.lang.invoke.Invokers$Holder::linkToTargetMethod@5
                      ; - com.seibel.distanthorizons.common.render.openGl.glObject.shader.GlShader::<init>@24 (line 72)
                      ; - com.seibel.distanthorizons.common.render.openGl.glObject.shader.GlShaderProgram::<init>@26 (line 63)
                      ; - com.seibel.distanthorizons.common.render.openGl.glObject.shader.GlShaderProgram::<init>@11 (line 52)
                      ; - com.seibel.distanthorizons.common.render.openGl.generic.GlGenericObjectShaderProgram::<init>@25 (line 57)
                      ; - com.seibel.distanthorizons.common.render.openGl.generic.GlGenericObjectRenderer::init@159 (line 220)
                      ; - com.seibel.distanthorizons.common.render.openGl.generic.GlGenericObjectRenderer::render@22 (line 423)
  0x000078d272b19ab4: c83c 19fd 

  0x000078d272b19ab8: ;   {other}
  0x000078d272b19ab8: 0f1f 8400 | 2856 00e3 | 4c8b 5424 | 4045 8b5a | 1444 895c | 2450 4585 | db0f 84ed | 1600 004c 
  0x000078d272b19ad8: 8b54 2440 | 450f be52 | 1044 8914 | 24e9 19df | ffff be45 | ffff ff4c | 8b54 2428 | 4c89 1424 
  0x000078d272b19af8: 448b 5c24 | 1844 895c | 2410 4c8b | 5424 204c | 8954 2418 | 8944 2414 

  0x000078d272b19b10: ;   {runtime_call UncommonTrapBlob}
  0x000078d272b19b10: c5f8 77e8 

  0x000078d272b19b14: ; ImmutableOopMap {rbp=Oop [0]=Oop [24]=Oop [48]=Oop [56]=Oop [64]=Oop }
                      ;*ifeq {reexecute=1 rethrow=0 return_oop=0}
                      ; - (reexecute) com.seibel.distanthorizons.common.render.openGl.generic.GlGenericObjectRenderer::render@311 (line 489)
  0x000078d272b19b14: 68ca 19fd 

  0x000078d272b19b18: ;   {other}
  0x000078d272b19b18: 0f1f 8400 | 8856 00e4 | be45 ffff | ff4c 8b54 | 2428 4c89 | 1424 448b | 4424 1844 | 8944 2410 
  0x000078d272b19b38: 4c8b 5424 | 204c 8954 | 2418 4c8b | 5424 304c | 8954 2420 | 4489 5c24 | 1466 6690 

  0x000078d272b19b54: ;   {runtime_call UncommonTrapBlob}
  0x000078d272b19b54: c5f8 77e8 

  0x000078d272b19b58: ; ImmutableOopMap {rbp=Oop [0]=Oop [24]=Oop [32]=Oop [56]=Oop [64]=Oop [72]=Oop }
                      ;*ifeq {reexecute=1 rethrow=0 return_oop=0}
                      ; - (reexecute) com.seibel.distanthorizons.common.render.openGl.generic.GlGenericObjectRenderer::render@321 (line 495)
  0x000078d272b19b58: 24ca 19fd 

  0x000078d272b19b5c: ;   {other}
  0x000078d272b19b5c: 0f1f 8400 | cc56 00e5 | be45 ffff | ff4c 8b5c | 2428 4c89 | 1c24 4c8b | 5c24 384c | 895c 2408 
  0x000078d272b19b7c: 448b 5c24 | 1844 895c | 2410 4c8b | 5c24 204c | 895c 2418 | 4c8b 5c24 | 304c 895c | 2420 4c8b 
  0x000078d272b19b9c: 5c24 404c | 895c 2428 | 4489 5424 | 1466 6690 

  0x000078d272b19bac: ;   {runtime_call UncommonTrapBlob}
  0x000078d272b19bac: c5f8 77e8 

  0x000078d272b19bb0: ; ImmutableOopMap {rbp=Oop [0]=Oop [8]=Oop [24]=Oop [32]=Oop [40]=Oop [72]=Oop [80]=Oop [88]=Oop }
                      ;*ifeq {reexecute=1 rethrow=0 return_oop=0}
                      ; - (reexecute) com.seibel.distanthorizons.common.render.openGl.generic.GlGenericObjectRenderer::render@387 (line 514)
  0x000078d272b19bb0: ccc9 19fd 

  0x000078d272b19bb4: ;   {other}
  0x000078d272b19bb4: 0f1f 8400 | 2457 00e6 

  0x000078d272b19bbc: ;   {metadata('java/lang/String')}
  0x000078d272b19bbc: 48be 78e8 | 0007 d278 | 0000 4c8b | 9424 8800 | 0000 4c89 

  0x000078d272b19bd0: ;   {oop([B{0x000000065a7a4100})}
  0x000078d272b19bd0: 1424 48bd | 0041 7a5a | 0600 0000 

  0x000078d272b19bdc: ;   {oop([B{0x000000065a7a3fd0})}
  0x000078d272b19bdc: 49ba d03f | 7a5a 0600 | 0000 4c89 | 9424 8800 | 0000 6690 

  0x000078d272b19bf0: ;   {runtime_call _new_instance_Java}
  0x000078d272b19bf0: c5f8 77e8 

  0x000078d272b19bf4: ; ImmutableOopMap {rbp=Oop [8]=Derived_oop_rbp [0]=Oop [16]=Oop [28]=NarrowOop [40]=Oop [48]=Oop [72]=Oop [80]=Oop [88]=Oop [96]=Oop [136]=Oop [32]=Derived_oop_[136] }
                      ;*new {reexecute=0 rethrow=0 return_oop=1}
                      ; - java.lang.StringConcatHelper::newString@24 (line 402)
                      ; - java.lang.invoke.DirectMethodHandle$Holder::invokeStatic@13
                      ; - java.lang.invoke.LambdaForm$MH/0x000078d208291800::invoke@90
                      ; - java.lang.invoke.Invokers$Holder::linkToTargetMethod@5
                      ; - com.seibel.distanthorizons.common.render.openGl.glObject.shader.GlShader::<init>@24 (line 72)
                      ; - com.seibel.distanthorizons.common.render.openGl.glObject.shader.GlShaderProgram::<init>@26 (line 63)
                      ; - com.seibel.distanthorizons.common.render.openGl.glObject.shader.GlShaderProgram::<init>@11 (line 52)
                      ; - com.seibel.distanthorizons.common.render.openGl.generic.GlGenericObjectShaderProgram::<init>@25 (line 57)
                      ; - com.seibel.distanthorizons.common.render.openGl.generic.GlGenericObjectRenderer::init@147 (line 219)
                      ; - com.seibel.distanthorizons.common.render.openGl.generic.GlGenericObjectRenderer::render@22 (line 423)
  0x000078d272b19bf4: 889a 26fd 

  0x000078d272b19bf8: ;   {other}
  0x000078d272b19bf8: 0f1f 8400 | 6857 00e7 | e92f d5ff | ff4d 8bda | 49ba 0000 | 0000 0100 | 0000 4d3b | da0f 85d9 
  0x000078d272b19c18: 1500 0049 | 8b87 b801 | 0000 4c8b | d049 83c2 | 184d 3b97 | c801 0000 | 0f83 f213 | 0000 4d89 
  0x000078d272b19c38: 97b8 0100 | 0041 0f18 | 8200 0100 | 0048 c700 | 0100 0000 

  0x000078d272b19c4c: ;   {metadata('java/lang/String')}
  0x000078d272b19c4c: c740 0878 | e800 0044 | 8960 0c48 | c740 1001 | 0000 004c | 8bd0 4c89 | 1424 4189 | 6a14 e98a 
  0x000078d272b19c6c: eaff ff4d | 63d2 e934 | c8ff ffbe | 4100 0000 | 488b 2c24 | 4c8b 5424 | 284c 8914 | 244c 8b54 
  0x000078d272b19c8c: 2410 4c89 | 5424 0844 | 8b5c 2418 | 4489 5c24 | 104c 8b54 | 2448 4c89 | 5424 384c | 8954 2440 
  0x000078d272b19cac: 4c8b 5424 | 504c 8954 | 2448 6690 

  0x000078d272b19cb8: ;   {runtime_call UncommonTrapBlob}
  0x000078d272b19cb8: c5f8 77e8 

  0x000078d272b19cbc: ; ImmutableOopMap {rbp=Oop [0]=Oop [8]=Oop [56]=Oop [64]=Oop [72]=Oop [88]=Oop [96]=Oop }
                      ;*new {reexecute=0 rethrow=0 return_oop=0}
                      ; - com.seibel.distanthorizons.common.render.openGl.glObject.shader.GlShader::<init>@72 (line 82)
                      ; - com.seibel.distanthorizons.common.render.openGl.glObject.shader.GlShaderProgram::<init>@63 (line 70)
                      ; - com.seibel.distanthorizons.common.render.openGl.glObject.shader.GlShaderProgram::<init>@11 (line 52)
                      ; - com.seibel.distanthorizons.common.render.openGl.generic.GlGenericObjectShaderProgram::<init>@25 (line 57)
                      ; - com.seibel.distanthorizons.common.render.openGl.generic.GlGenericObjectRenderer::init@147 (line 219)
                      ; - com.seibel.distanthorizons.common.render.openGl.generic.GlGenericObjectRenderer::render@22 (line 423)
  0x000078d272b19cbc: c0c8 19fd 

  0x000078d272b19cc0: ;   {other}
  0x000078d272b19cc0: 0f1f 8400 | 3058 00e8 | bef6 ffff | ff48 8b6c | 2430 4c8b | 5424 284c | 8914 244c | 8b54 2410 
  0x000078d272b19ce0: 4c89 5424 | 0844 8b54 | 2418 4489 | 5424 104c | 8b54 2460 | 4c89 5424 | 184c 8b54 | 2448 4c89 
  0x000078d272b19d00: 5424 384c | 8954 2440 | 448b 5424 | 6844 8954 | 2414 4c8b | 5424 704c | 8954 2460 

  0x000078d272b19d1c: ;   {runtime_call UncommonTrapBlob}
  0x000078d272b19d1c: c5f8 77e8 

  0x000078d272b19d20: ; ImmutableOopMap {rbp=Oop [0]=Oop [8]=Oop [24]=Oop [56]=Oop [64]=Oop [80]=Oop [88]=Oop [96]=Oop [120]=Oop }
                      ;*invokevirtual put {reexecute=0 rethrow=0 return_oop=0}
                      ; - com.seibel.distanthorizons.common.render.openGl.glObject.shader.GlShader::safeShaderSource@27 (line 129)
                      ; - com.seibel.distanthorizons.common.render.openGl.glObject.shader.GlShader::<init>@92 (line 85)
                      ; - com.seibel.distanthorizons.common.render.openGl.glObject.shader.GlShaderProgram::<init>@63 (line 70)
                      ; - com.seibel.distanthorizons.common.render.openGl.glObject.shader.GlShaderProgram::<init>@11 (line 52)
                      ; - com.seibel.distanthorizons.common.render.openGl.generic.GlGenericObjectShaderProgram::<init>@25 (line 57)
                      ; - com.seibel.distanthorizons.common.render.openGl.generic.GlGenericObjectRenderer::init@147 (line 219)
                      ; - com.seibel.distanthorizons.common.render.openGl.generic.GlGenericObjectRenderer::render@22 (line 423)
  0x000078d272b19d20: 5cc8 19fd 

  0x000078d272b19d24: ;   {other}
  0x000078d272b19d24: 0f1f 8400 | 9458 00e9 | be41 0000 | 0048 8b2c | 244c 8b54 | 2428 4c89 | 1424 4c8b | 5424 104c 
  0x000078d272b19d44: 8954 2408 | 448b 5c24 | 1844 895c | 2410 4c8b | 5424 484c | 8954 2438 | 4c89 5424 | 4066 6690 
  0x000078d272b19d64: ;   {runtime_call UncommonTrapBlob}
  0x000078d272b19d64: c5f8 77e8 

  0x000078d272b19d68: ; ImmutableOopMap {rbp=Oop [0]=Oop [8]=Oop [56]=Oop [64]=Oop [80]=Oop [96]=Oop }
                      ;*new {reexecute=0 rethrow=0 return_oop=0}
                      ; - com.seibel.distanthorizons.common.render.openGl.glObject.shader.GlShader::<init>@47 (line 75)
                      ; - com.seibel.distanthorizons.common.render.openGl.glObject.shader.GlShaderProgram::<init>@63 (line 70)
                      ; - com.seibel.distanthorizons.common.render.openGl.glObject.shader.GlShaderProgram::<init>@11 (line 52)
                      ; - com.seibel.distanthorizons.common.render.openGl.generic.GlGenericObjectShaderProgram::<init>@25 (line 57)
                      ; - com.seibel.distanthorizons.common.render.openGl.generic.GlGenericObjectRenderer::init@147 (line 219)
                      ; - com.seibel.distanthorizons.common.render.openGl.generic.GlGenericObjectRenderer::render@22 (line 423)
  0x000078d272b19d68: 14c8 19fd 

  0x000078d272b19d6c: ;   {other}
  0x000078d272b19d6c: 0f1f 8400 | dc58 00ea | becc ffff | ff48 8b6c | 2430 4c8b | 5424 284c | 8914 244c | 8b54 2410 
  0x000078d272b19d8c: 4c89 5424 | 0844 8b5c | 2418 4489 | 5c24 104c | 8b54 2460 | 4c89 5424 | 184c 8b54 | 2448 4c89 
  0x000078d272b19dac: 5424 384c | 8954 2440 | 4c8b 9424 | 8800 0000 | 4c89 5424 | 7866 6690 

  0x000078d272b19dc4: ;   {runtime_call UncommonTrapBlob}
  0x000078d272b19dc4: c5f8 77e8 

  0x000078d272b19dc8: ; ImmutableOopMap {rbp=Oop [0]=Oop [8]=Oop [24]=Oop [56]=Oop [64]=Oop [80]=Oop [88]=Oop [120]=Oop [136]=Oop }
                      ;*invokestatic arraycopy {reexecute=0 rethrow=0 return_oop=0}
                      ; - java.lang.String::getBytes@22 (line 4715)
                      ; - java.lang.StringConcatHelper::newArrayWithSuffix@24 (line 491)
                      ; - java.lang.invoke.DirectMethodHandle$Holder::invokeStatic@13
                      ; - java.lang.invoke.LambdaForm$MH/0x000078d208290000::invoke@23
                      ; - java.lang.invoke.LambdaForm$MH/0x000078d208291800::invoke@49
                      ; - java.lang.invoke.Invokers$Holder::linkToTargetMethod@5
                      ; - com.seibel.distanthorizons.common.render.openGl.glObject.shader.GlShader::<init>@24 (line 72)
                      ; - com.seibel.distanthorizons.common.render.openGl.glObject.shader.GlShaderProgram::<init>@63 (line 70)
                      ; - com.seibel.distanthorizons.common.render.openGl.glObject.shader.GlShaderProgram::<init>@11 (line 52)
                      ; - com.seibel.distanthorizons.common.render.openGl.generic.GlGenericObjectShaderProgram::<init>@25 (line 57)
                      ; - com.seibel.distanthorizons.common.render.openGl.generic.GlGenericObjectRenderer::init@147 (line 219)
                      ; - com.seibel.distanthorizons.common.render.openGl.generic.GlGenericObjectRenderer::render@22 (line 423)
  0x000078d272b19dc8: b4c7 19fd 

  0x000078d272b19dcc: ;   {other}
  0x000078d272b19dcc: 0f1f 8400 | 3c59 00eb 

  0x000078d272b19dd4: ;   {metadata('com/seibel/distanthorizons/common/render/openGl/generic/GlGenericObjectShaderProgram')}
  0x000078d272b19dd4: 48be 98ed | b209 d278 | 0000 6690 

  0x000078d272b19de0: ;   {runtime_call _new_instance_Java}
  0x000078d272b19de0: c5f8 77e8 

  0x000078d272b19de4: ; ImmutableOopMap {rbp=Oop [8]=Derived_oop_rbp [0]=Oop [16]=Oop [40]=Oop [48]=Oop [96]=Oop [152]=Oop [32]=Derived_oop_[152] }
                      ;*new {reexecute=0 rethrow=0 return_oop=1}
                      ; - com.seibel.distanthorizons.common.render.openGl.generic.GlGenericObjectRenderer::init@154 (line 220)
                      ; - com.seibel.distanthorizons.common.render.openGl.generic.GlGenericObjectRenderer::render@22 (line 423)
  0x000078d272b19de4: 9898 26fd 

  0x000078d272b19de8: ;   {other}
  0x000078d272b19de8: 0f1f 8400 | 5859 00ec | 4c8b d0e9 | 5cd8 ffff 

  0x000078d272b19df8: ;   {metadata('com/seibel/distanthorizons/common/render/openGl/glObject/shader/GlShader')}
  0x000078d272b19df8: 48be c8c6 | b209 d278 | 0000 6690 

  0x000078d272b19e04: ;   {runtime_call _new_instance_Java}
  0x000078d272b19e04: c5f8 77e8 

  0x000078d272b19e08: ; ImmutableOopMap {rbp=Oop [8]=Derived_oop_rbp [0]=Oop [16]=Oop [40]=Oop [48]=Oop [56]=Oop [64]=Oop [96]=Oop [152]=Oop [32]=Derived_oop_[152] }
                      ;*new {reexecute=0 rethrow=0 return_oop=1}
                      ; - com.seibel.distanthorizons.common.render.openGl.glObject.shader.GlShaderProgram::<init>@18 (line 63)
                      ; - com.seibel.distanthorizons.common.render.openGl.glObject.shader.GlShaderProgram::<init>@11 (line 52)
                      ; - com.seibel.distanthorizons.common.render.openGl.generic.GlGenericObjectShaderProgram::<init>@25 (line 57)
                      ; - com.seibel.distanthorizons.common.render.openGl.generic.GlGenericObjectRenderer::init@159 (line 220)
                      ; - com.seibel.distanthorizons.common.render.openGl.generic.GlGenericObjectRenderer::render@22 (line 423)
  0x000078d272b19e08: 7498 26fd 

  0x000078d272b19e0c: ;   {other}
  0x000078d272b19e0c: 0f1f 8400 | 7c59 00ed | e9bc d8ff 

  0x000078d272b19e18: ;   {metadata({type array byte})}
  0x000078d272b19e18: ff48 be18 | 2300 07d2 | 7800 00ba | 2100 0000 

  0x000078d272b19e28: ;   {runtime_call _new_array_Java}
  0x000078d272b19e28: c5f8 77e8 

  0x000078d272b19e2c: ; ImmutableOopMap {rbp=Oop [8]=Derived_oop_rbp [0]=Oop [16]=Oop [40]=Oop [48]=Oop [56]=Oop [64]=Oop [72]=Oop [96]=Oop [152]=Oop [32]=Derived_oop_[152] }
                      ;*invokevirtual allocateUninitializedArray0 {reexecute=0 rethrow=0 return_oop=1}
                      ; - jdk.internal.misc.Unsafe::allocateUninitializedArray@51 (line 1380)
                      ; - java.lang.StringConcatHelper::newArray@33 (line 511)
                      ; - java.lang.StringConcatHelper::newArrayWithSuffix@7 (line 489)
                      ; - java.lang.invoke.DirectMethodHandle$Holder::invokeStatic@13
                      ; - java.lang.invoke.LambdaForm$MH/0x000078d208290000::invoke@23
                      ; - java.lang.invoke.LambdaForm$MH/0x000078d2081d9400::invoke@31
                      ; - java.lang.invoke.Invokers$Holder::linkToTargetMethod@5
                      ; - com.seibel.distanthorizons.common.render.openGl.glObject.shader.GlShader::<init>@8 (line 71)
                      ; - com.seibel.distanthorizons.common.render.openGl.glObject.shader.GlShaderProgram::<init>@26 (line 63)
                      ; - com.seibel.distanthorizons.common.render.openGl.glObject.shader.GlShaderProgram::<init>@11 (line 52)
                      ; - com.seibel.distanthorizons.common.render.openGl.generic.GlGenericObjectShaderProgram::<init>@25 (line 57)
                      ; - com.seibel.distanthorizons.common.render.openGl.generic.GlGenericObjectRenderer::init@159 (line 220)
                      ; - com.seibel.distanthorizons.common.render.openGl.generic.GlGenericObjectRenderer::render@22 (line 423)
  0x000078d272b19e2c: d0bd 26fd 

  0x000078d272b19e30: ;   {other}
  0x000078d272b19e30: 0f1f 8400 | a059 00ee | 4c8b d0e9 | eed8 ffff 

  0x000078d272b19e40: ;   {metadata('java/lang/String')}
  0x000078d272b19e40: 48be 78e8 | 0007 d278 | 0000 6690 

  0x000078d272b19e4c: ;   {runtime_call _new_instance_Java}
  0x000078d272b19e4c: c5f8 77e8 

  0x000078d272b19e50: ; ImmutableOopMap {rbp=Oop [8]=Derived_oop_rbp [0]=Oop [16]=Oop [40]=Oop [48]=Oop [56]=Oop [64]=Oop [72]=Oop [96]=Oop [152]=Oop [32]=Derived_oop_[152] }
                      ;*new {reexecute=0 rethrow=0 return_oop=1}
                      ; - java.lang.StringConcatHelper::newString@6 (line 400)
                      ; - java.lang.invoke.DirectMethodHandle$Holder::invokeStatic@13
                      ; - java.lang.invoke.LambdaForm$MH/0x000078d2081d9400::invoke@71
                      ; - java.lang.invoke.Invokers$Holder::linkToTargetMethod@5
                      ; - com.seibel.distanthorizons.common.render.openGl.glObject.shader.GlShader::<init>@8 (line 71)
                      ; - com.seibel.distanthorizons.common.render.openGl.glObject.shader.GlShaderProgram::<init>@26 (line 63)
                      ; - com.seibel.distanthorizons.common.render.openGl.glObject.shader.GlShaderProgram::<init>@11 (line 52)
                      ; - com.seibel.distanthorizons.common.render.openGl.generic.GlGenericObjectShaderProgram::<init>@25 (line 57)
                      ; - com.seibel.distanthorizons.common.render.openGl.generic.GlGenericObjectRenderer::init@159 (line 220)
                      ; - com.seibel.distanthorizons.common.render.openGl.generic.GlGenericObjectRenderer::render@22 (line 423)
  0x000078d272b19e50: 2c98 26fd 

  0x000078d272b19e54: ;   {other}
  0x000078d272b19e54: 0f1f 8400 | c459 00ef | e9d0 d9ff 

  0x000078d272b19e60: ;   {metadata('java/lang/Object'[])}
  0x000078d272b19e60: ff48 be70 | 1200 07d2 | 7800 0033 | d266 6690 

  0x000078d272b19e70: ;   {runtime_call _new_array_Java}
  0x000078d272b19e70: c5f8 77e8 

  0x000078d272b19e74: ; ImmutableOopMap {rbp=Oop [8]=Derived_oop_rbp [0]=Oop [16]=Oop [40]=Oop [48]=Oop [56]=Oop [64]=Oop [72]=Oop [96]=Oop [152]=Oop [32]=Derived_oop_[152] }
                      ;*anewarray {reexecute=0 rethrow=0 return_oop=1}
                      ; - com.seibel.distanthorizons.common.render.openGl.glObject.shader.GlShader::<init>@14 (line 71)
                      ; - com.seibel.distanthorizons.common.render.openGl.glObject.shader.GlShaderProgram::<init>@26 (line 63)
                      ; - com.seibel.distanthorizons.common.render.openGl.glObject.shader.GlShaderProgram::<init>@11 (line 52)
                      ; - com.seibel.distanthorizons.common.render.openGl.generic.GlGenericObjectShaderProgram::<init>@25 (line 57)
                      ; - com.seibel.distanthorizons.common.render.openGl.generic.GlGenericObjectRenderer::init@159 (line 220)
                      ; - com.seibel.distanthorizons.common.render.openGl.generic.GlGenericObjectRenderer::render@22 (line 423)
  0x000078d272b19e74: 88bd 26fd 

  0x000078d272b19e78: ;   {other}
  0x000078d272b19e78: 0f1f 8400 | e859 00f0 | e90e daff 

  0x000078d272b19e84: ;   {metadata({type array byte})}
  0x000078d272b19e84: ff48 be18 | 2300 07d2 | 7800 008b 

  0x000078d272b19e90: ;   {oop([B{0x000000065a7a3fd0})}
  0x000078d272b19e90: 5424 6849 | bad0 3f7a | 5a06 0000 | 004c 8994 | 24a8 0000 | 0066 6690 

  0x000078d272b19ea8: ;   {runtime_call _new_array_Java}
  0x000078d272b19ea8: c5f8 77e8 

  0x000078d272b19eac: ; ImmutableOopMap {rbp=Oop [8]=Derived_oop_rbp [16]=Oop [40]=Oop [48]=Oop [56]=Oop [64]=Oop [72]=Oop [80]=NarrowOop [96]=Oop [168]=Oop [32]=Derived_oop_[168] }
                      ;*invokevirtual allocateUninitializedArray0 {reexecute=0 rethrow=0 return_oop=1}
                      ; - jdk.internal.misc.Unsafe::allocateUninitializedArray@51 (line 1380)
                      ; - java.lang.StringConcatHelper::newArray@33 (line 511)
                      ; - java.lang.StringConcatHelper::newArrayWithSuffix@7 (line 489)
                      ; - java.lang.invoke.DirectMethodHandle$Holder::invokeStatic@13
                      ; - java.lang.invoke.LambdaForm$MH/0x000078d208290000::invoke@23
                      ; - java.lang.invoke.LambdaForm$MH/0x000078d208291800::invoke@49
                      ; - java.lang.invoke.Invokers$Holder::linkToTargetMethod@5
                      ; - com.seibel.distanthorizons.common.render.openGl.glObject.shader.GlShader::<init>@24 (line 72)
                      ; - com.seibel.distanthorizons.common.render.openGl.glObject.shader.GlShaderProgram::<init>@26 (line 63)
                      ; - com.seibel.distanthorizons.common.render.openGl.glObject.shader.GlShaderProgram::<init>@11 (line 52)
                      ; - com.seibel.distanthorizons.common.render.openGl.generic.GlGenericObjectShaderProgram::<init>@25 (line 57)
                      ; - com.seibel.distanthorizons.common.render.openGl.generic.GlGenericObjectRenderer::init@159 (line 220)
                      ; - com.seibel.distanthorizons.common.render.openGl.generic.GlGenericObjectRenderer::render@22 (line 423)
  0x000078d272b19eac: 50bd 26fd 

  0x000078d272b19eb0: ;   {other}
  0x000078d272b19eb0: 0f1f 8400 | 205a 00f1 | e9f6 daff 

  0x000078d272b19ebc: ;   {metadata('java/lang/Object'[])}
  0x000078d272b19ebc: ff48 be70 | 1200 07d2 | 7800 0033 

  0x000078d272b19ec8: ;   {oop([B{0x000000065a7a3fd0})}
  0x000078d272b19ec8: d249 bad0 | 3f7a 5a06 | 0000 004c | 8994 2488 | 0000 0090 

  0x000078d272b19edc: ;   {runtime_call _new_array_Java}
  0x000078d272b19edc: c5f8 77e8 

  0x000078d272b19ee0: ; ImmutableOopMap {rbp=Oop [8]=Derived_oop_rbp [0]=Oop [16]=Oop [40]=Oop [48]=Oop [56]=Oop [64]=Oop [72]=Oop [96]=Oop [136]=Oop [32]=Derived_oop_[136] }
                      ;*anewarray {reexecute=0 rethrow=0 return_oop=1}
                      ; - com.seibel.distanthorizons.common.render.openGl.glObject.shader.GlShader::<init>@30 (line 72)
                      ; - com.seibel.distanthorizons.common.render.openGl.glObject.shader.GlShaderProgram::<init>@26 (line 63)
                      ; - com.seibel.distanthorizons.common.render.openGl.glObject.shader.GlShaderProgram::<init>@11 (line 52)
                      ; - com.seibel.distanthorizons.common.render.openGl.generic.GlGenericObjectShaderProgram::<init>@25 (line 57)
                      ; - com.seibel.distanthorizons.common.render.openGl.generic.GlGenericObjectRenderer::init@159 (line 220)
                      ; - com.seibel.distanthorizons.common.render.openGl.generic.GlGenericObjectRenderer::render@22 (line 423)
  0x000078d272b19ee0: 1cbd 26fd 

  0x000078d272b19ee4: ;   {other}
  0x000078d272b19ee4: 0f1f 8400 | 545a 00f2 | e9f6 dcff 

  0x000078d272b19ef0: ;   {metadata('java/lang/String')}
  0x000078d272b19ef0: ff48 be78 | e800 07d2 | 7800 004c | 8b54 2430 | 4c89 1424 

  0x000078d272b19f04: ;   {oop([B{0x000000065a7a3fd0})}
  0x000078d272b19f04: 49ba d03f | 7a5a 0600 | 0000 4c89 | 9424 8800 | 0000 6690 

  0x000078d272b19f18: ;   {runtime_call _new_instance_Java}
  0x000078d272b19f18: c5f8 77e8 

  0x000078d272b19f1c: ; ImmutableOopMap {rbp=Oop [8]=Derived_oop_rbp [0]=Oop [16]=Oop [28]=NarrowOop [40]=Oop [48]=Oop [56]=Oop [64]=Oop [72]=Oop [96]=Oop [112]=Oop [136]=Oop [32]=Derived_oop_[136] }
                      ;*new {reexecute=0 rethrow=0 return_oop=1}
                      ; - java.lang.StringConcatHelper::newString@6 (line 400)
                      ; - java.lang.invoke.DirectMethodHandle$Holder::invokeStatic@13
                      ; - java.lang.invoke.LambdaForm$MH/0x000078d208291800::invoke@90
                      ; - java.lang.invoke.Invokers$Holder::linkToTargetMethod@5
                      ; - com.seibel.distanthorizons.common.render.openGl.glObject.shader.GlShader::<init>@24 (line 72)
                      ; - com.seibel.distanthorizons.common.render.openGl.glObject.shader.GlShaderProgram::<init>@26 (line 63)
                      ; - com.seibel.distanthorizons.common.render.openGl.glObject.shader.GlShaderProgram::<init>@11 (line 52)
                      ; - com.seibel.distanthorizons.common.render.openGl.generic.GlGenericObjectShaderProgram::<init>@25 (line 57)
                      ; - com.seibel.distanthorizons.common.render.openGl.generic.GlGenericObjectRenderer::init@159 (line 220)
                      ; - com.seibel.distanthorizons.common.render.openGl.generic.GlGenericObjectRenderer::render@22 (line 423)
  0x000078d272b19f1c: 6097 26fd 

  0x000078d272b19f20: ;   {other}
  0x000078d272b19f20: 0f1f 8400 | 905a 00f3 | e95e dcff | ffbe ccff | ffff 488b | 6c24 304c | 8b54 2428 | 4c89 1424 
  0x000078d272b19f40: 4c8b 5424 | 104c 8954 | 2408 448b | 5424 1844 | 8954 2410 | 4c8b 5424 | 604c 8954 | 2418 4c8b 
  0x000078d272b19f60: 5424 484c | 8954 2438 | 4c89 5424 | 404c 8b94 | 2488 0000 | 004c 8954 | 2460 894c | 2414 6690 
  0x000078d272b19f80: ;   {runtime_call UncommonTrapBlob}
  0x000078d272b19f80: c5f8 77e8 

  0x000078d272b19f84: ; ImmutableOopMap {rbp=Oop [0]=Oop [8]=Oop [24]=Oop [56]=Oop [64]=Oop [80]=Oop [88]=Oop [96]=Oop }
                      ;*invokestatic arraycopy {reexecute=0 rethrow=0 return_oop=0}
                      ; - java.lang.String::getBytes@22 (line 4715)
                      ; - java.lang.StringConcatHelper::prepend@21 (line 324)
                      ; - java.lang.StringConcatHelper::prepend@16 (line 344)
                      ; - java.lang.invoke.DirectMethodHandle$Holder::invokeStatic@17
                      ; - java.lang.invoke.LambdaForm$MH/0x000078d20810cc00::invoke@28
                      ; - java.lang.invoke.LambdaForm$MH/0x000078d208291800::invoke@70
                      ; - java.lang.invoke.Invokers$Holder::linkToTargetMethod@5
                      ; - com.seibel.distanthorizons.common.render.openGl.glObject.shader.GlShader::<init>@24 (line 72)
                      ; - com.seibel.distanthorizons.common.render.openGl.glObject.shader.GlShaderProgram::<init>@63 (line 70)
                      ; - com.seibel.distanthorizons.common.render.openGl.glObject.shader.GlShaderProgram::<init>@11 (line 52)
                      ; - com.seibel.distanthorizons.common.render.openGl.generic.GlGenericObjectShaderProgram::<init>@25 (line 57)
                      ; - com.seibel.distanthorizons.common.render.openGl.generic.GlGenericObjectRenderer::init@147 (line 219)
                      ; - com.seibel.distanthorizons.common.render.openGl.generic.GlGenericObjectRenderer::render@22 (line 423)
  0x000078d272b19f84: f8c5 19fd 

  0x000078d272b19f88: ;   {other}
  0x000078d272b19f88: 0f1f 8400 | f85a 00f4 | becc ffff | ff48 8b6c | 2430 4c8b | 5424 284c | 8914 244c | 8b54 2410 
  0x000078d272b19fa8: 4c89 5424 | 0844 8b5c | 2418 4489 | 5c24 104c | 8b54 2460 | 4c89 5424 | 184c 8b54 | 2448 4c89 
  0x000078d272b19fc8: 5424 384c | 8954 2440 | 4c8b 9424 | 8800 0000 | 4c89 5424 | 6044 8b5c | 2478 4489 | 5c24 1489 
  0x000078d272b19fe8: 8c24 8000 | 0000 8994 | 2484 0000 | 0066 6690 

  0x000078d272b19ff8: ;   {runtime_call UncommonTrapBlob}
  0x000078d272b19ff8: c5f8 77e8 

  0x000078d272b19ffc: ; ImmutableOopMap {rbp=Oop [0]=Oop [8]=Oop [20]=NarrowOop [24]=Oop [56]=Oop [64]=Oop [80]=Oop [88]=Oop [96]=Oop }
                      ;*invokestatic arraycopy {reexecute=0 rethrow=0 return_oop=0}
                      ; - java.lang.String::getBytes@22 (line 4715)
                      ; - java.lang.StringConcatHelper::prepend@21 (line 324)
                      ; - java.lang.StringConcatHelper::prepend@3 (line 343)
                      ; - java.lang.invoke.DirectMethodHandle$Holder::invokeStatic@17
                      ; - java.lang.invoke.LambdaForm$MH/0x000078d20810cc00::invoke@28
                      ; - java.lang.invoke.LambdaForm$MH/0x000078d208291800::invoke@70
                      ; - java.lang.invoke.Invokers$Holder::linkToTargetMethod@5
                      ; - com.seibel.distanthorizons.common.render.openGl.glObject.shader.GlShader::<init>@24 (line 72)
                      ; - com.seibel.distanthorizons.common.render.openGl.glObject.shader.GlShaderProgram::<init>@63 (line 70)
                      ; - com.seibel.distanthorizons.common.render.openGl.glObject.shader.GlShaderProgram::<init>@11 (line 52)
                      ; - com.seibel.distanthorizons.common.render.openGl.generic.GlGenericObjectShaderProgram::<init>@25 (line 57)
                      ; - com.seibel.distanthorizons.common.render.openGl.generic.GlGenericObjectRenderer::init@147 (line 219)
                      ; - com.seibel.distanthorizons.common.render.openGl.generic.GlGenericObjectRenderer::render@22 (line 423)
  0x000078d272b19ffc: 80c5 19fd 

  0x000078d272b1a000: ;   {other}
  0x000078d272b1a000: 0f1f 8400 | 705b 00f5 | 448d 143f | 4585 d20f | 8c23 1200 | 0044 8d04 | 1b45 85c0 | 0f8c 1612 
  0x000078d272b1a020: 0000 478d | 1c02 448b | 4c24 0445 | 3bcb 0f82 | 0412 0000 | 4c8b 5c24 | 704b 8d7c | 1310 488b 
  0x000078d272b1a040: f08b d38b | caf7 c2f0 | ffff ff0f | 8484 0000 | 00f7 c200 | f0ff ff0f | 8454 0000 | 0083 e11f 
  0x000078d272b1a060: 83e2 e074 | 1f48 8d34 | 1648 8d3c | 5748 f7da | 62f2 7d48 | 3004 1662 | f1ff 487f | 0457 4883 
  0x000078d272b1a080: c220 75ec | f7c1 ffff | ffff 0f84 | b200 0000 | baff ffff | ffc4 e271 | f7d2 f7d2 | c5fb 92fa 
  0x000078d272b1a0a0: 62f2 7dcf | 3006 62f1 | ff4f 7f07 | e991 0000 | 0083 e10f | 83e2 f074 | 1c48 8d34 | 1648 8d3c 
  0x000078d272b1a0c0: 5748 f7da | c4e2 7d30 | 0416 c5fe | 7f04 5748 | 83c2 1075 | ef8b d183 | e107 83e2 | f874 27c4 
  0x000078d272b1a0e0: e279 3006 | c5fa 7f07 | 4883 c608 | 4883 c710 | e911 0000 | 00c4 e279 | 3004 16c5 

  0x000078d272b1a0fc: ;   {no_reloc}
  0x000078d272b1a0fc: fa7f 0457 | 4883 c208 | 75ef 8bd1 | 83fa 047c | 19c5 f96e | 06c4 e279 | 30c0 c5f9 | d607 4883 
  0x000078d272b1a11c: ea04 4883 | c604 4883 | c708 85d2 | 7418 488d | 3416 488d | 3c57 48f7 | da0f b60c | 1666 890c 
  0x000078d272b1a13c: 5748 ffc2 | 75f3 e968 | d9ff ffbe | 45ff ffff | 488b 6c24 | 304c 8b54 | 2428 4c89 | 1424 4c8b 
  0x000078d272b1a15c: 5424 104c | 8954 2408 | 448b 5424 | 1844 8954 | 2410 4c8b | 5424 604c | 8954 2418 | 4c8b 5424 
  0x000078d272b1a17c: 484c 8954 | 2438 4c89 | 5424 4090 

  0x000078d272b1a188: ;   {runtime_call UncommonTrapBlob}
  0x000078d272b1a188: c5f8 77e8 

  0x000078d272b1a18c: ; ImmutableOopMap {rbp=Oop [0]=Oop [8]=Oop [24]=Oop [56]=Oop [64]=Oop [80]=Oop [88]=Oop }
                      ;*iflt {reexecute=1 rethrow=0 return_oop=0}
                      ; - (reexecute) java.lang.StringConcatHelper::checkOverflow@2 (line 65)
                      ; - java.lang.StringConcatHelper::mix@23 (line 127)
                      ; - java.lang.invoke.DirectMethodHandle$Holder::invokeStatic@13
                      ; - java.lang.invoke.LambdaForm$MH/0x000078d208291000::invoke@23
                      ; - java.lang.invoke.LambdaForm$MH/0x000078d208291800::invoke@31
                      ; - java.lang.invoke.Invokers$Holder::linkToTargetMethod@5
                      ; - com.seibel.distanthorizons.common.render.openGl.glObject.shader.GlShader::<init>@24 (line 72)
                      ; - com.seibel.distanthorizons.common.render.openGl.glObject.shader.GlShaderProgram::<init>@63 (line 70)
                      ; - com.seibel.distanthorizons.common.render.openGl.glObject.shader.GlShaderProgram::<init>@11 (line 52)
                      ; - com.seibel.distanthorizons.common.render.openGl.generic.GlGenericObjectShaderProgram::<init>@25 (line 57)
                      ; - com.seibel.distanthorizons.common.render.openGl.generic.GlGenericObjectRenderer::init@147 (line 219)
                      ; - com.seibel.distanthorizons.common.render.openGl.generic.GlGenericObjectRenderer::render@22 (line 423)
  0x000078d272b1a18c: f0c3 19fd 

  0x000078d272b1a190: ;   {other}
  0x000078d272b1a190: 0f1f 8400 | 005d 00f6 | be45 ffff | ff48 8b6c | 2430 4c8b | 5424 284c | 8914 244c | 8b54 2410 
  0x000078d272b1a1b0: 4c89 5424 | 0844 8b54 | 2418 4489 | 5424 104c | 8b54 2460 | 4c89 5424 | 184c 8b54 | 2448 4c89 
  0x000078d272b1a1d0: 5424 384c | 8954 2440 

  0x000078d272b1a1d8: ;   {runtime_call UncommonTrapBlob}
  0x000078d272b1a1d8: c5f8 77e8 

  0x000078d272b1a1dc: ; ImmutableOopMap {rbp=Oop [0]=Oop [8]=Oop [24]=Oop [56]=Oop [64]=Oop [80]=Oop [88]=Oop }
                      ;*ifge {reexecute=1 rethrow=0 return_oop=0}
                      ; - (reexecute) java.lang.StringConcatHelper::newArray@13 (line 508)
                      ; - java.lang.StringConcatHelper::newArrayWithSuffix@7 (line 489)
                      ; - java.lang.invoke.DirectMethodHandle$Holder::invokeStatic@13
                      ; - java.lang.invoke.LambdaForm$MH/0x000078d208290000::invoke@23
                      ; - java.lang.invoke.LambdaForm$MH/0x000078d208291800::invoke@49
                      ; - java.lang.invoke.Invokers$Holder::linkToTargetMethod@5
                      ; - com.seibel.distanthorizons.common.render.openGl.glObject.shader.GlShader::<init>@24 (line 72)
                      ; - com.seibel.distanthorizons.common.render.openGl.glObject.shader.GlShaderProgram::<init>@63 (line 70)
                      ; - com.seibel.distanthorizons.common.render.openGl.glObject.shader.GlShaderProgram::<init>@11 (line 52)
                      ; - com.seibel.distanthorizons.common.render.openGl.generic.GlGenericObjectShaderProgram::<init>@25 (line 57)
                      ; - com.seibel.distanthorizons.common.render.openGl.generic.GlGenericObjectRenderer::init@147 (line 219)
                      ; - com.seibel.distanthorizons.common.render.openGl.generic.GlGenericObjectRenderer::render@22 (line 423)
  0x000078d272b1a1dc: a0c3 19fd 

  0x000078d272b1a1e0: ;   {other}
  0x000078d272b1a1e0: 0f1f 8400 | 505d 00f7 

  0x000078d272b1a1e8: ;   {oop("]"{0x000000065a7a4090})}
  0x000078d272b1a1e8: 48be 9040 | 7a5a 0600 | 0000 488b | 5424 708b | 4c24 5441 | b801 0000 | 004c 8b54 | 2430 4c89 
  0x000078d272b1a208: 5424 2090 

  0x000078d272b1a20c: ;   {optimized virtual_call}
  0x000078d272b1a20c: c5f8 77e8 

  0x000078d272b1a210: ; ImmutableOopMap {rbp=Oop [8]=Derived_oop_rbp [16]=Oop [32]=Oop [40]=Oop [48]=Oop [56]=Oop [64]=Oop [72]=Oop [96]=Oop [112]=Oop }
                      ;*invokevirtual getBytes {reexecute=0 rethrow=0 return_oop=0}
                      ; - java.lang.StringConcatHelper::newArrayWithSuffix@35 (line 493)
                      ; - java.lang.invoke.DirectMethodHandle$Holder::invokeStatic@13
                      ; - java.lang.invoke.LambdaForm$MH/0x000078d208290000::invoke@23
                      ; - java.lang.invoke.LambdaForm$MH/0x000078d208291800::invoke@49
                      ; - java.lang.invoke.Invokers$Holder::linkToTargetMethod@5
                      ; - com.seibel.distanthorizons.common.render.openGl.glObject.shader.GlShader::<init>@24 (line 72)
                      ; - com.seibel.distanthorizons.common.render.openGl.glObject.shader.GlShaderProgram::<init>@63 (line 70)
                      ; - com.seibel.distanthorizons.common.render.openGl.glObject.shader.GlShaderProgram::<init>@11 (line 52)
                      ; - com.seibel.distanthorizons.common.render.openGl.generic.GlGenericObjectShaderProgram::<init>@25 (line 57)
                      ; - com.seibel.distanthorizons.common.render.openGl.generic.GlGenericObjectRenderer::init@159 (line 220)
                      ; - com.seibel.distanthorizons.common.render.openGl.generic.GlGenericObjectRenderer::render@22 (line 423)
  0x000078d272b1a210: 6c35 19fd 

  0x000078d272b1a214: ;   {other}
  0x000078d272b1a214: 0f1f 8400 | 845d 00f8 | 4c8b 5424 | 4045 8b52 | 1444 8954 | 2450 4585 | d20f 8469 | 1000 004c 
  0x000078d272b1a234: 8b54 2440 | 450f be5a | 1044 891c | 24e9 1de3 

  0x000078d272b1a244: ;   {metadata('java/lang/String')}
  0x000078d272b1a244: ffff 48be | 78e8 0007 | d278 0000 | 4c8b 9424 | 8800 0000 | 4c89 1424 

  0x000078d272b1a25c: ;   {oop([B{0x000000065a7a3fd0})}
  0x000078d272b1a25c: 49ba d03f | 7a5a 0600 | 0000 4c89 | 9424 8800 | 0000 6690 

  0x000078d272b1a270: ;   {runtime_call _new_instance_Java}
  0x000078d272b1a270: c5f8 77e8 

  0x000078d272b1a274: ; ImmutableOopMap {rbp=Oop [8]=Derived_oop_rbp [0]=Oop [16]=Oop [28]=NarrowOop [40]=Oop [48]=Oop [72]=Oop [80]=Oop [88]=Oop [96]=Oop [136]=Oop [32]=Derived_oop_[136] }
                      ;*new {reexecute=0 rethrow=0 return_oop=1}
                      ; - java.lang.StringConcatHelper::newString@24 (line 402)
                      ; - java.lang.invoke.DirectMethodHandle$Holder::invokeStatic@13
                      ; - java.lang.invoke.LambdaForm$MH/0x000078d208291800::invoke@90
                      ; - java.lang.invoke.Invokers$Holder::linkToTargetMethod@5
                      ; - com.seibel.distanthorizons.common.render.openGl.glObject.shader.GlShader::<init>@24 (line 72)
                      ; - com.seibel.distanthorizons.common.render.openGl.glObject.shader.GlShaderProgram::<init>@63 (line 70)
                      ; - com.seibel.distanthorizons.common.render.openGl.glObject.shader.GlShaderProgram::<init>@11 (line 52)
                      ; - com.seibel.distanthorizons.common.render.openGl.generic.GlGenericObjectShaderProgram::<init>@25 (line 57)
                      ; - com.seibel.distanthorizons.common.render.openGl.generic.GlGenericObjectRenderer::init@147 (line 219)
                      ; - com.seibel.distanthorizons.common.render.openGl.generic.GlGenericObjectRenderer::render@22 (line 423)
  0x000078d272b1a274: 0894 26fd 

  0x000078d272b1a278: ;   {other}
  0x000078d272b1a278: 0f1f 8400 | e85d 00f9 | e9e7 dcff 

  0x000078d272b1a284: ;   {metadata('java/lang/Object'[])}
  0x000078d272b1a284: ff48 be70 | 1200 07d2 | 7800 0033 | d266 6690 

  0x000078d272b1a294: ;   {runtime_call _new_array_Java}
  0x000078d272b1a294: c5f8 77e8 

  0x000078d272b1a298: ; ImmutableOopMap {rbp=Oop [8]=Derived_oop_rbp [0]=Oop [16]=Oop [40]=Oop [48]=Oop [56]=Oop [72]=Oop [96]=Oop [144]=Oop [32]=Derived_oop_[144] }
                      ;*anewarray {reexecute=0 rethrow=0 return_oop=1}
                      ; - com.seibel.distanthorizons.common.render.openGl.glObject.shader.GlShader::<init>@161 (line 97)
                      ; - com.seibel.distanthorizons.common.render.openGl.glObject.shader.GlShaderProgram::<init>@26 (line 63)
                      ; - com.seibel.distanthorizons.common.render.openGl.glObject.shader.GlShaderProgram::<init>@11 (line 52)
                      ; - com.seibel.distanthorizons.common.render.openGl.generic.GlGenericObjectShaderProgram::<init>@25 (line 57)
                      ; - com.seibel.distanthorizons.common.render.openGl.generic.GlGenericObjectRenderer::init@159 (line 220)
                      ; - com.seibel.distanthorizons.common.render.openGl.generic.GlGenericObjectRenderer::render@22 (line 423)
  0x000078d272b1a298: 64b9 26fd 

  0x000078d272b1a29c: ;   {other}
  0x000078d272b1a29c: 0f1f 8400 | 0c5e 00fa | e9cf deff 

  0x000078d272b1a2a8: ;   {metadata('com/seibel/distanthorizons/common/render/openGl/glObject/shader/GlShader')}
  0x000078d272b1a2a8: ff48 bec8 | c6b2 09d2 | 7800 0090 

  0x000078d272b1a2b4: ;   {runtime_call _new_instance_Java}
  0x000078d272b1a2b4: c5f8 77e8 

  0x000078d272b1a2b8: ; ImmutableOopMap {rbp=Oop [8]=Derived_oop_rbp [0]=Oop [16]=Oop [40]=Oop [48]=Oop [56]=Oop [64]=Oop [96]=Oop [144]=Oop [32]=Derived_oop_[144] }
                      ;*new {reexecute=0 rethrow=0 return_oop=1}
                      ; - com.seibel.distanthorizons.common.render.openGl.glObject.shader.GlShaderProgram::<init>@55 (line 70)
                      ; - com.seibel.distanthorizons.common.render.openGl.glObject.shader.GlShaderProgram::<init>@11 (line 52)
                      ; - com.seibel.distanthorizons.common.render.openGl.generic.GlGenericObjectShaderProgram::<init>@25 (line 57)
                      ; - com.seibel.distanthorizons.common.render.openGl.generic.GlGenericObjectRenderer::init@159 (line 220)
                      ; - com.seibel.distanthorizons.common.render.openGl.generic.GlGenericObjectRenderer::render@22 (line 423)
  0x000078d272b1a2b8: c493 26fd 

  0x000078d272b1a2bc: ;   {other}
  0x000078d272b1a2bc: 0f1f 8400 | 2c5e 00fb | e970 dfff 

  0x000078d272b1a2c8: ;   {metadata({type array byte})}
  0x000078d272b1a2c8: ff48 be18 | 2300 07d2 | 7800 00ba | 2100 0000 

  0x000078d272b1a2d8: ;   {runtime_call _new_array_Java}
  0x000078d272b1a2d8: c5f8 77e8 

  0x000078d272b1a2dc: ; ImmutableOopMap {rbp=Oop [8]=Derived_oop_rbp [0]=Oop [16]=Oop [40]=Oop [48]=Oop [56]=Oop [64]=Oop [72]=Oop [96]=Oop [144]=Oop [32]=Derived_oop_[144] }
                      ;*invokevirtual allocateUninitializedArray0 {reexecute=0 rethrow=0 return_oop=1}
                      ; - jdk.internal.misc.Unsafe::allocateUninitializedArray@51 (line 1380)
                      ; - java.lang.StringConcatHelper::newArray@33 (line 511)
                      ; - java.lang.StringConcatHelper::newArrayWithSuffix@7 (line 489)
                      ; - java.lang.invoke.DirectMethodHandle$Holder::invokeStatic@13
                      ; - java.lang.invoke.LambdaForm$MH/0x000078d208290000::invoke@23
                      ; - java.lang.invoke.LambdaForm$MH/0x000078d2081d9400::invoke@31
                      ; - java.lang.invoke.Invokers$Holder::linkToTargetMethod@5
                      ; - com.seibel.distanthorizons.common.render.openGl.glObject.shader.GlShader::<init>@8 (line 71)
                      ; - com.seibel.distanthorizons.common.render.openGl.glObject.shader.GlShaderProgram::<init>@63 (line 70)
                      ; - com.seibel.distanthorizons.common.render.openGl.glObject.shader.GlShaderProgram::<init>@11 (line 52)
                      ; - com.seibel.distanthorizons.common.render.openGl.generic.GlGenericObjectShaderProgram::<init>@25 (line 57)
                      ; - com.seibel.distanthorizons.common.render.openGl.generic.GlGenericObjectRenderer::init@159 (line 220)
                      ; - com.seibel.distanthorizons.common.render.openGl.generic.GlGenericObjectRenderer::render@22 (line 423)
  0x000078d272b1a2dc: 20b9 26fd 

  0x000078d272b1a2e0: ;   {other}
  0x000078d272b1a2e0: 0f1f 8400 | 505e 00fc | 4c8b d0e9 | a2df ffff 

  0x000078d272b1a2f0: ;   {metadata('java/lang/String')}
  0x000078d272b1a2f0: 48be 78e8 | 0007 d278 | 0000 4c8b | 5424 304c | 8954 2420 

  0x000078d272b1a304: ;   {runtime_call _new_instance_Java}
  0x000078d272b1a304: c5f8 77e8 

  0x000078d272b1a308: ; ImmutableOopMap {rbp=Oop [8]=Derived_oop_rbp [0]=Oop [16]=Oop [32]=Oop [40]=Oop [48]=Oop [56]=Oop [64]=Oop [72]=Oop [96]=Oop }
                      ;*new {reexecute=0 rethrow=0 return_oop=1}
                      ; - java.lang.StringConcatHelper::newString@6 (line 400)
                      ; - java.lang.invoke.DirectMethodHandle$Holder::invokeStatic@13
                      ; - java.lang.invoke.LambdaForm$MH/0x000078d2081d9400::invoke@71
                      ; - java.lang.invoke.Invokers$Holder::linkToTargetMethod@5
                      ; - com.seibel.distanthorizons.common.render.openGl.glObject.shader.GlShader::<init>@8 (line 71)
                      ; - com.seibel.distanthorizons.common.render.openGl.glObject.shader.GlShaderProgram::<init>@63 (line 70)
                      ; - com.seibel.distanthorizons.common.render.openGl.glObject.shader.GlShaderProgram::<init>@11 (line 52)
                      ; - com.seibel.distanthorizons.common.render.openGl.generic.GlGenericObjectShaderProgram::<init>@25 (line 57)
                      ; - com.seibel.distanthorizons.common.render.openGl.generic.GlGenericObjectRenderer::init@159 (line 220)
                      ; - com.seibel.distanthorizons.common.render.openGl.generic.GlGenericObjectRenderer::render@22 (line 423)
  0x000078d272b1a308: 7493 26fd 

  0x000078d272b1a30c: ;   {other}
  0x000078d272b1a30c: 0f1f 8400 | 7c5e 00fd | e97c e0ff 

  0x000078d272b1a318: ;   {metadata('java/lang/Object'[])}
  0x000078d272b1a318: ff48 be70 | 1200 07d2 | 7800 0033 | d24c 8b54 | 2430 4c89 | 5424 2090 

  0x000078d272b1a330: ;   {runtime_call _new_array_Java}
  0x000078d272b1a330: c5f8 77e8 

  0x000078d272b1a334: ; ImmutableOopMap {rbp=Oop [8]=Derived_oop_rbp [0]=Oop [16]=Oop [32]=Oop [40]=Oop [48]=Oop [56]=Oop [64]=Oop [72]=Oop [96]=Oop }
                      ;*anewarray {reexecute=0 rethrow=0 return_oop=1}
                      ; - com.seibel.distanthorizons.common.render.openGl.glObject.shader.GlShader::<init>@14 (line 71)
                      ; - com.seibel.distanthorizons.common.render.openGl.glObject.shader.GlShaderProgram::<init>@63 (line 70)
                      ; - com.seibel.distanthorizons.common.render.openGl.glObject.shader.GlShaderProgram::<init>@11 (line 52)
                      ; - com.seibel.distanthorizons.common.render.openGl.generic.GlGenericObjectShaderProgram::<init>@25 (line 57)
                      ; - com.seibel.distanthorizons.common.render.openGl.generic.GlGenericObjectRenderer::init@159 (line 220)
                      ; - com.seibel.distanthorizons.common.render.openGl.generic.GlGenericObjectRenderer::render@22 (line 423)
  0x000078d272b1a334: c8b8 26fd 

  0x000078d272b1a338: ;   {other}
  0x000078d272b1a338: 0f1f 8400 | a85e 00fe | e9b2 e0ff 

  0x000078d272b1a344: ;   {metadata({type array byte})}
  0x000078d272b1a344: ff48 be18 | 2300 07d2 | 7800 0041 | 8bd3 6690 

  0x000078d272b1a354: ;   {runtime_call _new_array_Java}
  0x000078d272b1a354: c5f8 77e8 

  0x000078d272b1a358: ; ImmutableOopMap {rbp=Oop [8]=Derived_oop_rbp [16]=Oop [40]=Oop [48]=Oop [56]=Oop [64]=Oop [72]=Oop [80]=NarrowOop [96]=Oop }
                      ;*invokevirtual allocateUninitializedArray0 {reexecute=0 rethrow=0 return_oop=1}
                      ; - jdk.internal.misc.Unsafe::allocateUninitializedArray@51 (line 1380)
                      ; - java.lang.StringConcatHelper::newArray@33 (line 511)
                      ; - java.lang.StringConcatHelper::newArrayWithSuffix@7 (line 489)
                      ; - java.lang.invoke.DirectMethodHandle$Holder::invokeStatic@13
                      ; - java.lang.invoke.LambdaForm$MH/0x000078d208290000::invoke@23
                      ; - java.lang.invoke.LambdaForm$MH/0x000078d208291800::invoke@49
                      ; - java.lang.invoke.Invokers$Holder::linkToTargetMethod@5
                      ; - com.seibel.distanthorizons.common.render.openGl.glObject.shader.GlShader::<init>@24 (line 72)
                      ; - com.seibel.distanthorizons.common.render.openGl.glObject.shader.GlShaderProgram::<init>@63 (line 70)
                      ; - com.seibel.distanthorizons.common.render.openGl.glObject.shader.GlShaderProgram::<init>@11 (line 52)
                      ; - com.seibel.distanthorizons.common.render.openGl.generic.GlGenericObjectShaderProgram::<init>@25 (line 57)
                      ; - com.seibel.distanthorizons.common.render.openGl.generic.GlGenericObjectRenderer::init@159 (line 220)
                      ; - com.seibel.distanthorizons.common.render.openGl.generic.GlGenericObjectRenderer::render@22 (line 423)
  0x000078d272b1a358: a4b8 26fd 

  0x000078d272b1a35c: ;   {other}
  0x000078d272b1a35c: 0f1f 8400 | cc5e 00ff | e9aa e1ff 

  0x000078d272b1a368: ;   {metadata('java/lang/Object'[])}
  0x000078d272b1a368: ff48 be70 | 1200 07d2 | 7800 0033 | d248 8b6c | 2430 6690 

  0x000078d272b1a37c: ;   {runtime_call _new_array_Java}
  0x000078d272b1a37c: c5f8 77e8 

  0x000078d272b1a380: ; ImmutableOopMap {rbp=Oop [0]=Oop [16]=Oop [40]=Oop [48]=Oop [56]=Oop [64]=Oop [72]=Oop [96]=Oop }
                      ;*anewarray {reexecute=0 rethrow=0 return_oop=1}
                      ; - com.seibel.distanthorizons.common.render.openGl.glObject.shader.GlShader::<init>@30 (line 72)
                      ; - com.seibel.distanthorizons.common.render.openGl.glObject.shader.GlShaderProgram::<init>@63 (line 70)
                      ; - com.seibel.distanthorizons.common.render.openGl.glObject.shader.GlShaderProgram::<init>@11 (line 52)
                      ; - com.seibel.distanthorizons.common.render.openGl.generic.GlGenericObjectShaderProgram::<init>@25 (line 57)
                      ; - com.seibel.distanthorizons.common.render.openGl.generic.GlGenericObjectRenderer::init@159 (line 220)
                      ; - com.seibel.distanthorizons.common.render.openGl.generic.GlGenericObjectRenderer::render@22 (line 423)
  0x000078d272b1a380: 7cb8 26fd 

  0x000078d272b1a384: ;   {other}
  0x000078d272b1a384: 0f1f 8400 | 0000 0000 | e9b4 e3ff 

  0x000078d272b1a390: ;   {metadata('java/lang/String')}
  0x000078d272b1a390: ff48 be78 | e800 07d2 | 7800 004c | 8b54 2430 | 4c89 1424 

  0x000078d272b1a3a4: ;   {runtime_call _new_instance_Java}
  0x000078d272b1a3a4: c5f8 77e8 

  0x000078d272b1a3a8: ; ImmutableOopMap {rbp=NarrowOop [0]=Oop [16]=Oop [40]=Oop [48]=Oop [56]=Oop [64]=Oop [72]=Oop [96]=Oop [112]=Oop }
                      ;*new {reexecute=0 rethrow=0 return_oop=1}
                      ; - java.lang.StringConcatHelper::newString@6 (line 400)
                      ; - java.lang.invoke.DirectMethodHandle$Holder::invokeStatic@13
                      ; - java.lang.invoke.LambdaForm$MH/0x000078d208291800::invoke@90
                      ; - java.lang.invoke.Invokers$Holder::linkToTargetMethod@5
                      ; - com.seibel.distanthorizons.common.render.openGl.glObject.shader.GlShader::<init>@24 (line 72)
                      ; - com.seibel.distanthorizons.common.render.openGl.glObject.shader.GlShaderProgram::<init>@63 (line 70)
                      ; - com.seibel.distanthorizons.common.render.openGl.glObject.shader.GlShaderProgram::<init>@11 (line 52)
                      ; - com.seibel.distanthorizons.common.render.openGl.generic.GlGenericObjectShaderProgram::<init>@25 (line 57)
                      ; - com.seibel.distanthorizons.common.render.openGl.generic.GlGenericObjectRenderer::init@159 (line 220)
                      ; - com.seibel.distanthorizons.common.render.openGl.generic.GlGenericObjectRenderer::render@22 (line 423)
  0x000078d272b1a3a8: d492 26fd 

  0x000078d272b1a3ac: ;   {other}
  0x000078d272b1a3ac: 0f1f 8400 | 0000 0000 | e935 e3ff | ffbe f6ff | ffff 4c8b | 5424 284c | 8954 2408 

  0x000078d272b1a3c8: ;   {runtime_call UncommonTrapBlob}
  0x000078d272b1a3c8: c5f8 77e8 

  0x000078d272b1a3cc: ; ImmutableOopMap {rbp=Oop [0]=Oop [8]=Oop [32]=Oop [56]=Oop }
                      ;*invokevirtual getId {reexecute=0 rethrow=0 return_oop=0}
                      ; - com.seibel.distanthorizons.common.render.openGl.generic.GlGenericObjectRenderer::render@186 (line 452)
  0x000078d272b1a3cc: b0c1 19fd 

  0x000078d272b1a3d0: ;   {other}
  0x000078d272b1a3d0: 0f1f 8400 | 0000 0000 | bef6 ffff | ff66 6690 

  0x000078d272b1a3e0: ;   {runtime_call UncommonTrapBlob}
  0x000078d272b1a3e0: c5f8 77e8 

  0x000078d272b1a3e4: ; ImmutableOopMap {rbp=Oop [0]=Oop [32]=Oop [40]=Oop [56]=Oop }
                      ;*invokevirtual bind {reexecute=0 rethrow=0 return_oop=0}
                      ; - com.seibel.distanthorizons.common.render.openGl.generic.GlGenericObjectRenderer::render@198 (line 454)
  0x000078d272b1a3e4: 98c1 19fd 

  0x000078d272b1a3e8: ;   {other}
  0x000078d272b1a3e8: 0f1f 8400 | 0000 0000 | bef6 ffff | ff66 6690 

  0x000078d272b1a3f8: ;   {runtime_call UncommonTrapBlob}
  0x000078d272b1a3f8: c5f8 77e8 

  0x000078d272b1a3fc: ; ImmutableOopMap {rbp=Oop [0]=Oop [32]=Oop [40]=Oop [56]=Oop }
                      ;*invokevirtual values {reexecute=0 rethrow=0 return_oop=0}
                      ; - com.seibel.distanthorizons.common.render.openGl.generic.GlGenericObjectRenderer::render@205 (line 460)
  0x000078d272b1a3fc: 80c1 19fd 

  0x000078d272b1a400: ;   {other}
  0x000078d272b1a400: 0f1f 8400 | 0000 0000 | bede ffff | ff66 6690 

  0x000078d272b1a410: ;   {runtime_call UncommonTrapBlob}
  0x000078d272b1a410: c5f8 77e8 

  0x000078d272b1a414: ; ImmutableOopMap {rbp=NarrowOop [0]=Oop [32]=Oop [40]=Oop [56]=Oop }
                      ;*invokeinterface bind {reexecute=0 rethrow=0 return_oop=0}
                      ; - com.seibel.distanthorizons.common.render.openGl.generic.GlGenericObjectRenderer::render@175 (line 451)
  0x000078d272b1a414: 68c1 19fd 

  0x000078d272b1a418: ;   {other}
  0x000078d272b1a418: 0f1f 8400 | 0000 0000 | bede ffff | ff4c 8b5c | 2428 4c89 | 5c24 0848 | 8944 2428 

  0x000078d272b1a434: ;   {runtime_call UncommonTrapBlob}
  0x000078d272b1a434: c5f8 77e8 

  0x000078d272b1a438: ; ImmutableOopMap {rbp=Oop [0]=Oop [8]=Oop [32]=Oop [40]=Oop [56]=Oop }
                      ;*invokeinterface iterator {reexecute=0 rethrow=0 return_oop=0}
                      ; - com.seibel.distanthorizons.common.render.openGl.generic.GlGenericObjectRenderer::render@212 (line 461)
  0x000078d272b1a438: 44c1 19fd 

  0x000078d272b1a43c: ;   {other}
  0x000078d272b1a43c: 0f1f 8400 | 0000 0000 | be76 ffff | ff4c 8b5c | 2428 4c89 | 5c24 0848 | 8944 2428 

  0x000078d272b1a458: ;   {runtime_call UncommonTrapBlob}
  0x000078d272b1a458: c5f8 77e8 

  0x000078d272b1a45c: ; ImmutableOopMap {rbp=Oop [0]=Oop [8]=Oop [32]=Oop [40]=Oop [56]=Oop }
                      ;*aload {reexecute=0 rethrow=0 return_oop=0}
                      ; - com.seibel.distanthorizons.common.render.openGl.generic.GlGenericObjectRenderer::render@219 (line 461)
  0x000078d272b1a45c: 20c1 19fd 

  0x000078d272b1a460: ;   {other}
  0x000078d272b1a460: 0f1f 8400 | 0000 0000 | bef6 ffff | ff66 6690 

  0x000078d272b1a470: ;   {runtime_call UncommonTrapBlob}
  0x000078d272b1a470: c5f8 77e8 

  0x000078d272b1a474: ; ImmutableOopMap {rbp=Oop [32]=Oop }
                      ;*invokevirtual unbind {reexecute=0 rethrow=0 return_oop=0}
                      ; - com.seibel.distanthorizons.common.render.openGl.generic.GlGenericObjectRenderer::render@572 (line 545)
  0x000078d272b1a474: 08c1 19fd 

  0x000078d272b1a478: ;   {other}
  0x000078d272b1a478: 0f1f 8400 | 0000 0000 | bef6 ffff | ff48 8b6c | 2420 6690 

  0x000078d272b1a48c: ;   {runtime_call UncommonTrapBlob}
  0x000078d272b1a48c: c5f8 77e8 

  0x000078d272b1a490: ; ImmutableOopMap {rbp=Oop }
                      ;*invokevirtual unbind {reexecute=0 rethrow=0 return_oop=0}
                      ; - com.seibel.distanthorizons.common.render.openGl.generic.GlGenericObjectRenderer::render@579 (line 546)
  0x000078d272b1a490: ecc0 19fd 

  0x000078d272b1a494: ;   {other}
  0x000078d272b1a494: 0f1f 8400 | 0000 0000 | 448d 143f | 4585 d20f | 8c23 0e00 | 0044 8d04 | 1b45 85c0 | 0f8c 160e 
  0x000078d272b1a4b4: 0000 478d | 1c02 448b | 4c24 0445 | 3bcb 0f82 | 040e 0000 | 4c8b 5c24 | 704b 8d7c | 1310 488b 
  0x000078d272b1a4d4: f08b d38b | caf7 c2f0 | ffff ff0f | 8484 0000 | 00f7 c200 | f0ff ff0f | 8454 0000 | 0083 e11f 
  0x000078d272b1a4f4: 83e2 e074 | 1f48 8d34 | 1648 8d3c | 5748 f7da | 62f2 7d48 | 3004 1662 | f1ff 487f | 0457 4883 
  0x000078d272b1a514: c220 75ec | f7c1 ffff | ffff 0f84 | b200 0000 | baff ffff | ffc4 e271 | f7d2 f7d2 | c5fb 92fa 
  0x000078d272b1a534: 62f2 7dcf | 3006 62f1 | ff4f 7f07 | e991 0000 | 0083 e10f | 83e2 f074 | 1c48 8d34 | 1648 8d3c 
  0x000078d272b1a554: 5748 f7da | c4e2 7d30 | 0416 c5fe | 7f04 5748 | 83c2 1075 | ef8b d183 | e107 83e2 | f874 27c4 
  0x000078d272b1a574: e279 3006 | c5fa 7f07 | 4883 c608 | 4883 c710 | e911 0000 | 00c4 e279 | 3004 16c5 

  0x000078d272b1a590: ;   {no_reloc}
  0x000078d272b1a590: fa7f 0457 | 4883 c208 | 75ef 8bd1 | 83fa 047c | 19c5 f96e | 06c4 e279 | 30c0 c5f9 | d607 4883 
  0x000078d272b1a5b0: ea04 4883 | c604 4883 | c708 85d2 | 7418 488d | 3416 488d | 3c57 48f7 | da0f b60c | 1666 890c 
  0x000078d272b1a5d0: 5748 ffc2 | 75f3 e937 | e0ff ffbe | adff ffff | 488b 6c24 | 304c 8b54 | 2428 4c89 | 1424 4c8b 
  0x000078d272b1a5f0: 5424 104c | 8954 2408 | 448b 5c24 | 1844 895c | 2410 4c8b | 5424 604c | 8954 2418 | 4c8b 5424 
  0x000078d272b1a610: 484c 8954 | 2438 4c89 | 5424 4090 

  0x000078d272b1a61c: ;   {runtime_call UncommonTrapBlob}
  0x000078d272b1a61c: c5f8 77e8 

  0x000078d272b1a620: ; ImmutableOopMap {rbp=Oop [0]=Oop [8]=Oop [24]=Oop [56]=Oop [64]=Oop [80]=Oop [88]=Oop }
                      ;*new {reexecute=0 rethrow=0 return_oop=0}
                      ; - java.lang.StringConcatHelper::newString@34 (line 404)
                      ; - java.lang.invoke.DirectMethodHandle$Holder::invokeStatic@13
                      ; - java.lang.invoke.LambdaForm$MH/0x000078d208291800::invoke@90
                      ; - java.lang.invoke.Invokers$Holder::linkToTargetMethod@5
                      ; - com.seibel.distanthorizons.common.render.openGl.glObject.shader.GlShader::<init>@24 (line 72)
                      ; - com.seibel.distanthorizons.common.render.openGl.glObject.shader.GlShaderProgram::<init>@26 (line 63)
                      ; - com.seibel.distanthorizons.common.render.openGl.glObject.shader.GlShaderProgram::<init>@11 (line 52)
                      ; - com.seibel.distanthorizons.common.render.openGl.generic.GlGenericObjectShaderProgram::<init>@25 (line 57)
                      ; - com.seibel.distanthorizons.common.render.openGl.generic.GlGenericObjectRenderer::init@147 (line 219)
                      ; - com.seibel.distanthorizons.common.render.openGl.generic.GlGenericObjectRenderer::render@22 (line 423)
  0x000078d272b1a620: 5cbf 19fd 

  0x000078d272b1a624: ;   {other}
  0x000078d272b1a624: 0f1f 8400 | 0000 0000 | be5a 0000 | 0048 8b2c | 244c 8b54 | 2428 4c89 | 1424 4c8b | 5424 104c 
  0x000078d272b1a644: 8954 2408 | 448b 5424 | 1844 8954 | 2410 6690 

  0x000078d272b1a654: ;   {runtime_call UncommonTrapBlob}
  0x000078d272b1a654: c5f8 77e8 

  0x000078d272b1a658: ; ImmutableOopMap {rbp=Oop [0]=Oop [8]=Oop [72]=Oop [96]=Oop }
                      ;*new {reexecute=0 rethrow=0 return_oop=0}
                      ; - com.seibel.distanthorizons.common.render.openGl.glObject.shader.GlShaderProgram::getUniformLocation@14 (line 159)
                      ; - com.seibel.distanthorizons.common.render.openGl.generic.GlGenericObjectShaderProgram::<init>@138 (line 78)
                      ; - com.seibel.distanthorizons.common.render.openGl.generic.GlGenericObjectRenderer::init@147 (line 219)
                      ; - com.seibel.distanthorizons.common.render.openGl.generic.GlGenericObjectRenderer::render@22 (line 423)
  0x000078d272b1a658: 24bf 19fd 

  0x000078d272b1a65c: ;   {other}
  0x000078d272b1a65c: 0f1f 8400 | 0000 0000 | be5a 0000 | 0048 8b2c | 244c 8b54 | 2428 4c89 | 1424 4c8b | 5424 104c 
  0x000078d272b1a67c: 8954 2408 | 448b 5424 | 1844 8954 | 2410 6690 

  0x000078d272b1a68c: ;   {runtime_call UncommonTrapBlob}
  0x000078d272b1a68c: c5f8 77e8 

  0x000078d272b1a690: ; ImmutableOopMap {rbp=Oop [0]=Oop [8]=Oop [72]=Oop [96]=Oop }
                      ;*new {reexecute=0 rethrow=0 return_oop=0}
                      ; - com.seibel.distanthorizons.common.render.openGl.glObject.shader.GlShaderProgram::getUniformLocation@14 (line 159)
                      ; - com.seibel.distanthorizons.common.render.openGl.generic.GlGenericObjectShaderProgram::<init>@148 (line 79)
                      ; - com.seibel.distanthorizons.common.render.openGl.generic.GlGenericObjectRenderer::init@147 (line 219)
                      ; - com.seibel.distanthorizons.common.render.openGl.generic.GlGenericObjectRenderer::render@22 (line 423)
  0x000078d272b1a690: ecbe 19fd 

  0x000078d272b1a694: ;   {other}
  0x000078d272b1a694: 0f1f 8400 | 0000 0000 | be5a 0000 | 0048 8b2c | 244c 8b54 | 2428 4c89 | 1424 4c8b | 5424 104c 
  0x000078d272b1a6b4: 8954 2408 | 448b 5424 | 1844 8954 | 2410 6690 

  0x000078d272b1a6c4: ;   {runtime_call UncommonTrapBlob}
  0x000078d272b1a6c4: c5f8 77e8 

  0x000078d272b1a6c8: ; ImmutableOopMap {rbp=Oop [0]=Oop [8]=Oop [72]=Oop [96]=Oop }
                      ;*new {reexecute=0 rethrow=0 return_oop=0}
                      ; - com.seibel.distanthorizons.common.render.openGl.glObject.shader.GlShaderProgram::getUniformLocation@14 (line 159)
                      ; - com.seibel.distanthorizons.common.render.openGl.generic.GlGenericObjectShaderProgram::<init>@158 (line 80)
                      ; - com.seibel.distanthorizons.common.render.openGl.generic.GlGenericObjectRenderer::init@147 (line 219)
                      ; - com.seibel.distanthorizons.common.render.openGl.generic.GlGenericObjectRenderer::render@22 (line 423)
  0x000078d272b1a6c8: b4be 19fd 

  0x000078d272b1a6cc: ;   {other}
  0x000078d272b1a6cc: 0f1f 8400 | 0000 0000 | be5a 0000 | 0048 8b2c | 244c 8b54 | 2428 4c89 | 1424 4c8b | 5424 104c 
  0x000078d272b1a6ec: 8954 2408 | 448b 5424 | 1844 8954 | 2410 6690 

  0x000078d272b1a6fc: ;   {runtime_call UncommonTrapBlob}
  0x000078d272b1a6fc: c5f8 77e8 

  0x000078d272b1a700: ; ImmutableOopMap {rbp=Oop [0]=Oop [8]=Oop [72]=Oop [96]=Oop }
                      ;*new {reexecute=0 rethrow=0 return_oop=0}
                      ; - com.seibel.distanthorizons.common.render.openGl.glObject.shader.GlShaderProgram::getUniformLocation@14 (line 159)
                      ; - com.seibel.distanthorizons.common.render.openGl.generic.GlGenericObjectShaderProgram::<init>@168 (line 81)
                      ; - com.seibel.distanthorizons.common.render.openGl.generic.GlGenericObjectRenderer::init@147 (line 219)
                      ; - com.seibel.distanthorizons.common.render.openGl.generic.GlGenericObjectRenderer::render@22 (line 423)
  0x000078d272b1a700: 7cbe 19fd 

  0x000078d272b1a704: ;   {other}
  0x000078d272b1a704: 0f1f 8400 | 0000 0000 | be5a 0000 | 0048 8b2c | 244c 8b54 | 2428 4c89 | 1424 4c8b | 5424 104c 
  0x000078d272b1a724: 8954 2408 | 448b 5424 | 1844 8954 | 2410 6690 

  0x000078d272b1a734: ;   {runtime_call UncommonTrapBlob}
  0x000078d272b1a734: c5f8 77e8 

  0x000078d272b1a738: ; ImmutableOopMap {rbp=Oop [0]=Oop [8]=Oop [72]=Oop [96]=Oop }
                      ;*new {reexecute=0 rethrow=0 return_oop=0}
                      ; - com.seibel.distanthorizons.common.render.openGl.glObject.shader.GlShaderProgram::getUniformLocation@14 (line 159)
                      ; - com.seibel.distanthorizons.common.render.openGl.generic.GlGenericObjectShaderProgram::<init>@178 (line 82)
                      ; - com.seibel.distanthorizons.common.render.openGl.generic.GlGenericObjectRenderer::init@147 (line 219)
                      ; - com.seibel.distanthorizons.common.render.openGl.generic.GlGenericObjectRenderer::render@22 (line 423)
  0x000078d272b1a738: 44be 19fd 

  0x000078d272b1a73c: ;   {other}
  0x000078d272b1a73c: 0f1f 8400 | 0000 0000 | be5a 0000 | 0048 8b2c | 244c 8b54 | 2428 4c89 | 1424 4c8b | 5424 104c 
  0x000078d272b1a75c: 8954 2408 | 448b 5424 | 1844 8954 | 2410 6690 

  0x000078d272b1a76c: ;   {runtime_call UncommonTrapBlob}
  0x000078d272b1a76c: c5f8 77e8 

  0x000078d272b1a770: ; ImmutableOopMap {rbp=Oop [0]=Oop [8]=Oop [72]=Oop [96]=Oop }
                      ;*new {reexecute=0 rethrow=0 return_oop=0}
                      ; - com.seibel.distanthorizons.common.render.openGl.glObject.shader.GlShaderProgram::getUniformLocation@14 (line 159)
                      ; - com.seibel.distanthorizons.common.render.openGl.generic.GlGenericObjectShaderProgram::<init>@188 (line 83)
                      ; - com.seibel.distanthorizons.common.render.openGl.generic.GlGenericObjectRenderer::init@147 (line 219)
                      ; - com.seibel.distanthorizons.common.render.openGl.generic.GlGenericObjectRenderer::render@22 (line 423)
  0x000078d272b1a770: 0cbe 19fd 

  0x000078d272b1a774: ;   {other}
  0x000078d272b1a774: 0f1f 8400 | 0000 0000 | be5a 0000 | 0048 8b2c | 244c 8b54 | 2428 4c89 | 1424 4c8b | 5424 104c 
  0x000078d272b1a794: 8954 2408 | 448b 5424 | 1844 8954 | 2410 6690 

  0x000078d272b1a7a4: ;   {runtime_call UncommonTrapBlob}
  0x000078d272b1a7a4: c5f8 77e8 

  0x000078d272b1a7a8: ; ImmutableOopMap {rbp=Oop [0]=Oop [8]=Oop [72]=Oop [96]=Oop }
                      ;*new {reexecute=0 rethrow=0 return_oop=0}
                      ; - com.seibel.distanthorizons.common.render.openGl.glObject.shader.GlShaderProgram::getUniformLocation@14 (line 159)
                      ; - com.seibel.distanthorizons.common.render.openGl.generic.GlGenericObjectShaderProgram::<init>@198 (line 84)
                      ; - com.seibel.distanthorizons.common.render.openGl.generic.GlGenericObjectRenderer::init@147 (line 219)
                      ; - com.seibel.distanthorizons.common.render.openGl.generic.GlGenericObjectRenderer::render@22 (line 423)
  0x000078d272b1a7a8: d4bd 19fd 

  0x000078d272b1a7ac: ;   {other}
  0x000078d272b1a7ac: 0f1f 8400 | 0000 0000 | be5a 0000 | 0048 8b2c | 244c 8b54 | 2428 4c89 | 1424 4c8b | 5424 104c 
  0x000078d272b1a7cc: 8954 2408 | 448b 5424 | 1844 8954 | 2410 6690 

  0x000078d272b1a7dc: ;   {runtime_call UncommonTrapBlob}
  0x000078d272b1a7dc: c5f8 77e8 

  0x000078d272b1a7e0: ; ImmutableOopMap {rbp=Oop [0]=Oop [8]=Oop [72]=Oop [96]=Oop }
                      ;*new {reexecute=0 rethrow=0 return_oop=0}
                      ; - com.seibel.distanthorizons.common.render.openGl.glObject.shader.GlShaderProgram::getUniformLocation@14 (line 159)
                      ; - com.seibel.distanthorizons.common.render.openGl.generic.GlGenericObjectShaderProgram::<init>@208 (line 85)
                      ; - com.seibel.distanthorizons.common.render.openGl.generic.GlGenericObjectRenderer::init@147 (line 219)
                      ; - com.seibel.distanthorizons.common.render.openGl.generic.GlGenericObjectRenderer::render@22 (line 423)
  0x000078d272b1a7e0: 9cbd 19fd 

  0x000078d272b1a7e4: ;   {other}
  0x000078d272b1a7e4: 0f1f 8400 | 0000 0000 | be5a 0000 | 0048 8b2c | 244c 8b54 | 2428 4c89 | 1424 4c8b | 5424 104c 
  0x000078d272b1a804: 8954 2408 | 448b 5424 | 1844 8954 | 2410 6690 

  0x000078d272b1a814: ;   {runtime_call UncommonTrapBlob}
  0x000078d272b1a814: c5f8 77e8 

  0x000078d272b1a818: ; ImmutableOopMap {rbp=Oop [0]=Oop [8]=Oop [72]=Oop [96]=Oop }
                      ;*new {reexecute=0 rethrow=0 return_oop=0}
                      ; - com.seibel.distanthorizons.common.render.openGl.glObject.shader.GlShaderProgram::getUniformLocation@14 (line 159)
                      ; - com.seibel.distanthorizons.common.render.openGl.generic.GlGenericObjectShaderProgram::<init>@218 (line 86)
                      ; - com.seibel.distanthorizons.common.render.openGl.generic.GlGenericObjectRenderer::init@147 (line 219)
                      ; - com.seibel.distanthorizons.common.render.openGl.generic.GlGenericObjectRenderer::render@22 (line 423)
  0x000078d272b1a818: 64bd 19fd 

  0x000078d272b1a81c: ;   {other}
  0x000078d272b1a81c: 0f1f 8400 | 0000 0000 | 4d63 dae9 | 22d1 ffff | be41 0000 | 0048 8b2c | 244c 8b54 | 2428 4c89 
  0x000078d272b1a83c: 1424 4c8b | 5424 104c | 8954 2408 | 448b 5424 | 1844 8954 | 2410 6690 

  0x000078d272b1a854: ;   {runtime_call UncommonTrapBlob}
  0x000078d272b1a854: c5f8 77e8 

  0x000078d272b1a858: ; ImmutableOopMap {rbp=Oop [0]=Oop [8]=Oop [56]=Oop [64]=Oop [72]=Oop [96]=Oop }
                      ;*new {reexecute=0 rethrow=0 return_oop=0}
                      ; - com.seibel.distanthorizons.common.render.openGl.glObject.shader.GlShader::<init>@72 (line 82)
                      ; - com.seibel.distanthorizons.common.render.openGl.glObject.shader.GlShaderProgram::<init>@26 (line 63)
                      ; - com.seibel.distanthorizons.common.render.openGl.glObject.shader.GlShaderProgram::<init>@11 (line 52)
                      ; - com.seibel.distanthorizons.common.render.openGl.generic.GlGenericObjectShaderProgram::<init>@25 (line 57)
                      ; - com.seibel.distanthorizons.common.render.openGl.generic.GlGenericObjectRenderer::init@159 (line 220)
                      ; - com.seibel.distanthorizons.common.render.openGl.generic.GlGenericObjectRenderer::render@22 (line 423)
  0x000078d272b1a858: 24bd 19fd 

  0x000078d272b1a85c: ;   {other}
  0x000078d272b1a85c: 0f1f 8400 | 0000 0000 | bef6 ffff | ff48 8b6c | 2430 4c8b | 5424 284c | 8914 244c | 8b54 2410 
  0x000078d272b1a87c: 4c89 5424 | 0844 8b5c | 2418 4489 | 5c24 104c | 8b54 2460 | 4c89 5424 | 1844 8b54 | 2450 4489 
  0x000078d272b1a89c: 5424 1490 

  0x000078d272b1a8a0: ;   {runtime_call UncommonTrapBlob}
  0x000078d272b1a8a0: c5f8 77e8 

  0x000078d272b1a8a4: ; ImmutableOopMap {rbp=Oop [0]=Oop [8]=Oop [24]=Oop [56]=Oop [64]=Oop [72]=Oop [88]=Oop [104]=Oop }
                      ;*invokevirtual put {reexecute=0 rethrow=0 return_oop=0}
                      ; - com.seibel.distanthorizons.common.render.openGl.glObject.shader.GlShader::safeShaderSource@27 (line 129)
                      ; - com.seibel.distanthorizons.common.render.openGl.glObject.shader.GlShader::<init>@92 (line 85)
                      ; - com.seibel.distanthorizons.common.render.openGl.glObject.shader.GlShaderProgram::<init>@26 (line 63)
                      ; - com.seibel.distanthorizons.common.render.openGl.glObject.shader.GlShaderProgram::<init>@11 (line 52)
                      ; - com.seibel.distanthorizons.common.render.openGl.generic.GlGenericObjectShaderProgram::<init>@25 (line 57)
                      ; - com.seibel.distanthorizons.common.render.openGl.generic.GlGenericObjectRenderer::init@159 (line 220)
                      ; - com.seibel.distanthorizons.common.render.openGl.generic.GlGenericObjectRenderer::render@22 (line 423)
  0x000078d272b1a8a4: d8bc 19fd 

  0x000078d272b1a8a8: ;   {other}
  0x000078d272b1a8a8: 0f1f 8400 | 0000 0000 | bef6 ffff | ff48 8b2c | 244c 8b54 | 2410 4c89 | 5424 0844 | 8b54 2418 
  0x000078d272b1a8c8: 4489 5424 | 1066 6690 

  0x000078d272b1a8d0: ;   {runtime_call UncommonTrapBlob}
  0x000078d272b1a8d0: c5f8 77e8 

  0x000078d272b1a8d4: ; ImmutableOopMap {rbp=Oop [8]=Oop [40]=Oop [96]=Oop }
                      ;*invokevirtual bind {reexecute=0 rethrow=0 return_oop=0}
                      ; - com.seibel.distanthorizons.common.render.openGl.generic.GlGenericObjectShaderProgram::<init>@39 (line 64)
                      ; - com.seibel.distanthorizons.common.render.openGl.generic.GlGenericObjectRenderer::init@147 (line 219)
                      ; - com.seibel.distanthorizons.common.render.openGl.generic.GlGenericObjectRenderer::render@22 (line 423)
  0x000078d272b1a8d4: a8bc 19fd 

  0x000078d272b1a8d8: ;   {other}
  0x000078d272b1a8d8: 0f1f 8400 | 0000 0000 | be37 ffff | ff48 8b2c | 244c 8b5c | 2428 4c89 | 1c24 4c8b | 5c24 104c 
  0x000078d272b1a8f8: 895c 2408 | 448b 5c24 | 1844 895c | 2410 4889 | 4424 4090 

  0x000078d272b1a90c: ;   {runtime_call UncommonTrapBlob}
  0x000078d272b1a90c: c5f8 77e8 

  0x000078d272b1a910: ; ImmutableOopMap {rbp=Oop [0]=Oop [8]=Oop [64]=Oop [72]=Oop [96]=Oop [104]=NarrowOop }
                      ;*invokevirtual setVertexAttribute {reexecute=0 rethrow=0 return_oop=0}
                      ; - com.seibel.distanthorizons.common.render.openGl.generic.GlGenericObjectShaderProgram::<init>@52 (line 66)
                      ; - com.seibel.distanthorizons.common.render.openGl.generic.GlGenericObjectRenderer::init@147 (line 219)
                      ; - com.seibel.distanthorizons.common.render.openGl.generic.GlGenericObjectRenderer::render@22 (line 423)
  0x000078d272b1a910: 6cbc 19fd 

  0x000078d272b1a914: ;   {other}
  0x000078d272b1a914: 0f1f 8400 | 0000 0000 | be37 ffff | ff4c 8b54 | 2428 4c89 | 5424 0890 

  0x000078d272b1a92c: ;   {runtime_call UncommonTrapBlob}
  0x000078d272b1a92c: c5f8 77e8 

  0x000078d272b1a930: ; ImmutableOopMap {rbp=NarrowOop [0]=Oop [8]=Oop [16]=Oop [72]=Oop [96]=Oop }
                      ;*invokevirtual completeAndCheck {reexecute=0 rethrow=0 return_oop=0}
                      ; - com.seibel.distanthorizons.common.render.openGl.generic.GlGenericObjectShaderProgram::<init>@61 (line 67)
                      ; - com.seibel.distanthorizons.common.render.openGl.generic.GlGenericObjectRenderer::init@147 (line 219)
                      ; - com.seibel.distanthorizons.common.render.openGl.generic.GlGenericObjectRenderer::render@22 (line 423)
  0x000078d272b1a930: 4cbc 19fd 

  0x000078d272b1a934: ;   {other}
  0x000078d272b1a934: 0f1f 8400 | 0000 0000 | be41 0000 | 0048 8b2c | 244c 8b54 | 2428 4c89 | 1424 4c8b | 5424 104c 
  0x000078d272b1a954: 8954 2408 | 448b 5424 | 1844 8954 | 2410 6690 

  0x000078d272b1a964: ;   {runtime_call UncommonTrapBlob}
  0x000078d272b1a964: c5f8 77e8 

  0x000078d272b1a968: ; ImmutableOopMap {rbp=Oop [0]=Oop [8]=Oop [56]=Oop [72]=Oop [96]=Oop }
                      ;*new {reexecute=0 rethrow=0 return_oop=0}
                      ; - com.seibel.distanthorizons.common.render.openGl.glObject.shader.GlShader::<init>@47 (line 75)
                      ; - com.seibel.distanthorizons.common.render.openGl.glObject.shader.GlShaderProgram::<init>@26 (line 63)
                      ; - com.seibel.distanthorizons.common.render.openGl.glObject.shader.GlShaderProgram::<init>@11 (line 52)
                      ; - com.seibel.distanthorizons.common.render.openGl.generic.GlGenericObjectShaderProgram::<init>@25 (line 57)
                      ; - com.seibel.distanthorizons.common.render.openGl.generic.GlGenericObjectRenderer::init@159 (line 220)
                      ; - com.seibel.distanthorizons.common.render.openGl.generic.GlGenericObjectRenderer::render@22 (line 423)
  0x000078d272b1a968: 14bc 19fd 

  0x000078d272b1a96c: ;   {other}
  0x000078d272b1a96c: 0f1f 8400 | 0000 0000 | becc ffff | ff48 8b6c | 2430 4c8b | 5424 284c | 8914 244c | 8b54 2410 
  0x000078d272b1a98c: 4c89 5424 | 0844 8b5c | 2418 4489 | 5c24 104c | 8b54 2460 | 4c89 5424 | 1866 6690 

  0x000078d272b1a9a8: ;   {runtime_call UncommonTrapBlob}
  0x000078d272b1a9a8: c5f8 77e8 

  0x000078d272b1a9ac: ; ImmutableOopMap {rbp=Oop [0]=Oop [8]=Oop [24]=Oop [56]=Oop [64]=Oop [72]=Oop [112]=Oop }
                      ;*invokestatic arraycopy {reexecute=0 rethrow=0 return_oop=0}
                      ; - java.lang.String::getBytes@22 (line 4715)
                      ; - java.lang.StringConcatHelper::newArrayWithSuffix@24 (line 491)
                      ; - java.lang.invoke.DirectMethodHandle$Holder::invokeStatic@13
                      ; - java.lang.invoke.LambdaForm$MH/0x000078d208290000::invoke@23
                      ; - java.lang.invoke.LambdaForm$MH/0x000078d208291800::invoke@49
                      ; - java.lang.invoke.Invokers$Holder::linkToTargetMethod@5
                      ; - com.seibel.distanthorizons.common.render.openGl.glObject.shader.GlShader::<init>@24 (line 72)
                      ; - com.seibel.distanthorizons.common.render.openGl.glObject.shader.GlShaderProgram::<init>@26 (line 63)
                      ; - com.seibel.distanthorizons.common.render.openGl.glObject.shader.GlShaderProgram::<init>@11 (line 52)
                      ; - com.seibel.distanthorizons.common.render.openGl.generic.GlGenericObjectShaderProgram::<init>@25 (line 57)
                      ; - com.seibel.distanthorizons.common.render.openGl.generic.GlGenericObjectRenderer::init@159 (line 220)
                      ; - com.seibel.distanthorizons.common.render.openGl.generic.GlGenericObjectRenderer::render@22 (line 423)
  0x000078d272b1a9ac: d0bb 19fd 

  0x000078d272b1a9b0: ;   {other}
  0x000078d272b1a9b0: 0f1f 8400 | 0000 0000 

  0x000078d272b1a9b8: ;   {metadata('java/lang/Object'[])}
  0x000078d272b1a9b8: 48be 7012 | 0007 d278 | 0000 33d2 

  0x000078d272b1a9c4: ;   {runtime_call _new_array_Java}
  0x000078d272b1a9c4: c5f8 77e8 

  0x000078d272b1a9c8: ; ImmutableOopMap {rbp=Oop [16]=Oop [40]=Oop [48]=Oop [56]=Oop [72]=Oop [96]=Oop }
                      ;*anewarray {reexecute=0 rethrow=0 return_oop=1}
                      ; - com.seibel.distanthorizons.common.render.openGl.glObject.shader.GlShader::<init>@161 (line 97)
                      ; - com.seibel.distanthorizons.common.render.openGl.glObject.shader.GlShaderProgram::<init>@63 (line 70)
                      ; - com.seibel.distanthorizons.common.render.openGl.glObject.shader.GlShaderProgram::<init>@11 (line 52)
                      ; - com.seibel.distanthorizons.common.render.openGl.generic.GlGenericObjectShaderProgram::<init>@25 (line 57)
                      ; - com.seibel.distanthorizons.common.render.openGl.generic.GlGenericObjectRenderer::init@159 (line 220)
                      ; - com.seibel.distanthorizons.common.render.openGl.generic.GlGenericObjectRenderer::render@22 (line 423)
  0x000078d272b1a9c8: 34b2 26fd 

  0x000078d272b1a9cc: ;   {other}
  0x000078d272b1a9cc: 0f1f 8400 | 0000 0000 | e927 e3ff | ff48 85db | 0f84 2a07 | 0000 488b | f3e9 0cea | ffff 4c8b 
  0x000078d272b1a9ec: 5424 3845 | 8b5a 5045 | 85db 0f84 | aee9 ffff | 4d8b 5728 | 498b fb48 | c1e7 034d | 85d2 0f84 
  0x000078d272b1aa0c: 7407 0000 | 4d8b 5f38 | 4b89 7c13 | f849 83c2 | f84d 8957 | 28e9 84e9 | ffff 4c8b | 1424 458b 
  0x000078d272b1aa2c: 5214 4585 | d20f 84f3 | ecff ff4d | 8b5f 2849 | 8bfa 48c1 | e703 4d85 | db0f 8459 | 0700 004d 
  0x000078d272b1aa4c: 8b57 384b | 897c 1af8 | 4983 c3f8 | 4d89 5f28 | e9c9 ecff | ff4d 8b57 | 584d 8b5f | 48f0 8344 
  0x000078d272b1aa6c: 24c0 0080 | 3f00 7432 | 4488 274d | 85db 740f | 4b89 7c1a | f849 83c3 | f84d 895f | 48eb 1b49 
  0x000078d272b1aa8c: 8bf7 c5f8 | 7749 ba80 | bafb 86d2 | 7800 0041 

  0x000078d272b1aa9c: ;   {other}
  0x000078d272b1aa9c: ffd2 0f1f | 8400 0000 | 0000 4c8b | 5424 3845 | 8b5a 5045 | 85db 0f84 | 5406 0000 | 4d8b d349 
  0x000078d272b1aabc: c1e2 0349 | 8bda e92c | e9ff ff4d | 8b57 484d | 8b5f 58f0 | 8344 24c0 | 0041 8038 | 000f 8488 
  0x000078d272b1aadc: ecff ff45 | 8820 4d85 | d275 2349 | 8bf8 498b | f7c5 f877 | 49ba 80ba | fb86 d278 | 0000 41ff 
  0x000078d272b1aafc: ;   {other}
  0x000078d272b1aafc: d20f 1f84 | 0000 0000 | 00e9 5dec | ffff 4f89 | 4413 f849 | 83c2 f84d | 8957 48e9 | 4bec ffff 
  0x000078d272b1ab1c: becc ffff | ff48 8b6c | 2430 4c8b | 5424 284c | 8914 244c | 8b54 2410 | 4c89 5424 | 0844 8b5c 
  0x000078d272b1ab3c: 2418 4489 | 5c24 104c | 8b54 2460 | 4c89 5424 | 1844 894c | 2414 6690 

  0x000078d272b1ab54: ;   {runtime_call UncommonTrapBlob}
  0x000078d272b1ab54: c5f8 77e8 

  0x000078d272b1ab58: ; ImmutableOopMap {rbp=Oop [0]=Oop [8]=Oop [24]=Oop [56]=Oop [64]=Oop [72]=Oop [112]=Oop }
                      ;*invokestatic arraycopy {reexecute=0 rethrow=0 return_oop=0}
                      ; - java.lang.String::getBytes@22 (line 4715)
                      ; - java.lang.StringConcatHelper::prepend@21 (line 324)
                      ; - java.lang.StringConcatHelper::prepend@16 (line 344)
                      ; - java.lang.invoke.DirectMethodHandle$Holder::invokeStatic@17
                      ; - java.lang.invoke.LambdaForm$MH/0x000078d20810cc00::invoke@28
                      ; - java.lang.invoke.LambdaForm$MH/0x000078d208291800::invoke@70
                      ; - java.lang.invoke.Invokers$Holder::linkToTargetMethod@5
                      ; - com.seibel.distanthorizons.common.render.openGl.glObject.shader.GlShader::<init>@24 (line 72)
                      ; - com.seibel.distanthorizons.common.render.openGl.glObject.shader.GlShaderProgram::<init>@26 (line 63)
                      ; - com.seibel.distanthorizons.common.render.openGl.glObject.shader.GlShaderProgram::<init>@11 (line 52)
                      ; - com.seibel.distanthorizons.common.render.openGl.generic.GlGenericObjectShaderProgram::<init>@25 (line 57)
                      ; - com.seibel.distanthorizons.common.render.openGl.generic.GlGenericObjectRenderer::init@159 (line 220)
                      ; - com.seibel.distanthorizons.common.render.openGl.generic.GlGenericObjectRenderer::render@22 (line 423)
  0x000078d272b1ab58: 24ba 19fd 

  0x000078d272b1ab5c: ;   {other}
  0x000078d272b1ab5c: 0f1f 8400 | 0000 0000 | becc ffff | ff48 8b6c | 2430 4c8b | 5424 284c | 8914 244c | 8b54 2410 
  0x000078d272b1ab7c: 4c89 5424 | 0844 8b5c | 2418 4489 | 5c24 104c | 8b54 2460 | 4c89 5424 | 184c 8b54 | 2470 448b 
  0x000078d272b1ab9c: 5c24 5044 | 895c 2414 | 4c89 5424 | 5089 bc24 | 8000 0000 | 899c 2484 | 0000 0090 

  0x000078d272b1abb8: ;   {runtime_call UncommonTrapBlob}
  0x000078d272b1abb8: c5f8 77e8 

  0x000078d272b1abbc: ; ImmutableOopMap {rbp=Oop [0]=Oop [8]=Oop [20]=NarrowOop [24]=Oop [56]=Oop [64]=Oop [72]=Oop [80]=Oop [112]=Oop }
                      ;*invokestatic arraycopy {reexecute=0 rethrow=0 return_oop=0}
                      ; - java.lang.String::getBytes@22 (line 4715)
                      ; - java.lang.StringConcatHelper::prepend@21 (line 324)
                      ; - java.lang.StringConcatHelper::prepend@3 (line 343)
                      ; - java.lang.invoke.DirectMethodHandle$Holder::invokeStatic@17
                      ; - java.lang.invoke.LambdaForm$MH/0x000078d20810cc00::invoke@28
                      ; - java.lang.invoke.LambdaForm$MH/0x000078d208291800::invoke@70
                      ; - java.lang.invoke.Invokers$Holder::linkToTargetMethod@5
                      ; - com.seibel.distanthorizons.common.render.openGl.glObject.shader.GlShader::<init>@24 (line 72)
                      ; - com.seibel.distanthorizons.common.render.openGl.glObject.shader.GlShaderProgram::<init>@26 (line 63)
                      ; - com.seibel.distanthorizons.common.render.openGl.glObject.shader.GlShaderProgram::<init>@11 (line 52)
                      ; - com.seibel.distanthorizons.common.render.openGl.generic.GlGenericObjectShaderProgram::<init>@25 (line 57)
                      ; - com.seibel.distanthorizons.common.render.openGl.generic.GlGenericObjectRenderer::init@159 (line 220)
                      ; - com.seibel.distanthorizons.common.render.openGl.generic.GlGenericObjectRenderer::render@22 (line 423)
  0x000078d272b1abbc: c0b9 19fd 

  0x000078d272b1abc0: ;   {other}
  0x000078d272b1abc0: 0f1f 8400 | 0000 0000 | 498b f7c5 | f877 49ba | 50ba fb86 | d278 0000 

  0x000078d272b1abd8: ;   {other}
  0x000078d272b1abd8: 41ff d20f | 1f84 0000 | 0000 00e9 | cec5 ffff | 498b f7c5 | f877 49ba | 50ba fb86 | d278 0000 
  0x000078d272b1abf8: ;   {other}
  0x000078d272b1abf8: 41ff d20f | 1f84 0000 | 0000 00e9 | 75c9 ffff | be45 ffff | ff48 8b6c | 2430 4c8b | 5424 284c 
  0x000078d272b1ac18: 8914 244c | 8b54 2410 | 4c89 5424 | 0844 8b5c | 2418 4489 | 5c24 104c | 8b54 2460 | 4c89 5424 
  0x000078d272b1ac38: 1866 6690 

  0x000078d272b1ac3c: ;   {runtime_call UncommonTrapBlob}
  0x000078d272b1ac3c: c5f8 77e8 

  0x000078d272b1ac40: ; ImmutableOopMap {rbp=Oop [0]=Oop [8]=Oop [24]=Oop [56]=Oop [64]=Oop [72]=Oop }
                      ;*iflt {reexecute=1 rethrow=0 return_oop=0}
                      ; - (reexecute) java.lang.StringConcatHelper::checkOverflow@2 (line 65)
                      ; - java.lang.StringConcatHelper::mix@23 (line 127)
                      ; - java.lang.invoke.DirectMethodHandle$Holder::invokeStatic@13
                      ; - java.lang.invoke.LambdaForm$MH/0x000078d208291000::invoke@23
                      ; - java.lang.invoke.LambdaForm$MH/0x000078d208291800::invoke@31
                      ; - java.lang.invoke.Invokers$Holder::linkToTargetMethod@5
                      ; - com.seibel.distanthorizons.common.render.openGl.glObject.shader.GlShader::<init>@24 (line 72)
                      ; - com.seibel.distanthorizons.common.render.openGl.glObject.shader.GlShaderProgram::<init>@26 (line 63)
                      ; - com.seibel.distanthorizons.common.render.openGl.glObject.shader.GlShaderProgram::<init>@11 (line 52)
                      ; - com.seibel.distanthorizons.common.render.openGl.generic.GlGenericObjectShaderProgram::<init>@25 (line 57)
                      ; - com.seibel.distanthorizons.common.render.openGl.generic.GlGenericObjectRenderer::init@159 (line 220)
                      ; - com.seibel.distanthorizons.common.render.openGl.generic.GlGenericObjectRenderer::render@22 (line 423)
  0x000078d272b1ac40: 3cb9 19fd 

  0x000078d272b1ac44: ;   {other}
  0x000078d272b1ac44: 0f1f 8400 | 0000 0000 | be45 ffff | ff48 8b6c | 2430 4c8b | 5424 284c | 8914 244c | 8b54 2410 
  0x000078d272b1ac64: 4c89 5424 | 0844 8b5c | 2418 4489 | 5c24 104c | 8b54 2460 | 4c89 5424 | 1866 6690 

  0x000078d272b1ac80: ;   {runtime_call UncommonTrapBlob}
  0x000078d272b1ac80: c5f8 77e8 

  0x000078d272b1ac84: ; ImmutableOopMap {rbp=Oop [0]=Oop [8]=Oop [24]=Oop [56]=Oop [64]=Oop [72]=Oop }
                      ;*ifge {reexecute=1 rethrow=0 return_oop=0}
                      ; - (reexecute) java.lang.StringConcatHelper::newArray@13 (line 508)
                      ; - java.lang.StringConcatHelper::newArrayWithSuffix@7 (line 489)
                      ; - java.lang.invoke.DirectMethodHandle$Holder::invokeStatic@13
                      ; - java.lang.invoke.LambdaForm$MH/0x000078d208290000::invoke@23
                      ; - java.lang.invoke.LambdaForm$MH/0x000078d208291800::invoke@49
                      ; - java.lang.invoke.Invokers$Holder::linkToTargetMethod@5
                      ; - com.seibel.distanthorizons.common.render.openGl.glObject.shader.GlShader::<init>@24 (line 72)
                      ; - com.seibel.distanthorizons.common.render.openGl.glObject.shader.GlShaderProgram::<init>@26 (line 63)
                      ; - com.seibel.distanthorizons.common.render.openGl.glObject.shader.GlShaderProgram::<init>@11 (line 52)
                      ; - com.seibel.distanthorizons.common.render.openGl.generic.GlGenericObjectShaderProgram::<init>@25 (line 57)
                      ; - com.seibel.distanthorizons.common.render.openGl.generic.GlGenericObjectRenderer::init@159 (line 220)
                      ; - com.seibel.distanthorizons.common.render.openGl.generic.GlGenericObjectRenderer::render@22 (line 423)
  0x000078d272b1ac84: f8b8 19fd 

  0x000078d272b1ac88: ;   {other}
  0x000078d272b1ac88: 0f1f 8400 | 0000 0000 | bef6 ffff | ff48 8b6c | 2408 4c8b | 5424 104c | 8954 2408 | 448b 5c24 
  0x000078d272b1aca8: 1844 895c | 2410 6690 

  0x000078d272b1acb0: ;   {runtime_call UncommonTrapBlob}
  0x000078d272b1acb0: c5f8 77e8 

  0x000078d272b1acb4: ; ImmutableOopMap {rbp=Oop [8]=Oop [40]=Oop [96]=Oop }
                      ;*arraylength {reexecute=0 rethrow=0 return_oop=0}
                      ; - java.lang.String::length@4 (line 1508)
                      ; - java.lang.StringConcatHelper::prepend@2 (line 322)
                      ; - java.lang.StringConcatHelper::prepend@3 (line 343)
                      ; - java.lang.invoke.DirectMethodHandle$Holder::invokeStatic@17
                      ; - java.lang.invoke.LambdaForm$MH/0x000078d20810cc00::invoke@28
                      ; - java.lang.invoke.LambdaForm$MH/0x000078d208291800::invoke@70
                      ; - java.lang.invoke.Invokers$Holder::linkToTargetMethod@5
                      ; - com.seibel.distanthorizons.common.render.openGl.glObject.shader.GlShader::<init>@24 (line 72)
                      ; - com.seibel.distanthorizons.common.render.openGl.glObject.shader.GlShaderProgram::<init>@26 (line 63)
                      ; - com.seibel.distanthorizons.common.render.openGl.glObject.shader.GlShaderProgram::<init>@11 (line 52)
                      ; - com.seibel.distanthorizons.common.render.openGl.generic.GlGenericObjectShaderProgram::<init>@25 (line 57)
                      ; - com.seibel.distanthorizons.common.render.openGl.generic.GlGenericObjectRenderer::init@147 (line 219)
                      ; - com.seibel.distanthorizons.common.render.openGl.generic.GlGenericObjectRenderer::render@22 (line 423)
  0x000078d272b1acb4: c8b8 19fd 

  0x000078d272b1acb8: ;   {other}
  0x000078d272b1acb8: 0f1f 8400 | 0000 0000 | bead ffff | ff48 8b6c | 2430 4c8b | 5424 284c | 8914 244c | 8b54 2410 
  0x000078d272b1acd8: 4c89 5424 | 0844 8b5c | 2418 4489 | 5c24 104c | 8b54 2460 | 4c89 5424 | 184c 8b54 | 2448 4c89 
  0x000078d272b1acf8: 5424 384c | 8954 2440 

  0x000078d272b1ad00: ;   {runtime_call UncommonTrapBlob}
  0x000078d272b1ad00: c5f8 77e8 

  0x000078d272b1ad04: ; ImmutableOopMap {rbp=Oop [0]=Oop [8]=Oop [24]=Oop [56]=Oop [64]=Oop [80]=Oop [88]=Oop }
                      ;*new {reexecute=0 rethrow=0 return_oop=0}
                      ; - java.lang.StringConcatHelper::newString@34 (line 404)
                      ; - java.lang.invoke.DirectMethodHandle$Holder::invokeStatic@13
                      ; - java.lang.invoke.LambdaForm$MH/0x000078d208291800::invoke@90
                      ; - java.lang.invoke.Invokers$Holder::linkToTargetMethod@5
                      ; - com.seibel.distanthorizons.common.render.openGl.glObject.shader.GlShader::<init>@24 (line 72)
                      ; - com.seibel.distanthorizons.common.render.openGl.glObject.shader.GlShaderProgram::<init>@63 (line 70)
                      ; - com.seibel.distanthorizons.common.render.openGl.glObject.shader.GlShaderProgram::<init>@11 (line 52)
                      ; - com.seibel.distanthorizons.common.render.openGl.generic.GlGenericObjectShaderProgram::<init>@25 (line 57)
                      ; - com.seibel.distanthorizons.common.render.openGl.generic.GlGenericObjectRenderer::init@147 (line 219)
                      ; - com.seibel.distanthorizons.common.render.openGl.generic.GlGenericObjectRenderer::render@22 (line 423)
  0x000078d272b1ad04: 78b8 19fd 

  0x000078d272b1ad08: ;   {other}
  0x000078d272b1ad08: 0f1f 8400 | 0000 0000 

  0x000078d272b1ad10: ;   {metadata('java/lang/String')}
  0x000078d272b1ad10: 48be 78e8 | 0007 d278 | 0000 4c8b | 5424 304c 

  0x000078d272b1ad20: ;   {oop([B{0x000000065a7a3fd0})}
  0x000078d272b1ad20: 8914 2449 | bad0 3f7a | 5a06 0000 | 004c 8994 | 2488 0000 | 0066 6690 

  0x000078d272b1ad38: ;   {runtime_call _new_instance_Java}
  0x000078d272b1ad38: c5f8 77e8 

  0x000078d272b1ad3c: ; ImmutableOopMap {rbp=Oop [8]=Derived_oop_rbp [0]=Oop [16]=Oop [28]=NarrowOop [40]=Oop [48]=Oop [56]=Oop [64]=Oop [72]=Oop [96]=Oop [112]=Oop [136]=Oop [32]=Derived_oop_[136] }
                      ;*new {reexecute=0 rethrow=0 return_oop=1}
                      ; - java.lang.StringConcatHelper::newString@24 (line 402)
                      ; - java.lang.invoke.DirectMethodHandle$Holder::invokeStatic@13
                      ; - java.lang.invoke.LambdaForm$MH/0x000078d208291800::invoke@90
                      ; - java.lang.invoke.Invokers$Holder::linkToTargetMethod@5
                      ; - com.seibel.distanthorizons.common.render.openGl.glObject.shader.GlShader::<init>@24 (line 72)
                      ; - com.seibel.distanthorizons.common.render.openGl.glObject.shader.GlShaderProgram::<init>@26 (line 63)
                      ; - com.seibel.distanthorizons.common.render.openGl.glObject.shader.GlShaderProgram::<init>@11 (line 52)
                      ; - com.seibel.distanthorizons.common.render.openGl.generic.GlGenericObjectShaderProgram::<init>@25 (line 57)
                      ; - com.seibel.distanthorizons.common.render.openGl.generic.GlGenericObjectRenderer::init@159 (line 220)
                      ; - com.seibel.distanthorizons.common.render.openGl.generic.GlGenericObjectRenderer::render@22 (line 423)
  0x000078d272b1ad3c: 4089 26fd 

  0x000078d272b1ad40: ;   {other}
  0x000078d272b1ad40: 0f1f 8400 | 0000 0000 | e986 e3ff | ff4d 63d3 | e95e d7ff | ffbe 4100 | 0000 4c8b | 5424 284c 
  0x000078d272b1ad60: 8914 244c | 8b54 2410 | 4c89 5424 | 0844 8b5c | 2418 4489 | 5c24 1090 

  0x000078d272b1ad78: ;   {runtime_call UncommonTrapBlob}
  0x000078d272b1ad78: c5f8 77e8 

  0x000078d272b1ad7c: ; ImmutableOopMap {rbp=Oop [0]=Oop [8]=Oop [56]=Oop [64]=Oop [72]=Oop [96]=Oop }
                      ;*new {reexecute=0 rethrow=0 return_oop=0}
                      ; - com.seibel.distanthorizons.common.render.openGl.glObject.shader.GlShader::<init>@72 (line 82)
                      ; - com.seibel.distanthorizons.common.render.openGl.glObject.shader.GlShaderProgram::<init>@63 (line 70)
                      ; - com.seibel.distanthorizons.common.render.openGl.glObject.shader.GlShaderProgram::<init>@11 (line 52)
                      ; - com.seibel.distanthorizons.common.render.openGl.generic.GlGenericObjectShaderProgram::<init>@25 (line 57)
                      ; - com.seibel.distanthorizons.common.render.openGl.generic.GlGenericObjectRenderer::init@159 (line 220)
                      ; - com.seibel.distanthorizons.common.render.openGl.generic.GlGenericObjectRenderer::render@22 (line 423)
  0x000078d272b1ad7c: 00b8 19fd 

  0x000078d272b1ad80: ;   {other}
  0x000078d272b1ad80: 0f1f 8400 | 0000 0000 | bef6 ffff | ff48 8b6c | 2430 4c8b | 5424 284c | 8914 244c | 8b54 2410 
  0x000078d272b1ada0: 4c89 5424 | 0844 8b5c | 2418 4489 | 5c24 104c | 8b54 2460 | 4c89 5424 | 1844 8b5c | 2450 4489 
  0x000078d272b1adc0: 5c24 1490 

  0x000078d272b1adc4: ;   {runtime_call UncommonTrapBlob}
  0x000078d272b1adc4: c5f8 77e8 

  0x000078d272b1adc8: ; ImmutableOopMap {rbp=Oop [0]=Oop [8]=Oop [24]=Oop [56]=Oop [64]=Oop [72]=Oop [88]=Oop [104]=Oop }
                      ;*invokevirtual put {reexecute=0 rethrow=0 return_oop=0}
                      ; - com.seibel.distanthorizons.common.render.openGl.glObject.shader.GlShader::safeShaderSource@27 (line 129)
                      ; - com.seibel.distanthorizons.common.render.openGl.glObject.shader.GlShader::<init>@92 (line 85)
                      ; - com.seibel.distanthorizons.common.render.openGl.glObject.shader.GlShaderProgram::<init>@63 (line 70)
                      ; - com.seibel.distanthorizons.common.render.openGl.glObject.shader.GlShaderProgram::<init>@11 (line 52)
                      ; - com.seibel.distanthorizons.common.render.openGl.generic.GlGenericObjectShaderProgram::<init>@25 (line 57)
                      ; - com.seibel.distanthorizons.common.render.openGl.generic.GlGenericObjectRenderer::init@159 (line 220)
                      ; - com.seibel.distanthorizons.common.render.openGl.generic.GlGenericObjectRenderer::render@22 (line 423)
  0x000078d272b1adc8: b4b7 19fd 

  0x000078d272b1adcc: ;   {other}
  0x000078d272b1adcc: 0f1f 8400 | 0000 0000 | be41 0000 | 004c 8b54 | 2428 4c89 | 1424 4c8b | 5424 104c | 8954 2408 
  0x000078d272b1adec: 448b 5c24 | 1844 895c | 2410 6690 

  0x000078d272b1adf8: ;   {runtime_call UncommonTrapBlob}
  0x000078d272b1adf8: c5f8 77e8 

  0x000078d272b1adfc: ; ImmutableOopMap {rbp=Oop [0]=Oop [8]=Oop [56]=Oop [72]=Oop [96]=Oop }
                      ;*new {reexecute=0 rethrow=0 return_oop=0}
                      ; - com.seibel.distanthorizons.common.render.openGl.glObject.shader.GlShader::<init>@47 (line 75)
                      ; - com.seibel.distanthorizons.common.render.openGl.glObject.shader.GlShaderProgram::<init>@63 (line 70)
                      ; - com.seibel.distanthorizons.common.render.openGl.glObject.shader.GlShaderProgram::<init>@11 (line 52)
                      ; - com.seibel.distanthorizons.common.render.openGl.generic.GlGenericObjectShaderProgram::<init>@25 (line 57)
                      ; - com.seibel.distanthorizons.common.render.openGl.generic.GlGenericObjectRenderer::init@159 (line 220)
                      ; - com.seibel.distanthorizons.common.render.openGl.generic.GlGenericObjectRenderer::render@22 (line 423)
  0x000078d272b1adfc: 80b7 19fd 

  0x000078d272b1ae00: ;   {other}
  0x000078d272b1ae00: 0f1f 8400 | 0000 0000 | becc ffff | ff48 8b6c | 2430 4c8b | 5424 284c | 8914 244c | 8b54 2410 
  0x000078d272b1ae20: 4c89 5424 | 0844 8b5c | 2418 4489 | 5c24 104c | 8b54 2460 | 4c89 5424 | 1866 6690 

  0x000078d272b1ae3c: ;   {runtime_call UncommonTrapBlob}
  0x000078d272b1ae3c: c5f8 77e8 

  0x000078d272b1ae40: ; ImmutableOopMap {rbp=Oop [0]=Oop [8]=Oop [24]=Oop [56]=Oop [64]=Oop [72]=Oop [112]=Oop }
                      ;*invokestatic arraycopy {reexecute=0 rethrow=0 return_oop=0}
                      ; - java.lang.String::getBytes@22 (line 4715)
                      ; - java.lang.StringConcatHelper::newArrayWithSuffix@24 (line 491)
                      ; - java.lang.invoke.DirectMethodHandle$Holder::invokeStatic@13
                      ; - java.lang.invoke.LambdaForm$MH/0x000078d208290000::invoke@23
                      ; - java.lang.invoke.LambdaForm$MH/0x000078d208291800::invoke@49
                      ; - java.lang.invoke.Invokers$Holder::linkToTargetMethod@5
                      ; - com.seibel.distanthorizons.common.render.openGl.glObject.shader.GlShader::<init>@24 (line 72)
                      ; - com.seibel.distanthorizons.common.render.openGl.glObject.shader.GlShaderProgram::<init>@63 (line 70)
                      ; - com.seibel.distanthorizons.common.render.openGl.glObject.shader.GlShaderProgram::<init>@11 (line 52)
                      ; - com.seibel.distanthorizons.common.render.openGl.generic.GlGenericObjectShaderProgram::<init>@25 (line 57)
                      ; - com.seibel.distanthorizons.common.render.openGl.generic.GlGenericObjectRenderer::init@159 (line 220)
                      ; - com.seibel.distanthorizons.common.render.openGl.generic.GlGenericObjectRenderer::render@22 (line 423)
  0x000078d272b1ae40: 3cb7 19fd 

  0x000078d272b1ae44: ;   {other}
  0x000078d272b1ae44: 0f1f 8400 | 0000 0000 | becc ffff | ff48 8b6c | 2430 4c8b | 5424 284c | 8914 244c | 8b54 2410 
  0x000078d272b1ae64: 4c89 5424 | 0844 8b5c | 2418 4489 | 5c24 104c | 8b54 2460 | 4c89 5424 | 1844 894c | 2414 6690 
  0x000078d272b1ae84: ;   {runtime_call UncommonTrapBlob}
  0x000078d272b1ae84: c5f8 77e8 

  0x000078d272b1ae88: ; ImmutableOopMap {rbp=Oop [0]=Oop [8]=Oop [24]=Oop [56]=Oop [64]=Oop [72]=Oop [112]=Oop }
                      ;*invokestatic arraycopy {reexecute=0 rethrow=0 return_oop=0}
                      ; - java.lang.String::getBytes@22 (line 4715)
                      ; - java.lang.StringConcatHelper::prepend@21 (line 324)
                      ; - java.lang.StringConcatHelper::prepend@16 (line 344)
                      ; - java.lang.invoke.DirectMethodHandle$Holder::invokeStatic@17
                      ; - java.lang.invoke.LambdaForm$MH/0x000078d20810cc00::invoke@28
                      ; - java.lang.invoke.LambdaForm$MH/0x000078d208291800::invoke@70
                      ; - java.lang.invoke.Invokers$Holder::linkToTargetMethod@5
                      ; - com.seibel.distanthorizons.common.render.openGl.glObject.shader.GlShader::<init>@24 (line 72)
                      ; - com.seibel.distanthorizons.common.render.openGl.glObject.shader.GlShaderProgram::<init>@63 (line 70)
                      ; - com.seibel.distanthorizons.common.render.openGl.glObject.shader.GlShaderProgram::<init>@11 (line 52)
                      ; - com.seibel.distanthorizons.common.render.openGl.generic.GlGenericObjectShaderProgram::<init>@25 (line 57)
                      ; - com.seibel.distanthorizons.common.render.openGl.generic.GlGenericObjectRenderer::init@159 (line 220)
                      ; - com.seibel.distanthorizons.common.render.openGl.generic.GlGenericObjectRenderer::render@22 (line 423)
  0x000078d272b1ae88: f4b6 19fd 

  0x000078d272b1ae8c: ;   {other}
  0x000078d272b1ae8c: 0f1f 8400 | 0000 0000 | becc ffff | ff48 8b6c | 2430 4c8b | 5424 284c | 8914 244c | 8b54 2410 
  0x000078d272b1aeac: 4c89 5424 | 0844 8b5c | 2418 4489 | 5c24 104c | 8b54 2460 | 4c89 5424 | 184c 8b54 | 2470 448b 
  0x000078d272b1aecc: 5c24 5044 | 895c 2414 | 4c89 5424 | 5089 bc24 | 8000 0000 | 899c 2484 | 0000 0090 

  0x000078d272b1aee8: ;   {runtime_call UncommonTrapBlob}
  0x000078d272b1aee8: c5f8 77e8 

  0x000078d272b1aeec: ; ImmutableOopMap {rbp=Oop [0]=Oop [8]=Oop [20]=NarrowOop [24]=Oop [56]=Oop [64]=Oop [72]=Oop [80]=Oop [112]=Oop }
                      ;*invokestatic arraycopy {reexecute=0 rethrow=0 return_oop=0}
                      ; - java.lang.String::getBytes@22 (line 4715)
                      ; - java.lang.StringConcatHelper::prepend@21 (line 324)
                      ; - java.lang.StringConcatHelper::prepend@3 (line 343)
                      ; - java.lang.invoke.DirectMethodHandle$Holder::invokeStatic@17
                      ; - java.lang.invoke.LambdaForm$MH/0x000078d20810cc00::invoke@28
                      ; - java.lang.invoke.LambdaForm$MH/0x000078d208291800::invoke@70
                      ; - java.lang.invoke.Invokers$Holder::linkToTargetMethod@5
                      ; - com.seibel.distanthorizons.common.render.openGl.glObject.shader.GlShader::<init>@24 (line 72)
                      ; - com.seibel.distanthorizons.common.render.openGl.glObject.shader.GlShaderProgram::<init>@63 (line 70)
                      ; - com.seibel.distanthorizons.common.render.openGl.glObject.shader.GlShaderProgram::<init>@11 (line 52)
                      ; - com.seibel.distanthorizons.common.render.openGl.generic.GlGenericObjectShaderProgram::<init>@25 (line 57)
                      ; - com.seibel.distanthorizons.common.render.openGl.generic.GlGenericObjectRenderer::init@159 (line 220)
                      ; - com.seibel.distanthorizons.common.render.openGl.generic.GlGenericObjectRenderer::render@22 (line 423)
  0x000078d272b1aeec: 90b6 19fd 

  0x000078d272b1aef0: ;   {other}
  0x000078d272b1aef0: 0f1f 8400 | 0000 0000 | bece ffff | ff48 8b6c | 2430 4c8b | 5424 284c | 8914 244c | 8b54 2410 
  0x000078d272b1af10: 4c89 5424 | 0844 8b5c | 2418 4489 | 5c24 104c | 8b54 2460 | 4c89 5424 | 184c 8b54 | 2448 4c89 
  0x000078d272b1af30: 5424 384c | 8954 2440 | 4c8b 9424 | 8800 0000 | 4c89 5424 | 6044 8b5c | 2478 4489 | 5c24 1489 
  0x000078d272b1af50: 8c24 8000 | 0000 8994 | 2484 0000 | 0066 6690 

  0x000078d272b1af60: ;   {runtime_call UncommonTrapBlob}
  0x000078d272b1af60: c5f8 77e8 

  0x000078d272b1af64: ; ImmutableOopMap {rbp=Oop [0]=Oop [8]=Oop [20]=NarrowOop [24]=Oop [56]=Oop [64]=Oop [80]=Oop [88]=Oop [96]=Oop }
                      ;*invokestatic inflate {reexecute=0 rethrow=0 return_oop=0}
                      ; - java.lang.String::getBytes@40 (line 4717)
                      ; - java.lang.StringConcatHelper::prepend@21 (line 324)
                      ; - java.lang.StringConcatHelper::prepend@3 (line 343)
                      ; - java.lang.invoke.DirectMethodHandle$Holder::invokeStatic@17
                      ; - java.lang.invoke.LambdaForm$MH/0x000078d20810cc00::invoke@28
                      ; - java.lang.invoke.LambdaForm$MH/0x000078d208291800::invoke@70
                      ; - java.lang.invoke.Invokers$Holder::linkToTargetMethod@5
                      ; - com.seibel.distanthorizons.common.render.openGl.glObject.shader.GlShader::<init>@24 (line 72)
                      ; - com.seibel.distanthorizons.common.render.openGl.glObject.shader.GlShaderProgram::<init>@26 (line 63)
                      ; - com.seibel.distanthorizons.common.render.openGl.glObject.shader.GlShaderProgram::<init>@11 (line 52)
                      ; - com.seibel.distanthorizons.common.render.openGl.generic.GlGenericObjectShaderProgram::<init>@25 (line 57)
                      ; - com.seibel.distanthorizons.common.render.openGl.generic.GlGenericObjectRenderer::init@147 (line 219)
                      ; - com.seibel.distanthorizons.common.render.openGl.generic.GlGenericObjectRenderer::render@22 (line 423)
  0x000078d272b1af64: 18b6 19fd 

  0x000078d272b1af68: ;   {other}
  0x000078d272b1af68: 0f1f 8400 | 0000 0000 | be45 ffff | ff48 8b6c | 2430 4c8b | 5424 284c | 8914 244c | 8b54 2410 
  0x000078d272b1af88: 4c89 5424 | 0844 8b54 | 2418 4489 | 5424 104c | 8b54 2460 | 4c89 5424 | 1866 6690 

  0x000078d272b1afa4: ;   {runtime_call UncommonTrapBlob}
  0x000078d272b1afa4: c5f8 77e8 

  0x000078d272b1afa8: ; ImmutableOopMap {rbp=Oop [0]=Oop [8]=Oop [24]=Oop [56]=Oop [64]=Oop [72]=Oop }
                      ;*iflt {reexecute=1 rethrow=0 return_oop=0}
                      ; - (reexecute) java.lang.StringConcatHelper::checkOverflow@2 (line 65)
                      ; - java.lang.StringConcatHelper::mix@23 (line 127)
                      ; - java.lang.invoke.DirectMethodHandle$Holder::invokeStatic@13
                      ; - java.lang.invoke.LambdaForm$MH/0x000078d208291000::invoke@23
                      ; - java.lang.invoke.LambdaForm$MH/0x000078d208291800::invoke@31
                      ; - java.lang.invoke.Invokers$Holder::linkToTargetMethod@5
                      ; - com.seibel.distanthorizons.common.render.openGl.glObject.shader.GlShader::<init>@24 (line 72)
                      ; - com.seibel.distanthorizons.common.render.openGl.glObject.shader.GlShaderProgram::<init>@63 (line 70)
                      ; - com.seibel.distanthorizons.common.render.openGl.glObject.shader.GlShaderProgram::<init>@11 (line 52)
                      ; - com.seibel.distanthorizons.common.render.openGl.generic.GlGenericObjectShaderProgram::<init>@25 (line 57)
                      ; - com.seibel.distanthorizons.common.render.openGl.generic.GlGenericObjectRenderer::init@159 (line 220)
                      ; - com.seibel.distanthorizons.common.render.openGl.generic.GlGenericObjectRenderer::render@22 (line 423)
  0x000078d272b1afa8: d4b5 19fd 

  0x000078d272b1afac: ;   {other}
  0x000078d272b1afac: 0f1f 8400 | 0000 0000 | be45 ffff | ff48 8b6c | 2430 4c8b | 5424 284c | 8914 244c | 8b54 2410 
  0x000078d272b1afcc: 4c89 5424 | 0844 8b5c | 2418 4489 | 5c24 104c | 8b54 2460 | 4c89 5424 | 1866 6690 

  0x000078d272b1afe8: ;   {runtime_call UncommonTrapBlob}
  0x000078d272b1afe8: c5f8 77e8 

  0x000078d272b1afec: ; ImmutableOopMap {rbp=Oop [0]=Oop [8]=Oop [24]=Oop [56]=Oop [64]=Oop [72]=Oop }
                      ;*ifge {reexecute=1 rethrow=0 return_oop=0}
                      ; - (reexecute) java.lang.StringConcatHelper::newArray@13 (line 508)
                      ; - java.lang.StringConcatHelper::newArrayWithSuffix@7 (line 489)
                      ; - java.lang.invoke.DirectMethodHandle$Holder::invokeStatic@13
                      ; - java.lang.invoke.LambdaForm$MH/0x000078d208290000::invoke@23
                      ; - java.lang.invoke.LambdaForm$MH/0x000078d208291800::invoke@49
                      ; - java.lang.invoke.Invokers$Holder::linkToTargetMethod@5
                      ; - com.seibel.distanthorizons.common.render.openGl.glObject.shader.GlShader::<init>@24 (line 72)
                      ; - com.seibel.distanthorizons.common.render.openGl.glObject.shader.GlShaderProgram::<init>@63 (line 70)
                      ; - com.seibel.distanthorizons.common.render.openGl.glObject.shader.GlShaderProgram::<init>@11 (line 52)
                      ; - com.seibel.distanthorizons.common.render.openGl.generic.GlGenericObjectShaderProgram::<init>@25 (line 57)
                      ; - com.seibel.distanthorizons.common.render.openGl.generic.GlGenericObjectRenderer::init@159 (line 220)
                      ; - com.seibel.distanthorizons.common.render.openGl.generic.GlGenericObjectRenderer::render@22 (line 423)
  0x000078d272b1afec: 90b5 19fd 

  0x000078d272b1aff0: ;   {other}
  0x000078d272b1aff0: 0f1f 8400 | 0000 0000 | bef6 ffff | ff48 8b6c | 2430 4c8b | 5424 104c | 8954 2408 | 448b 5c24 
  0x000078d272b1b010: 1844 895c | 2410 6690 

  0x000078d272b1b018: ;   {runtime_call UncommonTrapBlob}
  0x000078d272b1b018: c5f8 77e8 

  0x000078d272b1b01c: ; ImmutableOopMap {rbp=Oop [8]=Oop [40]=Oop [96]=Oop }
                      ;*arraylength {reexecute=0 rethrow=0 return_oop=0}
                      ; - java.lang.String::length@4 (line 1508)
                      ; - java.lang.StringConcatHelper::prepend@2 (line 322)
                      ; - java.lang.StringConcatHelper::prepend@3 (line 343)
                      ; - java.lang.invoke.DirectMethodHandle$Holder::invokeStatic@17
                      ; - java.lang.invoke.LambdaForm$MH/0x000078d20810cc00::invoke@28
                      ; - java.lang.invoke.LambdaForm$MH/0x000078d208291800::invoke@70
                      ; - java.lang.invoke.Invokers$Holder::linkToTargetMethod@5
                      ; - com.seibel.distanthorizons.common.render.openGl.glObject.shader.GlShader::<init>@24 (line 72)
                      ; - com.seibel.distanthorizons.common.render.openGl.glObject.shader.GlShaderProgram::<init>@63 (line 70)
                      ; - com.seibel.distanthorizons.common.render.openGl.glObject.shader.GlShaderProgram::<init>@11 (line 52)
                      ; - com.seibel.distanthorizons.common.render.openGl.generic.GlGenericObjectShaderProgram::<init>@25 (line 57)
                      ; - com.seibel.distanthorizons.common.render.openGl.generic.GlGenericObjectRenderer::init@147 (line 219)
                      ; - com.seibel.distanthorizons.common.render.openGl.generic.GlGenericObjectRenderer::render@22 (line 423)
  0x000078d272b1b01c: 60b5 19fd 

  0x000078d272b1b020: ;   {other}
  0x000078d272b1b020: 0f1f 8400 | 0000 0000 

  0x000078d272b1b028: ;   {metadata('java/lang/String')}
  0x000078d272b1b028: 48be 78e8 | 0007 d278 | 0000 4c8b | 5424 304c | 8914 2490 

  0x000078d272b1b03c: ;   {runtime_call _new_instance_Java}
  0x000078d272b1b03c: c5f8 77e8 

  0x000078d272b1b040: ; ImmutableOopMap {rbp=NarrowOop [0]=Oop [16]=Oop [40]=Oop [48]=Oop [56]=Oop [64]=Oop [72]=Oop [96]=Oop [112]=Oop }
                      ;*new {reexecute=0 rethrow=0 return_oop=1}
                      ; - java.lang.StringConcatHelper::newString@24 (line 402)
                      ; - java.lang.invoke.DirectMethodHandle$Holder::invokeStatic@13
                      ; - java.lang.invoke.LambdaForm$MH/0x000078d208291800::invoke@90
                      ; - java.lang.invoke.Invokers$Holder::linkToTargetMethod@5
                      ; - com.seibel.distanthorizons.common.render.openGl.glObject.shader.GlShader::<init>@24 (line 72)
                      ; - com.seibel.distanthorizons.common.render.openGl.glObject.shader.GlShaderProgram::<init>@63 (line 70)
                      ; - com.seibel.distanthorizons.common.render.openGl.glObject.shader.GlShaderProgram::<init>@11 (line 52)
                      ; - com.seibel.distanthorizons.common.render.openGl.generic.GlGenericObjectShaderProgram::<init>@25 (line 57)
                      ; - com.seibel.distanthorizons.common.render.openGl.generic.GlGenericObjectRenderer::init@159 (line 220)
                      ; - com.seibel.distanthorizons.common.render.openGl.generic.GlGenericObjectRenderer::render@22 (line 423)
  0x000078d272b1b040: 3c86 26fd 

  0x000078d272b1b044: ;   {other}
  0x000078d272b1b044: 0f1f 8400 | 0000 0000 | e906 ecff | ffbe ceff | ffff 488b | 6c24 304c | 8b54 2428 | 4c89 1424 
  0x000078d272b1b064: 4c8b 5424 | 104c 8954 | 2408 448b | 5c24 1844 | 895c 2410 | 4c8b 5424 | 604c 8954 | 2418 4c8b 
  0x000078d272b1b084: 5424 484c | 8954 2438 | 4c89 5424 | 404c 8b94 | 2488 0000 | 004c 8954 | 2460 448b | 5424 7844 
  0x000078d272b1b0a4: 8954 2414 | 898c 2480 | 0000 0089 | 9424 8400 | 0000 6690 

  0x000078d272b1b0b8: ;   {runtime_call UncommonTrapBlob}
  0x000078d272b1b0b8: c5f8 77e8 

  0x000078d272b1b0bc: ; ImmutableOopMap {rbp=Oop [0]=Oop [8]=Oop [20]=NarrowOop [24]=Oop [56]=Oop [64]=Oop [80]=Oop [88]=Oop [96]=Oop }
                      ;*invokestatic inflate {reexecute=0 rethrow=0 return_oop=0}
                      ; - java.lang.String::getBytes@40 (line 4717)
                      ; - java.lang.StringConcatHelper::prepend@21 (line 324)
                      ; - java.lang.StringConcatHelper::prepend@3 (line 343)
                      ; - java.lang.invoke.DirectMethodHandle$Holder::invokeStatic@17
                      ; - java.lang.invoke.LambdaForm$MH/0x000078d20810cc00::invoke@28
                      ; - java.lang.invoke.LambdaForm$MH/0x000078d208291800::invoke@70
                      ; - java.lang.invoke.Invokers$Holder::linkToTargetMethod@5
                      ; - com.seibel.distanthorizons.common.render.openGl.glObject.shader.GlShader::<init>@24 (line 72)
                      ; - com.seibel.distanthorizons.common.render.openGl.glObject.shader.GlShaderProgram::<init>@63 (line 70)
                      ; - com.seibel.distanthorizons.common.render.openGl.glObject.shader.GlShaderProgram::<init>@11 (line 52)
                      ; - com.seibel.distanthorizons.common.render.openGl.generic.GlGenericObjectShaderProgram::<init>@25 (line 57)
                      ; - com.seibel.distanthorizons.common.render.openGl.generic.GlGenericObjectRenderer::init@147 (line 219)
                      ; - com.seibel.distanthorizons.common.render.openGl.generic.GlGenericObjectRenderer::render@22 (line 423)
  0x000078d272b1b0bc: c0b4 19fd 

  0x000078d272b1b0c0: ;   {other}
  0x000078d272b1b0c0: 0f1f 8400 | 0000 0000 | bead ffff | ff48 8b6c | 2430 4c8b | 5424 284c | 8914 244c | 8b54 2410 
  0x000078d272b1b0e0: 4c89 5424 | 0844 8b5c | 2418 4489 | 5c24 104c | 8b54 2460 | 4c89 5424 | 1866 6690 

  0x000078d272b1b0fc: ;   {runtime_call UncommonTrapBlob}
  0x000078d272b1b0fc: c5f8 77e8 

  0x000078d272b1b100: ; ImmutableOopMap {rbp=Oop [0]=Oop [8]=Oop [24]=Oop [56]=Oop [64]=Oop [72]=Oop }
                      ;*new {reexecute=0 rethrow=0 return_oop=0}
                      ; - java.lang.StringConcatHelper::newString@34 (line 404)
                      ; - java.lang.invoke.DirectMethodHandle$Holder::invokeStatic@13
                      ; - java.lang.invoke.LambdaForm$MH/0x000078d208291800::invoke@90
                      ; - java.lang.invoke.Invokers$Holder::linkToTargetMethod@5
                      ; - com.seibel.distanthorizons.common.render.openGl.glObject.shader.GlShader::<init>@24 (line 72)
                      ; - com.seibel.distanthorizons.common.render.openGl.glObject.shader.GlShaderProgram::<init>@26 (line 63)
                      ; - com.seibel.distanthorizons.common.render.openGl.glObject.shader.GlShaderProgram::<init>@11 (line 52)
                      ; - com.seibel.distanthorizons.common.render.openGl.generic.GlGenericObjectShaderProgram::<init>@25 (line 57)
                      ; - com.seibel.distanthorizons.common.render.openGl.generic.GlGenericObjectRenderer::init@159 (line 220)
                      ; - com.seibel.distanthorizons.common.render.openGl.generic.GlGenericObjectRenderer::render@22 (line 423)
  0x000078d272b1b100: 7cb4 19fd 

  0x000078d272b1b104: ;   {other}
  0x000078d272b1b104: 0f1f 8400 | 0000 0000 | bef6 ffff | ff4c 8b54 | 2410 4c89 | 5424 0844 | 8b54 2418 | 4489 5424 
  0x000078d272b1b124: 1066 6690 

  0x000078d272b1b128: ;   {runtime_call UncommonTrapBlob}
  0x000078d272b1b128: c5f8 77e8 

  0x000078d272b1b12c: ; ImmutableOopMap {rbp=Oop [8]=Oop [40]=Oop [96]=Oop }
                      ;*invokevirtual bind {reexecute=0 rethrow=0 return_oop=0}
                      ; - com.seibel.distanthorizons.common.render.openGl.generic.GlGenericObjectShaderProgram::<init>@39 (line 64)
                      ; - com.seibel.distanthorizons.common.render.openGl.generic.GlGenericObjectRenderer::init@159 (line 220)
                      ; - com.seibel.distanthorizons.common.render.openGl.generic.GlGenericObjectRenderer::render@22 (line 423)
  0x000078d272b1b12c: 50b4 19fd 

  0x000078d272b1b130: ;   {other}
  0x000078d272b1b130: 0f1f 8400 | 0000 0000 | be37 ffff | ff4c 8b5c | 2428 4c89 | 5c24 0848 | 8944 2448 

  0x000078d272b1b14c: ;   {runtime_call UncommonTrapBlob}
  0x000078d272b1b14c: c5f8 77e8 

  0x000078d272b1b150: ; ImmutableOopMap {rbp=NarrowOop [0]=Oop [8]=Oop [16]=Oop [56]=Oop [72]=Oop [96]=Oop }
                      ;*invokevirtual setVertexAttribute {reexecute=0 rethrow=0 return_oop=0}
                      ; - com.seibel.distanthorizons.common.render.openGl.generic.GlGenericObjectShaderProgram::<init>@52 (line 66)
                      ; - com.seibel.distanthorizons.common.render.openGl.generic.GlGenericObjectRenderer::init@159 (line 220)
                      ; - com.seibel.distanthorizons.common.render.openGl.generic.GlGenericObjectRenderer::render@22 (line 423)
  0x000078d272b1b150: 2cb4 19fd 

  0x000078d272b1b154: ;   {other}
  0x000078d272b1b154: 0f1f 8400 | 0000 0000 | be37 ffff | ff4c 8b54 | 2430 4c89 | 1424 4c8b | 5424 284c | 8954 2408 
  0x000078d272b1b174: ;   {runtime_call UncommonTrapBlob}
  0x000078d272b1b174: c5f8 77e8 

  0x000078d272b1b178: ; ImmutableOopMap {rbp=NarrowOop [0]=Oop [8]=Oop [16]=Oop [56]=Oop [96]=Oop }
                      ;*invokevirtual completeAndCheck {reexecute=0 rethrow=0 return_oop=0}
                      ; - com.seibel.distanthorizons.common.render.openGl.generic.GlGenericObjectShaderProgram::<init>@61 (line 67)
                      ; - com.seibel.distanthorizons.common.render.openGl.generic.GlGenericObjectRenderer::init@159 (line 220)
                      ; - com.seibel.distanthorizons.common.render.openGl.generic.GlGenericObjectRenderer::render@22 (line 423)
  0x000078d272b1b178: 04b4 19fd 

  0x000078d272b1b17c: ;   {other}
  0x000078d272b1b17c: 0f1f 8400 | 0000 0000 | 498b f7c5 | f877 49ba | 50ba fb86 | d278 0000 

  0x000078d272b1b194: ;   {other}
  0x000078d272b1b194: 41ff d20f | 1f84 0000 | 0000 00e9 | 06e2 ffff | 498b f7c5 | f877 49ba | 50ba fb86 | d278 0000 
  0x000078d272b1b1b4: ;   {other}
  0x000078d272b1b1b4: 41ff d20f | 1f84 0000 | 0000 00e9 | 66e5 ffff | bef6 ffff | ff48 8b6c | 2430 4c8b | 5424 104c 
  0x000078d272b1b1d4: 8954 2408 | 448b 5424 | 1844 8954 | 2410 6690 

  0x000078d272b1b1e4: ;   {runtime_call UncommonTrapBlob}
  0x000078d272b1b1e4: c5f8 77e8 

  0x000078d272b1b1e8: ; ImmutableOopMap {rbp=Oop [8]=Oop [40]=Oop [96]=Oop }
                      ;*arraylength {reexecute=0 rethrow=0 return_oop=0}
                      ; - java.lang.String::length@4 (line 1508)
                      ; - java.lang.StringConcatHelper::prepend@2 (line 322)
                      ; - java.lang.StringConcatHelper::prepend@3 (line 343)
                      ; - java.lang.invoke.DirectMethodHandle$Holder::invokeStatic@17
                      ; - java.lang.invoke.LambdaForm$MH/0x000078d20810cc00::invoke@28
                      ; - java.lang.invoke.LambdaForm$MH/0x000078d208291800::invoke@70
                      ; - java.lang.invoke.Invokers$Holder::linkToTargetMethod@5
                      ; - com.seibel.distanthorizons.common.render.openGl.glObject.shader.GlShader::<init>@24 (line 72)
                      ; - com.seibel.distanthorizons.common.render.openGl.glObject.shader.GlShaderProgram::<init>@26 (line 63)
                      ; - com.seibel.distanthorizons.common.render.openGl.glObject.shader.GlShaderProgram::<init>@11 (line 52)
                      ; - com.seibel.distanthorizons.common.render.openGl.generic.GlGenericObjectShaderProgram::<init>@25 (line 57)
                      ; - com.seibel.distanthorizons.common.render.openGl.generic.GlGenericObjectRenderer::init@159 (line 220)
                      ; - com.seibel.distanthorizons.common.render.openGl.generic.GlGenericObjectRenderer::render@22 (line 423)
  0x000078d272b1b1e8: 94b3 19fd 

  0x000078d272b1b1ec: ;   {other}
  0x000078d272b1b1ec: 0f1f 8400 | 0000 0000 | bead ffff | ff48 8b6c | 2430 4c8b | 5424 284c | 8914 244c | 8b54 2410 
  0x000078d272b1b20c: 4c89 5424 | 0844 8b5c | 2418 4489 | 5c24 104c | 8b54 2460 | 4c89 5424 | 1866 6690 

  0x000078d272b1b228: ;   {runtime_call UncommonTrapBlob}
  0x000078d272b1b228: c5f8 77e8 

  0x000078d272b1b22c: ; ImmutableOopMap {rbp=Oop [0]=Oop [8]=Oop [24]=Oop [56]=Oop [64]=Oop [72]=Oop }
                      ;*new {reexecute=0 rethrow=0 return_oop=0}
                      ; - java.lang.StringConcatHelper::newString@34 (line 404)
                      ; - java.lang.invoke.DirectMethodHandle$Holder::invokeStatic@13
                      ; - java.lang.invoke.LambdaForm$MH/0x000078d208291800::invoke@90
                      ; - java.lang.invoke.Invokers$Holder::linkToTargetMethod@5
                      ; - com.seibel.distanthorizons.common.render.openGl.glObject.shader.GlShader::<init>@24 (line 72)
                      ; - com.seibel.distanthorizons.common.render.openGl.glObject.shader.GlShaderProgram::<init>@63 (line 70)
                      ; - com.seibel.distanthorizons.common.render.openGl.glObject.shader.GlShaderProgram::<init>@11 (line 52)
                      ; - com.seibel.distanthorizons.common.render.openGl.generic.GlGenericObjectShaderProgram::<init>@25 (line 57)
                      ; - com.seibel.distanthorizons.common.render.openGl.generic.GlGenericObjectRenderer::init@159 (line 220)
                      ; - com.seibel.distanthorizons.common.render.openGl.generic.GlGenericObjectRenderer::render@22 (line 423)
  0x000078d272b1b22c: 50b3 19fd 

  0x000078d272b1b230: ;   {other}
  0x000078d272b1b230: 0f1f 8400 | 0000 0000 | bece ffff | ff48 8b6c | 2430 4c8b | 5424 284c | 8914 244c | 8b54 2410 
  0x000078d272b1b250: 4c89 5424 | 0844 8b5c | 2418 4489 | 5c24 104c | 8b54 2460 | 4c89 5424 | 184c 8b54 | 2470 448b 
  0x000078d272b1b270: 5c24 5044 | 895c 2414 | 4c89 5424 | 5089 bc24 | 8000 0000 | 899c 2484 | 0000 0090 

  0x000078d272b1b28c: ;   {runtime_call UncommonTrapBlob}
  0x000078d272b1b28c: c5f8 77e8 

  0x000078d272b1b290: ; ImmutableOopMap {rbp=Oop [0]=Oop [8]=Oop [20]=NarrowOop [24]=Oop [56]=Oop [64]=Oop [72]=Oop [80]=Oop [112]=Oop }
                      ;*invokestatic inflate {reexecute=0 rethrow=0 return_oop=0}
                      ; - java.lang.String::getBytes@40 (line 4717)
                      ; - java.lang.StringConcatHelper::prepend@21 (line 324)
                      ; - java.lang.StringConcatHelper::prepend@3 (line 343)
                      ; - java.lang.invoke.DirectMethodHandle$Holder::invokeStatic@17
                      ; - java.lang.invoke.LambdaForm$MH/0x000078d20810cc00::invoke@28
                      ; - java.lang.invoke.LambdaForm$MH/0x000078d208291800::invoke@70
                      ; - java.lang.invoke.Invokers$Holder::linkToTargetMethod@5
                      ; - com.seibel.distanthorizons.common.render.openGl.glObject.shader.GlShader::<init>@24 (line 72)
                      ; - com.seibel.distanthorizons.common.render.openGl.glObject.shader.GlShaderProgram::<init>@26 (line 63)
                      ; - com.seibel.distanthorizons.common.render.openGl.glObject.shader.GlShaderProgram::<init>@11 (line 52)
                      ; - com.seibel.distanthorizons.common.render.openGl.generic.GlGenericObjectShaderProgram::<init>@25 (line 57)
                      ; - com.seibel.distanthorizons.common.render.openGl.generic.GlGenericObjectRenderer::init@159 (line 220)
                      ; - com.seibel.distanthorizons.common.render.openGl.generic.GlGenericObjectRenderer::render@22 (line 423)
  0x000078d272b1b290: ecb2 19fd 

  0x000078d272b1b294: ;   {other}
  0x000078d272b1b294: 0f1f 8400 | 0000 0000 | bef6 ffff | ff48 8b6c | 2420 4c8b | 5424 104c | 8954 2408 | 448b 5c24 
  0x000078d272b1b2b4: 1844 895c | 2410 6690 

  0x000078d272b1b2bc: ;   {runtime_call UncommonTrapBlob}
  0x000078d272b1b2bc: c5f8 77e8 

  0x000078d272b1b2c0: ; ImmutableOopMap {rbp=Oop [8]=Oop [40]=Oop [96]=Oop }
                      ;*arraylength {reexecute=0 rethrow=0 return_oop=0}
                      ; - java.lang.String::length@4 (line 1508)
                      ; - java.lang.StringConcatHelper::prepend@2 (line 322)
                      ; - java.lang.StringConcatHelper::prepend@3 (line 343)
                      ; - java.lang.invoke.DirectMethodHandle$Holder::invokeStatic@17
                      ; - java.lang.invoke.LambdaForm$MH/0x000078d20810cc00::invoke@28
                      ; - java.lang.invoke.LambdaForm$MH/0x000078d208291800::invoke@70
                      ; - java.lang.invoke.Invokers$Holder::linkToTargetMethod@5
                      ; - com.seibel.distanthorizons.common.render.openGl.glObject.shader.GlShader::<init>@24 (line 72)
                      ; - com.seibel.distanthorizons.common.render.openGl.glObject.shader.GlShaderProgram::<init>@63 (line 70)
                      ; - com.seibel.distanthorizons.common.render.openGl.glObject.shader.GlShaderProgram::<init>@11 (line 52)
                      ; - com.seibel.distanthorizons.common.render.openGl.generic.GlGenericObjectShaderProgram::<init>@25 (line 57)
                      ; - com.seibel.distanthorizons.common.render.openGl.generic.GlGenericObjectRenderer::init@159 (line 220)
                      ; - com.seibel.distanthorizons.common.render.openGl.generic.GlGenericObjectRenderer::render@22 (line 423)
  0x000078d272b1b2c0: bcb2 19fd 

  0x000078d272b1b2c4: ;   {other}
  0x000078d272b1b2c4: 0f1f 8400 | 0000 0000 | bece ffff | ff48 8b6c | 2430 4c8b | 5424 284c | 8914 244c | 8b54 2410 
  0x000078d272b1b2e4: 4c89 5424 | 0844 8b5c | 2418 4489 | 5c24 104c | 8b54 2460 | 4c89 5424 | 184c 8b54 | 2470 448b 
  0x000078d272b1b304: 5c24 5044 | 895c 2414 | 4c89 5424 | 5089 bc24 | 8000 0000 | 899c 2484 | 0000 0090 

  0x000078d272b1b320: ;   {runtime_call UncommonTrapBlob}
  0x000078d272b1b320: c5f8 77e8 

  0x000078d272b1b324: ; ImmutableOopMap {rbp=Oop [0]=Oop [8]=Oop [20]=NarrowOop [24]=Oop [56]=Oop [64]=Oop [72]=Oop [80]=Oop [112]=Oop }
                      ;*invokestatic inflate {reexecute=0 rethrow=0 return_oop=0}
                      ; - java.lang.String::getBytes@40 (line 4717)
                      ; - java.lang.StringConcatHelper::prepend@21 (line 324)
                      ; - java.lang.StringConcatHelper::prepend@3 (line 343)
                      ; - java.lang.invoke.DirectMethodHandle$Holder::invokeStatic@17
                      ; - java.lang.invoke.LambdaForm$MH/0x000078d20810cc00::invoke@28
                      ; - java.lang.invoke.LambdaForm$MH/0x000078d208291800::invoke@70
                      ; - java.lang.invoke.Invokers$Holder::linkToTargetMethod@5
                      ; - com.seibel.distanthorizons.common.render.openGl.glObject.shader.GlShader::<init>@24 (line 72)
                      ; - com.seibel.distanthorizons.common.render.openGl.glObject.shader.GlShaderProgram::<init>@63 (line 70)
                      ; - com.seibel.distanthorizons.common.render.openGl.glObject.shader.GlShaderProgram::<init>@11 (line 52)
                      ; - com.seibel.distanthorizons.common.render.openGl.generic.GlGenericObjectShaderProgram::<init>@25 (line 57)
                      ; - com.seibel.distanthorizons.common.render.openGl.generic.GlGenericObjectRenderer::init@159 (line 220)
                      ; - com.seibel.distanthorizons.common.render.openGl.generic.GlGenericObjectRenderer::render@22 (line 423)
  0x000078d272b1b324: 58b2 19fd 

  0x000078d272b1b328: ;   {other}
  0x000078d272b1b328: 0f1f 8400 | 0000 0000 | bede ffff | ff48 8944 | 2420 6690 

  0x000078d272b1b33c: ;   {runtime_call UncommonTrapBlob}
  0x000078d272b1b33c: c5f8 77e8 

  0x000078d272b1b340: ; ImmutableOopMap {rbp=Oop [0]=Oop [32]=Oop [40]=Oop [56]=Oop }
                      ;*checkcast {reexecute=0 rethrow=0 return_oop=0}
                      ; - com.seibel.distanthorizons.common.render.openGl.generic.GlGenericObjectRenderer::render@45 (line 428)
  0x000078d272b1b340: 3cb2 19fd 

  0x000078d272b1b344: ;   {other}
  0x000078d272b1b344: 0f1f 8400 | 0000 0000 | bede ffff | ff4c 8b54 | 2428 4c89 | 1424 448b | 5c24 1844 | 895c 2410 
  0x000078d272b1b364: 4c8b 5424 | 204c 8954 | 2418 4c8b | 5424 304c | 8954 2420 | 4889 4424 | 3066 6690 

  0x000078d272b1b380: ;   {runtime_call UncommonTrapBlob}
  0x000078d272b1b380: c5f8 77e8 

  0x000078d272b1b384: ; ImmutableOopMap {rbp=Oop [0]=Oop [24]=Oop [32]=Oop [48]=Oop [56]=Oop [64]=Oop }
                      ;*checkcast {reexecute=0 rethrow=0 return_oop=0}
                      ; - com.seibel.distanthorizons.common.render.openGl.generic.GlGenericObjectRenderer::render@236 (line 461)
  0x000078d272b1b384: f8b1 19fd 

  0x000078d272b1b388: ;   {other}
  0x000078d272b1b388: 0f1f 8400 | 0000 0000 | bef6 ffff | ff48 8b2c | 2466 6690 

  0x000078d272b1b39c: ;   {runtime_call UncommonTrapBlob}
  0x000078d272b1b39c: c5f8 77e8 

  0x000078d272b1b3a0: ; ImmutableOopMap {rbp=Oop [40]=Oop }
                      ;*invokeinterface push {reexecute=0 rethrow=0 return_oop=0}
                      ; - com.seibel.distanthorizons.common.render.openGl.generic.GlGenericObjectRenderer::render@14 (line 420)
  0x000078d272b1b3a0: dcb1 19fd 

  0x000078d272b1b3a4: ;   {other}
  0x000078d272b1b3a4: 0f1f 8400 | 0000 0000 | bef6 ffff | ff48 8b2c | 2466 6690 

  0x000078d272b1b3b8: ;   {runtime_call UncommonTrapBlob}
  0x000078d272b1b3b8: c5f8 77e8 

  0x000078d272b1b3bc: ; ImmutableOopMap {rbp=Oop [40]=Oop [56]=Oop }
                      ;*invokeinterface push {reexecute=0 rethrow=0 return_oop=0}
                      ; - com.seibel.distanthorizons.common.wrappers.minecraft.ProfilerWrapper::push@5 (line 55)
                      ; - com.seibel.distanthorizons.common.render.openGl.generic.GlGenericObjectRenderer::render@14 (line 420)
  0x000078d272b1b3bc: c0b1 19fd 

  0x000078d272b1b3c0: ;   {other}
  0x000078d272b1b3c0: 0f1f 8400 | 0000 0000 | bef6 ffff | ff66 6690 

  0x000078d272b1b3d0: ;   {runtime_call UncommonTrapBlob}
  0x000078d272b1b3d0: c5f8 77e8 

  0x000078d272b1b3d4: ; ImmutableOopMap {rbp=Oop [0]=Oop [56]=Oop }
                      ;*getfield apiCopy {reexecute=1 rethrow=0 return_oop=0}
                      ; - (reexecute) com.seibel.distanthorizons.common.render.openGl.generic.GlGenericObjectRenderer::render@32 (line 425)
  0x000078d272b1b3d4: a8b1 19fd 

  0x000078d272b1b3d8: ;   {other}
  0x000078d272b1b3d8: 0f1f 8400 | 0000 0000 | bef4 ffff | ff66 6690 

  0x000078d272b1b3e8: ;   {runtime_call UncommonTrapBlob}
  0x000078d272b1b3e8: c5f8 77e8 

  0x000078d272b1b3ec: ; ImmutableOopMap {rbp=Oop [0]=Oop [40]=Oop [56]=Oop }
                      ;*checkcast {reexecute=0 rethrow=0 return_oop=0}
                      ; - com.seibel.distanthorizons.common.render.openGl.generic.GlGenericObjectRenderer::render@45 (line 428)
  0x000078d272b1b3ec: 90b1 19fd 

  0x000078d272b1b3f0: ;   {other}
  0x000078d272b1b3f0: 0f1f 8400 | 0000 0000 | bef4 ffff | ff4c 8b54 | 2428 4c89 | 1424 448b | 5c24 1844 | 895c 2410 
  0x000078d272b1b410: 4c8b 5424 | 204c 8954 | 2418 6690 

  0x000078d272b1b41c: ;   {runtime_call UncommonTrapBlob}
  0x000078d272b1b41c: c5f8 77e8 

  0x000078d272b1b420: ; ImmutableOopMap {rbp=Oop [0]=Oop [24]=Oop [48]=Oop [56]=Oop [64]=Oop }
                      ;*checkcast {reexecute=0 rethrow=0 return_oop=0}
                      ; - com.seibel.distanthorizons.common.render.openGl.generic.GlGenericObjectRenderer::render@236 (line 461)
  0x000078d272b1b420: 5cb1 19fd 

  0x000078d272b1b424: ;   {other}
  0x000078d272b1b424: 0f1f 8400 | 0000 0000 | bef6 ffff | ff66 6690 

  0x000078d272b1b434: ;   {runtime_call UncommonTrapBlob}
  0x000078d272b1b434: c5f8 77e8 

  0x000078d272b1b438: ; ImmutableOopMap {rbp=Oop [0]=Oop [40]=Oop [56]=Oop }
                      ;*getfield vertexAttribDivisorSupported {reexecute=1 rethrow=0 return_oop=0}
                      ; - (reexecute) com.seibel.distanthorizons.common.render.openGl.generic.GlGenericObjectRenderer::init@17 (line 193)
                      ; - com.seibel.distanthorizons.common.render.openGl.generic.GlGenericObjectRenderer::render@22 (line 423)
  0x000078d272b1b438: 44b1 19fd 

  0x000078d272b1b43c: ;   {other}
  0x000078d272b1b43c: 0f1f 8400 | 0000 0000 | bef6 ffff | ff66 6690 

  0x000078d272b1b44c: ;   {runtime_call UncommonTrapBlob}
  0x000078d272b1b44c: c5f8 77e8 

  0x000078d272b1b450: ; ImmutableOopMap {rbp=Oop [0]=Oop [40]=Oop [56]=Oop }
                      ;*getfield instancedArraysSupported {reexecute=1 rethrow=0 return_oop=0}
                      ; - (reexecute) com.seibel.distanthorizons.common.render.openGl.generic.GlGenericObjectRenderer::init@27 (line 194)
                      ; - com.seibel.distanthorizons.common.render.openGl.generic.GlGenericObjectRenderer::render@22 (line 423)
  0x000078d272b1b450: 2cb1 19fd 

  0x000078d272b1b454: ;   {other}
  0x000078d272b1b454: 0f1f 8400 | 0000 0000 | be5c ffff | ff48 8b6c | 2430 4c8b | 5c24 284c | 891c 244c | 8b5c 2410 
  0x000078d272b1b474: 4c89 5c24 | 0844 8b44 | 2418 4489 | 4424 104c | 8b5c 2448 | 4c89 5c24 | 384c 895c | 2440 4c89 
  0x000078d272b1b494: 5424 5890 

  0x000078d272b1b498: ;   {runtime_call UncommonTrapBlob}
  0x000078d272b1b498: c5f8 77e8 

  0x000078d272b1b49c: ; ImmutableOopMap {rbp=Oop [0]=Oop [8]=Oop [56]=Oop [64]=Oop [80]=Oop [88]=Oop [96]=Oop }
                      ;*ifnull {reexecute=1 rethrow=0 return_oop=0}
                      ; - (reexecute) java.lang.StringConcatHelper::stringOf@1 (line 467)
                      ; - java.lang.invoke.DirectMethodHandle$Holder::invokeStatic@10
                      ; - java.lang.invoke.LambdaForm$MH/0x000078d208291800::invoke@15
                      ; - java.lang.invoke.Invokers$Holder::linkToTargetMethod@5
                      ; - com.seibel.distanthorizons.common.render.openGl.glObject.shader.GlShader::<init>@24 (line 72)
                      ; - com.seibel.distanthorizons.common.render.openGl.glObject.shader.GlShaderProgram::<init>@26 (line 63)
                      ; - com.seibel.distanthorizons.common.render.openGl.glObject.shader.GlShaderProgram::<init>@11 (line 52)
                      ; - com.seibel.distanthorizons.common.render.openGl.generic.GlGenericObjectShaderProgram::<init>@25 (line 57)
                      ; - com.seibel.distanthorizons.common.render.openGl.generic.GlGenericObjectRenderer::init@147 (line 219)
                      ; - com.seibel.distanthorizons.common.render.openGl.generic.GlGenericObjectRenderer::render@22 (line 423)
  0x000078d272b1b49c: e0b0 19fd 

  0x000078d272b1b4a0: ;   {other}
  0x000078d272b1b4a0: 0f1f 8400 | 0000 0000 | bef6 ffff | ff48 8b6c | 2430 4c8b | 5424 104c | 8954 2408 | 448b 5424 
  0x000078d272b1b4c0: 1844 8954 | 2410 6690 

  0x000078d272b1b4c8: ;   {runtime_call UncommonTrapBlob}
  0x000078d272b1b4c8: c5f8 77e8 

  0x000078d272b1b4cc: ; ImmutableOopMap {rbp=Oop [8]=Oop [40]=Oop [96]=Oop }
                      ;*arraylength {reexecute=0 rethrow=0 return_oop=0}
                      ; - java.lang.String::length@4 (line 1508)
                      ; - java.lang.StringConcatHelper::mix@2 (line 123)
                      ; - java.lang.invoke.DirectMethodHandle$Holder::invokeStatic@13
                      ; - java.lang.invoke.LambdaForm$MH/0x000078d208291000::invoke@23
                      ; - java.lang.invoke.LambdaForm$MH/0x000078d208291800::invoke@31
                      ; - java.lang.invoke.Invokers$Holder::linkToTargetMethod@5
                      ; - com.seibel.distanthorizons.common.render.openGl.glObject.shader.GlShader::<init>@24 (line 72)
                      ; - com.seibel.distanthorizons.common.render.openGl.glObject.shader.GlShaderProgram::<init>@26 (line 63)
                      ; - com.seibel.distanthorizons.common.render.openGl.glObject.shader.GlShaderProgram::<init>@11 (line 52)
                      ; - com.seibel.distanthorizons.common.render.openGl.generic.GlGenericObjectShaderProgram::<init>@25 (line 57)
                      ; - com.seibel.distanthorizons.common.render.openGl.generic.GlGenericObjectRenderer::init@147 (line 219)
                      ; - com.seibel.distanthorizons.common.render.openGl.generic.GlGenericObjectRenderer::render@22 (line 423)
  0x000078d272b1b4cc: b0b0 19fd 

  0x000078d272b1b4d0: ;   {other}
  0x000078d272b1b4d0: 0f1f 8400 | 0000 0000 | bef6 ffff | ff48 8b6c | 2430 4c8b | 5424 284c | 8914 244c | 8b54 2410 
  0x000078d272b1b4f0: 4c89 5424 | 0844 8b54 | 2418 4489 | 5424 104c | 8b54 2460 | 4c89 5424 | 184c 8b54 | 2448 4c89 
  0x000078d272b1b510: 5424 384c | 8954 2440 

  0x000078d272b1b518: ;   {runtime_call UncommonTrapBlob}
  0x000078d272b1b518: c5f8 77e8 

  0x000078d272b1b51c: ; ImmutableOopMap {rbp=Oop [0]=Oop [8]=Oop [24]=Oop [56]=Oop [64]=Oop [80]=Oop [88]=Oop }
                      ;*invokevirtual getPointer {reexecute=0 rethrow=0 return_oop=0}
                      ; - com.seibel.distanthorizons.common.render.openGl.glObject.shader.GlShader::safeShaderSource@5 (line 123)
                      ; - com.seibel.distanthorizons.common.render.openGl.glObject.shader.GlShader::<init>@92 (line 85)
                      ; - com.seibel.distanthorizons.common.render.openGl.glObject.shader.GlShaderProgram::<init>@26 (line 63)
                      ; - com.seibel.distanthorizons.common.render.openGl.glObject.shader.GlShaderProgram::<init>@11 (line 52)
                      ; - com.seibel.distanthorizons.common.render.openGl.generic.GlGenericObjectShaderProgram::<init>@25 (line 57)
                      ; - com.seibel.distanthorizons.common.render.openGl.generic.GlGenericObjectRenderer::init@147 (line 219)
                      ; - com.seibel.distanthorizons.common.render.openGl.generic.GlGenericObjectRenderer::render@22 (line 423)
  0x000078d272b1b51c: 60b0 19fd 

  0x000078d272b1b520: ;   {other}
  0x000078d272b1b520: 0f1f 8400 | 0000 0000 | bef6 ffff | ff4c 8b54 | 2428 4c89 | 1424 448b | 5c24 1844 | 895c 2410 
  0x000078d272b1b540: 4c8b 5424 | 204c 8954 | 2418 4c8b | 5424 304c | 8954 2420 

  0x000078d272b1b554: ;   {runtime_call UncommonTrapBlob}
  0x000078d272b1b554: c5f8 77e8 

  0x000078d272b1b558: ; ImmutableOopMap {rbp=Oop [0]=Oop [24]=Oop [32]=Oop [56]=Oop [64]=Oop [72]=Oop }
                      ;*invokeinterface getState {reexecute=0 rethrow=0 return_oop=0}
                      ; - com.seibel.distanthorizons.common.render.openGl.generic.GlGenericObjectRenderer::render@334 (line 500)
  0x000078d272b1b558: 24b0 19fd 

  0x000078d272b1b55c: ;   {other}
  0x000078d272b1b55c: 0f1f 8400 | 0000 0000 | be45 ffff | ff4c 8b5c | 2428 4c89 | 1c24 4c8b | 5c24 384c | 895c 2408 
  0x000078d272b1b57c: 448b 5c24 | 1844 895c | 2410 4c8b | 5c24 204c | 895c 2418 | 4c8b 5c24 | 304c 895c | 2420 4c8b 
  0x000078d272b1b59c: 5c24 404c | 895c 2428 | 4c8b 5c24 | 484c 895c | 2430 4c89 | 5424 4890 

  0x000078d272b1b5b4: ;   {runtime_call UncommonTrapBlob}
  0x000078d272b1b5b4: c5f8 77e8 

  0x000078d272b1b5b8: ; ImmutableOopMap {rbp=Oop [0]=Oop [8]=Oop [24]=Oop [32]=Oop [40]=Oop [48]=Oop [72]=Oop [80]=Oop [88]=Oop }
                      ;*ifnull {reexecute=1 rethrow=0 return_oop=0}
                      ; - (reexecute) com.seibel.distanthorizons.common.render.openGl.generic.GlGenericObjectRenderer::render@423 (line 522)
  0x000078d272b1b5b8: c4af 19fd 

  0x000078d272b1b5bc: ;   {other}
  0x000078d272b1b5bc: 0f1f 8400 | 0000 0000 | be45 ffff | ff4c 8b5c | 2428 4c89 | 1c24 4c8b | 5c24 384c | 895c 2408 
  0x000078d272b1b5dc: 448b 5c24 | 1844 895c | 2410 4c8b | 5c24 204c | 895c 2418 | 4c8b 5c24 | 304c 895c | 2420 4c8b 
  0x000078d272b1b5fc: 5c24 404c | 895c 2428 | 4c89 5424 | 4066 6690 

  0x000078d272b1b60c: ;   {runtime_call UncommonTrapBlob}
  0x000078d272b1b60c: c5f8 77e8 

  0x000078d272b1b610: ; ImmutableOopMap {rbp=Oop [0]=Oop [8]=Oop [24]=Oop [32]=Oop [40]=Oop [64]=Oop [72]=Oop [80]=Oop }
                      ;*ifnull {reexecute=1 rethrow=0 return_oop=0}
                      ; - (reexecute) com.seibel.distanthorizons.common.render.openGl.generic.GlGenericObjectRenderer::render@467 (line 522)
  0x000078d272b1b610: 6caf 19fd 

  0x000078d272b1b614: ;   {other}
  0x000078d272b1b614: 0f1f 8400 | 0000 0000 | be5c ffff | ff48 8b2c | 244c 8b54 | 2428 4c89 | 1424 4c8b | 5424 104c 
  0x000078d272b1b634: 8954 2408 | 448b 5c24 | 1844 895c | 2410 4c8b | 5424 484c | 8954 2438 | 4c89 5424 | 4066 6690 
  0x000078d272b1b654: ;   {runtime_call UncommonTrapBlob}
  0x000078d272b1b654: c5f8 77e8 

  0x000078d272b1b658: ; ImmutableOopMap {rbp=Oop [0]=Oop [8]=Oop [56]=Oop [64]=Oop [80]=Oop [88]=Oop [96]=Oop }
                      ;*ifnull {reexecute=1 rethrow=0 return_oop=0}
                      ; - (reexecute) java.lang.StringConcatHelper::stringOf@1 (line 467)
                      ; - java.lang.invoke.DirectMethodHandle$Holder::invokeStatic@10
                      ; - java.lang.invoke.LambdaForm$MH/0x000078d208291800::invoke@15
                      ; - java.lang.invoke.Invokers$Holder::linkToTargetMethod@5
                      ; - com.seibel.distanthorizons.common.render.openGl.glObject.shader.GlShader::<init>@24 (line 72)
                      ; - com.seibel.distanthorizons.common.render.openGl.glObject.shader.GlShaderProgram::<init>@63 (line 70)
                      ; - com.seibel.distanthorizons.common.render.openGl.glObject.shader.GlShaderProgram::<init>@11 (line 52)
                      ; - com.seibel.distanthorizons.common.render.openGl.generic.GlGenericObjectShaderProgram::<init>@25 (line 57)
                      ; - com.seibel.distanthorizons.common.render.openGl.generic.GlGenericObjectRenderer::init@147 (line 219)
                      ; - com.seibel.distanthorizons.common.render.openGl.generic.GlGenericObjectRenderer::render@22 (line 423)
  0x000078d272b1b658: 24af 19fd 

  0x000078d272b1b65c: ;   {other}
  0x000078d272b1b65c: 0f1f 8400 | 0000 0000 | bef6 ffff | ff48 8b2c | 244c 8b54 | 2410 4c89 | 5424 0844 | 8b54 2418 
  0x000078d272b1b67c: 4489 5424 | 1066 6690 

  0x000078d272b1b684: ;   {runtime_call UncommonTrapBlob}
  0x000078d272b1b684: c5f8 77e8 

  0x000078d272b1b688: ; ImmutableOopMap {rbp=Oop [8]=Oop [40]=Oop [96]=Oop }
                      ;*arraylength {reexecute=0 rethrow=0 return_oop=0}
                      ; - java.lang.String::length@4 (line 1508)
                      ; - java.lang.StringConcatHelper::mix@2 (line 123)
                      ; - java.lang.invoke.DirectMethodHandle$Holder::invokeStatic@13
                      ; - java.lang.invoke.LambdaForm$MH/0x000078d208291000::invoke@23
                      ; - java.lang.invoke.LambdaForm$MH/0x000078d208291800::invoke@31
                      ; - java.lang.invoke.Invokers$Holder::linkToTargetMethod@5
                      ; - com.seibel.distanthorizons.common.render.openGl.glObject.shader.GlShader::<init>@24 (line 72)
                      ; - com.seibel.distanthorizons.common.render.openGl.glObject.shader.GlShaderProgram::<init>@63 (line 70)
                      ; - com.seibel.distanthorizons.common.render.openGl.glObject.shader.GlShaderProgram::<init>@11 (line 52)
                      ; - com.seibel.distanthorizons.common.render.openGl.generic.GlGenericObjectShaderProgram::<init>@25 (line 57)
                      ; - com.seibel.distanthorizons.common.render.openGl.generic.GlGenericObjectRenderer::init@147 (line 219)
                      ; - com.seibel.distanthorizons.common.render.openGl.generic.GlGenericObjectRenderer::render@22 (line 423)
  0x000078d272b1b688: f4ae 19fd 

  0x000078d272b1b68c: ;   {other}
  0x000078d272b1b68c: 0f1f 8400 | 0000 0000 | bef6 ffff | ff48 8b2c | 244c 8b54 | 2428 4c89 | 1424 4c8b | 5424 104c 
  0x000078d272b1b6ac: 8954 2408 | 448b 5c24 | 1844 895c | 2410 4c8b | 5424 604c | 8954 2418 | 4c8b 5424 | 484c 8954 
  0x000078d272b1b6cc: 2438 4c89 | 5424 4090 

  0x000078d272b1b6d4: ;   {runtime_call UncommonTrapBlob}
  0x000078d272b1b6d4: c5f8 77e8 

  0x000078d272b1b6d8: ; ImmutableOopMap {rbp=Oop [0]=Oop [8]=Oop [24]=Oop [56]=Oop [64]=Oop [80]=Oop [88]=Oop }
                      ;*invokevirtual getPointer {reexecute=0 rethrow=0 return_oop=0}
                      ; - com.seibel.distanthorizons.common.render.openGl.glObject.shader.GlShader::safeShaderSource@5 (line 123)
                      ; - com.seibel.distanthorizons.common.render.openGl.glObject.shader.GlShader::<init>@92 (line 85)
                      ; - com.seibel.distanthorizons.common.render.openGl.glObject.shader.GlShaderProgram::<init>@63 (line 70)
                      ; - com.seibel.distanthorizons.common.render.openGl.glObject.shader.GlShaderProgram::<init>@11 (line 52)
                      ; - com.seibel.distanthorizons.common.render.openGl.generic.GlGenericObjectShaderProgram::<init>@25 (line 57)
                      ; - com.seibel.distanthorizons.common.render.openGl.generic.GlGenericObjectRenderer::init@147 (line 219)
                      ; - com.seibel.distanthorizons.common.render.openGl.generic.GlGenericObjectRenderer::render@22 (line 423)
  0x000078d272b1b6d8: a4ae 19fd 

  0x000078d272b1b6dc: ;   {other}
  0x000078d272b1b6dc: 0f1f 8400 | 0000 0000 | bef6 ffff | ff48 8b2c | 244c 8b54 | 2428 4c89 | 1424 448b | 5c24 1844 
  0x000078d272b1b6fc: 895c 2410 | 4c8b 5424 | 204c 8954 | 2418 6690 

  0x000078d272b1b70c: ;   {runtime_call UncommonTrapBlob}
  0x000078d272b1b70c: c5f8 77e8 

  0x000078d272b1b710: ; ImmutableOopMap {rbp=Oop [0]=Oop [24]=Oop [56]=Oop }
                      ;*invokeinterface bind {reexecute=0 rethrow=0 return_oop=0}
                      ; - com.seibel.distanthorizons.common.render.openGl.generic.GlGenericObjectRenderer::render@175 (line 451)
  0x000078d272b1b710: 6cae 19fd 

  0x000078d272b1b714: ;   {other}
  0x000078d272b1b714: 0f1f 8400 | 0000 0000 | bef6 ffff | ff66 6690 

  0x000078d272b1b724: ;   {runtime_call UncommonTrapBlob}
  0x000078d272b1b724: c5f8 77e8 

  0x000078d272b1b728: ; ImmutableOopMap {rbp=Oop [0]=Oop [32]=Oop [40]=Oop [56]=Oop }
                      ;*invokeinterface iterator {reexecute=0 rethrow=0 return_oop=0}
                      ; - com.seibel.distanthorizons.common.render.openGl.generic.GlGenericObjectRenderer::render@212 (line 461)
  0x000078d272b1b728: 54ae 19fd 

  0x000078d272b1b72c: ;   {other}
  0x000078d272b1b72c: 0f1f 8400 | 0000 0000 | bef6 ffff | ff48 8b2c | 244c 8b5c | 2410 4c89 | 5c24 0844 | 8b5c 2418 
  0x000078d272b1b74c: 4489 5c24 | 1048 8944 | 2420 6690 

  0x000078d272b1b758: ;   {runtime_call UncommonTrapBlob}
  0x000078d272b1b758: c5f8 77e8 

  0x000078d272b1b75c: ; ImmutableOopMap {rbp=Oop [8]=Oop [32]=Oop [40]=Oop [96]=Oop }
                      ;*invokevirtual setVertexAttribute {reexecute=0 rethrow=0 return_oop=0}
                      ; - com.seibel.distanthorizons.common.render.openGl.generic.GlGenericObjectShaderProgram::<init>@52 (line 66)
                      ; - com.seibel.distanthorizons.common.render.openGl.generic.GlGenericObjectRenderer::init@147 (line 219)
                      ; - com.seibel.distanthorizons.common.render.openGl.generic.GlGenericObjectRenderer::render@22 (line 423)
  0x000078d272b1b75c: 20ae 19fd 

  0x000078d272b1b760: ;   {other}
  0x000078d272b1b760: 0f1f 8400 | 0000 0000 | bef6 ffff | ff48 8b2c | 244c 8b54 | 2410 4c89 | 5424 0844 | 8b5c 2418 
  0x000078d272b1b780: 4489 5c24 | 1066 6690 

  0x000078d272b1b788: ;   {runtime_call UncommonTrapBlob}
  0x000078d272b1b788: c5f8 77e8 

  0x000078d272b1b78c: ; ImmutableOopMap {rbp=Oop [8]=Oop [40]=Oop [96]=Oop }
                      ;*invokevirtual completeAndCheck {reexecute=0 rethrow=0 return_oop=0}
                      ; - com.seibel.distanthorizons.common.render.openGl.generic.GlGenericObjectShaderProgram::<init>@61 (line 67)
                      ; - com.seibel.distanthorizons.common.render.openGl.generic.GlGenericObjectRenderer::init@147 (line 219)
                      ; - com.seibel.distanthorizons.common.render.openGl.generic.GlGenericObjectRenderer::render@22 (line 423)
  0x000078d272b1b78c: f0ad 19fd 

  0x000078d272b1b790: ;   {other}
  0x000078d272b1b790: 0f1f 8400 | 0000 0000 | be5c ffff | ff48 8b2c | 244c 8b54 | 2428 4c89 | 1424 4c8b | 5424 104c 
  0x000078d272b1b7b0: 8954 2408 | 448b 5424 | 1844 8954 | 2410 6690 

  0x000078d272b1b7c0: ;   {runtime_call UncommonTrapBlob}
  0x000078d272b1b7c0: c5f8 77e8 

  0x000078d272b1b7c4: ; ImmutableOopMap {rbp=Oop [0]=Oop [8]=Oop [56]=Oop [64]=Oop [72]=Oop [96]=Oop }
                      ;*ifnull {reexecute=1 rethrow=0 return_oop=0}
                      ; - (reexecute) java.lang.StringConcatHelper::stringOf@1 (line 467)
                      ; - java.lang.invoke.DirectMethodHandle$Holder::invokeStatic@10
                      ; - java.lang.invoke.LambdaForm$MH/0x000078d208291800::invoke@15
                      ; - java.lang.invoke.Invokers$Holder::linkToTargetMethod@5
                      ; - com.seibel.distanthorizons.common.render.openGl.glObject.shader.GlShader::<init>@24 (line 72)
                      ; - com.seibel.distanthorizons.common.render.openGl.glObject.shader.GlShaderProgram::<init>@26 (line 63)
                      ; - com.seibel.distanthorizons.common.render.openGl.glObject.shader.GlShaderProgram::<init>@11 (line 52)
                      ; - com.seibel.distanthorizons.common.render.openGl.generic.GlGenericObjectShaderProgram::<init>@25 (line 57)
                      ; - com.seibel.distanthorizons.common.render.openGl.generic.GlGenericObjectRenderer::init@159 (line 220)
                      ; - com.seibel.distanthorizons.common.render.openGl.generic.GlGenericObjectRenderer::render@22 (line 423)
  0x000078d272b1b7c4: b8ad 19fd 

  0x000078d272b1b7c8: ;   {other}
  0x000078d272b1b7c8: 0f1f 8400 | 0000 0000 | bef6 ffff | ff48 8b2c | 244c 8b54 | 2410 4c89 | 5424 0844 | 8b5c 2418 
  0x000078d272b1b7e8: 4489 5c24 | 1066 6690 

  0x000078d272b1b7f0: ;   {runtime_call UncommonTrapBlob}
  0x000078d272b1b7f0: c5f8 77e8 

  0x000078d272b1b7f4: ; ImmutableOopMap {rbp=Oop [8]=Oop [40]=Oop [96]=Oop }
                      ;*arraylength {reexecute=0 rethrow=0 return_oop=0}
                      ; - java.lang.String::length@4 (line 1508)
                      ; - java.lang.StringConcatHelper::mix@2 (line 123)
                      ; - java.lang.invoke.DirectMethodHandle$Holder::invokeStatic@13
                      ; - java.lang.invoke.LambdaForm$MH/0x000078d208291000::invoke@23
                      ; - java.lang.invoke.LambdaForm$MH/0x000078d208291800::invoke@31
                      ; - java.lang.invoke.Invokers$Holder::linkToTargetMethod@5
                      ; - com.seibel.distanthorizons.common.render.openGl.glObject.shader.GlShader::<init>@24 (line 72)
                      ; - com.seibel.distanthorizons.common.render.openGl.glObject.shader.GlShaderProgram::<init>@26 (line 63)
                      ; - com.seibel.distanthorizons.common.render.openGl.glObject.shader.GlShaderProgram::<init>@11 (line 52)
                      ; - com.seibel.distanthorizons.common.render.openGl.generic.GlGenericObjectShaderProgram::<init>@25 (line 57)
                      ; - com.seibel.distanthorizons.common.render.openGl.generic.GlGenericObjectRenderer::init@159 (line 220)
                      ; - com.seibel.distanthorizons.common.render.openGl.generic.GlGenericObjectRenderer::render@22 (line 423)
  0x000078d272b1b7f4: 88ad 19fd 

  0x000078d272b1b7f8: ;   {other}
  0x000078d272b1b7f8: 0f1f 8400 | 0000 0000 | bef6 ffff | ff48 8b2c | 244c 8b54 | 2428 4c89 | 1424 4c8b | 5424 104c 
  0x000078d272b1b818: 8954 2408 | 448b 5424 | 1844 8954 | 2410 4c8b | 5424 604c | 8954 2418 | 448b 5c24 | 5044 895c 
  0x000078d272b1b838: 2414 6690 

  0x000078d272b1b83c: ;   {runtime_call UncommonTrapBlob}
  0x000078d272b1b83c: c5f8 77e8 

  0x000078d272b1b840: ; ImmutableOopMap {rbp=Oop [0]=Oop [8]=Oop [24]=Oop [56]=Oop [64]=Oop [72]=Oop }
                      ;*invokevirtual getPointer {reexecute=0 rethrow=0 return_oop=0}
                      ; - com.seibel.distanthorizons.common.render.openGl.glObject.shader.GlShader::safeShaderSource@5 (line 123)
                      ; - com.seibel.distanthorizons.common.render.openGl.glObject.shader.GlShader::<init>@92 (line 85)
                      ; - com.seibel.distanthorizons.common.render.openGl.glObject.shader.GlShaderProgram::<init>@26 (line 63)
                      ; - com.seibel.distanthorizons.common.render.openGl.glObject.shader.GlShaderProgram::<init>@11 (line 52)
                      ; - com.seibel.distanthorizons.common.render.openGl.generic.GlGenericObjectShaderProgram::<init>@25 (line 57)
                      ; - com.seibel.distanthorizons.common.render.openGl.generic.GlGenericObjectRenderer::init@159 (line 220)
                      ; - com.seibel.distanthorizons.common.render.openGl.generic.GlGenericObjectRenderer::render@22 (line 423)
  0x000078d272b1b840: 3cad 19fd 

  0x000078d272b1b844: ;   {other}
  0x000078d272b1b844: 0f1f 8400 | 0000 0000 | be5c ffff | ff48 8b2c | 244c 8b54 | 2428 4c89 | 1424 4c8b | 5424 104c 
  0x000078d272b1b864: 8954 2408 | 448b 5c24 | 1844 895c | 2410 6690 

  0x000078d272b1b874: ;   {runtime_call UncommonTrapBlob}
  0x000078d272b1b874: c5f8 77e8 

  0x000078d272b1b878: ; ImmutableOopMap {rbp=Oop [0]=Oop [8]=Oop [56]=Oop [64]=Oop [72]=Oop [96]=Oop }
                      ;*ifnull {reexecute=1 rethrow=0 return_oop=0}
                      ; - (reexecute) java.lang.StringConcatHelper::stringOf@1 (line 467)
                      ; - java.lang.invoke.DirectMethodHandle$Holder::invokeStatic@10
                      ; - java.lang.invoke.LambdaForm$MH/0x000078d208291800::invoke@15
                      ; - java.lang.invoke.Invokers$Holder::linkToTargetMethod@5
                      ; - com.seibel.distanthorizons.common.render.openGl.glObject.shader.GlShader::<init>@24 (line 72)
                      ; - com.seibel.distanthorizons.common.render.openGl.glObject.shader.GlShaderProgram::<init>@63 (line 70)
                      ; - com.seibel.distanthorizons.common.render.openGl.glObject.shader.GlShaderProgram::<init>@11 (line 52)
                      ; - com.seibel.distanthorizons.common.render.openGl.generic.GlGenericObjectShaderProgram::<init>@25 (line 57)
                      ; - com.seibel.distanthorizons.common.render.openGl.generic.GlGenericObjectRenderer::init@159 (line 220)
                      ; - com.seibel.distanthorizons.common.render.openGl.generic.GlGenericObjectRenderer::render@22 (line 423)
  0x000078d272b1b878: 04ad 19fd 

  0x000078d272b1b87c: ;   {other}
  0x000078d272b1b87c: 0f1f 8400 | 0000 0000 | bef6 ffff | ff48 8b2c | 244c 8b54 | 2410 4c89 | 5424 0844 | 8b54 2418 
  0x000078d272b1b89c: 4489 5424 | 1066 6690 

  0x000078d272b1b8a4: ;   {runtime_call UncommonTrapBlob}
  0x000078d272b1b8a4: c5f8 77e8 

  0x000078d272b1b8a8: ; ImmutableOopMap {rbp=Oop [8]=Oop [40]=Oop [96]=Oop }
                      ;*arraylength {reexecute=0 rethrow=0 return_oop=0}
                      ; - java.lang.String::length@4 (line 1508)
                      ; - java.lang.StringConcatHelper::mix@2 (line 123)
                      ; - java.lang.invoke.DirectMethodHandle$Holder::invokeStatic@13
                      ; - java.lang.invoke.LambdaForm$MH/0x000078d208291000::invoke@23
                      ; - java.lang.invoke.LambdaForm$MH/0x000078d208291800::invoke@31
                      ; - java.lang.invoke.Invokers$Holder::linkToTargetMethod@5
                      ; - com.seibel.distanthorizons.common.render.openGl.glObject.shader.GlShader::<init>@24 (line 72)
                      ; - com.seibel.distanthorizons.common.render.openGl.glObject.shader.GlShaderProgram::<init>@63 (line 70)
                      ; - com.seibel.distanthorizons.common.render.openGl.glObject.shader.GlShaderProgram::<init>@11 (line 52)
                      ; - com.seibel.distanthorizons.common.render.openGl.generic.GlGenericObjectShaderProgram::<init>@25 (line 57)
                      ; - com.seibel.distanthorizons.common.render.openGl.generic.GlGenericObjectRenderer::init@159 (line 220)
                      ; - com.seibel.distanthorizons.common.render.openGl.generic.GlGenericObjectRenderer::render@22 (line 423)
  0x000078d272b1b8a8: d4ac 19fd 

  0x000078d272b1b8ac: ;   {other}
  0x000078d272b1b8ac: 0f1f 8400 | 0000 0000 | bef6 ffff | ff4c 8b54 | 2428 4c89 | 1424 4c8b | 5424 104c | 8954 2408 
  0x000078d272b1b8cc: 448b 5c24 | 1844 895c | 2410 4c8b | 5424 604c | 8954 2418 | 448b 5424 | 5044 8954 | 2414 6690 
  0x000078d272b1b8ec: ;   {runtime_call UncommonTrapBlob}
  0x000078d272b1b8ec: c5f8 77e8 

  0x000078d272b1b8f0: ; ImmutableOopMap {rbp=Oop [0]=Oop [8]=Oop [24]=Oop [56]=Oop [64]=Oop [72]=Oop }
                      ;*invokevirtual getPointer {reexecute=0 rethrow=0 return_oop=0}
                      ; - com.seibel.distanthorizons.common.render.openGl.glObject.shader.GlShader::safeShaderSource@5 (line 123)
                      ; - com.seibel.distanthorizons.common.render.openGl.glObject.shader.GlShader::<init>@92 (line 85)
                      ; - com.seibel.distanthorizons.common.render.openGl.glObject.shader.GlShaderProgram::<init>@63 (line 70)
                      ; - com.seibel.distanthorizons.common.render.openGl.glObject.shader.GlShaderProgram::<init>@11 (line 52)
                      ; - com.seibel.distanthorizons.common.render.openGl.generic.GlGenericObjectShaderProgram::<init>@25 (line 57)
                      ; - com.seibel.distanthorizons.common.render.openGl.generic.GlGenericObjectRenderer::init@159 (line 220)
                      ; - com.seibel.distanthorizons.common.render.openGl.generic.GlGenericObjectRenderer::render@22 (line 423)
  0x000078d272b1b8f0: 8cac 19fd 

  0x000078d272b1b8f4: ;   {other}
  0x000078d272b1b8f4: 0f1f 8400 | 0000 0000 | bef6 ffff | ff48 8b2c | 244c 8b5c | 2410 4c89 | 5c24 0844 | 8b5c 2418 
  0x000078d272b1b914: 4489 5c24 | 1048 8944 | 2420 6690 

  0x000078d272b1b920: ;   {runtime_call UncommonTrapBlob}
  0x000078d272b1b920: c5f8 77e8 

  0x000078d272b1b924: ; ImmutableOopMap {rbp=Oop [8]=Oop [32]=Oop [40]=Oop [96]=Oop }
                      ;*invokevirtual setVertexAttribute {reexecute=0 rethrow=0 return_oop=0}
                      ; - com.seibel.distanthorizons.common.render.openGl.generic.GlGenericObjectShaderProgram::<init>@52 (line 66)
                      ; - com.seibel.distanthorizons.common.render.openGl.generic.GlGenericObjectRenderer::init@159 (line 220)
                      ; - com.seibel.distanthorizons.common.render.openGl.generic.GlGenericObjectRenderer::render@22 (line 423)
  0x000078d272b1b924: 58ac 19fd 

  0x000078d272b1b928: ;   {other}
  0x000078d272b1b928: 0f1f 8400 | 0000 0000 | bef6 ffff | ff48 8b6c | 2430 4c8b | 5424 104c | 8954 2408 | 448b 5c24 
  0x000078d272b1b948: 1844 895c | 2410 6690 

  0x000078d272b1b950: ;   {runtime_call UncommonTrapBlob}
  0x000078d272b1b950: c5f8 77e8 

  0x000078d272b1b954: ; ImmutableOopMap {rbp=Oop [8]=Oop [40]=Oop [96]=Oop }
                      ;*invokevirtual completeAndCheck {reexecute=0 rethrow=0 return_oop=0}
                      ; - com.seibel.distanthorizons.common.render.openGl.generic.GlGenericObjectShaderProgram::<init>@61 (line 67)
                      ; - com.seibel.distanthorizons.common.render.openGl.generic.GlGenericObjectRenderer::init@159 (line 220)
                      ; - com.seibel.distanthorizons.common.render.openGl.generic.GlGenericObjectRenderer::render@22 (line 423)
  0x000078d272b1b954: 28ac 19fd 

  0x000078d272b1b958: ;   {other}
  0x000078d272b1b958: 0f1f 8400 | 0000 0000 | e992 0400 | 0048 8944 | 2408 e96e | 0600 0048 | 8944 2408 | e978 0700 
  0x000078d272b1b978: 00e9 7904 | 0000 e974 | 0400 00e9 | 6f04 0000 | e96a 0400 | 00e9 6504 | 0000 e960 | 0400 00e9 
  0x000078d272b1b998: 5b04 0000 | e956 0400 | 00e9 5104 | 0000 e94c | 0400 00e9 | 4704 0000 | 488b f0e9 | 5107 0000 
  0x000078d272b1b9b8: e92a 0700 | 00e9 3504 | 0000 e930 | 0400 00e9 | 2b04 0000 | e926 0400 | 00e9 2104 | 0000 e91c 
  0x000078d272b1b9d8: 0400 00e9 | 1704 0000 | e912 0400 | 0048 8b6c | 2460 e9fd | 0600 00e9 | 0304 0000 | e9ee 0600 
  0x000078d272b1b9f8: 00e9 f903 | 0000 e9f4 | 0300 00e9 | ef03 0000 | 488b 6c24 | 60e9 da06 | 0000 e9e0 | 0300 00e9 
  0x000078d272b1ba18: db03 0000 | e9d6 0300 | 00e9 d103 | 0000 e9cc | 0300 00e9 | c703 0000 | e9c2 0300 | 00e9 bd03 
  0x000078d272b1ba38: 0000 e9b8 | 0300 00e9 | b303 0000 | e9ae 0300 | 00e9 a903 | 0000 e9a4 | 0300 00e9 

  0x000078d272b1ba54: ;   {no_reloc}
  0x000078d272b1ba54: 9f03 0000 | e99a 0300 | 00e9 9503 | 0000 e990 | 0300 00e9 | 8b03 0000 | e986 0300 | 00e9 8103 
  0x000078d272b1ba74: 0000 e97c | 0300 00e9 | 7703 0000 | e962 0600 | 00e9 6206 | 0000 488b | 7424 1048 | 8bd0 6690 
  0x000078d272b1ba94: ;   {optimized virtual_call}
  0x000078d272b1ba94: c5f8 77e8 

  0x000078d272b1ba98: ; ImmutableOopMap {rbp=Oop [16]=Oop [32]=Oop [80]=Oop }
                      ;*invokevirtual addSuppressed {reexecute=0 rethrow=0 return_oop=0}
                      ; - com.seibel.distanthorizons.common.render.openGl.generic.GlGenericObjectRenderer::render@459 (line 511)
  0x000078d272b1ba98: e41c 19fd 

  0x000078d272b1ba9c: ;   {other}
  0x000078d272b1ba9c: 0f1f 8400 | 0000 0000 | e923 0500 | 00e9 4903 | 0000 e944 | 0300 00e9 | 2f06 0000 | e93a 0300 
  0x000078d272b1babc: 00e9 3503 | 0000 e930 | 0300 00e9 | 2b03 0000 | e926 0300 | 00e9 2103 | 0000 e91c | 0300 00e9 
  0x000078d272b1badc: 0706 0000 | e902 0600 | 00e9 fd05 | 0000 e9f8 | 0500 00e9 | f305 0000 | e9ee 0500 | 00e9 e905 
  0x000078d272b1bafc: 0000 e9e4 | 0500 0048 | 8b74 2408 | 488b d090 

  0x000078d272b1bb0c: ;   {optimized virtual_call}
  0x000078d272b1bb0c: c5f8 77e8 

  0x000078d272b1bb10: ; ImmutableOopMap {rbp=Oop [8]=Oop [32]=Oop }
                      ;*invokevirtual addSuppressed {reexecute=0 rethrow=0 return_oop=0}
                      ; - com.seibel.distanthorizons.common.render.openGl.generic.GlGenericObjectRenderer::render@503 (line 511)
  0x000078d272b1bb10: 6c1c 19fd 

  0x000078d272b1bb14: ;   {other}
  0x000078d272b1bb14: 0f1f 8400 | 0000 0000 | e9ef 0400 | 00e9 c105 | 0000 e9bc | 0500 00e9 | c702 0000 | e9c2 0200 
  0x000078d272b1bb34: 00e9 bd02 | 0000 e9b8 | 0200 0048 | 8be8 eb76 | 488b e8eb | 7148 8be8 | eb6c e9a4 | 0200 00e9 
  0x000078d272b1bb54: 9f02 0000 | e99a 0200 | 00e9 9502 | 0000 e990 | 0200 00e9 | 8b02 0000 | e986 0200 | 00e9 8102 
  0x000078d272b1bb74: 0000 e97c | 0200 00e9 | 6705 0000 | e962 0500 | 00e9 5d05 | 0000 e958 | 0500 00e9 | 5305 0000 
  0x000078d272b1bb94: e94e 0500 | 00e9 4e05 | 0000 e944 | 0500 00e9 | 3f05 0000 | e93a 0500 | 00e9 3505 | 0000 488b 
  0x000078d272b1bbb4: e8eb 0348 | 8be8 4c8b | 5424 304c | 8914 244c | 8b54 2428 | 4c89 5424 | 0848 8b74 | 2458 8b54 
  0x000078d272b1bbd4: 2454 6690 

  0x000078d272b1bbd8: ;   {optimized virtual_call}
  0x000078d272b1bbd8: c5f8 77e8 

  0x000078d272b1bbdc: ; ImmutableOopMap {rbp=Oop [0]=Oop [8]=Oop [16]=Oop [56]=Oop [64]=Oop [72]=Oop [96]=Oop }
                      ;*invokevirtual setPointer {reexecute=0 rethrow=0 return_oop=0}
                      ; - com.seibel.distanthorizons.common.render.openGl.glObject.shader.GlShader::safeShaderSource@63 (line 136)
                      ; - com.seibel.distanthorizons.common.render.openGl.glObject.shader.GlShader::<init>@92 (line 85)
                      ; - com.seibel.distanthorizons.common.render.openGl.glObject.shader.GlShaderProgram::<init>@63 (line 70)
                      ; - com.seibel.distanthorizons.common.render.openGl.glObject.shader.GlShaderProgram::<init>@11 (line 52)
                      ; - com.seibel.distanthorizons.common.render.openGl.generic.GlGenericObjectShaderProgram::<init>@25 (line 57)
                      ; - com.seibel.distanthorizons.common.render.openGl.generic.GlGenericObjectRenderer::init@159 (line 220)
                      ; - com.seibel.distanthorizons.common.render.openGl.generic.GlGenericObjectRenderer::render@22 (line 423)
  0x000078d272b1bbdc: a01b 19fd 

  0x000078d272b1bbe0: ;   {other}
  0x000078d272b1bbe0: 0f1f 8400 | 0000 0000 | 488b c5e9 | 0702 0000 | e902 0200 | 00e9 fd01 | 0000 e9f8 | 0100 00e9 
  0x000078d272b1bc00: f301 0000 | 488b e8e9 | ba01 0000 | 488b e8e9 | b201 0000 | 488b e8e9 | aa01 0000 | e9d6 0100 
  0x000078d272b1bc20: 00e9 d101 | 0000 e9cc | 0100 00e9 | c701 0000 | e9c2 0100 | 00e9 bd01 | 0000 e9b8 | 0100 00e9 
  0x000078d272b1bc40: a304 0000 | e99e 0400 | 00e9 9904 | 0000 e994 | 0400 00e9 | 8f04 0000 | e98a 0400 | 00e9 8504 
  0x000078d272b1bc60: 0000 e980 | 0400 00e9 | 7b04 0000 | e976 0400 | 00e9 7104 | 0000 e96c | 0400 00e9 | 6704 0000 
  0x000078d272b1bc80: e962 0400 | 00e9 5d04 | 0000 e958 | 0400 00e9 | 5304 0000 | e94e 0400 | 00e9 4904 | 0000 e944 
  0x000078d272b1bca0: 0400 00e9 | 3f04 0000 | e93a 0400 | 0048 8bf0 | e954 0400 | 0048 8b74 | 2408 488b | d066 6690 
  0x000078d272b1bcc0: ;   {optimized virtual_call}
  0x000078d272b1bcc0: c5f8 77e8 

  0x000078d272b1bcc4: ; ImmutableOopMap {[8]=Oop }
                      ;*invokevirtual addSuppressed {reexecute=0 rethrow=0 return_oop=0}
                      ; - com.seibel.distanthorizons.common.render.openGl.generic.GlGenericObjectRenderer::render@620 (line 420)
  0x000078d272b1bcc4: b81a 19fd 

  0x000078d272b1bcc8: ;   {other}
  0x000078d272b1bcc8: 0f1f 8400 | 0000 0000 | e92f 0400 | 00e9 0d04 | 0000 e908 | 0400 0048 | 8bf0 e922 | 0400 0048 
  0x000078d272b1bce8: 8944 2408 | e900 0400 | 0048 8944 | 2408 488b | 6c24 20e9 | f103 0000 | 4889 4424 | 0848 8b6c 
  0x000078d272b1bd08: 2420 e9e2 | 0300 0048 | 8944 2408 | 488b 6c24 | 20e9 d303 | 0000 4889 | 4424 0848 | 8b6c 2420 
  0x000078d272b1bd28: e9c4 0300 | 00e9 b503 | 0000 4889 | 4424 0848 | 8b6c 2420 | e9b0 0300 | 0048 8944 | 2408 488b 
  0x000078d272b1bd48: 6c24 20e9 | a103 0000 | 4889 4424 | 0848 8b6c | 2420 e992 | 0300 0048 | 8944 2408 | 488b 6c24 
  0x000078d272b1bd68: 20e9 8303 | 0000 4889 | 4424 0848 | 8b6c 2420 | e974 0300 | 0048 8944 | 2408 488b | 6c24 20e9 
  0x000078d272b1bd88: 6503 0000 | 4889 4424 | 0848 8b6c | 2420 e956 | 0300 00e9 | 4703 0000 | e942 0300 | 00e9 3d03 
  0x000078d272b1bda8: 0000 e938 | 0300 00e9 | 3303 0000 | e92e 0300 | 00e9 2e03 | 0000 488b | e8eb 0348 

  0x000078d272b1bdc4: ;   {no_reloc}
  0x000078d272b1bdc4: 8be8 4c8b | 5424 304c | 8914 244c | 8b54 2428 | 4c89 5424 | 0848 8b74 | 2458 8b54 | 2454 6690 
  0x000078d272b1bde4: ;   {optimized virtual_call}
  0x000078d272b1bde4: c5f8 77e8 

  0x000078d272b1bde8: ; ImmutableOopMap {rbp=Oop [0]=Oop [8]=Oop [16]=Oop [56]=Oop [64]=Oop [72]=Oop [96]=Oop }
                      ;*invokevirtual setPointer {reexecute=0 rethrow=0 return_oop=0}
                      ; - com.seibel.distanthorizons.common.render.openGl.glObject.shader.GlShader::safeShaderSource@63 (line 136)
                      ; - com.seibel.distanthorizons.common.render.openGl.glObject.shader.GlShader::<init>@92 (line 85)
                      ; - com.seibel.distanthorizons.common.render.openGl.glObject.shader.GlShaderProgram::<init>@26 (line 63)
                      ; - com.seibel.distanthorizons.common.render.openGl.glObject.shader.GlShaderProgram::<init>@11 (line 52)
                      ; - com.seibel.distanthorizons.common.render.openGl.generic.GlGenericObjectShaderProgram::<init>@25 (line 57)
                      ; - com.seibel.distanthorizons.common.render.openGl.generic.GlGenericObjectRenderer::init@159 (line 220)
                      ; - com.seibel.distanthorizons.common.render.openGl.generic.GlGenericObjectRenderer::render@22 (line 423)
  0x000078d272b1bde8: 9419 19fd 

  0x000078d272b1bdec: ;   {other}
  0x000078d272b1bdec: 0f1f 8400 | 0000 0000 | 488b c548 | 8b6c 2460 | e9eb 0200 | 00e9 e102 | 0000 e9dc | 0200 00e9 
  0x000078d272b1be0c: d702 0000 | e9d2 0200 | 0048 8be8 | e9cc 0000 | 0048 8be8 | e9c4 0000 | 0048 8be8 | e9bc 0000 
  0x000078d272b1be2c: 00e9 b502 | 0000 e9b0 | 0200 00e9 | ab02 0000 | e9a6 0200 | 00e9 a102 | 0000 e99c | 0200 00e9 
  0x000078d272b1be4c: 9702 0000 | e992 0200 | 00e9 8d02 | 0000 4889 | 4424 0848 | 8b6c 2420 | e988 0200 | 0048 8944 
  0x000078d272b1be6c: 2408 488b | 6c24 20e9 | 7902 0000 | 4889 4424 | 0848 8b6c | 2420 e96a | 0200 0048 | 8944 2408 
  0x000078d272b1be8c: 488b 6c24 | 20e9 5b02 | 0000 4889 | 4424 0848 | 8b6c 2420 | e94c 0200 | 0048 8944 | 2408 488b 
  0x000078d272b1beac: 6c24 20e9 | 3d02 0000 | 4889 4424 | 0848 8b6c | 2420 e92e | 0200 0048 | 8944 2408 | 488b 6c24 
  0x000078d272b1becc: 20e9 1f02 | 0000 4889 | 4424 0848 | 8b6c 2420 | e910 0200 | 0048 8be8 | eb03 488b 

  0x000078d272b1bee8: ;   {no_reloc}
  0x000078d272b1bee8: e84c 8b54 | 2430 4c89 | 1424 4c8b | 5424 284c | 8954 2408 | 4c8b 5424 | 484c 8954 | 2438 4c89 
  0x000078d272b1bf08: 5424 4048 | 8b74 2470 | 8b54 246c 

  0x000078d272b1bf14: ;   {optimized virtual_call}
  0x000078d272b1bf14: c5f8 77e8 

  0x000078d272b1bf18: ; ImmutableOopMap {rbp=Oop [0]=Oop [8]=Oop [16]=Oop [56]=Oop [64]=Oop [80]=Oop [88]=Oop [96]=Oop }
                      ;*invokevirtual setPointer {reexecute=0 rethrow=0 return_oop=0}
                      ; - com.seibel.distanthorizons.common.render.openGl.glObject.shader.GlShader::safeShaderSource@63 (line 136)
                      ; - com.seibel.distanthorizons.common.render.openGl.glObject.shader.GlShader::<init>@92 (line 85)
                      ; - com.seibel.distanthorizons.common.render.openGl.glObject.shader.GlShaderProgram::<init>@63 (line 70)
                      ; - com.seibel.distanthorizons.common.render.openGl.glObject.shader.GlShaderProgram::<init>@11 (line 52)
                      ; - com.seibel.distanthorizons.common.render.openGl.generic.GlGenericObjectShaderProgram::<init>@25 (line 57)
                      ; - com.seibel.distanthorizons.common.render.openGl.generic.GlGenericObjectRenderer::init@147 (line 219)
                      ; - com.seibel.distanthorizons.common.render.openGl.generic.GlGenericObjectRenderer::render@22 (line 423)
  0x000078d272b1bf18: 6418 19fd 

  0x000078d272b1bf1c: ;   {other}
  0x000078d272b1bf1c: 0f1f 8400 | 0000 0000 | 488b c5e9 | bb01 0000 | e9b6 0100 | 00e9 b101 | 0000 e9ac | 0100 00e9 
  0x000078d272b1bf3c: a701 0000 | 488b e8e9 | 6001 0000 | 488b e8e9 | 5801 0000 | 488b e8e9 | 5001 0000 | e98a 0100 
  0x000078d272b1bf5c: 00e9 8501 | 0000 e980 | 0100 00e9 | 7b01 0000 | e976 0100 | 00e9 7101 | 0000 e96c | 0100 00e9 
  0x000078d272b1bf7c: 6c01 0000 | e967 0100 | 0048 8944 | 2408 eb51 | 4889 4424 | 08eb 4a48 | 8944 2410 | 4c8b 5424 
  0x000078d272b1bf9c: 584d 85d2 | 742a 458b 

  0x000078d272b1bfa4: ;   {metadata('com/seibel/distanthorizons/common/wrappers/minecraft/ProfilerWrapper$ProfileBlock')}
  0x000078d272b1bfa4: 5a08 4181 | fbb0 3b95 | 020f 8581 | 0100 0049 | 8bf2 488b | 6c24 2090 

  0x000078d272b1bfbc: ;   {optimized virtual_call}
  0x000078d272b1bfbc: c5f8 77e8 

  0x000078d272b1bfc0: ; ImmutableOopMap {rbp=Oop [16]=Oop [32]=Oop [80]=Oop }
                      ;*invokeinterface close {reexecute=0 rethrow=0 return_oop=0}
                      ; - com.seibel.distanthorizons.common.render.openGl.generic.GlGenericObjectRenderer::render@445 (line 511)
  0x000078d272b1bfc0: bc17 19fd 

  0x000078d272b1bfc4: ;   {other}
  0x000078d272b1bfc4: 0f1f 8400 | 0000 0000 | 4c8b 5424 | 104c 8954 | 2408 eb05 | 4889 4424 | 084c 8b5c | 2450 4d85 
  0x000078d272b1bfe4: db74 2945 

  0x000078d272b1bfe8: ;   {metadata('com/seibel/distanthorizons/common/wrappers/minecraft/ProfilerWrapper$ProfileBlock')}
  0x000078d272b1bfe8: 8b53 0841 | 81fa b03b | 9502 0f85 | 2101 0000 | 498b f348 | 8b6c 2420 

  0x000078d272b1c000: ;   {optimized virtual_call}
  0x000078d272b1c000: c5f8 77e8 

  0x000078d272b1c004: ; ImmutableOopMap {rbp=Oop [8]=Oop [32]=Oop }
                      ;*invokeinterface close {reexecute=0 rethrow=0 return_oop=0}
                      ; - com.seibel.distanthorizons.common.render.openGl.generic.GlGenericObjectRenderer::render@489 (line 511)
  0x000078d272b1c004: 7817 19fd 

  0x000078d272b1c008: ;   {other}
  0x000078d272b1c008: 0f1f 8400 | 0000 0000 | 488b 6c24 | 20e9 d700 | 0000 4889 | 4424 0848 | 8b6c 2420 | e9c8 0000 
  0x000078d272b1c028: 0048 8944 | 2408 488b | 6c24 20e9 | b900 0000 | 4889 4424 | 0848 8b6c | 2420 e9aa | 0000 0048 
  0x000078d272b1c048: 8944 2408 | 488b 6c24 | 20e9 9b00 | 0000 4889 | 4424 0848 | 8b6c 2420 | e98c 0000 | 0048 8944 
  0x000078d272b1c068: 2408 e982 | 0000 0048 | 8944 2408 | eb7b 4889 | 4424 08eb | 7448 8944 | 2408 eb6d | 4889 4424 
  0x000078d272b1c088: 08eb 6648 | 8944 2408 | eb5f 4889 | 4424 08eb | 5848 8944 | 2408 eb51 | 488b e8eb | 0348 8be8 
  0x000078d272b1c0a8: 4c8b 5424 | 304c 8914 | 244c 8b54 | 2428 4c89 | 5424 084c | 8b54 2448 | 4c89 5424 | 384c 8954 
  0x000078d272b1c0c8: 2440 488b | 7424 708b | 5424 6c90 

  0x000078d272b1c0d4: ;   {optimized virtual_call}
  0x000078d272b1c0d4: c5f8 77e8 

  0x000078d272b1c0d8: ; ImmutableOopMap {rbp=Oop [0]=Oop [8]=Oop [16]=Oop [56]=Oop [64]=Oop [80]=Oop [88]=Oop [96]=Oop }
                      ;*invokevirtual setPointer {reexecute=0 rethrow=0 return_oop=0}
                      ; - com.seibel.distanthorizons.common.render.openGl.glObject.shader.GlShader::safeShaderSource@63 (line 136)
                      ; - com.seibel.distanthorizons.common.render.openGl.glObject.shader.GlShader::<init>@92 (line 85)
                      ; - com.seibel.distanthorizons.common.render.openGl.glObject.shader.GlShaderProgram::<init>@26 (line 63)
                      ; - com.seibel.distanthorizons.common.render.openGl.glObject.shader.GlShaderProgram::<init>@11 (line 52)
                      ; - com.seibel.distanthorizons.common.render.openGl.generic.GlGenericObjectShaderProgram::<init>@25 (line 57)
                      ; - com.seibel.distanthorizons.common.render.openGl.generic.GlGenericObjectRenderer::init@147 (line 219)
                      ; - com.seibel.distanthorizons.common.render.openGl.generic.GlGenericObjectRenderer::render@22 (line 423)
  0x000078d272b1c0d8: a416 19fd 

  0x000078d272b1c0dc: ;   {other}
  0x000078d272b1c0dc: 0f1f 8400 | 0000 0000 | 488b c548 | 8b6c 2460 | 4889 4424 | 0848 8bf5 

  0x000078d272b1c0f4: ;   {optimized virtual_call}
  0x000078d272b1c0f4: c5f8 77e8 

  0x000078d272b1c0f8: ; ImmutableOopMap {[8]=Oop }
                      ;*invokeinterface close {reexecute=0 rethrow=0 return_oop=0}
                      ; - com.seibel.distanthorizons.common.render.openGl.generic.GlGenericObjectRenderer::render@606 (line 420)
  0x000078d272b1c0f8: 8416 19fd 

  0x000078d272b1c0fc: ;   {other}
  0x000078d272b1c0fc: 0f1f 8400 | 0000 0000 | 488b 7424 | 08c5 f877 | 4881 c4d0 | 0000 005d 

  0x000078d272b1c114: ;   {runtime_call _rethrow_Java}
  0x000078d272b1c114: e9e7 3d27 | fdbe dfff | ffff 488b | 6c24 2090 

  0x000078d272b1c124: ;   {runtime_call UncommonTrapBlob}
  0x000078d272b1c124: c5f8 77e8 

  0x000078d272b1c128: ; ImmutableOopMap {rbp=Oop [8]=Oop [80]=Oop }
                      ;*invokeinterface close {reexecute=0 rethrow=0 return_oop=0}
                      ; - com.seibel.distanthorizons.common.render.openGl.generic.GlGenericObjectRenderer::render@489 (line 511)
  0x000078d272b1c128: 54a4 19fd 

  0x000078d272b1c12c: ;   {other}
  0x000078d272b1c12c: 0f1f 8400 | 0000 0000 | bedf ffff | ff48 8b6c | 2420 6690 

  0x000078d272b1c140: ;   {runtime_call UncommonTrapBlob}
  0x000078d272b1c140: c5f8 77e8 

  0x000078d272b1c144: ; ImmutableOopMap {rbp=Oop [16]=Oop [80]=Oop [88]=Oop }
                      ;*invokeinterface close {reexecute=0 rethrow=0 return_oop=0}
                      ; - com.seibel.distanthorizons.common.render.openGl.generic.GlGenericObjectRenderer::render@445 (line 511)
  0x000078d272b1c144: 38a4 19fd 

  0x000078d272b1c148: ;   {other}
  0x000078d272b1c148: 0f1f 8400 | 0000 0000 

  0x000078d272b1c150: ;   {internal_word}
  0x000078d272b1c150: 49ba 176d | b172 d278 | 0000 4d89 | 9768 0400 

  0x000078d272b1c160: ;   {runtime_call SafepointBlob}
  0x000078d272b1c160: 00e9 9a92 

  0x000078d272b1c164: ;   {runtime_call StubRoutines (final stubs)}
  0x000078d272b1c164: 19fd e8b5 | 9017 fde9 | 4e93 ffff 
[Stub Code]
  0x000078d272b1c170: ;   {no_reloc}
  0x000078d272b1c170: 48bb 0000 | 0000 0000 

  0x000078d272b1c178: ;   {runtime_call nmethod}
  0x000078d272b1c178: 0000 e9fb 

  0x000078d272b1c17c: ;   {static_stub}
  0x000078d272b1c17c: ffff ff48 | bb00 0000 | 0000 0000 

  0x000078d272b1c188: ;   {runtime_call nmethod}
  0x000078d272b1c188: 00e9 fbff 

  0x000078d272b1c18c: ;   {static_stub}
  0x000078d272b1c18c: ffff 48bb | 0000 0000 | 0000 0000 

  0x000078d272b1c198: ;   {runtime_call nmethod}
  0x000078d272b1c198: e9fb ffff 

  0x000078d272b1c19c: ;   {static_stub}
  0x000078d272b1c19c: ff48 bb00 | 0000 0000 

  0x000078d272b1c1a4: ;   {runtime_call nmethod}
  0x000078d272b1c1a4: 0000 00e9 | fbff ffff 

  0x000078d272b1c1ac: ;   {static_stub}
  0x000078d272b1c1ac: 48bb 0000 | 0000 0000 

  0x000078d272b1c1b4: ;   {runtime_call nmethod}
  0x000078d272b1c1b4: 0000 e9fb 

  0x000078d272b1c1b8: ;   {static_stub}
  0x000078d272b1c1b8: ffff ff48 | bb00 0000 | 0000 0000 

  0x000078d272b1c1c4: ;   {runtime_call nmethod}
  0x000078d272b1c1c4: 00e9 fbff 

  0x000078d272b1c1c8: ;   {static_stub}
  0x000078d272b1c1c8: ffff 48bb | 0000 0000 | 0000 0000 

  0x000078d272b1c1d4: ;   {runtime_call nmethod}
  0x000078d272b1c1d4: e9fb ffff 

  0x000078d272b1c1d8: ;   {static_stub}
  0x000078d272b1c1d8: ff48 bb00 | 0000 0000 

  0x000078d272b1c1e0: ;   {runtime_call nmethod}
  0x000078d272b1c1e0: 0000 00e9 | fbff ffff 

  0x000078d272b1c1e8: ;   {static_stub}
  0x000078d272b1c1e8: 48bb 0000 | 0000 0000 

  0x000078d272b1c1f0: ;   {runtime_call nmethod}
  0x000078d272b1c1f0: 0000 e9fb 

  0x000078d272b1c1f4: ;   {static_stub}
  0x000078d272b1c1f4: ffff ff48 | bb00 0000 | 0000 0000 

  0x000078d272b1c200: ;   {runtime_call nmethod}
  0x000078d272b1c200: 00e9 fbff 

  0x000078d272b1c204: ;   {static_stub}
  0x000078d272b1c204: ffff 48bb | 0000 0000 | 0000 0000 

  0x000078d272b1c210: ;   {runtime_call nmethod}
  0x000078d272b1c210: e9fb ffff 

  0x000078d272b1c214: ;   {static_stub}
  0x000078d272b1c214: ff48 bb00 | 0000 0000 

  0x000078d272b1c21c: ;   {runtime_call nmethod}
  0x000078d272b1c21c: 0000 00e9 | fbff ffff 

  0x000078d272b1c224: ;   {static_stub}
  0x000078d272b1c224: 48bb 0000 | 0000 0000 

  0x000078d272b1c22c: ;   {runtime_call nmethod}
  0x000078d272b1c22c: 0000 e9fb 

  0x000078d272b1c230: ;   {static_stub}
  0x000078d272b1c230: ffff ff48 | bb78 abd8 | 39d0 7800 

  0x000078d272b1c23c: ;   {runtime_call I2C/C2I adapters}
  0x000078d272b1c23c: 00e9 4165 

  0x000078d272b1c240: ;   {static_stub}
  0x000078d272b1c240: 19fd 48bb | 0000 0000 | 0000 0000 

  0x000078d272b1c24c: ;   {runtime_call nmethod}
  0x000078d272b1c24c: e9fb ffff 

  0x000078d272b1c250: ;   {static_stub}
  0x000078d272b1c250: ff48 bb00 | 0000 0000 

  0x000078d272b1c258: ;   {runtime_call nmethod}
  0x000078d272b1c258: 0000 00e9 | fbff ffff 

  0x000078d272b1c260: ;   {static_stub}
  0x000078d272b1c260: 48bb 0000 | 0000 0000 

  0x000078d272b1c268: ;   {runtime_call nmethod}
  0x000078d272b1c268: 0000 e9fb 

  0x000078d272b1c26c: ;   {static_stub}
  0x000078d272b1c26c: ffff ff48 | bb00 0000 | 0000 0000 

  0x000078d272b1c278: ;   {runtime_call nmethod}
  0x000078d272b1c278: 00e9 fbff 

  0x000078d272b1c27c: ;   {static_stub}
  0x000078d272b1c27c: ffff 48bb | 0000 0000 | 0000 0000 

  0x000078d272b1c288: ;   {runtime_call nmethod}
  0x000078d272b1c288: e9fb ffff 

  0x000078d272b1c28c: ;   {static_stub}
  0x000078d272b1c28c: ff48 bb00 | 0000 0000 

  0x000078d272b1c294: ;   {runtime_call nmethod}
  0x000078d272b1c294: 0000 00e9 | fbff ffff 

  0x000078d272b1c29c: ;   {static_stub}
  0x000078d272b1c29c: 48bb 78ab | d839 d078 

  0x000078d272b1c2a4: ;   {runtime_call I2C/C2I adapters}
  0x000078d272b1c2a4: 0000 e9d8 

  0x000078d272b1c2a8: ;   {static_stub}
  0x000078d272b1c2a8: 6419 fd48 | bb88 ecd9 | 39d0 7800 

  0x000078d272b1c2b4: ;   {runtime_call I2C/C2I adapters}
  0x000078d272b1c2b4: 00e9 4d75 

  0x000078d272b1c2b8: ;   {static_stub}
  0x000078d272b1c2b8: 19fd 48bb | b8ee d939 | d078 0000 

  0x000078d272b1c2c4: ;   {runtime_call I2C/C2I adapters}
  0x000078d272b1c2c4: e9bd 6f19 

  0x000078d272b1c2c8: ;   {static_stub}
  0x000078d272b1c2c8: fd48 bb00 | 0000 0000 

  0x000078d272b1c2d0: ;   {runtime_call nmethod}
  0x000078d272b1c2d0: 0000 00e9 | fbff ffff 

  0x000078d272b1c2d8: ;   {static_stub}
  0x000078d272b1c2d8: 48bb 0000 | 0000 0000 

  0x000078d272b1c2e0: ;   {runtime_call nmethod}
  0x000078d272b1c2e0: 0000 e9fb 

  0x000078d272b1c2e4: ;   {static_stub}
  0x000078d272b1c2e4: ffff ff48 | bb00 0000 | 0000 0000 

  0x000078d272b1c2f0: ;   {runtime_call nmethod}
  0x000078d272b1c2f0: 00e9 fbff 

  0x000078d272b1c2f4: ;   {static_stub}
  0x000078d272b1c2f4: ffff 48bb | 0000 0000 | 0000 0000 

  0x000078d272b1c300: ;   {runtime_call nmethod}
  0x000078d272b1c300: e9fb ffff 

  0x000078d272b1c304: ;   {static_stub}
  0x000078d272b1c304: ff48 bb40 | edd9 39d0 

  0x000078d272b1c30c: ;   {runtime_call I2C/C2I adapters}
  0x000078d272b1c30c: 7800 00e9 | 6f64 19fd 

  0x000078d272b1c314: ;   {static_stub}
  0x000078d272b1c314: 48bb 0000 | 0000 0000 

  0x000078d272b1c31c: ;   {runtime_call nmethod}
  0x000078d272b1c31c: 0000 e9fb 

  0x000078d272b1c320: ;   {static_stub}
  0x000078d272b1c320: ffff ff48 | bb00 0000 | 0000 0000 

  0x000078d272b1c32c: ;   {runtime_call nmethod}
  0x000078d272b1c32c: 00e9 fbff 

  0x000078d272b1c330: ;   {static_stub}
  0x000078d272b1c330: ffff 48bb | 0000 0000 | 0000 0000 

  0x000078d272b1c33c: ;   {runtime_call nmethod}
  0x000078d272b1c33c: e9fb ffff 

  0x000078d272b1c340: ;   {static_stub}
  0x000078d272b1c340: ff48 bb00 | 0000 0000 

  0x000078d272b1c348: ;   {runtime_call nmethod}
  0x000078d272b1c348: 0000 00e9 | fbff ffff 

  0x000078d272b1c350: ;   {static_stub}
  0x000078d272b1c350: 48bb 0000 | 0000 0000 

  0x000078d272b1c358: ;   {runtime_call nmethod}
  0x000078d272b1c358: 0000 e9fb 

  0x000078d272b1c35c: ;   {static_stub}
  0x000078d272b1c35c: ffff ff48 | bb00 0000 | 0000 0000 

  0x000078d272b1c368: ;   {runtime_call nmethod}
  0x000078d272b1c368: 00e9 fbff 

  0x000078d272b1c36c: ;   {static_stub}
  0x000078d272b1c36c: ffff 48bb | 0000 0000 | 0000 0000 

  0x000078d272b1c378: ;   {runtime_call nmethod}
  0x000078d272b1c378: e9fb ffff 

  0x000078d272b1c37c: ;   {static_stub}
  0x000078d272b1c37c: ff48 bb00 | 0000 0000 

  0x000078d272b1c384: ;   {runtime_call nmethod}
  0x000078d272b1c384: 0000 00e9 | fbff ffff 

  0x000078d272b1c38c: ;   {static_stub}
  0x000078d272b1c38c: 48bb 0000 | 0000 0000 

  0x000078d272b1c394: ;   {runtime_call nmethod}
  0x000078d272b1c394: 0000 e9fb 

  0x000078d272b1c398: ;   {static_stub}
  0x000078d272b1c398: ffff ff48 | bb20 f5d8 | 32d1 7800 

  0x000078d272b1c3a4: ;   {runtime_call I2C/C2I adapters}
  0x000078d272b1c3a4: 00e9 d963 

  0x000078d272b1c3a8: ;   {static_stub}
  0x000078d272b1c3a8: 19fd 48bb | 0000 0000 | 0000 0000 

  0x000078d272b1c3b4: ;   {runtime_call nmethod}
  0x000078d272b1c3b4: e9fb ffff 

  0x000078d272b1c3b8: ;   {static_stub}
  0x000078d272b1c3b8: ff48 bb00 | 0000 0000 

  0x000078d272b1c3c0: ;   {runtime_call nmethod}
  0x000078d272b1c3c0: 0000 00e9 | fbff ffff 

  0x000078d272b1c3c8: ;   {static_stub}
  0x000078d272b1c3c8: 48bb 0000 | 0000 0000 

  0x000078d272b1c3d0: ;   {runtime_call nmethod}
  0x000078d272b1c3d0: 0000 e9fb 

  0x000078d272b1c3d4: ;   {static_stub}
  0x000078d272b1c3d4: ffff ff48 | bb00 0000 | 0000 0000 

  0x000078d272b1c3e0: ;   {runtime_call nmethod}
  0x000078d272b1c3e0: 00e9 fbff 

  0x000078d272b1c3e4: ;   {static_stub}
  0x000078d272b1c3e4: ffff 48bb | 0000 0000 | 0000 0000 

  0x000078d272b1c3f0: ;   {runtime_call nmethod}
  0x000078d272b1c3f0: e9fb ffff 

  0x000078d272b1c3f4: ;   {static_stub}
  0x000078d272b1c3f4: ff48 bb00 | 0000 0000 

  0x000078d272b1c3fc: ;   {runtime_call nmethod}
  0x000078d272b1c3fc: 0000 00e9 | fbff ffff 

  0x000078d272b1c404: ;   {static_stub}
  0x000078d272b1c404: 48bb 0000 | 0000 0000 

  0x000078d272b1c40c: ;   {runtime_call nmethod}
  0x000078d272b1c40c: 0000 e9fb 

  0x000078d272b1c410: ;   {static_stub}
  0x000078d272b1c410: ffff ff48 | bb00 0000 | 0000 0000 

  0x000078d272b1c41c: ;   {runtime_call nmethod}
  0x000078d272b1c41c: 00e9 fbff 

  0x000078d272b1c420: ;   {static_stub}
  0x000078d272b1c420: ffff 48bb | 0000 0000 | 0000 0000 

  0x000078d272b1c42c: ;   {runtime_call nmethod}
  0x000078d272b1c42c: e9fb ffff 

  0x000078d272b1c430: ;   {static_stub}
  0x000078d272b1c430: ff48 bb00 | 0000 0000 

  0x000078d272b1c438: ;   {runtime_call nmethod}
  0x000078d272b1c438: 0000 00e9 | fbff ffff 

  0x000078d272b1c440: ;   {static_stub}
  0x000078d272b1c440: 48bb 0000 | 0000 0000 

  0x000078d272b1c448: ;   {runtime_call nmethod}
  0x000078d272b1c448: 0000 e9fb 

  0x000078d272b1c44c: ;   {static_stub}
  0x000078d272b1c44c: ffff ff48 | bb00 0000 | 0000 0000 

  0x000078d272b1c458: ;   {runtime_call nmethod}
  0x000078d272b1c458: 00e9 fbff 

  0x000078d272b1c45c: ;   {static_stub}
  0x000078d272b1c45c: ffff 48bb | 0000 0000 | 0000 0000 

  0x000078d272b1c468: ;   {runtime_call nmethod}
  0x000078d272b1c468: e9fb ffff 

  0x000078d272b1c46c: ;   {static_stub}
  0x000078d272b1c46c: ff48 bb00 | 0000 0000 

  0x000078d272b1c474: ;   {runtime_call nmethod}
  0x000078d272b1c474: 0000 00e9 | fbff ffff 

  0x000078d272b1c47c: ;   {static_stub}
  0x000078d272b1c47c: 48bb 78ab | d839 d078 

  0x000078d272b1c484: ;   {runtime_call I2C/C2I adapters}
  0x000078d272b1c484: 0000 e9f8 

  0x000078d272b1c488: ;   {static_stub}
  0x000078d272b1c488: 6219 fd48 | bb00 0000 | 0000 0000 

  0x000078d272b1c494: ;   {runtime_call nmethod}
  0x000078d272b1c494: 00e9 fbff 

  0x000078d272b1c498: ;   {static_stub}
  0x000078d272b1c498: ffff 48bb | 0000 0000 | 0000 0000 

  0x000078d272b1c4a4: ;   {runtime_call nmethod}
  0x000078d272b1c4a4: e9fb ffff 

  0x000078d272b1c4a8: ;   {static_stub}
  0x000078d272b1c4a8: ff48 bb00 | 0000 0000 

  0x000078d272b1c4b0: ;   {runtime_call nmethod}
  0x000078d272b1c4b0: 0000 00e9 | fbff ffff 

  0x000078d272b1c4b8: ;   {static_stub}
  0x000078d272b1c4b8: 48bb 0000 | 0000 0000 

  0x000078d272b1c4c0: ;   {runtime_call nmethod}
  0x000078d272b1c4c0: 0000 e9fb 

  0x000078d272b1c4c4: ;   {static_stub}
  0x000078d272b1c4c4: ffff ff48 | bb00 0000 | 0000 0000 

  0x000078d272b1c4d0: ;   {runtime_call nmethod}
  0x000078d272b1c4d0: 00e9 fbff 

  0x000078d272b1c4d4: ;   {static_stub}
  0x000078d272b1c4d4: ffff 48bb | 0000 0000 | 0000 0000 

  0x000078d272b1c4e0: ;   {runtime_call nmethod}
  0x000078d272b1c4e0: e9fb ffff 

  0x000078d272b1c4e4: ;   {static_stub}
  0x000078d272b1c4e4: ff48 bb78 | abd8 39d0 

  0x000078d272b1c4ec: ;   {runtime_call I2C/C2I adapters}
  0x000078d272b1c4ec: 7800 00e9 | 8f62 19fd 

  0x000078d272b1c4f4: ;   {static_stub}
  0x000078d272b1c4f4: 48bb 0000 | 0000 0000 

  0x000078d272b1c4fc: ;   {runtime_call nmethod}
  0x000078d272b1c4fc: 0000 e9fb 

  0x000078d272b1c500: ;   {static_stub}
  0x000078d272b1c500: ffff ff48 | bbd8 30d8 | 39d0 7800 

  0x000078d272b1c50c: ;   {runtime_call I2C/C2I adapters}
  0x000078d272b1c50c: 00e9 f572 

  0x000078d272b1c510: ;   {static_stub}
  0x000078d272b1c510: 19fd 48bb | d830 d839 | d078 0000 

  0x000078d272b1c51c: ;   {runtime_call I2C/C2I adapters}
  0x000078d272b1c51c: e9e6 7219 

  0x000078d272b1c520: ;   {static_stub}
  0x000078d272b1c520: fd48 bbd8 | 30d8 39d0 

  0x000078d272b1c528: ;   {runtime_call I2C/C2I adapters}
  0x000078d272b1c528: 7800 00e9 | d772 19fd 

  0x000078d272b1c530: ;   {static_stub}
  0x000078d272b1c530: 48bb d830 | d839 d078 

  0x000078d272b1c538: ;   {runtime_call I2C/C2I adapters}
  0x000078d272b1c538: 0000 e9c8 

  0x000078d272b1c53c: ;   {static_stub}
  0x000078d272b1c53c: 7219 fd48 | bbd8 30d8 | 39d0 7800 

  0x000078d272b1c548: ;   {runtime_call I2C/C2I adapters}
  0x000078d272b1c548: 00e9 b972 

  0x000078d272b1c54c: ;   {static_stub}
  0x000078d272b1c54c: 19fd 48bb | d830 d839 | d078 0000 

  0x000078d272b1c558: ;   {runtime_call I2C/C2I adapters}
  0x000078d272b1c558: e9aa 7219 

  0x000078d272b1c55c: ;   {static_stub}
  0x000078d272b1c55c: fd48 bbd8 | 30d8 39d0 

  0x000078d272b1c564: ;   {runtime_call I2C/C2I adapters}
  0x000078d272b1c564: 7800 00e9 | 9b72 19fd 

  0x000078d272b1c56c: ;   {static_stub}
  0x000078d272b1c56c: 48bb 0830 | d839 d078 

  0x000078d272b1c574: ;   {runtime_call I2C/C2I adapters}
  0x000078d272b1c574: 0000 e98c 

  0x000078d272b1c578: ;   {static_stub}
  0x000078d272b1c578: 7219 fd48 | bb08 30d8 | 39d0 7800 

  0x000078d272b1c584: ;   {runtime_call I2C/C2I adapters}
  0x000078d272b1c584: 00e9 7d72 

  0x000078d272b1c588: ;   {static_stub}
  0x000078d272b1c588: 19fd 48bb | 0830 d839 | d078 0000 

  0x000078d272b1c594: ;   {runtime_call I2C/C2I adapters}
  0x000078d272b1c594: e96e 7219 

  0x000078d272b1c598: ;   {static_stub}
  0x000078d272b1c598: fd48 bb08 | 30d8 39d0 

  0x000078d272b1c5a0: ;   {runtime_call I2C/C2I adapters}
  0x000078d272b1c5a0: 7800 00e9 | 5f72 19fd 

  0x000078d272b1c5a8: ;   {static_stub}
  0x000078d272b1c5a8: 48bb 0830 | d839 d078 

  0x000078d272b1c5b0: ;   {runtime_call I2C/C2I adapters}
  0x000078d272b1c5b0: 0000 e950 

  0x000078d272b1c5b4: ;   {static_stub}
  0x000078d272b1c5b4: 7219 fd48 | bb08 30d8 | 39d0 7800 

  0x000078d272b1c5c0: ;   {runtime_call I2C/C2I adapters}
  0x000078d272b1c5c0: 00e9 4172 

  0x000078d272b1c5c4: ;   {static_stub}
  0x000078d272b1c5c4: 19fd 48bb | 0830 d839 | d078 0000 

  0x000078d272b1c5d0: ;   {runtime_call I2C/C2I adapters}
  0x000078d272b1c5d0: e932 7219 

  0x000078d272b1c5d4: ;   {static_stub}
  0x000078d272b1c5d4: fd48 bb08 | 30d8 39d0 

  0x000078d272b1c5dc: ;   {runtime_call I2C/C2I adapters}
  0x000078d272b1c5dc: 7800 00e9 | 2372 19fd 

  0x000078d272b1c5e4: ;   {static_stub}
  0x000078d272b1c5e4: 48bb 0830 | d839 d078 

  0x000078d272b1c5ec: ;   {runtime_call I2C/C2I adapters}
  0x000078d272b1c5ec: 0000 e914 

  0x000078d272b1c5f0: ;   {static_stub}
  0x000078d272b1c5f0: 7219 fd48 | bb00 0000 | 0000 0000 

  0x000078d272b1c5fc: ;   {runtime_call nmethod}
  0x000078d272b1c5fc: 00e9 fbff 

  0x000078d272b1c600: ;   {static_stub}
  0x000078d272b1c600: ffff 48bb | 0000 0000 | 0000 0000 

  0x000078d272b1c60c: ;   {runtime_call nmethod}
  0x000078d272b1c60c: e9fb ffff 

  0x000078d272b1c610: ;   {static_stub}
  0x000078d272b1c610: ff48 bb00 | 0000 0000 

  0x000078d272b1c618: ;   {runtime_call nmethod}
  0x000078d272b1c618: 0000 00e9 | fbff ffff 

  0x000078d272b1c620: ;   {static_stub}
  0x000078d272b1c620: 48bb 0000 | 0000 0000 

  0x000078d272b1c628: ;   {runtime_call nmethod}
  0x000078d272b1c628: 0000 e9fb 

  0x000078d272b1c62c: ;   {static_stub}
  0x000078d272b1c62c: ffff ff48 | bb00 0000 | 0000 0000 

  0x000078d272b1c638: ;   {runtime_call nmethod}
  0x000078d272b1c638: 00e9 fbff 

  0x000078d272b1c63c: ;   {static_stub}
  0x000078d272b1c63c: ffff 48bb | 0000 0000 | 0000 0000 

  0x000078d272b1c648: ;   {runtime_call nmethod}
  0x000078d272b1c648: e9fb ffff 

  0x000078d272b1c64c: ;   {static_stub}
  0x000078d272b1c64c: ff48 bb00 | 0000 0000 

  0x000078d272b1c654: ;   {runtime_call nmethod}
  0x000078d272b1c654: 0000 00e9 | fbff ffff 

  0x000078d272b1c65c: ;   {static_stub}
  0x000078d272b1c65c: 48bb 0000 | 0000 0000 

  0x000078d272b1c664: ;   {runtime_call nmethod}
  0x000078d272b1c664: 0000 e9fb 

  0x000078d272b1c668: ;   {static_stub}
  0x000078d272b1c668: ffff ff48 | bbd0 60d8 | 39d0 7800 

  0x000078d272b1c674: ;   {runtime_call I2C/C2I adapters}
  0x000078d272b1c674: 00e9 1389 

  0x000078d272b1c678: ;   {static_stub}
  0x000078d272b1c678: 1afd 48bb | d861 d839 | d078 0000 

  0x000078d272b1c684: ;   {runtime_call I2C/C2I adapters}
  0x000078d272b1c684: e9fd 6b19 

  0x000078d272b1c688: ;   {static_stub}
  0x000078d272b1c688: fd48 bb00 | 0000 0000 

  0x000078d272b1c690: ;   {runtime_call nmethod}
  0x000078d272b1c690: 0000 00e9 | fbff ffff 

  0x000078d272b1c698: ;   {static_stub}
  0x000078d272b1c698: 48bb 10ad | d839 d078 

  0x000078d272b1c6a0: ;   {runtime_call I2C/C2I adapters}
  0x000078d272b1c6a0: 0000 e9df 

  0x000078d272b1c6a4: ;   {static_stub}
  0x000078d272b1c6a4: 6b19 fd48 | bb00 0000 | 0000 0000 

  0x000078d272b1c6b0: ;   {runtime_call nmethod}
  0x000078d272b1c6b0: 00e9 fbff 

  0x000078d272b1c6b4: ;   {static_stub}
  0x000078d272b1c6b4: ffff 48bb | 98b9 b530 | d178 0000 

  0x000078d272b1c6c0: ;   {runtime_call I2C/C2I adapters}
  0x000078d272b1c6c0: e944 aa1a 

  0x000078d272b1c6c4: ;   {static_stub}
  0x000078d272b1c6c4: fd48 bb00 | 0000 0000 

  0x000078d272b1c6cc: ;   {runtime_call nmethod}
  0x000078d272b1c6cc: 0000 00e9 | fbff ffff 

  0x000078d272b1c6d4: ;   {static_stub}
  0x000078d272b1c6d4: 48bb 0000 | 0000 0000 

  0x000078d272b1c6dc: ;   {runtime_call nmethod}
  0x000078d272b1c6dc: 0000 e9fb 

  0x000078d272b1c6e0: ;   {static_stub}
  0x000078d272b1c6e0: ffff ff48 | bb00 0000 | 0000 0000 

  0x000078d272b1c6ec: ;   {runtime_call nmethod}
  0x000078d272b1c6ec: 00e9 fbff 

  0x000078d272b1c6f0: ;   {static_stub}
  0x000078d272b1c6f0: ffff 48bb | 0000 0000 | 0000 0000 

  0x000078d272b1c6fc: ;   {runtime_call nmethod}
  0x000078d272b1c6fc: e9fb ffff 

  0x000078d272b1c700: ;   {static_stub}
  0x000078d272b1c700: ff48 bb78 | 4fd8 39d0 

  0x000078d272b1c708: ;   {runtime_call I2C/C2I adapters}
  0x000078d272b1c708: 7800 00e9 | ef00 19fd 

  0x000078d272b1c710: ;   {static_stub}
  0x000078d272b1c710: 48bb 48e5 | d839 d078 

  0x000078d272b1c718: ;   {runtime_call I2C/C2I adapters}
  0x000078d272b1c718: 0000 e9e3 

  0x000078d272b1c71c: ;   {static_stub}
  0x000078d272b1c71c: 6519 fd48 | bb00 0000 | 0000 0000 

  0x000078d272b1c728: ;   {runtime_call nmethod}
  0x000078d272b1c728: 00e9 fbff 

  0x000078d272b1c72c: ;   {static_stub}
  0x000078d272b1c72c: ffff 48bb | 0000 0000 | 0000 0000 

  0x000078d272b1c738: ;   {runtime_call nmethod}
  0x000078d272b1c738: e9fb ffff 

  0x000078d272b1c73c: ;   {static_stub}
  0x000078d272b1c73c: ff48 bb00 | 0000 0000 

  0x000078d272b1c744: ;   {runtime_call nmethod}
  0x000078d272b1c744: 0000 00e9 | fbff ffff 

  0x000078d272b1c74c: ;   {static_stub}
  0x000078d272b1c74c: 48bb 0000 | 0000 0000 

  0x000078d272b1c754: ;   {runtime_call nmethod}
  0x000078d272b1c754: 0000 e9fb 

  0x000078d272b1c758: ;   {static_stub}
  0x000078d272b1c758: ffff ff48 | bb00 0000 | 0000 0000 

  0x000078d272b1c764: ;   {runtime_call nmethod}
  0x000078d272b1c764: 00e9 fbff 

  0x000078d272b1c768: ;   {static_stub}
  0x000078d272b1c768: ffff 48bb | 0000 0000 | 0000 0000 

  0x000078d272b1c774: ;   {runtime_call nmethod}
  0x000078d272b1c774: e9fb ffff 

  0x000078d272b1c778: ;   {static_stub}
  0x000078d272b1c778: ff48 bb00 | 0000 0000 

  0x000078d272b1c780: ;   {runtime_call nmethod}
  0x000078d272b1c780: 0000 00e9 | fbff ffff 

  0x000078d272b1c788: ;   {static_stub}
  0x000078d272b1c788: 48bb 0000 | 0000 0000 

  0x000078d272b1c790: ;   {runtime_call nmethod}
  0x000078d272b1c790: 0000 e9fb 

  0x000078d272b1c794: ;   {static_stub}
  0x000078d272b1c794: ffff ff48 | bb00 0000 | 0000 0000 

  0x000078d272b1c7a0: ;   {runtime_call nmethod}
  0x000078d272b1c7a0: 00e9 fbff 

  0x000078d272b1c7a4: ;   {static_stub}
  0x000078d272b1c7a4: ffff 48bb | 0000 0000 | 0000 0000 

  0x000078d272b1c7b0: ;   {runtime_call nmethod}
  0x000078d272b1c7b0: e9fb ffff 

  0x000078d272b1c7b4: ;   {static_stub}
  0x000078d272b1c7b4: ff48 bb00 | 0000 0000 

  0x000078d272b1c7bc: ;   {runtime_call nmethod}
  0x000078d272b1c7bc: 0000 00e9 | fbff ffff 

  0x000078d272b1c7c4: ;   {static_stub}
  0x000078d272b1c7c4: 48bb 0000 | 0000 0000 

  0x000078d272b1c7cc: ;   {runtime_call nmethod}
  0x000078d272b1c7cc: 0000 e9fb 

  0x000078d272b1c7d0: ;   {static_stub}
  0x000078d272b1c7d0: ffff ff48 | bb00 0000 | 0000 0000 

  0x000078d272b1c7dc: ;   {runtime_call nmethod}
  0x000078d272b1c7dc: 00e9 fbff 

  0x000078d272b1c7e0: ;   {static_stub}
  0x000078d272b1c7e0: ffff 48bb | 58b6 7130 | d178 0000 

  0x000078d272b1c7ec: ;   {runtime_call I2C/C2I adapters}
  0x000078d272b1c7ec: e915 9516 

  0x000078d272b1c7f0: ;   {static_stub}
  0x000078d272b1c7f0: fd48 bb00 | 0000 0000 

  0x000078d272b1c7f8: ;   {runtime_call nmethod}
  0x000078d272b1c7f8: 0000 00e9 | fbff ffff 

  0x000078d272b1c800: ;   {static_stub}
  0x000078d272b1c800: 48bb 0000 | 0000 0000 

  0x000078d272b1c808: ;   {runtime_call nmethod}
  0x000078d272b1c808: 0000 e9fb 

  0x000078d272b1c80c: ;   {static_stub}
  0x000078d272b1c80c: ffff ff48 | bb28 b272 | 30d1 7800 

  0x000078d272b1c818: ;   {runtime_call I2C/C2I adapters}
  0x000078d272b1c818: 00e9 686a 

  0x000078d272b1c81c: ;   {static_stub}
  0x000078d272b1c81c: 19fd 48bb | 383b b530 | d178 0000 

  0x000078d272b1c828: ;   {runtime_call I2C/C2I adapters}
  0x000078d272b1c828: e960 1049 

  0x000078d272b1c82c: ;   {static_stub}
  0x000078d272b1c82c: fd48 bbc0 | 12c3 38d0 

  0x000078d272b1c834: ;   {runtime_call I2C/C2I adapters}
  0x000078d272b1c834: 7800 00e9 | c3ff 18fd 

  0x000078d272b1c83c: ;   {static_stub}
  0x000078d272b1c83c: 48bb d85f | d832 d178 

  0x000078d272b1c844: ;   {runtime_call I2C/C2I adapters}
  0x000078d272b1c844: 0000 e938 

  0x000078d272b1c848: ;   {static_stub}
  0x000078d272b1c848: 5f19 fd48 | bb00 0000 | 0000 0000 

  0x000078d272b1c854: ;   {runtime_call nmethod}
  0x000078d272b1c854: 00e9 fbff 

  0x000078d272b1c858: ;   {runtime_call ExceptionBlob}
  0x000078d272b1c858: ffff e9a1 | 7726 fde8 | 0000 0000 | 4883 2c24 

  0x000078d272b1c868: ;   {runtime_call DeoptimizationBlob}
  0x000078d272b1c868: 05e9 32a0 | 19fd f4f4 
[/MachCode]


---------------  P R O C E S S  ---------------

Threads class SMR info:
_java_thread_list=0x000078d1740b39d0, length=210, elements={
0x000078d28001f610, 0x000078d280139660, 0x000078d28013abd0, 0x000078d28013c490,
0x000078d28013dad0, 0x000078d28013f070, 0x000078d280140c30, 0x000078d2801422f0,
0x000078d28014ee00, 0x000078d280159ff0, 0x000078d28151b000, 0x000078d281c242d0,
0x000078d282eae230, 0x000078d282f89300, 0x000078d2830d9430, 0x000078d2832e49c0,
0x000078d2832e5710, 0x000078d283490dc0, 0x000078d283cf8010, 0x000078d118aa1bc0,
0x000078d0fc0040a0, 0x000078d0f00013b0, 0x000078d0f4000fe0, 0x000078d0e8000fe0,
0x000078d0ec000fe0, 0x000078d0f0012c70, 0x000078d0e0000fe0, 0x000078d0e4000fe0,
0x000078d0d8000fe0, 0x000078d0d0000fe0, 0x000078d0d4000fe0, 0x000078d0c8000fe0,
0x000078d0cc000fe0, 0x000078d0c0000fe0, 0x000078d118e34da0, 0x000078d1190621a0,
0x000078d1c428e920, 0x000078d188334620, 0x000078d1880d0190, 0x000078d18825e620,
0x000078d084023940, 0x000078d058003930, 0x000078d068008450, 0x000078d06800ce60,
0x000078d068023710, 0x000078d11bb8ec00, 0x000078d11b49fc20, 0x000078d1501c0b50,
0x000078d188172a70, 0x000078d0740170f0, 0x000078d04c007060, 0x000078d08fcd0490,
0x000078d08fb0a120, 0x000078d0c401a2c0, 0x000078d0c00b35f0, 0x000078d0e40469c0,
0x000078d0bc4a61f0, 0x000078d0bc2d1650, 0x000078d0bc5b8c70, 0x000078d0bc374d00,
0x000078d1883b27c0, 0x000078d08f89e690, 0x000078d11b0fa880, 0x000078cff0082e80,
0x000078cff4004e40, 0x000078cff4006bf0, 0x000078cff4008820, 0x000078d08ee78590,
0x000078d1187d9f00, 0x000078d0101a43a0, 0x000078cfe002aeb0, 0x000078cfe002bc30,
0x000078cfe002ea70, 0x000078d01010a3f0, 0x000078d08f9ed6f0, 0x000078d11b5ca110,
0x000078d03c0099b0, 0x000078d1440305b0, 0x000078d144033450, 0x000078d144049910,
0x000078d11b0f9080, 0x000078d08fb2f610, 0x000078d028010460, 0x000078cfe0005880,
0x000078cfe002dc80, 0x000078cfe0028d20, 0x000078d19c02cb20, 0x000078d04c003930,
0x000078d08f9662b0, 0x000078d08fb3d870, 0x000078d068697fb0, 0x000078d168242e70,
0x000078d1681e0210, 0x000078d16801fe30, 0x000078d11b1a1730, 0x000078d11894d0c0,
0x000078d01400f530, 0x000078cfe800f010, 0x000078cfe8082170, 0x000078cfe80021b0,
0x000078d08ee78ca0, 0x000078d08cd37480, 0x000078d1ac0469d0, 0x000078d14c003690,
0x000078d14c019980, 0x000078d14c039f50, 0x000078d11be0d110, 0x000078d11b19d510,
0x000078d1640ba220, 0x000078cfe80059b0, 0x000078cfe80036a0, 0x000078cfe800bd90,
0x000078d08f943590, 0x000078d11b812560, 0x000078d0f804c950, 0x000078cfe8080f20,
0x000078cfe8000f90, 0x000078cfe8004200, 0x000078d11b13f930, 0x000078d08f92d830,
0x000078d000024130, 0x000078d000402140, 0x000078d000024a20, 0x000078cfd8035350,
0x000078d0447420d0, 0x000078cffc0a70a0, 0x000078cffc0a8160, 0x000078cffc00ae10,
0x000078cffc00a5e0, 0x000078cffc0320f0, 0x000078cffc005f70, 0x000078d144111000,
0x000078d144112f90, 0x000078d144076de0, 0x000078d14404a020, 0x000078d1440a5ca0,
0x000078d1440804a0, 0x000078d0582db240, 0x000078d058297a40, 0x000078d0582d9320,
0x000078d144120cf0, 0x000078d144121610, 0x000078d14411d570, 0x000078d144125fe0,
0x000078d1441117b0, 0x000078d1440777a0, 0x000078d1e01b2f90, 0x000078d144077eb0,
0x000078d144123af0, 0x000078d144034270, 0x000078d08efff290, 0x000078d03412c190,
0x000078d0344f14d0, 0x000078d0348f9570, 0x000078d02c2447a0, 0x000078d02c402cf0,
0x000078d02c3047c0, 0x000078d02c246270, 0x000078d02c0008e0, 0x000078d02c3920a0,
0x000078d168132160, 0x000078d16824d540, 0x000078d16813bf00, 0x000078d0a0018c70,
0x000078d0a0015470, 0x000078d0a0016e90, 0x000078d1e422e0c0, 0x000078d18c048000,
0x000078d1440a48c0, 0x000078d1440731e0, 0x000078d144122fb0, 0x000078d058243cc0,
0x000078d058017a60, 0x000078d0582d88e0, 0x000078d1e4cf7ba0, 0x000078d168079d00,
0x000078d16821f0b0, 0x000078d168133940, 0x000078d2815ad720, 0x000078d000019180,
0x000078d00007b200, 0x000078d034178180, 0x000078d03412c970, 0x000078d034022fc0,
0x000078d07ce57810, 0x000078ced0113090, 0x000078d08cd24360, 0x000078d07cf0adf0,
0x000078d11b1322f0, 0x000078d08fc5f310, 0x000078d08eeb2cf0, 0x000078d08ef07c50,
0x000078d11b19dc20, 0x000078d07f4bd880, 0x000078d07e4117e0, 0x000078d08fb43f00,
0x000078d08fb0c6a0, 0x000078d07ce58950, 0x000078d07dfb3b70, 0x000078d0d405d470,
0x000078d08d358140, 0x000078d08eae6a40, 0x000078d08eae9090, 0x000078d07cbeb5d0,
0x000078ced3fd5b30, 0x000078d134043cb0, 0x000078d1340adfb0, 0x000078d134087970,
0x000078d1380013d0, 0x000078d1d0027cd0
}

Java Threads: ( => current thread )
=>0x000078d28001f610 JavaThread "Render thread"                     [_thread_in_native, id=3496582, stack(0x000078d286300000,0x000078d286400000) (1024K)]
  0x000078d280139660 JavaThread "Reference Handler"          daemon [_thread_blocked, id=3496607, stack(0x000078d25cdf1000,0x000078d25cef1000) (1024K)]
  0x000078d28013abd0 JavaThread "Finalizer"                  daemon [_thread_blocked, id=3496608, stack(0x000078d25c700000,0x000078d25c800000) (1024K)]
  0x000078d28013c490 JavaThread "Signal Dispatcher"          daemon [_thread_blocked, id=3496609, stack(0x000078d25c600000,0x000078d25c700000) (1024K)]
  0x000078d28013dad0 JavaThread "Service Thread"             daemon [_thread_blocked, id=3496610, stack(0x000078d25c500000,0x000078d25c600000) (1024K)]
  0x000078d28013f070 JavaThread "Monitor Deflation Thread"   daemon [_thread_blocked, id=3496612, stack(0x000078d25c400000,0x000078d25c500000) (1024K)]
  0x000078d280140c30 JavaThread "C2 CompilerThread0"         daemon [_thread_blocked, id=3496613, stack(0x000078d25c300000,0x000078d25c400000) (1024K)]
  0x000078d2801422f0 JavaThread "C1 CompilerThread0"         daemon [_thread_blocked, id=3496614, stack(0x000078d25c200000,0x000078d25c300000) (1024K)]
  0x000078d28014ee00 JavaThread "Notification Thread"        daemon [_thread_blocked, id=3496620, stack(0x000078d25c02f000,0x000078d25c12f000) (1024K)]
  0x000078d280159ff0 JavaThread "Common-Cleaner"             daemon [_thread_blocked, id=3496621, stack(0x000078d206f00000,0x000078d207000000) (1024K)]
  0x000078d28151b000 JavaThread "DH-Log Ticker Thread[0]"    daemon [_thread_blocked, id=3502022, stack(0x000078d205894000,0x000078d205994000) (1024K)]
  0x000078d281c242d0 JavaThread "JNA Cleaner"                daemon [_thread_blocked, id=3502709, stack(0x000078d204a94000,0x000078d204b94000) (1024K)]
  0x000078d282eae230 JavaThread "Timer hack thread"          daemon [_thread_blocked, id=3504423, stack(0x000078d205694000,0x000078d205794000) (1024K)]
  0x000078d282f89300 JavaThread "Yggdrasil Key Fetcher"      daemon [_thread_blocked, id=3504524, stack(0x000078d204e94000,0x000078d204f94000) (1024K)]
  0x000078d2830d9430 JavaThread "FancyMenu-WebUtils-ConnectivityCheck" daemon [_thread_blocked, id=3504591, stack(0x000078d205294000,0x000078d205394000) (1024K)]
  0x000078d2832e49c0 JavaThread "DH-ApplyConfigPresetTimer"  daemon [_thread_blocked, id=3504731, stack(0x000078d206d00000,0x000078d206e00000) (1024K)]
  0x000078d2832e5710 JavaThread "DH-ApplyConfigPresetTimer"  daemon [_thread_blocked, id=3504733, stack(0x000078d206e00000,0x000078d206f00000) (1024K)]
  0x000078d283490dc0 JavaThread "ForkJoinPool.commonPool-worker-1" daemon [_thread_blocked, id=3504829, stack(0x000078d205a94000,0x000078d205b94000) (1024K)]
  0x000078d283cf8010 JavaThread "Cleaner-0"                  daemon [_thread_blocked, id=3505340, stack(0x000078d205594000,0x000078d205694000) (1024K)]
  0x000078d118aa1bc0 JavaThread "Worker-Main-1"              daemon [_thread_blocked, id=3505591, stack(0x000078d204d94000,0x000078d204e94000) (1024K)]
  0x000078d0fc0040a0 JavaThread "Worker-Main-2"              daemon [_thread_blocked, id=3505657, stack(0x000078d205394000,0x000078d205494000) (1024K)]
  0x000078d0f00013b0 JavaThread "Worker-Main-3"              daemon [_thread_blocked, id=3505658, stack(0x000078d206a00000,0x000078d206b00000) (1024K)]
  0x000078d0f4000fe0 JavaThread "Worker-Main-4"              daemon [_thread_blocked, id=3505659, stack(0x000078d206900000,0x000078d206a00000) (1024K)]
  0x000078d0e8000fe0 JavaThread "Worker-Main-5"              daemon [_thread_blocked, id=3505660, stack(0x000078d206800000,0x000078d206900000) (1024K)]
  0x000078d0ec000fe0 JavaThread "Worker-Main-6"              daemon [_thread_blocked, id=3505661, stack(0x000078d206700000,0x000078d206800000) (1024K)]
  0x000078d0f0012c70 JavaThread "Worker-Main-7"              daemon [_thread_blocked, id=3505662, stack(0x000078d206600000,0x000078d206700000) (1024K)]
  0x000078d0e0000fe0 JavaThread "Worker-Main-8"              daemon [_thread_blocked, id=3505663, stack(0x000078d114100000,0x000078d114200000) (1024K)]
  0x000078d0e4000fe0 JavaThread "Worker-Main-9"              daemon [_thread_blocked, id=3505664, stack(0x000078d114000000,0x000078d114100000) (1024K)]
  0x000078d0d8000fe0 JavaThread "Worker-Main-10"             daemon [_thread_blocked, id=3505666, stack(0x000078d1076ff000,0x000078d1077ff000) (1024K)]
  0x000078d0d0000fe0 JavaThread "Worker-Main-11"             daemon [_thread_blocked, id=3505667, stack(0x000078d105a80000,0x000078d105b80000) (1024K)]
  0x000078d0d4000fe0 JavaThread "Worker-Main-12"             daemon [_thread_blocked, id=3505668, stack(0x000078d105980000,0x000078d105a80000) (1024K)]
  0x000078d0c8000fe0 JavaThread "Worker-Main-13"             daemon [_thread_blocked, id=3505669, stack(0x000078d105880000,0x000078d105980000) (1024K)]
  0x000078d0cc000fe0 JavaThread "Worker-Main-14"             daemon [_thread_blocked, id=3505670, stack(0x000078d105780000,0x000078d105880000) (1024K)]
  0x000078d0c0000fe0 JavaThread "Worker-Main-15"             daemon [_thread_blocked, id=3505672, stack(0x000078d105680000,0x000078d105780000) (1024K)]
  0x000078d118e34da0 JavaThread "FancyMenu-JsonPlaceholder-Cleanup" daemon [_thread_blocked, id=3505775, stack(0x000078d0b4100000,0x000078d0b4200000) (1024K)]
  0x000078d1190621a0 JavaThread "Thread-8"                          [_thread_blocked, id=3505960, stack(0x000078d0b4000000,0x000078d0b4100000) (1024K)]
  0x000078d1c428e920 JavaThread "DH-AbstractDelayedConfigTimer" daemon [_thread_blocked, id=3506314, stack(0x000078d1272a5000,0x000078d1273a5000) (1024K)]
  0x000078d188334620 JavaThread "DH-delayed save cache cleaner Thread[0]" daemon [_thread_blocked, id=3508346, stack(0x000078d0a59fe000,0x000078d0a5afe000) (1024K)]
  0x000078d1880d0190 JavaThread "DH-Phantom Array Recycler Thread[0]" daemon [_thread_blocked, id=3508349, stack(0x000078d0a58fe000,0x000078d0a59fe000) (1024K)]
  0x000078d18825e620 JavaThread "Java2D Disposer"            daemon [_thread_blocked, id=3508407, stack(0x000078d0a53fe000,0x000078d0a54fe000) (1024K)]
  0x000078d084023940 JavaThread "IO-Worker-4"                       [_thread_blocked, id=3508429, stack(0x000078d0a4afd000,0x000078d0a4bfd000) (1024K)]
  0x000078d058003930 JavaThread "IO-Worker-6"                       [_thread_blocked, id=3508442, stack(0x000078d0a48fd000,0x000078d0a49fd000) (1024K)]
  0x000078d068008450 JavaThread "DH-ChunkSaveIgnoreTimer"    daemon [_thread_blocked, id=3508697, stack(0x000078d105480000,0x000078d105580000) (1024K)]
  0x000078d06800ce60 JavaThread "DH-ChunkSaveIgnoreTimer"    daemon [_thread_blocked, id=3508702, stack(0x000078d104e80000,0x000078d104f80000) (1024K)]
  0x000078d068023710 JavaThread "DH-World Gen Progress Updater Thread[0]" daemon [_thread_blocked, id=3508704, stack(0x000078d104000000,0x000078d104100000) (1024K)]
  0x000078d11bb8ec00 JavaThread "Netty Local IO #0"          daemon [_thread_blocked, id=3509560, stack(0x000078d204f94000,0x000078d205094000) (1024K)]
  0x000078d11b49fc20 JavaThread "Netty Local IO #1"          daemon [_thread_blocked, id=3509567, stack(0x000078d105580000,0x000078d105680000) (1024K)]
  0x000078d1501c0b50 JavaThread "Netty Local IO #2"          daemon [_thread_blocked, id=3509573, stack(0x000078d0a52fe000,0x000078d0a53fe000) (1024K)]
  0x000078d188172a70 JavaThread "DH-FullDataPayloadSender"   daemon [_thread_blocked, id=3509876, stack(0x000078d081f00000,0x000078d082000000) (1024K)]
  0x000078d0740170f0 JavaThread "DH-ClientLevelTickCleanup"  daemon [_thread_blocked, id=3509940, stack(0x000078d081300000,0x000078d081400000) (1024K)]
  0x000078d04c007060 JavaThread "IO-Worker-8"                       [_thread_blocked, id=3509987, stack(0x000078d080700000,0x000078d080800000) (1024K)]
  0x000078d08fcd0490 JavaThread "DH-Cleanup timer"           daemon [_thread_blocked, id=3510024, stack(0x000078cfd5280000,0x000078cfd5380000) (1024K)]
  0x000078d08fb0a120 JavaThread "DH-GLBuffer Cleanup Thread[0]" daemon [_thread_blocked, id=3510150, stack(0x000078cfc3000000,0x000078cfc3100000) (1024K)]
  0x000078d0c401a2c0 JavaThread "Worker-Main-16"             daemon [_thread_blocked, id=3510273, stack(0x000078cfa6a80000,0x000078cfa6b80000) (1024K)]
  0x000078d0c00b35f0 JavaThread "DH-Task Picker Re-queue Schedule Thread[0]" daemon [_thread_blocked, id=3510442, stack(0x000078cfa2500000,0x000078cfa2600000) (1024K)]
  0x000078d0e40469c0 JavaThread "DH-Positional Lock Cleanup Thread[0]" daemon [_thread_blocked, id=3511734, stack(0x000078cfa1b00000,0x000078cfa1c00000) (1024K)]
  0x000078d0bc4a61f0 JavaThread "ForkJoinPool.commonPool-worker-2" daemon [_thread_blocked, id=3511999, stack(0x000078cfa1700000,0x000078cfa1800000) (1024K)]
  0x000078d0bc2d1650 JavaThread "ForkJoinPool.commonPool-worker-3" daemon [_thread_blocked, id=3512028, stack(0x000078cfa1600000,0x000078cfa1700000) (1024K)]
  0x000078d0bc5b8c70 JavaThread "ForkJoinPool.commonPool-worker-5" daemon [_thread_blocked, id=3512078, stack(0x000078cfa1400000,0x000078cfa1500000) (1024K)]
  0x000078d0bc374d00 JavaThread "ForkJoinPool.commonPool-worker-6" daemon [_thread_blocked, id=3512090, stack(0x000078cfa1300000,0x000078cfa1400000) (1024K)]
  0x000078d1883b27c0 JavaThread "DH-Cleanup Thread[0]"       daemon [_thread_blocked, id=3519520, stack(0x000078cfced00000,0x000078cfcee00000) (1024K)]
  0x000078d08f89e690 JavaThread "Netty Local IO #3"          daemon [_thread_blocked, id=3522650, stack(0x000078d081100000,0x000078d081200000) (1024K)]
  0x000078d11b0fa880 JavaThread "Netty Local IO #4"          daemon [_thread_blocked, id=3522652, stack(0x000078d080d00000,0x000078d080e00000) (1024K)]
  0x000078cff0082e80 JavaThread "Netty Local IO #5"          daemon [_thread_blocked, id=3522653, stack(0x000078cfa1a00000,0x000078cfa1b00000) (1024K)]
  0x000078cff4004e40 JavaThread "DH-ChunkSaveIgnoreTimer"    daemon [_thread_blocked, id=3522889, stack(0x000078d081e00000,0x000078d081f00000) (1024K)]
  0x000078cff4006bf0 JavaThread "DH-ChunkSaveIgnoreTimer"    daemon [_thread_blocked, id=3522898, stack(0x000078d081800000,0x000078d081900000) (1024K)]
  0x000078cff4008820 JavaThread "DH-World Gen Progress Updater Thread[0]" daemon [_thread_blocked, id=3522900, stack(0x000078d081600000,0x000078d081700000) (1024K)]
  0x000078d08ee78590 JavaThread "Netty Local IO #6"          daemon [_thread_blocked, id=3535879, stack(0x000078d081500000,0x000078d081600000) (1024K)]
  0x000078d1187d9f00 JavaThread "Netty Local IO #7"          daemon [_thread_blocked, id=3535880, stack(0x000078d081d00000,0x000078d081e00000) (1024K)]
  0x000078d0101a43a0 JavaThread "Netty Local IO #8"          daemon [_thread_blocked, id=3535881, stack(0x000078cfd7600000,0x000078cfd7700000) (1024K)]
  0x000078cfe002aeb0 JavaThread "DH-ChunkSaveIgnoreTimer"    daemon [_thread_blocked, id=3536171, stack(0x000078d082300000,0x000078d082400000) (1024K)]
  0x000078cfe002bc30 JavaThread "DH-ChunkSaveIgnoreTimer"    daemon [_thread_blocked, id=3536172, stack(0x000078d082200000,0x000078d082300000) (1024K)]
  0x000078cfe002ea70 JavaThread "DH-World Gen Progress Updater Thread[0]" daemon [_thread_blocked, id=3536174, stack(0x000078d082000000,0x000078d082100000) (1024K)]
  0x000078d01010a3f0 JavaThread "ForkJoinPool.commonPool-worker-7" daemon [_thread_blocked, id=3537902, stack(0x000078d081200000,0x000078d081300000) (1024K)]
  0x000078d08f9ed6f0 JavaThread "Netty Local IO #9"          daemon [_thread_blocked, id=3548988, stack(0x000078cfd7700000,0x000078cfd7800000) (1024K)]
  0x000078d11b5ca110 JavaThread "Netty Local IO #10"         daemon [_thread_blocked, id=3548990, stack(0x000078d080300000,0x000078d080400000) (1024K)]
  0x000078d03c0099b0 JavaThread "Netty Local IO #11"         daemon [_thread_blocked, id=3548991, stack(0x000078d081000000,0x000078d081100000) (1024K)]
  0x000078d1440305b0 JavaThread "DH-ChunkSaveIgnoreTimer"    daemon [_thread_blocked, id=3549270, stack(0x000078d082100000,0x000078d082200000) (1024K)]
  0x000078d144033450 JavaThread "DH-ChunkSaveIgnoreTimer"    daemon [_thread_blocked, id=3549271, stack(0x000078d081c00000,0x000078d081d00000) (1024K)]
  0x000078d144049910 JavaThread "DH-World Gen Progress Updater Thread[0]" daemon [_thread_blocked, id=3549274, stack(0x000078d080000000,0x000078d080100000) (1024K)]
  0x000078d11b0f9080 JavaThread "Netty Local IO #12"         daemon [_thread_blocked, id=3562112, stack(0x000078cfd7b00000,0x000078cfd7c00000) (1024K)]
  0x000078d08fb2f610 JavaThread "Netty Local IO #13"         daemon [_thread_blocked, id=3562113, stack(0x000078cfcef00000,0x000078cfcf000000) (1024K)]
  0x000078d028010460 JavaThread "Netty Local IO #14"         daemon [_thread_blocked, id=3562114, stack(0x000078cfb0680000,0x000078cfb0780000) (1024K)]
  0x000078cfe0005880 JavaThread "DH-ChunkSaveIgnoreTimer"    daemon [_thread_blocked, id=3562390, stack(0x000078d0a46fd000,0x000078d0a47fd000) (1024K)]
  0x000078cfe002dc80 JavaThread "DH-ChunkSaveIgnoreTimer"    daemon [_thread_blocked, id=3562391, stack(0x000078d0a45fd000,0x000078d0a46fd000) (1024K)]
  0x000078cfe0028d20 JavaThread "DH-World Gen Progress Updater Thread[0]" daemon [_thread_blocked, id=3562394, stack(0x000078d091c7f000,0x000078d091d7f000) (1024K)]
  0x000078d19c02cb20 JavaThread "DH-World Gen Thread[9]"            [_thread_blocked, id=3562430, stack(0x000078cfd7c00000,0x000078cfd7d00000) (1024K)]
  0x000078d04c003930 JavaThread "IO-Worker-11"                      [_thread_blocked, id=3562449, stack(0x000078cfd7100000,0x000078cfd7200000) (1024K)]
  0x000078d08f9662b0 JavaThread "Netty Local IO #15"         daemon [_thread_blocked, id=3578632, stack(0x000078cfb5480000,0x000078cfb5580000) (1024K)]
  0x000078d08fb3d870 JavaThread "Netty Local IO #16"         daemon [_thread_blocked, id=3578633, stack(0x000078cfd7d00000,0x000078cfd7e00000) (1024K)]
  0x000078d068697fb0 JavaThread "Netty Local IO #17"         daemon [_thread_blocked, id=3578634, stack(0x000078d0a5afe000,0x000078d0a5bfe000) (1024K)]
  0x000078d168242e70 JavaThread "DH-ChunkSaveIgnoreTimer"    daemon [_thread_blocked, id=3578902, stack(0x000078d080100000,0x000078d080200000) (1024K)]
  0x000078d1681e0210 JavaThread "DH-ChunkSaveIgnoreTimer"    daemon [_thread_blocked, id=3578903, stack(0x000078d080200000,0x000078d080300000) (1024K)]
  0x000078d16801fe30 JavaThread "DH-World Gen Progress Updater Thread[0]" daemon [_thread_blocked, id=3578905, stack(0x000078cfd7500000,0x000078cfd7600000) (1024K)]
  0x000078d11b1a1730 JavaThread "Netty Local IO #18"         daemon [_thread_blocked, id=3591473, stack(0x000078d080c00000,0x000078d080d00000) (1024K)]
  0x000078d11894d0c0 JavaThread "Netty Local IO #19"         daemon [_thread_blocked, id=3591475, stack(0x000078d082400000,0x000078d082500000) (1024K)]
  0x000078d01400f530 JavaThread "Netty Local IO #20"         daemon [_thread_blocked, id=3591476, stack(0x000078d205094000,0x000078d205194000) (1024K)]
  0x000078cfe800f010 JavaThread "DH-ChunkSaveIgnoreTimer"    daemon [_thread_blocked, id=3591761, stack(0x000078cf9f000000,0x000078cf9f100000) (1024K)]
  0x000078cfe8082170 JavaThread "DH-ChunkSaveIgnoreTimer"    daemon [_thread_blocked, id=3591763, stack(0x000078d206c00000,0x000078d206d00000) (1024K)]
  0x000078cfe80021b0 JavaThread "DH-World Gen Progress Updater Thread[0]" daemon [_thread_blocked, id=3591765, stack(0x000078d205994000,0x000078d205a94000) (1024K)]
  0x000078d08ee78ca0 JavaThread "Netty Local IO #21"         daemon [_thread_blocked, id=3604862, stack(0x000078d080b00000,0x000078d080c00000) (1024K)]
  0x000078d08cd37480 JavaThread "Netty Local IO #22"         daemon [_thread_blocked, id=3604863, stack(0x000078cfd7400000,0x000078cfd7500000) (1024K)]
  0x000078d1ac0469d0 JavaThread "Netty Local IO #23"         daemon [_thread_blocked, id=3604864, stack(0x000078cfa1d00000,0x000078cfa1e00000) (1024K)]
  0x000078d14c003690 JavaThread "DH-ChunkSaveIgnoreTimer"    daemon [_thread_blocked, id=3605134, stack(0x000078d0a57fe000,0x000078d0a58fe000) (1024K)]
  0x000078d14c019980 JavaThread "DH-ChunkSaveIgnoreTimer"    daemon [_thread_blocked, id=3605135, stack(0x000078cf9ef00000,0x000078cf9f000000) (1024K)]
  0x000078d14c039f50 JavaThread "DH-World Gen Progress Updater Thread[0]" daemon [_thread_blocked, id=3605137, stack(0x000078d206b00000,0x000078d206c00000) (1024K)]
  0x000078d11be0d110 JavaThread "Netty Local IO #24"         daemon [_thread_blocked, id=3617822, stack(0x000078cfaee00000,0x000078cfaef00000) (1024K)]
  0x000078d11b19d510 JavaThread "Netty Local IO #25"         daemon [_thread_blocked, id=3617823, stack(0x000078d0a50fe000,0x000078d0a51fe000) (1024K)]
  0x000078d1640ba220 JavaThread "Netty Local IO #26"         daemon [_thread_blocked, id=3617824, stack(0x000078cfcf600000,0x000078cfcf700000) (1024K)]
  0x000078cfe80059b0 JavaThread "DH-ChunkSaveIgnoreTimer"    daemon [_thread_blocked, id=3618098, stack(0x000078d205494000,0x000078d205594000) (1024K)]
  0x000078cfe80036a0 JavaThread "DH-ChunkSaveIgnoreTimer"    daemon [_thread_blocked, id=3618099, stack(0x000078cfbf800000,0x000078cfbf900000) (1024K)]
  0x000078cfe800bd90 JavaThread "DH-World Gen Progress Updater Thread[0]" daemon [_thread_blocked, id=3618101, stack(0x000078cfa1e00000,0x000078cfa1f00000) (1024K)]
  0x000078d08f943590 JavaThread "Netty Local IO #27"         daemon [_thread_blocked, id=3631343, stack(0x000078d080400000,0x000078d080500000) (1024K)]
  0x000078d11b812560 JavaThread "Netty Local IO #28"         daemon [_thread_blocked, id=3631346, stack(0x000078cf9dd00000,0x000078cf9de00000) (1024K)]
  0x000078d0f804c950 JavaThread "Netty Local IO #29"         daemon [_thread_blocked, id=3631347, stack(0x000078cfd7e00000,0x000078cfd7f00000) (1024K)]
  0x000078cfe8080f20 JavaThread "DH-ChunkSaveIgnoreTimer"    daemon [_thread_blocked, id=3631614, stack(0x000078cfcf700000,0x000078cfcf800000) (1024K)]
  0x000078cfe8000f90 JavaThread "DH-ChunkSaveIgnoreTimer"    daemon [_thread_blocked, id=3631615, stack(0x000078cfc2280000,0x000078cfc2380000) (1024K)]
  0x000078cfe8004200 JavaThread "DH-World Gen Progress Updater Thread[0]" daemon [_thread_blocked, id=3631622, stack(0x000078cf9e900000,0x000078cf9ea00000) (1024K)]
  0x000078d11b13f930 JavaThread "Netty Local IO #30"         daemon [_thread_blocked, id=3646800, stack(0x000078cf9df00000,0x000078cf9e000000) (1024K)]
  0x000078d08f92d830 JavaThread "Netty Local IO #31"         daemon [_thread_blocked, id=3646801, stack(0x000078cf9d700000,0x000078cf9d800000) (1024K)]
  0x000078d000024130 JavaThread "DH-ChunkSaveIgnoreTimer"    daemon [_thread_blocked, id=3647078, stack(0x000078cf9d300000,0x000078cf9d400000) (1024K)]
  0x000078d000402140 JavaThread "DH-ChunkSaveIgnoreTimer"    daemon [_thread_blocked, id=3647079, stack(0x000078cf9d200000,0x000078cf9d300000) (1024K)]
  0x000078d000024a20 JavaThread "DH-World Gen Progress Updater Thread[0]" daemon [_thread_blocked, id=3647081, stack(0x000078cf9d500000,0x000078cf9d600000) (1024K)]
  0x000078cfd8035350 JavaThread "ForkJoinPool.commonPool-worker-8" daemon [_thread_blocked, id=3649673, stack(0x000078cf9bd00000,0x000078cf9be00000) (1024K)]
  0x000078d0447420d0 JavaThread "IO-Worker-13"                      [_thread_blocked, id=3656541, stack(0x000078cfcf800000,0x000078cfcf900000) (1024K)]
  0x000078cffc0a70a0 JavaThread "DH-ChunkSaveIgnoreTimer"    daemon [_thread_blocked, id=3660115, stack(0x000078d0a4dfe000,0x000078d0a4efe000) (1024K)]
  0x000078cffc0a8160 JavaThread "DH-ChunkSaveIgnoreTimer"    daemon [_thread_blocked, id=3660116, stack(0x000078d0a4bfd000,0x000078d0a4cfd000) (1024K)]
  0x000078cffc00ae10 JavaThread "DH-World Gen Progress Updater Thread[0]" daemon [_thread_blocked, id=3660119, stack(0x000078d0a47fd000,0x000078d0a48fd000) (1024K)]
  0x000078cffc00a5e0 JavaThread "DH-ChunkSaveIgnoreTimer"    daemon [_thread_blocked, id=3672668, stack(0x000078cfd7200000,0x000078cfd7300000) (1024K)]
  0x000078cffc0320f0 JavaThread "DH-ChunkSaveIgnoreTimer"    daemon [_thread_blocked, id=3672669, stack(0x000078cfc8c00000,0x000078cfc8d00000) (1024K)]
  0x000078cffc005f70 JavaThread "DH-World Gen Progress Updater Thread[0]" daemon [_thread_blocked, id=3672671, stack(0x000078cf9f300000,0x000078cf9f400000) (1024K)]
  0x000078d144111000 JavaThread "DH-ChunkSaveIgnoreTimer"    daemon [_thread_blocked, id=3687680, stack(0x000078d081900000,0x000078d081a00000) (1024K)]
  0x000078d144112f90 JavaThread "DH-ChunkSaveIgnoreTimer"    daemon [_thread_blocked, id=3687681, stack(0x000078d081700000,0x000078d081800000) (1024K)]
  0x000078d144076de0 JavaThread "DH-World Gen Progress Updater Thread[0]" daemon [_thread_blocked, id=3687683, stack(0x000078d080f00000,0x000078d081000000) (1024K)]
  0x000078d14404a020 JavaThread "DH-ChunkSaveIgnoreTimer"    daemon [_thread_blocked, id=3702079, stack(0x000078cf9ed00000,0x000078cf9ee00000) (1024K)]
  0x000078d1440a5ca0 JavaThread "DH-ChunkSaveIgnoreTimer"    daemon [_thread_blocked, id=3702080, stack(0x000078cf9c800000,0x000078cf9c900000) (1024K)]
  0x000078d1440804a0 JavaThread "DH-World Gen Progress Updater Thread[0]" daemon [_thread_blocked, id=3702082, stack(0x000078d205794000,0x000078d205894000) (1024K)]
  0x000078d0582db240 JavaThread "DH-ChunkSaveIgnoreTimer"    daemon [_thread_blocked, id=3718537, stack(0x000078d081a00000,0x000078d081b00000) (1024K)]
  0x000078d058297a40 JavaThread "DH-ChunkSaveIgnoreTimer"    daemon [_thread_blocked, id=3718538, stack(0x000078d081400000,0x000078d081500000) (1024K)]
  0x000078d0582d9320 JavaThread "DH-World Gen Progress Updater Thread[0]" daemon [_thread_blocked, id=3718541, stack(0x000078d080a00000,0x000078d080b00000) (1024K)]
  0x000078d144120cf0 JavaThread "DH-ChunkSaveIgnoreTimer"    daemon [_thread_blocked, id=3734650, stack(0x000078cfd7000000,0x000078cfd7100000) (1024K)]
  0x000078d144121610 JavaThread "DH-ChunkSaveIgnoreTimer"    daemon [_thread_blocked, id=3734651, stack(0x000078cfd5dff000,0x000078cfd5eff000) (1024K)]
  0x000078d14411d570 JavaThread "DH-World Gen Progress Updater Thread[0]" daemon [_thread_blocked, id=3734653, stack(0x000078cfcec00000,0x000078cfced00000) (1024K)]
  0x000078d144125fe0 JavaThread "DH-ChunkSaveIgnoreTimer"    daemon [_thread_blocked, id=3747805, stack(0x000078cfa2000000,0x000078cfa2100000) (1024K)]
  0x000078d1441117b0 JavaThread "DH-ChunkSaveIgnoreTimer"    daemon [_thread_blocked, id=3747806, stack(0x000078cf9ea00000,0x000078cf9eb00000) (1024K)]
  0x000078d1440777a0 JavaThread "DH-World Gen Progress Updater Thread[0]" daemon [_thread_blocked, id=3747808, stack(0x000078cf9ba00000,0x000078cf9bb00000) (1024K)]
  0x000078d1e01b2f90 JavaThread "IO-Worker-15"                      [_thread_blocked, id=3757435, stack(0x000078cfb3c00000,0x000078cfb3d00000) (1024K)]
  0x000078d144077eb0 JavaThread "DH-ChunkSaveIgnoreTimer"    daemon [_thread_blocked, id=3761149, stack(0x000078d080500000,0x000078d080600000) (1024K)]
  0x000078d144123af0 JavaThread "DH-ChunkSaveIgnoreTimer"    daemon [_thread_blocked, id=3761150, stack(0x000078cfd7f00000,0x000078cfd8000000) (1024K)]
  0x000078d144034270 JavaThread "DH-World Gen Progress Updater Thread[0]" daemon [_thread_blocked, id=3761152, stack(0x000078cfd7900000,0x000078cfd7a00000) (1024K)]
  0x000078d08efff290 JavaThread "Download-3"                 daemon [_thread_blocked, id=3762300, stack(0x000078cf99300000,0x000078cf99400000) (1024K)]
  0x000078d03412c190 JavaThread "DH-ChunkSaveIgnoreTimer"    daemon [_thread_blocked, id=3774284, stack(0x000078cf9d600000,0x000078cf9d700000) (1024K)]
  0x000078d0344f14d0 JavaThread "DH-ChunkSaveIgnoreTimer"    daemon [_thread_blocked, id=3774285, stack(0x000078cf9b300000,0x000078cf9b400000) (1024K)]
  0x000078d0348f9570 JavaThread "DH-World Gen Progress Updater Thread[0]" daemon [_thread_blocked, id=3774287, stack(0x000078cfd5eff000,0x000078cfd5fff000) (1024K)]
  0x000078d02c2447a0 JavaThread "DH-ChunkSaveIgnoreTimer"    daemon [_thread_blocked, id=3787086, stack(0x000078cfa5200000,0x000078cfa5300000) (1024K)]
  0x000078d02c402cf0 JavaThread "DH-ChunkSaveIgnoreTimer"    daemon [_thread_blocked, id=3787087, stack(0x000078cf9a900000,0x000078cf9aa00000) (1024K)]
  0x000078d02c3047c0 JavaThread "DH-World Gen Progress Updater Thread[0]" daemon [_thread_blocked, id=3787089, stack(0x000078cf99800000,0x000078cf99900000) (1024K)]
  0x000078d02c246270 JavaThread "DH-ChunkSaveIgnoreTimer"    daemon [_thread_blocked, id=3800188, stack(0x000078cfd7800000,0x000078cfd7900000) (1024K)]
  0x000078d02c0008e0 JavaThread "DH-ChunkSaveIgnoreTimer"    daemon [_thread_blocked, id=3800189, stack(0x000078cfd7300000,0x000078cfd7400000) (1024K)]
  0x000078d02c3920a0 JavaThread "DH-World Gen Progress Updater Thread[0]" daemon [_thread_blocked, id=3800192, stack(0x000078cfd4800000,0x000078cfd4900000) (1024K)]
  0x000078d168132160 JavaThread "DH-ChunkSaveIgnoreTimer"    daemon [_thread_blocked, id=3812964, stack(0x000078cf9a800000,0x000078cf9a900000) (1024K)]
  0x000078d16824d540 JavaThread "DH-ChunkSaveIgnoreTimer"    daemon [_thread_blocked, id=3812966, stack(0x000078d080600000,0x000078d080700000) (1024K)]
  0x000078d16813bf00 JavaThread "DH-World Gen Progress Updater Thread[0]" daemon [_thread_blocked, id=3812968, stack(0x000078cfc3a00000,0x000078cfc3b00000) (1024K)]
  0x000078d0a0018c70 JavaThread "DH-ChunkSaveIgnoreTimer"    daemon [_thread_blocked, id=3826362, stack(0x000078cf9c200000,0x000078cf9c300000) (1024K)]
  0x000078d0a0015470 JavaThread "DH-ChunkSaveIgnoreTimer"    daemon [_thread_blocked, id=3826364, stack(0x000078cf9f100000,0x000078cf9f200000) (1024K)]
  0x000078d0a0016e90 JavaThread "DH-World Gen Progress Updater Thread[0]" daemon [_thread_blocked, id=3826366, stack(0x000078cfac800000,0x000078cfac900000) (1024K)]
  0x000078d1e422e0c0 JavaThread "IO-Worker-17"                      [_thread_blocked, id=3839336, stack(0x000078cf91600000,0x000078cf91700000) (1024K)]
  0x000078d18c048000 JavaThread "IO-Worker-18"                      [_thread_blocked, id=3839338, stack(0x000078cf91500000,0x000078cf91600000) (1024K)]
  0x000078d1440a48c0 JavaThread "DH-ChunkSaveIgnoreTimer"    daemon [_thread_blocked, id=3843056, stack(0x000078cf9ae00000,0x000078cf9af00000) (1024K)]
  0x000078d1440731e0 JavaThread "DH-ChunkSaveIgnoreTimer"    daemon [_thread_blocked, id=3843057, stack(0x000078cfaba00000,0x000078cfabb00000) (1024K)]
  0x000078d144122fb0 JavaThread "DH-World Gen Progress Updater Thread[0]" daemon [_thread_blocked, id=3843060, stack(0x000078cfc1000000,0x000078cfc1100000) (1024K)]
  0x000078d058243cc0 JavaThread "DH-ChunkSaveIgnoreTimer"    daemon [_thread_blocked, id=3859134, stack(0x000078cfd7a00000,0x000078cfd7b00000) (1024K)]
  0x000078d058017a60 JavaThread "DH-ChunkSaveIgnoreTimer"    daemon [_thread_blocked, id=3859135, stack(0x000078d080900000,0x000078d080a00000) (1024K)]
  0x000078d0582d88e0 JavaThread "DH-World Gen Progress Updater Thread[0]" daemon [_thread_blocked, id=3859138, stack(0x000078d0a427d000,0x000078d0a437d000) (1024K)]
  0x000078d1e4cf7ba0 JavaThread "IO-Worker-20"                      [_thread_blocked, id=3871851, stack(0x000078cf94b6a000,0x000078cf94c6a000) (1024K)]
  0x000078d168079d00 JavaThread "DH-ChunkSaveIgnoreTimer"    daemon [_thread_blocked, id=3875231, stack(0x000078d080800000,0x000078d080900000) (1024K)]
  0x000078d16821f0b0 JavaThread "DH-ChunkSaveIgnoreTimer"    daemon [_thread_blocked, id=3875232, stack(0x000078cfce600000,0x000078cfce700000) (1024K)]
  0x000078d168133940 JavaThread "DH-World Gen Progress Updater Thread[0]" daemon [_thread_blocked, id=3875234, stack(0x000078d0a56fe000,0x000078d0a57fe000) (1024K)]
  0x000078d2815ad720 JavaThread "Server thread"                     [_thread_blocked, id=3891156, stack(0x000078cf92d00000,0x000078cf92e00000) (1024K)]
  0x000078d000019180 JavaThread "DH-Full Data Migration Thread[0]"        [_thread_blocked, id=3891200, stack(0x000078cfd60ff000,0x000078cfd61ff000) (1024K)]
  0x000078d00007b200 JavaThread "DH-Chunk Update Queue [minecraft:overworld] Thread[0]"        [_thread_blocked, id=3891303, stack(0x000078d081b00000,0x000078d081c00000) (1024K)]
  0x000078d034178180 JavaThread "DH-ChunkSaveIgnoreTimer"    daemon [_thread_blocked, id=3891491, stack(0x000078cfcd600000,0x000078cfcd700000) (1024K)]
  0x000078d03412c970 JavaThread "DH-ChunkSaveIgnoreTimer"    daemon [_thread_blocked, id=3891492, stack(0x000078d083465000,0x000078d083565000) (1024K)]
  0x000078d034022fc0 JavaThread "DH-World Gen Progress Updater Thread[0]" daemon [_thread_blocked, id=3891494, stack(0x000078d0a5cfe000,0x000078d0a5dfe000) (1024K)]
  0x000078d07ce57810 JavaThread "Active world cleaner"       daemon [_thread_blocked, id=3891947, stack(0x000078cf9496a000,0x000078cf94a6a000) (1024K)]
  0x000078ced0113090 JavaThread "Dedicated Voxy Worker #4"   daemon [_thread_blocked, id=3891952, stack(0x000078d0a4efe000,0x000078d0a4ffe000) (1024K)]
  0x000078d08cd24360 JavaThread "Sound engine"               daemon [_thread_blocked, id=3891953, stack(0x000078d0a417d000,0x000078d0a427d000) (1024K)]
  0x000078d07cf0adf0 JavaThread "Model factory processor"           [_thread_blocked, id=3892114, stack(0x000078d0a5bfe000,0x000078d0a5cfe000) (1024K)]
  0x000078d11b1322f0 JavaThread "Async Node Manager"                [_thread_blocked, id=3892128, stack(0x000078d0a407d000,0x000078d0a417d000) (1024K)]
  0x000078d08fc5f310 JavaThread "Chunk Render Task Executor #0"        [_thread_blocked, id=3892133, stack(0x000078d0835ca000,0x000078d0836ca000) (1024K)]
  0x000078d08eeb2cf0 JavaThread "Chunk Render Task Executor #1"        [_thread_blocked, id=3892135, stack(0x000078cfd6a77000,0x000078cfd6b77000) (1024K)]
  0x000078d08ef07c50 JavaThread "Chunk Render Task Executor #2"        [_thread_blocked, id=3892136, stack(0x000078cfd3a00000,0x000078cfd3b00000) (1024K)]
  0x000078d11b19dc20 JavaThread "Chunk Render Task Executor #3"        [_thread_blocked, id=3892137, stack(0x000078cfcf977000,0x000078cfcfa77000) (1024K)]
  0x000078d07f4bd880 JavaThread "Chunk Render Task Executor #4"        [_thread_blocked, id=3892138, stack(0x000078cfcee00000,0x000078cfcef00000) (1024K)]
  0x000078d07e4117e0 JavaThread "Chunk Render Task Executor #5"        [_thread_blocked, id=3892139, stack(0x000078cfc4a00000,0x000078cfc4b00000) (1024K)]
  0x000078d08fb43f00 JavaThread "Chunk Render Task Executor #6"        [_thread_blocked, id=3892141, stack(0x000078cfbbc00000,0x000078cfbbd00000) (1024K)]
  0x000078d08fb0c6a0 JavaThread "Chunk Render Task Executor #7"        [_thread_blocked, id=3892142, stack(0x000078cfb9800000,0x000078cfb9900000) (1024K)]
  0x000078d07ce58950 JavaThread "Chunk Render Task Executor #8"        [_thread_blocked, id=3892143, stack(0x000078cfb4a00000,0x000078cfb4b00000) (1024K)]
  0x000078d07dfb3b70 JavaThread "Chunk Render Task Executor #9"        [_thread_blocked, id=3892144, stack(0x000078cfafc00000,0x000078cfafd00000) (1024K)]
  0x000078d0d405d470 JavaThread "DH-IO Thread[7]"                   [_thread_blocked, id=3892183, stack(0x000078cfa2100000,0x000078cfa2200000) (1024K)]
  0x000078d08d358140 JavaThread "DH-Render Loader Thread[1]"        [_thread_blocked, id=3892188, stack(0x000078cfa1800000,0x000078cfa1900000) (1024K)]
  0x000078d08eae6a40 JavaThread "DH-Render Loader Thread[4]"        [_thread_blocked, id=3892191, stack(0x000078cfa0e00000,0x000078cfa0f00000) (1024K)]
  0x000078d08eae9090 JavaThread "DH-Render Loader Thread[6]"        [_thread_blocked, id=3892193, stack(0x000078cfa0800000,0x000078cfa0900000) (1024K)]
  0x000078d07cbeb5d0 JavaThread "DH-Render Loader Thread[8]"        [_thread_blocked, id=3892195, stack(0x000078cf9ee00000,0x000078cf9ef00000) (1024K)]
  0x000078ced3fd5b30 JavaThread "DH-Beacon Culling Thread[0]"        [_thread_blocked, id=3892203, stack(0x000078cf9d000000,0x000078cf9d100000) (1024K)]
  0x000078d134043cb0 JavaThread "DH-World Gen Thread[0]"            [_thread_in_Java, id=3892333, stack(0x000078cf9c900000,0x000078cf9ca00000) (1024K)]
  0x000078d1340adfb0 JavaThread "DH-World Gen Thread[1]"            [_thread_in_Java, id=3892334, stack(0x000078cf9bb00000,0x000078cf9bc00000) (1024K)]
  0x000078d134087970 JavaThread "DH-World Gen Thread[3]"            [_thread_in_Java, id=3892336, stack(0x000078cf9b100000,0x000078cf9b200000) (1024K)]
  0x000078d1380013d0 JavaThread "DH-World Gen Thread[12]"           [_thread_in_Java, id=3892360, stack(0x000078cf97d00000,0x000078cf97e00000) (1024K)]
  0x000078d1d0027cd0 JavaThread "Keep-Alive-Timer"           daemon [_thread_blocked, id=3901030, stack(0x000078cfca600000,0x000078cfca700000) (1024K)]
Total: 210

Other Threads:
  0x000078d280130020 VMThread "VM Thread"                           [id=3496600, stack(0x000078d25cef2000,0x000078d25cff2000) (1024K)]
  0x000078d28011e0d0 WatcherThread "VM Periodic Task Thread"        [id=3496595, stack(0x000078d25cff3000,0x000078d25d0f3000) (1024K)]
  0x000078d28004aed0 WorkerThread "GC Thread#0"                     [id=3496586, stack(0x000078d2843d1000,0x000078d2844d1000) (1024K)]
  0x000078d1f4008a30 WorkerThread "GC Thread#1"                     [id=3496762, stack(0x000078d206500000,0x000078d206600000) (1024K)]
  0x000078d1f4009520 WorkerThread "GC Thread#2"                     [id=3496763, stack(0x000078d2063ff000,0x000078d2064ff000) (1024K)]
  0x000078d1f400a010 WorkerThread "GC Thread#3"                     [id=3496764, stack(0x000078d2062fe000,0x000078d2063fe000) (1024K)]
  0x000078d1f400ab00 WorkerThread "GC Thread#4"                     [id=3496765, stack(0x000078d2061fd000,0x000078d2062fd000) (1024K)]
  0x000078d1f400b5f0 WorkerThread "GC Thread#5"                     [id=3496766, stack(0x000078d2060fc000,0x000078d2061fc000) (1024K)]
  0x000078d1f400c110 WorkerThread "GC Thread#6"                     [id=3496768, stack(0x000078d205ffb000,0x000078d2060fb000) (1024K)]
  0x000078d1f400cc50 WorkerThread "GC Thread#7"                     [id=3496769, stack(0x000078d205e98000,0x000078d205f98000) (1024K)]
  0x000078d1f400d7b0 WorkerThread "GC Thread#8"                     [id=3496770, stack(0x000078d205d97000,0x000078d205e97000) (1024K)]
  0x000078d1f400e310 WorkerThread "GC Thread#9"                     [id=3496771, stack(0x000078d205c96000,0x000078d205d96000) (1024K)]
  0x000078d1f400ee70 WorkerThread "GC Thread#10"                    [id=3496772, stack(0x000078d205b95000,0x000078d205c95000) (1024K)]
  0x000078d1f4017060 WorkerThread "GC Thread#11"                    [id=3497146, stack(0x000078d204994000,0x000078d204a94000) (1024K)]
  0x000078d1f4014610 WorkerThread "GC Thread#12"                    [id=3497147, stack(0x000078d204893000,0x000078d204993000) (1024K)]
  0x000078d28005b840 ConcurrentGCThread "G1 Main Marker"            [id=3496587, stack(0x000078d2842d0000,0x000078d2843d0000) (1024K)]
  0x000078d28005c710 WorkerThread "G1 Conc#0"                       [id=3496588, stack(0x000078d2841cf000,0x000078d2842cf000) (1024K)]
  0x000078d250000d80 WorkerThread "G1 Conc#1"                       [id=3498316, stack(0x000078d20435b000,0x000078d20445b000) (1024K)]
  0x000078d2500018b0 WorkerThread "G1 Conc#2"                       [id=3498317, stack(0x000078d20425a000,0x000078d20435a000) (1024K)]
  0x000078d2801033e0 ConcurrentGCThread "G1 Refine#0"               [id=3496589, stack(0x000078d25d1f5000,0x000078d25d2f5000) (1024K)]
  0x000078d2801042d0 ConcurrentGCThread "G1 Service"                [id=3496590, stack(0x000078d25d0f4000,0x000078d25d1f4000) (1024K)]
Total: 21

Threads with active compile tasks:
Total: 0

VM state: not at safepoint (normal execution)

VM Mutex/Monitor currently owned by a thread: None

Heap address: 0x0000000618000000, size: 7808 MB, Compressed Oops mode: Zero based, Oop shift amount: 3

CDS archive(s) mapped at: [0x000078d207000000-0x000078d207c9c000-0x000078d207c9c000), size 13221888, SharedBaseAddress: 0x000078d207000000, ArchiveRelocationMode: 1.
Compressed class space mapped at: 0x000078d208000000-0x000078d248000000, reserved size: 1073741824
Narrow klass base: 0x000078d207000000, Narrow klass shift: 0, Narrow klass range: 0x100000000

GC Precious Log:
 CardTable entry size: 512
 Card Set container configuration: InlinePtr #cards 4 size 8 Array Of Cards #cards 32 size 80 Howl #buckets 8 coarsen threshold 7372 Howl Bitmap #cards 1024 size 144 coarsen threshold 921 Card regions per heap region 1 cards per card region 8192
 CPUs: 16 total, 16 available
 Memory: 31224M
 Large Page Support: Disabled
 NUMA Support: Disabled
 Compressed Oops: Enabled (Zero based)
 Heap Region Size: 4M
 Heap Min Capacity: 8M
 Heap Initial Capacity: 488M
 Heap Max Capacity: 7808M
 Pre-touch: Disabled
 Parallel Workers: 13
 Concurrent Workers: 3
 Concurrent Refinement Workers: 13
 Periodic GC: Disabled

Heap:
 garbage-first heap   total 5984256K, used 4768470K [0x0000000618000000, 0x0000000800000000)
  region size 4096K, 406 young (1662976K), 68 survivors (278528K)
 Metaspace       used 189252K, committed 191232K, reserved 1245184K
  class space    used 27086K, committed 27968K, reserved 1048576K

Heap Regions: E=young(eden), S=young(survivor), O=old, HS=humongous(starts), HC=humongous(continues), CS=collection set, F=free, TAMS=top-at-mark-start, PB=parsable bottom
|   0|0x0000000618000000, 0x0000000618400000, 0x0000000618400000|100%|HS|  |TAMS 0x0000000618000000| PB 0x0000000618000000| Complete 
|   1|0x0000000618400000, 0x0000000618800000, 0x0000000618800000|100%| O|  |TAMS 0x0000000618400000| PB 0x0000000618400000| Untracked 
|   2|0x0000000618800000, 0x0000000618bfd0d8, 0x0000000618c00000| 99%| O|  |TAMS 0x0000000618800000| PB 0x0000000618800000| Untracked 
|   3|0x0000000618c00000, 0x0000000619000000, 0x0000000619000000|100%| O|  |TAMS 0x0000000618c00000| PB 0x0000000618c00000| Untracked 
|   4|0x0000000619000000, 0x0000000619400000, 0x0000000619400000|100%| O|  |TAMS 0x0000000619000000| PB 0x0000000619000000| Untracked 
|   5|0x0000000619400000, 0x0000000619800000, 0x0000000619800000|100%| O|  |TAMS 0x0000000619400000| PB 0x0000000619400000| Untracked 
|   6|0x0000000619800000, 0x0000000619bfffe8, 0x0000000619c00000| 99%| O|  |TAMS 0x0000000619800000| PB 0x0000000619800000| Untracked 
|   7|0x0000000619c00000, 0x0000000619ffffe0, 0x000000061a000000| 99%| O|  |TAMS 0x0000000619c00000| PB 0x0000000619c00000| Untracked 
|   8|0x000000061a000000, 0x000000061a400000, 0x000000061a400000|100%| O|  |TAMS 0x000000061a000000| PB 0x000000061a000000| Untracked 
|   9|0x000000061a400000, 0x000000061a800000, 0x000000061a800000|100%| O|  |TAMS 0x000000061a400000| PB 0x000000061a400000| Untracked 
|  10|0x000000061a800000, 0x000000061ac00000, 0x000000061ac00000|100%| O|  |TAMS 0x000000061a800000| PB 0x000000061a800000| Untracked 
|  11|0x000000061ac00000, 0x000000061afffff0, 0x000000061b000000| 99%| O|  |TAMS 0x000000061ac00000| PB 0x000000061ac00000| Untracked 
|  12|0x000000061b000000, 0x000000061b3fffe8, 0x000000061b400000| 99%| O|  |TAMS 0x000000061b000000| PB 0x000000061b000000| Untracked 
|  13|0x000000061b400000, 0x000000061b7ffff8, 0x000000061b800000| 99%| O|  |TAMS 0x000000061b400000| PB 0x000000061b400000| Untracked 
|  14|0x000000061b800000, 0x000000061bc00000, 0x000000061bc00000|100%|HS|  |TAMS 0x000000061b800000| PB 0x000000061b800000| Complete 
|  15|0x000000061bc00000, 0x000000061c000000, 0x000000061c000000|100%| O|  |TAMS 0x000000061bc00000| PB 0x000000061bc00000| Untracked 
|  16|0x000000061c000000, 0x000000061c3f8d50, 0x000000061c400000| 99%| O|  |TAMS 0x000000061c000000| PB 0x000000061c000000| Untracked 
|  17|0x000000061c400000, 0x000000061c7ffff8, 0x000000061c800000| 99%| O|  |TAMS 0x000000061c400000| PB 0x000000061c400000| Untracked 
|  18|0x000000061c800000, 0x000000061cc00000, 0x000000061cc00000|100%| O|  |TAMS 0x000000061c800000| PB 0x000000061c800000| Untracked 
|  19|0x000000061cc00000, 0x000000061cfffff8, 0x000000061d000000| 99%| O|  |TAMS 0x000000061cc00000| PB 0x000000061cc00000| Untracked 
|  20|0x000000061d000000, 0x000000061d400000, 0x000000061d400000|100%| O|  |TAMS 0x000000061d000000| PB 0x000000061d000000| Untracked 
|  21|0x000000061d400000, 0x000000061d7ffff8, 0x000000061d800000| 99%| O|  |TAMS 0x000000061d400000| PB 0x000000061d400000| Untracked 
|  22|0x000000061d800000, 0x000000061dbffff8, 0x000000061dc00000| 99%| O|  |TAMS 0x000000061d800000| PB 0x000000061d800000| Untracked 
|  23|0x000000061dc00000, 0x000000061dffffe0, 0x000000061e000000| 99%| O|  |TAMS 0x000000061dc00000| PB 0x000000061dc00000| Untracked 
|  24|0x000000061e000000, 0x000000061e3fffe0, 0x000000061e400000| 99%| O|  |TAMS 0x000000061e000000| PB 0x000000061e000000| Untracked 
|  25|0x000000061e400000, 0x000000061e800000, 0x000000061e800000|100%| O|  |TAMS 0x000000061e400000| PB 0x000000061e400000| Untracked 
|  26|0x000000061e800000, 0x000000061ec00000, 0x000000061ec00000|100%| O|  |TAMS 0x000000061e800000| PB 0x000000061e800000| Untracked 
|  27|0x000000061ec00000, 0x000000061effffe8, 0x000000061f000000| 99%| O|  |TAMS 0x000000061ec00000| PB 0x000000061ec00000| Untracked 
|  28|0x000000061f000000, 0x000000061f3fffd0, 0x000000061f400000| 99%| O|  |TAMS 0x000000061f000000| PB 0x000000061f000000| Untracked 
|  29|0x000000061f400000, 0x000000061f7ffff0, 0x000000061f800000| 99%| O|  |TAMS 0x000000061f400000| PB 0x000000061f400000| Untracked 
|  30|0x000000061f800000, 0x000000061fbffff0, 0x000000061fc00000| 99%| O|  |TAMS 0x000000061f800000| PB 0x000000061f800000| Untracked 
|  31|0x000000061fc00000, 0x0000000620000000, 0x0000000620000000|100%| O|  |TAMS 0x000000061fc00000| PB 0x000000061fc00000| Untracked 
|  32|0x0000000620000000, 0x0000000620400000, 0x0000000620400000|100%| O|  |TAMS 0x0000000620000000| PB 0x0000000620000000| Untracked 
|  33|0x0000000620400000, 0x0000000620800000, 0x0000000620800000|100%| O|  |TAMS 0x0000000620400000| PB 0x0000000620400000| Untracked 
|  34|0x0000000620800000, 0x0000000620c00000, 0x0000000620c00000|100%| O|  |TAMS 0x0000000620800000| PB 0x0000000620800000| Untracked 
|  35|0x0000000620c00000, 0x0000000620fffff8, 0x0000000621000000| 99%| O|  |TAMS 0x0000000620c00000| PB 0x0000000620c00000| Untracked 
|  36|0x0000000621000000, 0x0000000621400000, 0x0000000621400000|100%| O|  |TAMS 0x0000000621000000| PB 0x0000000621000000| Untracked 
|  37|0x0000000621400000, 0x0000000621800000, 0x0000000621800000|100%| O|  |TAMS 0x0000000621400000| PB 0x0000000621400000| Untracked 
|  38|0x0000000621800000, 0x0000000621c00000, 0x0000000621c00000|100%| O|  |TAMS 0x0000000621800000| PB 0x0000000621800000| Untracked 
|  39|0x0000000621c00000, 0x0000000622000000, 0x0000000622000000|100%| O|  |TAMS 0x0000000621c00000| PB 0x0000000621c00000| Untracked 
|  40|0x0000000622000000, 0x00000006223e37b8, 0x0000000622400000| 97%| O|  |TAMS 0x0000000622000000| PB 0x0000000622000000| Untracked 
|  41|0x0000000622400000, 0x0000000622800000, 0x0000000622800000|100%| O|  |TAMS 0x0000000622400000| PB 0x0000000622400000| Untracked 
|  42|0x0000000622800000, 0x0000000622bffff8, 0x0000000622c00000| 99%| O|  |TAMS 0x0000000622800000| PB 0x0000000622800000| Untracked 
|  43|0x0000000622c00000, 0x0000000623000000, 0x0000000623000000|100%| O|  |TAMS 0x0000000622c00000| PB 0x0000000622c00000| Untracked 
|  44|0x0000000623000000, 0x0000000623400000, 0x0000000623400000|100%| O|  |TAMS 0x0000000623000000| PB 0x0000000623000000| Untracked 
|  45|0x0000000623400000, 0x0000000623800000, 0x0000000623800000|100%| O|  |TAMS 0x0000000623400000| PB 0x0000000623400000| Untracked 
|  46|0x0000000623800000, 0x0000000623c00000, 0x0000000623c00000|100%| O|  |TAMS 0x0000000623800000| PB 0x0000000623800000| Untracked 
|  47|0x0000000623c00000, 0x0000000624000000, 0x0000000624000000|100%| O|  |TAMS 0x0000000623c00000| PB 0x0000000623c00000| Untracked 
|  48|0x0000000624000000, 0x00000006243fffd0, 0x0000000624400000| 99%| O|  |TAMS 0x0000000624000000| PB 0x0000000624000000| Untracked 
|  49|0x0000000624400000, 0x00000006247ffff0, 0x0000000624800000| 99%| O|  |TAMS 0x0000000624400000| PB 0x0000000624400000| Untracked 
|  50|0x0000000624800000, 0x0000000624c00000, 0x0000000624c00000|100%| O|  |TAMS 0x0000000624800000| PB 0x0000000624800000| Untracked 
|  51|0x0000000624c00000, 0x0000000624ffffd0, 0x0000000625000000| 99%| O|  |TAMS 0x0000000624c00000| PB 0x0000000624c00000| Untracked 
|  52|0x0000000625000000, 0x00000006253fffe8, 0x0000000625400000| 99%| O|  |TAMS 0x0000000625000000| PB 0x0000000625000000| Untracked 
|  53|0x0000000625400000, 0x00000006257fffd0, 0x0000000625800000| 99%| O|  |TAMS 0x0000000625400000| PB 0x0000000625400000| Untracked 
|  54|0x0000000625800000, 0x0000000625bffff0, 0x0000000625c00000| 99%| O|  |TAMS 0x0000000625800000| PB 0x0000000625800000| Untracked 
|  55|0x0000000625c00000, 0x0000000626000000, 0x0000000626000000|100%| O|  |TAMS 0x0000000625c00000| PB 0x0000000625c00000| Untracked 
|  56|0x0000000626000000, 0x0000000626400000, 0x0000000626400000|100%| O|  |TAMS 0x0000000626000000| PB 0x0000000626000000| Untracked 
|  57|0x0000000626400000, 0x0000000626800000, 0x0000000626800000|100%| O|  |TAMS 0x0000000626400000| PB 0x0000000626400000| Untracked 
|  58|0x0000000626800000, 0x0000000626c00000, 0x0000000626c00000|100%| O|  |TAMS 0x0000000626800000| PB 0x0000000626800000| Untracked 
|  59|0x0000000626c00000, 0x0000000627000000, 0x0000000627000000|100%| O|  |TAMS 0x0000000626c00000| PB 0x0000000626c00000| Untracked 
|  60|0x0000000627000000, 0x0000000627400000, 0x0000000627400000|100%| O|  |TAMS 0x0000000627000000| PB 0x0000000627000000| Untracked 
|  61|0x0000000627400000, 0x0000000627800000, 0x0000000627800000|100%| O|  |TAMS 0x0000000627400000| PB 0x0000000627400000| Untracked 
|  62|0x0000000627800000, 0x0000000627c00000, 0x0000000627c00000|100%| O|  |TAMS 0x0000000627800000| PB 0x0000000627800000| Untracked 
|  63|0x0000000627c00000, 0x0000000627ffd048, 0x0000000628000000| 99%| O|  |TAMS 0x0000000627c00000| PB 0x0000000627c00000| Untracked 
|  64|0x0000000628000000, 0x00000006283ff910, 0x0000000628400000| 99%| O|  |TAMS 0x0000000628000000| PB 0x0000000628000000| Untracked 
|  65|0x0000000628400000, 0x0000000628800000, 0x0000000628800000|100%| O|  |TAMS 0x0000000628400000| PB 0x0000000628400000| Untracked 
|  66|0x0000000628800000, 0x0000000628bfffd0, 0x0000000628c00000| 99%| O|  |TAMS 0x0000000628800000| PB 0x0000000628800000| Untracked 
|  67|0x0000000628c00000, 0x0000000629000000, 0x0000000629000000|100%| O|  |TAMS 0x0000000628c00000| PB 0x0000000628c00000| Untracked 
|  68|0x0000000629000000, 0x00000006293fffd8, 0x0000000629400000| 99%| O|  |TAMS 0x0000000629000000| PB 0x0000000629000000| Untracked 
|  69|0x0000000629400000, 0x0000000629800000, 0x0000000629800000|100%| O|  |TAMS 0x0000000629400000| PB 0x0000000629400000| Untracked 
|  70|0x0000000629800000, 0x0000000629c00000, 0x0000000629c00000|100%| O|  |TAMS 0x0000000629800000| PB 0x0000000629800000| Untracked 
|  71|0x0000000629c00000, 0x0000000629ffffe8, 0x000000062a000000| 99%| O|  |TAMS 0x0000000629c00000| PB 0x0000000629c00000| Untracked 
|  72|0x000000062a000000, 0x000000062a400000, 0x000000062a400000|100%| O|  |TAMS 0x000000062a000000| PB 0x000000062a000000| Untracked 
|  73|0x000000062a400000, 0x000000062a800000, 0x000000062a800000|100%| O|  |TAMS 0x000000062a400000| PB 0x000000062a400000| Untracked 
|  74|0x000000062a800000, 0x000000062abffff8, 0x000000062ac00000| 99%| O|  |TAMS 0x000000062a800000| PB 0x000000062a800000| Untracked 
|  75|0x000000062ac00000, 0x000000062afffff0, 0x000000062b000000| 99%| O|  |TAMS 0x000000062ac00000| PB 0x000000062ac00000| Untracked 
|  76|0x000000062b000000, 0x000000062b3ffff8, 0x000000062b400000| 99%| O|  |TAMS 0x000000062b000000| PB 0x000000062b000000| Untracked 
|  77|0x000000062b400000, 0x000000062b800000, 0x000000062b800000|100%| O|  |TAMS 0x000000062b400000| PB 0x000000062b400000| Untracked 
|  78|0x000000062b800000, 0x000000062bbffff0, 0x000000062bc00000| 99%| O|  |TAMS 0x000000062b800000| PB 0x000000062b800000| Untracked 
|  79|0x000000062bc00000, 0x000000062bffffc8, 0x000000062c000000| 99%| O|  |TAMS 0x000000062bc00000| PB 0x000000062bc00000| Untracked 
|  80|0x000000062c000000, 0x000000062c3ffff8, 0x000000062c400000| 99%| O|  |TAMS 0x000000062c000000| PB 0x000000062c000000| Untracked 
|  81|0x000000062c400000, 0x000000062c7e8048, 0x000000062c800000| 97%| O|  |TAMS 0x000000062c400000| PB 0x000000062c400000| Untracked 
|  82|0x000000062c800000, 0x000000062cbffff8, 0x000000062cc00000| 99%| O|  |TAMS 0x000000062c800000| PB 0x000000062c800000| Untracked 
|  83|0x000000062cc00000, 0x000000062cfffff8, 0x000000062d000000| 99%| O|  |TAMS 0x000000062cc00000| PB 0x000000062cc00000| Untracked 
|  84|0x000000062d000000, 0x000000062d3e0618, 0x000000062d400000| 96%| O|  |TAMS 0x000000062d000000| PB 0x000000062d000000| Untracked 
|  85|0x000000062d400000, 0x000000062d7fffd8, 0x000000062d800000| 99%| O|  |TAMS 0x000000062d400000| PB 0x000000062d400000| Untracked 
|  86|0x000000062d800000, 0x000000062dbfe8c0, 0x000000062dc00000| 99%| O|  |TAMS 0x000000062d800000| PB 0x000000062d800000| Untracked 
|  87|0x000000062dc00000, 0x000000062e000000, 0x000000062e000000|100%| O|  |TAMS 0x000000062dc00000| PB 0x000000062dc00000| Untracked 
|  88|0x000000062e000000, 0x000000062e400000, 0x000000062e400000|100%| O|  |TAMS 0x000000062e000000| PB 0x000000062e000000| Untracked 
|  89|0x000000062e400000, 0x000000062e800000, 0x000000062e800000|100%| O|  |TAMS 0x000000062e400000| PB 0x000000062e400000| Untracked 
|  90|0x000000062e800000, 0x000000062ec00000, 0x000000062ec00000|100%| O|  |TAMS 0x000000062e800000| PB 0x000000062e800000| Untracked 
|  91|0x000000062ec00000, 0x000000062f000000, 0x000000062f000000|100%| O|  |TAMS 0x000000062ec00000| PB 0x000000062ec00000| Untracked 
|  92|0x000000062f000000, 0x000000062f3fe7e0, 0x000000062f400000| 99%| O|  |TAMS 0x000000062f000000| PB 0x000000062f000000| Untracked 
|  93|0x000000062f400000, 0x000000062f800000, 0x000000062f800000|100%| O|  |TAMS 0x000000062f400000| PB 0x000000062f400000| Untracked 
|  94|0x000000062f800000, 0x000000062fbffff8, 0x000000062fc00000| 99%| O|  |TAMS 0x000000062f800000| PB 0x000000062f800000| Untracked 
|  95|0x000000062fc00000, 0x000000062fffffe0, 0x0000000630000000| 99%| O|  |TAMS 0x000000062fc00000| PB 0x000000062fc00000| Untracked 
|  96|0x0000000630000000, 0x00000006303ffff8, 0x0000000630400000| 99%| O|  |TAMS 0x0000000630000000| PB 0x0000000630000000| Untracked 
|  97|0x0000000630400000, 0x00000006307ffff0, 0x0000000630800000| 99%| O|  |TAMS 0x0000000630400000| PB 0x0000000630400000| Untracked 
|  98|0x0000000630800000, 0x0000000630bffff0, 0x0000000630c00000| 99%| O|  |TAMS 0x0000000630800000| PB 0x0000000630800000| Untracked 
|  99|0x0000000630c00000, 0x0000000630ffffe8, 0x0000000631000000| 99%| O|  |TAMS 0x0000000630c00000| PB 0x0000000630c00000| Untracked 
| 100|0x0000000631000000, 0x0000000631400000, 0x0000000631400000|100%| O|  |TAMS 0x0000000631000000| PB 0x0000000631000000| Untracked 
| 101|0x0000000631400000, 0x00000006317fffe0, 0x0000000631800000| 99%| O|  |TAMS 0x0000000631400000| PB 0x0000000631400000| Untracked 
| 102|0x0000000631800000, 0x0000000631c00000, 0x0000000631c00000|100%| O|  |TAMS 0x0000000631800000| PB 0x0000000631800000| Untracked 
| 103|0x0000000631c00000, 0x0000000631ffffd8, 0x0000000632000000| 99%| O|  |TAMS 0x0000000631c00000| PB 0x0000000631c00000| Untracked 
| 104|0x0000000632000000, 0x00000006323fffb8, 0x0000000632400000| 99%| O|  |TAMS 0x0000000632000000| PB 0x0000000632000000| Untracked 
| 105|0x0000000632400000, 0x00000006327ffff8, 0x0000000632800000| 99%| O|  |TAMS 0x0000000632400000| PB 0x0000000632400000| Untracked 
| 106|0x0000000632800000, 0x0000000632bffff8, 0x0000000632c00000| 99%| O|  |TAMS 0x0000000632800000| PB 0x0000000632800000| Untracked 
| 107|0x0000000632c00000, 0x0000000632fffff8, 0x0000000633000000| 99%| O|  |TAMS 0x0000000632c00000| PB 0x0000000632c00000| Untracked 
| 108|0x0000000633000000, 0x00000006333fc758, 0x0000000633400000| 99%| O|  |TAMS 0x0000000633000000| PB 0x0000000633000000| Untracked 
| 109|0x0000000633400000, 0x00000006337ff1b8, 0x0000000633800000| 99%| O|  |TAMS 0x0000000633400000| PB 0x0000000633400000| Untracked 
| 110|0x0000000633800000, 0x0000000633bffd18, 0x0000000633c00000| 99%| O|  |TAMS 0x0000000633800000| PB 0x0000000633800000| Untracked 
| 111|0x0000000633c00000, 0x0000000633fe66f8, 0x0000000634000000| 97%| O|  |TAMS 0x0000000633c00000| PB 0x0000000633c00000| Untracked 
| 112|0x0000000634000000, 0x00000006343ffff8, 0x0000000634400000| 99%| O|  |TAMS 0x0000000634000000| PB 0x0000000634000000| Untracked 
| 113|0x0000000634400000, 0x00000006347fdd38, 0x0000000634800000| 99%| O|  |TAMS 0x0000000634400000| PB 0x0000000634400000| Untracked 
| 114|0x0000000634800000, 0x0000000634bffff8, 0x0000000634c00000| 99%| O|  |TAMS 0x0000000634800000| PB 0x0000000634800000| Untracked 
| 115|0x0000000634c00000, 0x0000000634ffff88, 0x0000000635000000| 99%| O|  |TAMS 0x0000000634c00000| PB 0x0000000634c00000| Untracked 
| 116|0x0000000635000000, 0x00000006353ffff0, 0x0000000635400000| 99%| O|  |TAMS 0x0000000635000000| PB 0x0000000635000000| Untracked 
| 117|0x0000000635400000, 0x00000006357ffb88, 0x0000000635800000| 99%| O|  |TAMS 0x0000000635400000| PB 0x0000000635400000| Untracked 
| 118|0x0000000635800000, 0x0000000635bf5738, 0x0000000635c00000| 98%| O|  |TAMS 0x0000000635800000| PB 0x0000000635800000| Untracked 
| 119|0x0000000635c00000, 0x0000000636000000, 0x0000000636000000|100%| O|  |TAMS 0x0000000635c00000| PB 0x0000000635c00000| Untracked 
| 120|0x0000000636000000, 0x00000006363f4168, 0x0000000636400000| 98%| O|  |TAMS 0x0000000636000000| PB 0x0000000636000000| Untracked 
| 121|0x0000000636400000, 0x00000006367ffff8, 0x0000000636800000| 99%| O|  |TAMS 0x0000000636400000| PB 0x0000000636400000| Untracked 
| 122|0x0000000636800000, 0x0000000636c00000, 0x0000000636c00000|100%| O|  |TAMS 0x0000000636800000| PB 0x0000000636800000| Untracked 
| 123|0x0000000636c00000, 0x0000000637000000, 0x0000000637000000|100%| O|  |TAMS 0x0000000636c00000| PB 0x0000000636c00000| Untracked 
| 124|0x0000000637000000, 0x00000006373ffff8, 0x0000000637400000| 99%| O|  |TAMS 0x0000000637000000| PB 0x0000000637000000| Untracked 
| 125|0x0000000637400000, 0x0000000637800000, 0x0000000637800000|100%| O|  |TAMS 0x0000000637400000| PB 0x0000000637400000| Untracked 
| 126|0x0000000637800000, 0x0000000637c00000, 0x0000000637c00000|100%| O|  |TAMS 0x0000000637800000| PB 0x0000000637800000| Untracked 
| 127|0x0000000637c00000, 0x0000000637fffff0, 0x0000000638000000| 99%| O|  |TAMS 0x0000000637c00000| PB 0x0000000637c00000| Untracked 
| 128|0x0000000638000000, 0x00000006383ffff8, 0x0000000638400000| 99%| O|  |TAMS 0x0000000638000000| PB 0x0000000638000000| Untracked 
| 129|0x0000000638400000, 0x00000006387ffd60, 0x0000000638800000| 99%| O|  |TAMS 0x0000000638400000| PB 0x0000000638400000| Untracked 
| 130|0x0000000638800000, 0x0000000638bfffe0, 0x0000000638c00000| 99%| O|  |TAMS 0x0000000638800000| PB 0x0000000638800000| Untracked 
| 131|0x0000000638c00000, 0x0000000638fffff0, 0x0000000639000000| 99%| O|  |TAMS 0x0000000638c00000| PB 0x0000000638c00000| Untracked 
| 132|0x0000000639000000, 0x00000006393fff90, 0x0000000639400000| 99%| O|  |TAMS 0x0000000639000000| PB 0x0000000639000000| Untracked 
| 133|0x0000000639400000, 0x00000006397ffff8, 0x0000000639800000| 99%| O|  |TAMS 0x0000000639400000| PB 0x0000000639400000| Untracked 
| 134|0x0000000639800000, 0x0000000639bffff8, 0x0000000639c00000| 99%| O|  |TAMS 0x0000000639800000| PB 0x0000000639800000| Untracked 
| 135|0x0000000639c00000, 0x0000000639fff810, 0x000000063a000000| 99%| O|  |TAMS 0x0000000639c00000| PB 0x0000000639c00000| Untracked 
| 136|0x000000063a000000, 0x000000063a3ffcc0, 0x000000063a400000| 99%| O|  |TAMS 0x000000063a000000| PB 0x000000063a000000| Untracked 
| 137|0x000000063a400000, 0x000000063a7ffff0, 0x000000063a800000| 99%| O|  |TAMS 0x000000063a400000| PB 0x000000063a400000| Untracked 
| 138|0x000000063a800000, 0x000000063abfffd8, 0x000000063ac00000| 99%| O|  |TAMS 0x000000063a800000| PB 0x000000063a800000| Untracked 
| 139|0x000000063ac00000, 0x000000063afffff0, 0x000000063b000000| 99%| O|  |TAMS 0x000000063ac00000| PB 0x000000063ac00000| Untracked 
| 140|0x000000063b000000, 0x000000063b3ffff0, 0x000000063b400000| 99%| O|  |TAMS 0x000000063b000000| PB 0x000000063b000000| Untracked 
| 141|0x000000063b400000, 0x000000063b7ffce0, 0x000000063b800000| 99%| O|  |TAMS 0x000000063b400000| PB 0x000000063b400000| Untracked 
| 142|0x000000063b800000, 0x000000063bbffff0, 0x000000063bc00000| 99%| O|  |TAMS 0x000000063b800000| PB 0x000000063b800000| Untracked 
| 143|0x000000063bc00000, 0x000000063bffffd8, 0x000000063c000000| 99%| O|  |TAMS 0x000000063bc00000| PB 0x000000063bc00000| Untracked 
| 144|0x000000063c000000, 0x000000063c3fd400, 0x000000063c400000| 99%| O|  |TAMS 0x000000063c000000| PB 0x000000063c000000| Untracked 
| 145|0x000000063c400000, 0x000000063c800000, 0x000000063c800000|100%| O|  |TAMS 0x000000063c400000| PB 0x000000063c400000| Untracked 
| 146|0x000000063c800000, 0x000000063cbfffe0, 0x000000063cc00000| 99%| O|  |TAMS 0x000000063c800000| PB 0x000000063c800000| Untracked 
| 147|0x000000063cc00000, 0x000000063cfffff8, 0x000000063d000000| 99%| O|  |TAMS 0x000000063cc00000| PB 0x000000063cc00000| Untracked 
| 148|0x000000063d000000, 0x000000063d3ffff0, 0x000000063d400000| 99%| O|  |TAMS 0x000000063d000000| PB 0x000000063d000000| Untracked 
| 149|0x000000063d400000, 0x000000063d7ffef8, 0x000000063d800000| 99%| O|  |TAMS 0x000000063d400000| PB 0x000000063d400000| Untracked 
| 150|0x000000063d800000, 0x000000063dbffff0, 0x000000063dc00000| 99%| O|  |TAMS 0x000000063d800000| PB 0x000000063d800000| Untracked 
| 151|0x000000063dc00000, 0x000000063dfffff8, 0x000000063e000000| 99%| O|  |TAMS 0x000000063dc00000| PB 0x000000063dc00000| Untracked 
| 152|0x000000063e000000, 0x000000063e3ffff8, 0x000000063e400000| 99%| O|  |TAMS 0x000000063e000000| PB 0x000000063e000000| Untracked 
| 153|0x000000063e400000, 0x000000063e7fffb8, 0x000000063e800000| 99%| O|  |TAMS 0x000000063e400000| PB 0x000000063e400000| Untracked 
| 154|0x000000063e800000, 0x000000063ebfffe8, 0x000000063ec00000| 99%| O|  |TAMS 0x000000063e800000| PB 0x000000063e800000| Untracked 
| 155|0x000000063ec00000, 0x000000063efffff0, 0x000000063f000000| 99%| O|  |TAMS 0x000000063ec00000| PB 0x000000063ec00000| Untracked 
| 156|0x000000063f000000, 0x000000063f3fffe0, 0x000000063f400000| 99%| O|  |TAMS 0x000000063f000000| PB 0x000000063f000000| Untracked 
| 157|0x000000063f400000, 0x000000063f800000, 0x000000063f800000|100%| O|  |TAMS 0x000000063f400000| PB 0x000000063f400000| Untracked 
| 158|0x000000063f800000, 0x000000063fbffff8, 0x000000063fc00000| 99%| O|  |TAMS 0x000000063f800000| PB 0x000000063f800000| Untracked 
| 159|0x000000063fc00000, 0x000000063ffff990, 0x0000000640000000| 99%| O|  |TAMS 0x000000063fc00000| PB 0x000000063fc00000| Untracked 
| 160|0x0000000640000000, 0x00000006403ffff0, 0x0000000640400000| 99%| O|  |TAMS 0x0000000640000000| PB 0x0000000640000000| Untracked 
| 161|0x0000000640400000, 0x00000006407ffc60, 0x0000000640800000| 99%| O|  |TAMS 0x0000000640400000| PB 0x0000000640400000| Untracked 
| 162|0x0000000640800000, 0x0000000640bffff8, 0x0000000640c00000| 99%| O|  |TAMS 0x0000000640800000| PB 0x0000000640800000| Untracked 
| 163|0x0000000640c00000, 0x0000000641000000, 0x0000000641000000|100%| O|  |TAMS 0x0000000640c00000| PB 0x0000000640c00000| Untracked 
| 164|0x0000000641000000, 0x00000006413ffff0, 0x0000000641400000| 99%| O|  |TAMS 0x0000000641000000| PB 0x0000000641000000| Untracked 
| 165|0x0000000641400000, 0x00000006417fffe8, 0x0000000641800000| 99%| O|  |TAMS 0x0000000641400000| PB 0x0000000641400000| Untracked 
| 166|0x0000000641800000, 0x0000000641bfffd8, 0x0000000641c00000| 99%| O|  |TAMS 0x0000000641800000| PB 0x0000000641800000| Untracked 
| 167|0x0000000641c00000, 0x0000000641fffff0, 0x0000000642000000| 99%| O|  |TAMS 0x0000000641c00000| PB 0x0000000641c00000| Untracked 
| 168|0x0000000642000000, 0x00000006423fffe8, 0x0000000642400000| 99%| O|  |TAMS 0x0000000642000000| PB 0x0000000642000000| Untracked 
| 169|0x0000000642400000, 0x00000006427ffef8, 0x0000000642800000| 99%| O|  |TAMS 0x0000000642400000| PB 0x0000000642400000| Untracked 
| 170|0x0000000642800000, 0x0000000642bfffe8, 0x0000000642c00000| 99%| O|  |TAMS 0x0000000642800000| PB 0x0000000642800000| Untracked 
| 171|0x0000000642c00000, 0x0000000642fffff8, 0x0000000643000000| 99%| O|  |TAMS 0x0000000642c00000| PB 0x0000000642c00000| Untracked 
| 172|0x0000000643000000, 0x00000006433ffff8, 0x0000000643400000| 99%| O|  |TAMS 0x0000000643000000| PB 0x0000000643000000| Untracked 
| 173|0x0000000643400000, 0x00000006437fffd0, 0x0000000643800000| 99%| O|  |TAMS 0x0000000643400000| PB 0x0000000643400000| Untracked 
| 174|0x0000000643800000, 0x0000000643bffff0, 0x0000000643c00000| 99%| O|  |TAMS 0x0000000643800000| PB 0x0000000643800000| Untracked 
| 175|0x0000000643c00000, 0x0000000643ffffe0, 0x0000000644000000| 99%| O|  |TAMS 0x0000000643c00000| PB 0x0000000643c00000| Untracked 
| 176|0x0000000644000000, 0x00000006443ffff0, 0x0000000644400000| 99%| O|  |TAMS 0x0000000644000000| PB 0x0000000644000000| Untracked 
| 177|0x0000000644400000, 0x00000006447fffe8, 0x0000000644800000| 99%| O|  |TAMS 0x0000000644400000| PB 0x0000000644400000| Untracked 
| 178|0x0000000644800000, 0x0000000644bfffe0, 0x0000000644c00000| 99%| O|  |TAMS 0x0000000644800000| PB 0x0000000644800000| Untracked 
| 179|0x0000000644c00000, 0x0000000644fffff8, 0x0000000645000000| 99%| O|  |TAMS 0x0000000644c00000| PB 0x0000000644c00000| Untracked 
| 180|0x0000000645000000, 0x00000006453d9a18, 0x0000000645400000| 96%| O|  |TAMS 0x0000000645000000| PB 0x0000000645000000| Untracked 
| 181|0x0000000645400000, 0x0000000645800000, 0x0000000645800000|100%| O|  |TAMS 0x0000000645400000| PB 0x0000000645400000| Untracked 
| 182|0x0000000645800000, 0x0000000645bfffc8, 0x0000000645c00000| 99%| O|  |TAMS 0x0000000645800000| PB 0x0000000645800000| Untracked 
| 183|0x0000000645c00000, 0x0000000645fffff0, 0x0000000646000000| 99%| O|  |TAMS 0x0000000645c00000| PB 0x0000000645c00000| Untracked 
| 184|0x0000000646000000, 0x00000006463ffff8, 0x0000000646400000| 99%| O|  |TAMS 0x0000000646000000| PB 0x0000000646000000| Untracked 
| 185|0x0000000646400000, 0x00000006467ffff8, 0x0000000646800000| 99%| O|  |TAMS 0x0000000646400000| PB 0x0000000646400000| Untracked 
| 186|0x0000000646800000, 0x0000000646bfffe0, 0x0000000646c00000| 99%| O|  |TAMS 0x0000000646800000| PB 0x0000000646800000| Untracked 
| 187|0x0000000646c00000, 0x0000000646fcf268, 0x0000000647000000| 95%| O|  |TAMS 0x0000000646c00000| PB 0x0000000646c00000| Untracked 
| 188|0x0000000647000000, 0x00000006473f9e48, 0x0000000647400000| 99%| O|  |TAMS 0x0000000647000000| PB 0x0000000647000000| Untracked 
| 189|0x0000000647400000, 0x0000000647800000, 0x0000000647800000|100%| O|  |TAMS 0x0000000647400000| PB 0x0000000647400000| Untracked 
| 190|0x0000000647800000, 0x0000000647bfff38, 0x0000000647c00000| 99%| O|  |TAMS 0x0000000647800000| PB 0x0000000647800000| Untracked 
| 191|0x0000000647c00000, 0x0000000648000000, 0x0000000648000000|100%| O|  |TAMS 0x0000000647c00000| PB 0x0000000647c00000| Untracked 
| 192|0x0000000648000000, 0x00000006483ffa08, 0x0000000648400000| 99%| O|  |TAMS 0x0000000648000000| PB 0x0000000648000000| Untracked 
| 193|0x0000000648400000, 0x0000000648800000, 0x0000000648800000|100%| O|  |TAMS 0x0000000648400000| PB 0x0000000648400000| Untracked 
| 194|0x0000000648800000, 0x0000000648bffc98, 0x0000000648c00000| 99%| O|  |TAMS 0x0000000648800000| PB 0x0000000648800000| Untracked 
| 195|0x0000000648c00000, 0x0000000648fffff0, 0x0000000649000000| 99%| O|  |TAMS 0x0000000648c00000| PB 0x0000000648c00000| Untracked 
| 196|0x0000000649000000, 0x00000006493ffe58, 0x0000000649400000| 99%| O|  |TAMS 0x0000000649000000| PB 0x0000000649000000| Untracked 
| 197|0x0000000649400000, 0x00000006497f3988, 0x0000000649800000| 98%| O|  |TAMS 0x0000000649400000| PB 0x0000000649400000| Untracked 
| 198|0x0000000649800000, 0x0000000649bffff8, 0x0000000649c00000| 99%| O|  |TAMS 0x0000000649800000| PB 0x0000000649800000| Untracked 
| 199|0x0000000649c00000, 0x0000000649ffffd8, 0x000000064a000000| 99%| O|  |TAMS 0x0000000649c00000| PB 0x0000000649c00000| Untracked 
| 200|0x000000064a000000, 0x000000064a3ffff0, 0x000000064a400000| 99%| O|  |TAMS 0x000000064a000000| PB 0x000000064a000000| Untracked 
| 201|0x000000064a400000, 0x000000064a7ffff0, 0x000000064a800000| 99%| O|  |TAMS 0x000000064a400000| PB 0x000000064a400000| Untracked 
| 202|0x000000064a800000, 0x000000064abffff8, 0x000000064ac00000| 99%| O|  |TAMS 0x000000064a800000| PB 0x000000064a800000| Untracked 
| 203|0x000000064ac00000, 0x000000064afffff0, 0x000000064b000000| 99%| O|  |TAMS 0x000000064ac00000| PB 0x000000064ac00000| Untracked 
| 204|0x000000064b000000, 0x000000064b3ffcf8, 0x000000064b400000| 99%| O|  |TAMS 0x000000064b000000| PB 0x000000064b000000| Untracked 
| 205|0x000000064b400000, 0x000000064b7ffef8, 0x000000064b800000| 99%| O|  |TAMS 0x000000064b400000| PB 0x000000064b400000| Untracked 
| 206|0x000000064b800000, 0x000000064bbeca98, 0x000000064bc00000| 98%| O|  |TAMS 0x000000064b800000| PB 0x000000064b800000| Untracked 
| 207|0x000000064bc00000, 0x000000064bfffff8, 0x000000064c000000| 99%| O|  |TAMS 0x000000064bc00000| PB 0x000000064bc00000| Untracked 
| 208|0x000000064c000000, 0x000000064c3e4208, 0x000000064c400000| 97%| O|  |TAMS 0x000000064c000000| PB 0x000000064c000000| Untracked 
| 209|0x000000064c400000, 0x000000064c7fcc28, 0x000000064c800000| 99%| O|  |TAMS 0x000000064c400000| PB 0x000000064c400000| Untracked 
| 210|0x000000064c800000, 0x000000064cbfffe8, 0x000000064cc00000| 99%| O|  |TAMS 0x000000064c800000| PB 0x000000064c800000| Untracked 
| 211|0x000000064cc00000, 0x000000064cfe0e90, 0x000000064d000000| 96%| O|  |TAMS 0x000000064cc00000| PB 0x000000064cc00000| Untracked 
| 212|0x000000064d000000, 0x000000064d3ffff8, 0x000000064d400000| 99%| O|  |TAMS 0x000000064d000000| PB 0x000000064d000000| Untracked 
| 213|0x000000064d400000, 0x000000064d800000, 0x000000064d800000|100%| O|  |TAMS 0x000000064d400000| PB 0x000000064d400000| Untracked 
| 214|0x000000064d800000, 0x000000064dbffff8, 0x000000064dc00000| 99%| O|  |TAMS 0x000000064d800000| PB 0x000000064d800000| Untracked 
| 215|0x000000064dc00000, 0x000000064dffffd8, 0x000000064e000000| 99%| O|  |TAMS 0x000000064dc00000| PB 0x000000064dc00000| Untracked 
| 216|0x000000064e000000, 0x000000064e3fffe8, 0x000000064e400000| 99%| O|  |TAMS 0x000000064e000000| PB 0x000000064e000000| Untracked 
| 217|0x000000064e400000, 0x000000064e7ffff8, 0x000000064e800000| 99%| O|  |TAMS 0x000000064e400000| PB 0x000000064e400000| Untracked 
| 218|0x000000064e800000, 0x000000064ebff9e8, 0x000000064ec00000| 99%| O|  |TAMS 0x000000064e800000| PB 0x000000064e800000| Untracked 
| 219|0x000000064ec00000, 0x000000064f000000, 0x000000064f000000|100%| O|  |TAMS 0x000000064ec00000| PB 0x000000064ec00000| Untracked 
| 220|0x000000064f000000, 0x000000064f3fffd8, 0x000000064f400000| 99%| O|  |TAMS 0x000000064f000000| PB 0x000000064f000000| Untracked 
| 221|0x000000064f400000, 0x000000064f7ffff8, 0x000000064f800000| 99%| O|  |TAMS 0x000000064f400000| PB 0x000000064f400000| Untracked 
| 222|0x000000064f800000, 0x000000064fbffff8, 0x000000064fc00000| 99%| O|  |TAMS 0x000000064f800000| PB 0x000000064f800000| Untracked 
| 223|0x000000064fc00000, 0x000000064ffdeb70, 0x0000000650000000| 96%| O|  |TAMS 0x000000064fc00000| PB 0x000000064fc00000| Untracked 
| 224|0x0000000650000000, 0x00000006503ffff8, 0x0000000650400000| 99%| O|  |TAMS 0x0000000650000000| PB 0x0000000650000000| Untracked 
| 225|0x0000000650400000, 0x00000006507eb7d8, 0x0000000650800000| 97%| O|  |TAMS 0x0000000650400000| PB 0x0000000650400000| Untracked 
| 226|0x0000000650800000, 0x0000000650bffff0, 0x0000000650c00000| 99%| O|  |TAMS 0x0000000650800000| PB 0x0000000650800000| Untracked 
| 227|0x0000000650c00000, 0x0000000650fed1b0, 0x0000000651000000| 98%| O|  |TAMS 0x0000000650c00000| PB 0x0000000650c00000| Untracked 
| 228|0x0000000651000000, 0x00000006513e0020, 0x0000000651400000| 96%| O|  |TAMS 0x0000000651000000| PB 0x0000000651000000| Untracked 
| 229|0x0000000651400000, 0x00000006517ffb20, 0x0000000651800000| 99%| O|  |TAMS 0x0000000651400000| PB 0x0000000651400000| Untracked 
| 230|0x0000000651800000, 0x0000000651bffbc0, 0x0000000651c00000| 99%| O|  |TAMS 0x0000000651800000| PB 0x0000000651800000| Untracked 
| 231|0x0000000651c00000, 0x0000000651fffff0, 0x0000000652000000| 99%| O|  |TAMS 0x0000000651c00000| PB 0x0000000651c00000| Untracked 
| 232|0x0000000652000000, 0x00000006523ffff0, 0x0000000652400000| 99%| O|  |TAMS 0x0000000652000000| PB 0x0000000652000000| Untracked 
| 233|0x0000000652400000, 0x0000000652800000, 0x0000000652800000|100%| O|  |TAMS 0x0000000652400000| PB 0x0000000652400000| Untracked 
| 234|0x0000000652800000, 0x0000000652bfffa8, 0x0000000652c00000| 99%| O|  |TAMS 0x0000000652800000| PB 0x0000000652800000| Untracked 
| 235|0x0000000652c00000, 0x0000000652ff7ef8, 0x0000000653000000| 99%| O|  |TAMS 0x0000000652c00000| PB 0x0000000652c00000| Untracked 
| 236|0x0000000653000000, 0x00000006533ffff0, 0x0000000653400000| 99%| O|  |TAMS 0x0000000653000000| PB 0x0000000653000000| Untracked 
| 237|0x0000000653400000, 0x00000006537ffff0, 0x0000000653800000| 99%| O|  |TAMS 0x0000000653400000| PB 0x0000000653400000| Untracked 
| 238|0x0000000653800000, 0x0000000653bffff8, 0x0000000653c00000| 99%| O|  |TAMS 0x0000000653800000| PB 0x0000000653800000| Untracked 
| 239|0x0000000653c00000, 0x0000000653fffec0, 0x0000000654000000| 99%| O|  |TAMS 0x0000000653c00000| PB 0x0000000653c00000| Untracked 
| 240|0x0000000654000000, 0x00000006543f5cc8, 0x0000000654400000| 99%| O|  |TAMS 0x0000000654000000| PB 0x0000000654000000| Untracked 
| 241|0x0000000654400000, 0x00000006547ffdb8, 0x0000000654800000| 99%| O|  |TAMS 0x0000000654400000| PB 0x0000000654400000| Untracked 
| 242|0x0000000654800000, 0x0000000654c00000, 0x0000000654c00000|100%| O|  |TAMS 0x0000000654800000| PB 0x0000000654800000| Untracked 
| 243|0x0000000654c00000, 0x0000000654ffffd8, 0x0000000655000000| 99%| O|  |TAMS 0x0000000654c00000| PB 0x0000000654c00000| Untracked 
| 244|0x0000000655000000, 0x00000006553fff08, 0x0000000655400000| 99%| O|  |TAMS 0x0000000655000000| PB 0x0000000655000000| Untracked 
| 245|0x0000000655400000, 0x00000006557ffe30, 0x0000000655800000| 99%| O|  |TAMS 0x0000000655400000| PB 0x0000000655400000| Untracked 
| 246|0x0000000655800000, 0x0000000655bffff8, 0x0000000655c00000| 99%| O|  |TAMS 0x0000000655800000| PB 0x0000000655800000| Untracked 
| 247|0x0000000655c00000, 0x0000000655ffffa0, 0x0000000656000000| 99%| O|  |TAMS 0x0000000655c00000| PB 0x0000000655c00000| Untracked 
| 248|0x0000000656000000, 0x0000000656400000, 0x0000000656400000|100%| O|  |TAMS 0x0000000656000000| PB 0x0000000656000000| Untracked 
| 249|0x0000000656400000, 0x00000006567fffb8, 0x0000000656800000| 99%| O|  |TAMS 0x0000000656400000| PB 0x0000000656400000| Untracked 
| 250|0x0000000656800000, 0x0000000656bff9d0, 0x0000000656c00000| 99%| O|  |TAMS 0x0000000656800000| PB 0x0000000656800000| Untracked 
| 251|0x0000000656c00000, 0x0000000656ffff48, 0x0000000657000000| 99%| O|  |TAMS 0x0000000656c00000| PB 0x0000000656c00000| Untracked 
| 252|0x0000000657000000, 0x00000006573fffb0, 0x0000000657400000| 99%| O|  |TAMS 0x0000000657000000| PB 0x0000000657000000| Untracked 
| 253|0x0000000657400000, 0x00000006577fffb0, 0x0000000657800000| 99%| O|  |TAMS 0x0000000657400000| PB 0x0000000657400000| Untracked 
| 254|0x0000000657800000, 0x0000000657bff848, 0x0000000657c00000| 99%| O|  |TAMS 0x0000000657800000| PB 0x0000000657800000| Untracked 
| 255|0x0000000657c00000, 0x0000000657ffff70, 0x0000000658000000| 99%| O|  |TAMS 0x0000000657c00000| PB 0x0000000657c00000| Untracked 
| 256|0x0000000658000000, 0x00000006583ffee0, 0x0000000658400000| 99%| O|  |TAMS 0x0000000658000000| PB 0x0000000658000000| Untracked 
| 257|0x0000000658400000, 0x00000006587fe360, 0x0000000658800000| 99%| O|  |TAMS 0x0000000658400000| PB 0x0000000658400000| Untracked 
| 258|0x0000000658800000, 0x0000000658bfffe8, 0x0000000658c00000| 99%| O|  |TAMS 0x0000000658800000| PB 0x0000000658800000| Untracked 
| 259|0x0000000658c00000, 0x0000000658fffaa8, 0x0000000659000000| 99%| O|  |TAMS 0x0000000658c00000| PB 0x0000000658c00000| Untracked 
| 260|0x0000000659000000, 0x00000006593ffb60, 0x0000000659400000| 99%| O|  |TAMS 0x0000000659000000| PB 0x0000000659000000| Untracked 
| 261|0x0000000659400000, 0x00000006597ffff0, 0x0000000659800000| 99%| O|  |TAMS 0x0000000659400000| PB 0x0000000659400000| Untracked 
| 262|0x0000000659800000, 0x0000000659bfff20, 0x0000000659c00000| 99%| O|  |TAMS 0x0000000659800000| PB 0x0000000659800000| Untracked 
| 263|0x0000000659c00000, 0x0000000659fffff8, 0x000000065a000000| 99%| O|  |TAMS 0x0000000659c00000| PB 0x0000000659c00000| Untracked 
| 264|0x000000065a000000, 0x000000065a3ff8b8, 0x000000065a400000| 99%| O|  |TAMS 0x000000065a000000| PB 0x000000065a000000| Untracked 
| 265|0x000000065a400000, 0x000000065a7fffd8, 0x000000065a800000| 99%| O|  |TAMS 0x000000065a400000| PB 0x000000065a400000| Untracked 
| 266|0x000000065a800000, 0x000000065abffff0, 0x000000065ac00000| 99%| O|  |TAMS 0x000000065a800000| PB 0x000000065a800000| Untracked 
| 267|0x000000065ac00000, 0x000000065affffa8, 0x000000065b000000| 99%| O|  |TAMS 0x000000065ac00000| PB 0x000000065ac00000| Untracked 
| 268|0x000000065b000000, 0x000000065b3fffd8, 0x000000065b400000| 99%| O|  |TAMS 0x000000065b000000| PB 0x000000065b000000| Untracked 
| 269|0x000000065b400000, 0x000000065b7fff60, 0x000000065b800000| 99%| O|  |TAMS 0x000000065b400000| PB 0x000000065b400000| Untracked 
| 270|0x000000065b800000, 0x000000065bbffff0, 0x000000065bc00000| 99%| O|  |TAMS 0x000000065b800000| PB 0x000000065b800000| Untracked 
| 271|0x000000065bc00000, 0x000000065bffff78, 0x000000065c000000| 99%| O|  |TAMS 0x000000065bc00000| PB 0x000000065bc00000| Untracked 
| 272|0x000000065c000000, 0x000000065c3fff38, 0x000000065c400000| 99%| O|  |TAMS 0x000000065c000000| PB 0x000000065c000000| Untracked 
| 273|0x000000065c400000, 0x000000065c7ffff8, 0x000000065c800000| 99%| O|  |TAMS 0x000000065c400000| PB 0x000000065c400000| Untracked 
| 274|0x000000065c800000, 0x000000065cbfff80, 0x000000065cc00000| 99%| O|  |TAMS 0x000000065c800000| PB 0x000000065c800000| Untracked 
| 275|0x000000065cc00000, 0x000000065cfffed0, 0x000000065d000000| 99%| O|  |TAMS 0x000000065cc00000| PB 0x000000065cc00000| Untracked 
| 276|0x000000065d000000, 0x000000065d3f2f70, 0x000000065d400000| 98%| O|  |TAMS 0x000000065d000000| PB 0x000000065d000000| Untracked 
| 277|0x000000065d400000, 0x000000065d7ffb40, 0x000000065d800000| 99%| O|  |TAMS 0x000000065d400000| PB 0x000000065d400000| Untracked 
| 278|0x000000065d800000, 0x000000065dbfffb8, 0x000000065dc00000| 99%| O|  |TAMS 0x000000065d800000| PB 0x000000065d800000| Untracked 
| 279|0x000000065dc00000, 0x000000065dfffeb8, 0x000000065e000000| 99%| O|  |TAMS 0x000000065dc00000| PB 0x000000065dc00000| Untracked 
| 280|0x000000065e000000, 0x000000065e3ffeb0, 0x000000065e400000| 99%| O|  |TAMS 0x000000065e000000| PB 0x000000065e000000| Untracked 
| 281|0x000000065e400000, 0x000000065e7ffed0, 0x000000065e800000| 99%| O|  |TAMS 0x000000065e400000| PB 0x000000065e400000| Untracked 
| 282|0x000000065e800000, 0x000000065ebfffe8, 0x000000065ec00000| 99%| O|  |TAMS 0x000000065e800000| PB 0x000000065e800000| Untracked 
| 283|0x000000065ec00000, 0x000000065effffe8, 0x000000065f000000| 99%| O|  |TAMS 0x000000065ec00000| PB 0x000000065ec00000| Untracked 
| 284|0x000000065f000000, 0x000000065f3fff20, 0x000000065f400000| 99%| O|  |TAMS 0x000000065f000000| PB 0x000000065f000000| Untracked 
| 285|0x000000065f400000, 0x000000065f7fff68, 0x000000065f800000| 99%| O|  |TAMS 0x000000065f400000| PB 0x000000065f400000| Untracked 
| 286|0x000000065f800000, 0x000000065fbfffb8, 0x000000065fc00000| 99%| O|  |TAMS 0x000000065f800000| PB 0x000000065f800000| Untracked 
| 287|0x000000065fc00000, 0x000000065fffff90, 0x0000000660000000| 99%| O|  |TAMS 0x000000065fc00000| PB 0x000000065fc00000| Untracked 
| 288|0x0000000660000000, 0x00000006603fff30, 0x0000000660400000| 99%| O|  |TAMS 0x0000000660000000| PB 0x0000000660000000| Untracked 
| 289|0x0000000660400000, 0x00000006607fff10, 0x0000000660800000| 99%| O|  |TAMS 0x0000000660400000| PB 0x0000000660400000| Untracked 
| 290|0x0000000660800000, 0x0000000660bfffc8, 0x0000000660c00000| 99%| O|  |TAMS 0x0000000660800000| PB 0x0000000660800000| Untracked 
| 291|0x0000000660c00000, 0x0000000660ffff40, 0x0000000661000000| 99%| O|  |TAMS 0x0000000660c00000| PB 0x0000000660c00000| Untracked 
| 292|0x0000000661000000, 0x00000006613ffff0, 0x0000000661400000| 99%| O|  |TAMS 0x0000000661000000| PB 0x0000000661000000| Untracked 
| 293|0x0000000661400000, 0x00000006617fff90, 0x0000000661800000| 99%| O|  |TAMS 0x0000000661400000| PB 0x0000000661400000| Untracked 
| 294|0x0000000661800000, 0x0000000661bfff98, 0x0000000661c00000| 99%| O|  |TAMS 0x0000000661800000| PB 0x0000000661800000| Untracked 
| 295|0x0000000661c00000, 0x0000000661fffff0, 0x0000000662000000| 99%| O|  |TAMS 0x0000000661c00000| PB 0x0000000661c00000| Untracked 
| 296|0x0000000662000000, 0x00000006623fff70, 0x0000000662400000| 99%| O|  |TAMS 0x0000000662000000| PB 0x0000000662000000| Untracked 
| 297|0x0000000662400000, 0x00000006627fffd8, 0x0000000662800000| 99%| O|  |TAMS 0x0000000662400000| PB 0x0000000662400000| Untracked 
| 298|0x0000000662800000, 0x0000000662c00000, 0x0000000662c00000|100%| O|  |TAMS 0x0000000662800000| PB 0x0000000662800000| Untracked 
| 299|0x0000000662c00000, 0x0000000663000000, 0x0000000663000000|100%|HS|  |TAMS 0x0000000662c00000| PB 0x0000000662c00000| Complete 
| 300|0x0000000663000000, 0x0000000663400000, 0x0000000663400000|100%|HC|  |TAMS 0x0000000663000000| PB 0x0000000663000000| Complete 
| 301|0x0000000663400000, 0x0000000663800000, 0x0000000663800000|100%|HC|  |TAMS 0x0000000663400000| PB 0x0000000663400000| Complete 
| 302|0x0000000663800000, 0x0000000663bfff40, 0x0000000663c00000| 99%| O|  |TAMS 0x0000000663800000| PB 0x0000000663800000| Untracked 
| 303|0x0000000663c00000, 0x0000000663ffffc0, 0x0000000664000000| 99%| O|  |TAMS 0x0000000663c00000| PB 0x0000000663c00000| Untracked 
| 304|0x0000000664000000, 0x00000006643ffec8, 0x0000000664400000| 99%| O|  |TAMS 0x0000000664000000| PB 0x0000000664000000| Untracked 
| 305|0x0000000664400000, 0x00000006647efa80, 0x0000000664800000| 98%| O|  |TAMS 0x0000000664400000| PB 0x0000000664400000| Untracked 
| 306|0x0000000664800000, 0x0000000664bfffe0, 0x0000000664c00000| 99%| O|  |TAMS 0x0000000664800000| PB 0x0000000664800000| Untracked 
| 307|0x0000000664c00000, 0x0000000665000000, 0x0000000665000000|100%| O|  |TAMS 0x0000000664c00000| PB 0x0000000664c00000| Untracked 
| 308|0x0000000665000000, 0x00000006653fff80, 0x0000000665400000| 99%| O|  |TAMS 0x0000000665000000| PB 0x0000000665000000| Untracked 
| 309|0x0000000665400000, 0x00000006657fff10, 0x0000000665800000| 99%| O|  |TAMS 0x0000000665400000| PB 0x0000000665400000| Untracked 
| 310|0x0000000665800000, 0x0000000665bffff8, 0x0000000665c00000| 99%| O|  |TAMS 0x0000000665800000| PB 0x0000000665800000| Untracked 
| 311|0x0000000665c00000, 0x0000000665ffffe0, 0x0000000666000000| 99%| O|  |TAMS 0x0000000665c00000| PB 0x0000000665c00000| Untracked 
| 312|0x0000000666000000, 0x0000000666400000, 0x0000000666400000|100%| O|  |TAMS 0x0000000666000000| PB 0x0000000666000000| Untracked 
| 313|0x0000000666400000, 0x00000006667fff18, 0x0000000666800000| 99%| O|  |TAMS 0x0000000666400000| PB 0x0000000666400000| Untracked 
| 314|0x0000000666800000, 0x0000000666bffff8, 0x0000000666c00000| 99%| O|  |TAMS 0x0000000666800000| PB 0x0000000666800000| Untracked 
| 315|0x0000000666c00000, 0x0000000667000000, 0x0000000667000000|100%| O|  |TAMS 0x0000000666c00000| PB 0x0000000666c00000| Untracked 
| 316|0x0000000667000000, 0x00000006673ffff8, 0x0000000667400000| 99%| O|  |TAMS 0x0000000667000000| PB 0x0000000667000000| Untracked 
| 317|0x0000000667400000, 0x00000006677fffe0, 0x0000000667800000| 99%| O|  |TAMS 0x0000000667400000| PB 0x0000000667400000| Untracked 
| 318|0x0000000667800000, 0x0000000667bffb68, 0x0000000667c00000| 99%| O|  |TAMS 0x0000000667800000| PB 0x0000000667800000| Untracked 
| 319|0x0000000667c00000, 0x0000000667ffffe8, 0x0000000668000000| 99%| O|  |TAMS 0x0000000667c00000| PB 0x0000000667c00000| Untracked 
| 320|0x0000000668000000, 0x0000000668400000, 0x0000000668400000|100%| O|  |TAMS 0x0000000668000000| PB 0x0000000668000000| Untracked 
| 321|0x0000000668400000, 0x00000006687f2bd8, 0x0000000668800000| 98%| O|  |TAMS 0x0000000668400000| PB 0x0000000668400000| Untracked 
| 322|0x0000000668800000, 0x0000000668bfff70, 0x0000000668c00000| 99%| O|  |TAMS 0x0000000668800000| PB 0x0000000668800000| Untracked 
| 323|0x0000000668c00000, 0x0000000668ffff28, 0x0000000669000000| 99%| O|  |TAMS 0x0000000668c00000| PB 0x0000000668c00000| Untracked 
| 324|0x0000000669000000, 0x00000006693fffb8, 0x0000000669400000| 99%| O|  |TAMS 0x0000000669000000| PB 0x0000000669000000| Untracked 
| 325|0x0000000669400000, 0x00000006697ffff8, 0x0000000669800000| 99%| O|  |TAMS 0x0000000669400000| PB 0x0000000669400000| Untracked 
| 326|0x0000000669800000, 0x0000000669bfffc0, 0x0000000669c00000| 99%| O|  |TAMS 0x0000000669800000| PB 0x0000000669800000| Untracked 
| 327|0x0000000669c00000, 0x0000000669fffff0, 0x000000066a000000| 99%| O|  |TAMS 0x0000000669c00000| PB 0x0000000669c00000| Untracked 
| 328|0x000000066a000000, 0x000000066a3fe678, 0x000000066a400000| 99%| O|  |TAMS 0x000000066a000000| PB 0x000000066a000000| Untracked 
| 329|0x000000066a400000, 0x000000066a7ffdb0, 0x000000066a800000| 99%| O|  |TAMS 0x000000066a400000| PB 0x000000066a400000| Untracked 
| 330|0x000000066a800000, 0x000000066abfff70, 0x000000066ac00000| 99%| O|  |TAMS 0x000000066a800000| PB 0x000000066a800000| Untracked 
| 331|0x000000066ac00000, 0x000000066afffff8, 0x000000066b000000| 99%| O|  |TAMS 0x000000066ac00000| PB 0x000000066ac00000| Untracked 
| 332|0x000000066b000000, 0x000000066b3fff20, 0x000000066b400000| 99%| O|  |TAMS 0x000000066b000000| PB 0x000000066b000000| Untracked 
| 333|0x000000066b400000, 0x000000066b7ff940, 0x000000066b800000| 99%| O|  |TAMS 0x000000066b400000| PB 0x000000066b400000| Untracked 
| 334|0x000000066b800000, 0x000000066bbe4578, 0x000000066bc00000| 97%| O|  |TAMS 0x000000066b800000| PB 0x000000066b800000| Untracked 
| 335|0x000000066bc00000, 0x000000066bffdd68, 0x000000066c000000| 99%| O|  |TAMS 0x000000066bc00000| PB 0x000000066bc00000| Untracked 
| 336|0x000000066c000000, 0x000000066c3fff88, 0x000000066c400000| 99%| O|  |TAMS 0x000000066c000000| PB 0x000000066c000000| Untracked 
| 337|0x000000066c400000, 0x000000066c7e8828, 0x000000066c800000| 97%| O|  |TAMS 0x000000066c400000| PB 0x000000066c400000| Untracked 
| 338|0x000000066c800000, 0x000000066cbfff50, 0x000000066cc00000| 99%| O|  |TAMS 0x000000066c800000| PB 0x000000066c800000| Untracked 
| 339|0x000000066cc00000, 0x000000066cffffe8, 0x000000066d000000| 99%| O|  |TAMS 0x000000066cc00000| PB 0x000000066cc00000| Untracked 
| 340|0x000000066d000000, 0x000000066d3ff8a8, 0x000000066d400000| 99%| O|  |TAMS 0x000000066d000000| PB 0x000000066d000000| Untracked 
| 341|0x000000066d400000, 0x000000066d7ffff0, 0x000000066d800000| 99%| O|  |TAMS 0x000000066d400000| PB 0x000000066d400000| Untracked 
| 342|0x000000066d800000, 0x000000066dbffcd0, 0x000000066dc00000| 99%| O|  |TAMS 0x000000066d800000| PB 0x000000066d800000| Untracked 
| 343|0x000000066dc00000, 0x000000066dffff98, 0x000000066e000000| 99%| O|  |TAMS 0x000000066dc00000| PB 0x000000066dc00000| Untracked 
| 344|0x000000066e000000, 0x000000066e3ffff8, 0x000000066e400000| 99%| O|  |TAMS 0x000000066e000000| PB 0x000000066e000000| Untracked 
| 345|0x000000066e400000, 0x000000066e7fffe0, 0x000000066e800000| 99%| O|  |TAMS 0x000000066e400000| PB 0x000000066e400000| Untracked 
| 346|0x000000066e800000, 0x000000066ebfffa8, 0x000000066ec00000| 99%| O|  |TAMS 0x000000066e800000| PB 0x000000066e800000| Untracked 
| 347|0x000000066ec00000, 0x000000066effffe0, 0x000000066f000000| 99%| O|  |TAMS 0x000000066ec00000| PB 0x000000066ec00000| Untracked 
| 348|0x000000066f000000, 0x000000066f3ffac0, 0x000000066f400000| 99%| O|  |TAMS 0x000000066f000000| PB 0x000000066f000000| Untracked 
| 349|0x000000066f400000, 0x000000066f7ffff0, 0x000000066f800000| 99%| O|  |TAMS 0x000000066f400000| PB 0x000000066f400000| Untracked 
| 350|0x000000066f800000, 0x000000066fbfffd8, 0x000000066fc00000| 99%| O|  |TAMS 0x000000066f800000| PB 0x000000066f800000| Untracked 
| 351|0x000000066fc00000, 0x000000066fffffb0, 0x0000000670000000| 99%| O|  |TAMS 0x000000066fc00000| PB 0x000000066fc00000| Untracked 
| 352|0x0000000670000000, 0x0000000670400000, 0x0000000670400000|100%| O|  |TAMS 0x0000000670000000| PB 0x0000000670000000| Untracked 
| 353|0x0000000670400000, 0x00000006707ffff8, 0x0000000670800000| 99%| O|  |TAMS 0x0000000670400000| PB 0x0000000670400000| Untracked 
| 354|0x0000000670800000, 0x0000000670bff8c0, 0x0000000670c00000| 99%| O|  |TAMS 0x0000000670800000| PB 0x0000000670800000| Untracked 
| 355|0x0000000670c00000, 0x0000000670ffffe8, 0x0000000671000000| 99%| O|  |TAMS 0x0000000670c00000| PB 0x0000000670c00000| Untracked 
| 356|0x0000000671000000, 0x00000006713b4868, 0x0000000671400000| 92%| O|  |TAMS 0x0000000671000000| PB 0x0000000671000000| Untracked 
| 357|0x0000000671400000, 0x00000006717ffff8, 0x0000000671800000| 99%| O|  |TAMS 0x0000000671400000| PB 0x0000000671400000| Untracked 
| 358|0x0000000671800000, 0x0000000671bfff00, 0x0000000671c00000| 99%| O|  |TAMS 0x0000000671800000| PB 0x0000000671800000| Untracked 
| 359|0x0000000671c00000, 0x0000000672000000, 0x0000000672000000|100%| O|  |TAMS 0x0000000671c00000| PB 0x0000000671c00000| Untracked 
| 360|0x0000000672000000, 0x00000006723fffb8, 0x0000000672400000| 99%| O|  |TAMS 0x0000000672000000| PB 0x0000000672000000| Untracked 
| 361|0x0000000672400000, 0x00000006727fffb0, 0x0000000672800000| 99%| O|  |TAMS 0x0000000672400000| PB 0x0000000672400000| Untracked 
| 362|0x0000000672800000, 0x0000000672bffff8, 0x0000000672c00000| 99%| O|  |TAMS 0x0000000672800000| PB 0x0000000672800000| Untracked 
| 363|0x0000000672c00000, 0x0000000672fffa60, 0x0000000673000000| 99%| O|  |TAMS 0x0000000672c00000| PB 0x0000000672c00000| Untracked 
| 364|0x0000000673000000, 0x00000006733ffe08, 0x0000000673400000| 99%| O|  |TAMS 0x0000000673000000| PB 0x0000000673000000| Untracked 
| 365|0x0000000673400000, 0x00000006737fffd8, 0x0000000673800000| 99%| O|  |TAMS 0x0000000673400000| PB 0x0000000673400000| Untracked 
| 366|0x0000000673800000, 0x0000000673bfffd8, 0x0000000673c00000| 99%| O|  |TAMS 0x0000000673800000| PB 0x0000000673800000| Untracked 
| 367|0x0000000673c00000, 0x0000000673fffa08, 0x0000000674000000| 99%| O|  |TAMS 0x0000000673c00000| PB 0x0000000673c00000| Untracked 
| 368|0x0000000674000000, 0x00000006743ffd28, 0x0000000674400000| 99%| O|  |TAMS 0x0000000674000000| PB 0x0000000674000000| Untracked 
| 369|0x0000000674400000, 0x00000006747ffbc8, 0x0000000674800000| 99%| O|  |TAMS 0x0000000674400000| PB 0x0000000674400000| Untracked 
| 370|0x0000000674800000, 0x0000000674bfff68, 0x0000000674c00000| 99%| O|  |TAMS 0x0000000674800000| PB 0x0000000674800000| Untracked 
| 371|0x0000000674c00000, 0x0000000674fffa08, 0x0000000675000000| 99%| O|  |TAMS 0x0000000674c00000| PB 0x0000000674c00000| Untracked 
| 372|0x0000000675000000, 0x0000000675400000, 0x0000000675400000|100%| O|  |TAMS 0x0000000675000000| PB 0x0000000675000000| Untracked 
| 373|0x0000000675400000, 0x00000006757fff58, 0x0000000675800000| 99%| O|  |TAMS 0x0000000675400000| PB 0x0000000675400000| Untracked 
| 374|0x0000000675800000, 0x0000000675bffff0, 0x0000000675c00000| 99%| O|  |TAMS 0x0000000675800000| PB 0x0000000675800000| Untracked 
| 375|0x0000000675c00000, 0x0000000675ffffb0, 0x0000000676000000| 99%| O|  |TAMS 0x0000000675c00000| PB 0x0000000675c00000| Untracked 
| 376|0x0000000676000000, 0x00000006763ffff0, 0x0000000676400000| 99%| O|  |TAMS 0x0000000676000000| PB 0x0000000676000000| Untracked 
| 377|0x0000000676400000, 0x00000006767fffc0, 0x0000000676800000| 99%| O|  |TAMS 0x0000000676400000| PB 0x0000000676400000| Untracked 
| 378|0x0000000676800000, 0x0000000676bffdd0, 0x0000000676c00000| 99%| O|  |TAMS 0x0000000676800000| PB 0x0000000676800000| Untracked 
| 379|0x0000000676c00000, 0x0000000676fffbc8, 0x0000000677000000| 99%| O|  |TAMS 0x0000000676c00000| PB 0x0000000676c00000| Untracked 
| 380|0x0000000677000000, 0x00000006773ff858, 0x0000000677400000| 99%| O|  |TAMS 0x0000000677000000| PB 0x0000000677000000| Untracked 
| 381|0x0000000677400000, 0x00000006777ffc50, 0x0000000677800000| 99%| O|  |TAMS 0x0000000677400000| PB 0x0000000677400000| Untracked 
| 382|0x0000000677800000, 0x0000000677bffff0, 0x0000000677c00000| 99%| O|  |TAMS 0x0000000677800000| PB 0x0000000677800000| Untracked 
| 383|0x0000000677c00000, 0x0000000677fff8d0, 0x0000000678000000| 99%| O|  |TAMS 0x0000000677c00000| PB 0x0000000677c00000| Untracked 
| 384|0x0000000678000000, 0x00000006783ffe58, 0x0000000678400000| 99%| O|  |TAMS 0x0000000678000000| PB 0x0000000678000000| Untracked 
| 385|0x0000000678400000, 0x00000006787d9430, 0x0000000678800000| 96%| O|  |TAMS 0x0000000678400000| PB 0x0000000678400000| Untracked 
| 386|0x0000000678800000, 0x0000000678bff900, 0x0000000678c00000| 99%| O|  |TAMS 0x0000000678800000| PB 0x0000000678800000| Untracked 
| 387|0x0000000678c00000, 0x0000000678ffff98, 0x0000000679000000| 99%| O|  |TAMS 0x0000000678c00000| PB 0x0000000678c00000| Untracked 
| 388|0x0000000679000000, 0x00000006793fff28, 0x0000000679400000| 99%| O|  |TAMS 0x0000000679000000| PB 0x0000000679000000| Untracked 
| 389|0x0000000679400000, 0x00000006797e9518, 0x0000000679800000| 97%| O|Cm|TAMS 0x0000000679400000| PB 0x0000000679400000| Complete 
| 390|0x0000000679800000, 0x0000000679bffb90, 0x0000000679c00000| 99%| O|  |TAMS 0x0000000679800000| PB 0x0000000679800000| Untracked 
| 391|0x0000000679c00000, 0x0000000679ffff98, 0x000000067a000000| 99%| O|  |TAMS 0x0000000679c00000| PB 0x0000000679c00000| Untracked 
| 392|0x000000067a000000, 0x000000067a3fff48, 0x000000067a400000| 99%| O|Cm|TAMS 0x000000067a000000| PB 0x000000067a000000| Complete 
| 393|0x000000067a400000, 0x000000067a7fffd0, 0x000000067a800000| 99%| O|  |TAMS 0x000000067a400000| PB 0x000000067a400000| Untracked 
| 394|0x000000067a800000, 0x000000067abff808, 0x000000067ac00000| 99%| O|Cm|TAMS 0x000000067a800000| PB 0x000000067a800000| Complete 
| 395|0x000000067ac00000, 0x000000067afff818, 0x000000067b000000| 99%| O|  |TAMS 0x000000067ac00000| PB 0x000000067ac00000| Untracked 
| 396|0x000000067b000000, 0x000000067b3ffa80, 0x000000067b400000| 99%| O|Cm|TAMS 0x000000067b000000| PB 0x000000067b000000| Complete 
| 397|0x000000067b400000, 0x000000067b7fffe8, 0x000000067b800000| 99%| O|  |TAMS 0x000000067b400000| PB 0x000000067b400000| Untracked 
| 398|0x000000067b800000, 0x000000067bbfffc8, 0x000000067bc00000| 99%| O|Cm|TAMS 0x000000067b800000| PB 0x000000067b800000| Complete 
| 399|0x000000067bc00000, 0x000000067bfffff8, 0x000000067c000000| 99%| O|  |TAMS 0x000000067bc00000| PB 0x000000067bc00000| Untracked 
| 400|0x000000067c000000, 0x000000067c3ffee8, 0x000000067c400000| 99%| O|  |TAMS 0x000000067c000000| PB 0x000000067c000000| Untracked 
| 401|0x000000067c400000, 0x000000067c7ffe90, 0x000000067c800000| 99%| O|  |TAMS 0x000000067c400000| PB 0x000000067c400000| Untracked 
| 402|0x000000067c800000, 0x000000067cc00000, 0x000000067cc00000|100%| O|  |TAMS 0x000000067c800000| PB 0x000000067c800000| Untracked 
| 403|0x000000067cc00000, 0x000000067cfd5a10, 0x000000067d000000| 95%| O|  |TAMS 0x000000067cc00000| PB 0x000000067cc00000| Untracked 
| 404|0x000000067d000000, 0x000000067d3d77c0, 0x000000067d400000| 96%| O|Cm|TAMS 0x000000067d000000| PB 0x000000067d000000| Complete 
| 405|0x000000067d400000, 0x000000067d7ff9b8, 0x000000067d800000| 99%| O|  |TAMS 0x000000067d400000| PB 0x000000067d400000| Untracked 
| 406|0x000000067d800000, 0x000000067dbffa70, 0x000000067dc00000| 99%| O|  |TAMS 0x000000067d800000| PB 0x000000067d800000| Untracked 
| 407|0x000000067dc00000, 0x000000067e000000, 0x000000067e000000|100%| O|Cm|TAMS 0x000000067dc00000| PB 0x000000067dc00000| Complete 
| 408|0x000000067e000000, 0x000000067e3ffaa0, 0x000000067e400000| 99%| O|Cm|TAMS 0x000000067e000000| PB 0x000000067e000000| Complete 
| 409|0x000000067e400000, 0x000000067e7fffe8, 0x000000067e800000| 99%| O|  |TAMS 0x000000067e400000| PB 0x000000067e400000| Untracked 
| 410|0x000000067e800000, 0x000000067ebffd40, 0x000000067ec00000| 99%| O|  |TAMS 0x000000067e800000| PB 0x000000067e800000| Untracked 
| 411|0x000000067ec00000, 0x000000067effffb0, 0x000000067f000000| 99%| O|  |TAMS 0x000000067ec00000| PB 0x000000067ec00000| Untracked 
| 412|0x000000067f000000, 0x000000067f3ffd08, 0x000000067f400000| 99%| O|  |TAMS 0x000000067f000000| PB 0x000000067f000000| Untracked 
| 413|0x000000067f400000, 0x000000067f7fffe8, 0x000000067f800000| 99%| O|Cm|TAMS 0x000000067f400000| PB 0x000000067f400000| Complete 
| 414|0x000000067f800000, 0x000000067fbffd18, 0x000000067fc00000| 99%| O|  |TAMS 0x000000067f800000| PB 0x000000067f800000| Untracked 
| 415|0x000000067fc00000, 0x000000067fffffb0, 0x0000000680000000| 99%| O|  |TAMS 0x000000067fc00000| PB 0x000000067fc00000| Untracked 
| 416|0x0000000680000000, 0x00000006803fffb8, 0x0000000680400000| 99%| O|  |TAMS 0x0000000680000000| PB 0x0000000680000000| Untracked 
| 417|0x0000000680400000, 0x0000000680800000, 0x0000000680800000|100%| O|Cm|TAMS 0x0000000680400000| PB 0x0000000680400000| Complete 
| 418|0x0000000680800000, 0x0000000680bfff40, 0x0000000680c00000| 99%| O|  |TAMS 0x0000000680800000| PB 0x0000000680800000| Untracked 
| 419|0x0000000680c00000, 0x0000000680cd8228, 0x0000000681000000| 21%| O|  |TAMS 0x0000000680c00000| PB 0x0000000680c00000| Untracked 
| 420|0x0000000681000000, 0x00000006813ff380, 0x0000000681400000| 99%| O|  |TAMS 0x0000000681000000| PB 0x0000000681000000| Untracked 
| 421|0x0000000681400000, 0x00000006817fffb0, 0x0000000681800000| 99%| O|  |TAMS 0x0000000681400000| PB 0x0000000681400000| Untracked 
| 422|0x0000000681800000, 0x0000000681bff8d8, 0x0000000681c00000| 99%| O|Cm|TAMS 0x0000000681800000| PB 0x0000000681800000| Complete 
| 423|0x0000000681c00000, 0x0000000681fffd70, 0x0000000682000000| 99%| O|Cm|TAMS 0x0000000681c00000| PB 0x0000000681c00000| Complete 
| 424|0x0000000682000000, 0x00000006823fff78, 0x0000000682400000| 99%| O|  |TAMS 0x0000000682000000| PB 0x0000000682000000| Untracked 
| 425|0x0000000682400000, 0x00000006827feaa8, 0x0000000682800000| 99%| O|  |TAMS 0x0000000682400000| PB 0x0000000682400000| Untracked 
| 426|0x0000000682800000, 0x0000000682bfff90, 0x0000000682c00000| 99%| O|  |TAMS 0x0000000682800000| PB 0x0000000682800000| Untracked 
| 427|0x0000000682c00000, 0x0000000683000000, 0x0000000683000000|100%| O|  |TAMS 0x0000000682c00000| PB 0x0000000682c00000| Untracked 
| 428|0x0000000683000000, 0x000000068333ffa8, 0x0000000683400000| 81%| O|  |TAMS 0x0000000683000000| PB 0x0000000683000000| Untracked 
| 429|0x0000000683400000, 0x00000006837ffbb8, 0x0000000683800000| 99%| O|  |TAMS 0x0000000683400000| PB 0x0000000683400000| Untracked 
| 430|0x0000000683800000, 0x0000000683bffe80, 0x0000000683c00000| 99%| O|  |TAMS 0x0000000683800000| PB 0x0000000683800000| Untracked 
| 431|0x0000000683c00000, 0x0000000683ffffc8, 0x0000000684000000| 99%| O|  |TAMS 0x0000000683c00000| PB 0x0000000683c00000| Untracked 
| 432|0x0000000684000000, 0x00000006843fffb8, 0x0000000684400000| 99%| O|  |TAMS 0x0000000684000000| PB 0x0000000684000000| Untracked 
| 433|0x0000000684400000, 0x00000006847c4dc8, 0x0000000684800000| 94%| O|  |TAMS 0x0000000684400000| PB 0x0000000684400000| Untracked 
| 434|0x0000000684800000, 0x0000000684bffff8, 0x0000000684c00000| 99%| O|  |TAMS 0x0000000684800000| PB 0x0000000684800000| Untracked 
| 435|0x0000000684c00000, 0x0000000685000000, 0x0000000685000000|100%|HS|  |TAMS 0x0000000684c00000| PB 0x0000000684c00000| Complete 
| 436|0x0000000685000000, 0x0000000685400000, 0x0000000685400000|100%| O|  |TAMS 0x0000000685000000| PB 0x0000000685000000| Untracked 
| 437|0x0000000685400000, 0x00000006857ff940, 0x0000000685800000| 99%| O|  |TAMS 0x0000000685400000| PB 0x0000000685400000| Untracked 
| 438|0x0000000685800000, 0x0000000685bf5148, 0x0000000685c00000| 98%| O|  |TAMS 0x0000000685800000| PB 0x0000000685800000| Untracked 
| 439|0x0000000685c00000, 0x0000000685fffff0, 0x0000000686000000| 99%| O|  |TAMS 0x0000000685c00000| PB 0x0000000685c00000| Untracked 
| 440|0x0000000686000000, 0x00000006863fff68, 0x0000000686400000| 99%| O|  |TAMS 0x0000000686000000| PB 0x0000000686000000| Untracked 
| 441|0x0000000686400000, 0x0000000686709b90, 0x0000000686800000| 75%| O|  |TAMS 0x0000000686400000| PB 0x0000000686400000| Untracked 
| 442|0x0000000686800000, 0x0000000686c00000, 0x0000000686c00000|100%|HS|  |TAMS 0x0000000686800000| PB 0x0000000686800000| Complete 
| 443|0x0000000686c00000, 0x0000000686fd7690, 0x0000000687000000| 96%| O|  |TAMS 0x0000000686c00000| PB 0x0000000686c00000| Untracked 
| 444|0x0000000687000000, 0x0000000687400000, 0x0000000687400000|100%| O|  |TAMS 0x0000000687000000| PB 0x0000000687000000| Untracked 
| 445|0x0000000687400000, 0x00000006877fffd0, 0x0000000687800000| 99%| O|  |TAMS 0x0000000687400000| PB 0x0000000687400000| Untracked 
| 446|0x0000000687800000, 0x0000000687bfc088, 0x0000000687c00000| 99%| O|  |TAMS 0x0000000687800000| PB 0x0000000687800000| Untracked 
| 447|0x0000000687c00000, 0x0000000687e2bc60, 0x0000000688000000| 54%| O|  |TAMS 0x0000000687c00000| PB 0x0000000687c00000| Untracked 
| 448|0x0000000688000000, 0x0000000688400000, 0x0000000688400000|100%|HS|  |TAMS 0x0000000688000000| PB 0x0000000688000000| Complete 
| 449|0x0000000688400000, 0x000000068866f740, 0x0000000688800000| 60%| O|  |TAMS 0x0000000688400000| PB 0x0000000688400000| Untracked 
| 450|0x0000000688800000, 0x0000000688bfb0c8, 0x0000000688c00000| 99%| O|  |TAMS 0x0000000688800000| PB 0x0000000688800000| Untracked 
| 451|0x0000000688c00000, 0x0000000688fffff0, 0x0000000689000000| 99%| O|  |TAMS 0x0000000688c00000| PB 0x0000000688c00000| Untracked 
| 452|0x0000000689000000, 0x0000000689400000, 0x0000000689400000|100%| O|  |TAMS 0x0000000689000000| PB 0x0000000689000000| Untracked 
| 453|0x0000000689400000, 0x0000000689800000, 0x0000000689800000|100%| O|  |TAMS 0x0000000689400000| PB 0x0000000689400000| Untracked 
| 454|0x0000000689800000, 0x0000000689c00000, 0x0000000689c00000|100%|HS|  |TAMS 0x0000000689800000| PB 0x0000000689800000| Complete 
| 455|0x0000000689c00000, 0x000000068a000000, 0x000000068a000000|100%|HC|  |TAMS 0x0000000689c00000| PB 0x0000000689c00000| Complete 
| 456|0x000000068a000000, 0x000000068a400000, 0x000000068a400000|100%|HS|  |TAMS 0x000000068a000000| PB 0x000000068a000000| Complete 
| 457|0x000000068a400000, 0x000000068a800000, 0x000000068a800000|100%|HS|  |TAMS 0x000000068a400000| PB 0x000000068a400000| Complete 
| 458|0x000000068a800000, 0x000000068a8c8e68, 0x000000068ac00000| 19%| O|  |TAMS 0x000000068a800000| PB 0x000000068a800000| Untracked 
| 459|0x000000068ac00000, 0x000000068ad94dc8, 0x000000068b000000| 39%| O|  |TAMS 0x000000068ac00000| PB 0x000000068ac00000| Untracked 
| 460|0x000000068b000000, 0x000000068b400000, 0x000000068b400000|100%| O|  |TAMS 0x000000068b000000| PB 0x000000068b000000| Untracked 
| 461|0x000000068b400000, 0x000000068b800000, 0x000000068b800000|100%| O|  |TAMS 0x000000068b400000| PB 0x000000068b400000| Untracked 
| 462|0x000000068b800000, 0x000000068bc00000, 0x000000068bc00000|100%| O|  |TAMS 0x000000068b800000| PB 0x000000068b800000| Untracked 
| 463|0x000000068bc00000, 0x000000068c000000, 0x000000068c000000|100%| O|  |TAMS 0x000000068bc00000| PB 0x000000068bc00000| Untracked 
| 464|0x000000068c000000, 0x000000068c400000, 0x000000068c400000|100%| O|  |TAMS 0x000000068c000000| PB 0x000000068c000000| Untracked 
| 465|0x000000068c400000, 0x000000068c800000, 0x000000068c800000|100%|HS|  |TAMS 0x000000068c400000| PB 0x000000068c400000| Complete 
| 466|0x000000068c800000, 0x000000068cc00000, 0x000000068cc00000|100%|HC|  |TAMS 0x000000068c800000| PB 0x000000068c800000| Complete 
| 467|0x000000068cc00000, 0x000000068d000000, 0x000000068d000000|100%|HC|  |TAMS 0x000000068cc00000| PB 0x000000068cc00000| Complete 
| 468|0x000000068d000000, 0x000000068d400000, 0x000000068d400000|100%|HC|  |TAMS 0x000000068d000000| PB 0x000000068d000000| Complete 
| 469|0x000000068d400000, 0x000000068d800000, 0x000000068d800000|100%|HC|  |TAMS 0x000000068d400000| PB 0x000000068d400000| Complete 
| 470|0x000000068d800000, 0x000000068dc00000, 0x000000068dc00000|100%|HC|  |TAMS 0x000000068d800000| PB 0x000000068d800000| Complete 
| 471|0x000000068dc00000, 0x000000068e000000, 0x000000068e000000|100%|HC|  |TAMS 0x000000068dc00000| PB 0x000000068dc00000| Complete 
| 472|0x000000068e000000, 0x000000068e400000, 0x000000068e400000|100%|HC|  |TAMS 0x000000068e000000| PB 0x000000068e000000| Complete 
| 473|0x000000068e400000, 0x000000068e800000, 0x000000068e800000|100%|HC|  |TAMS 0x000000068e400000| PB 0x000000068e400000| Complete 
| 474|0x000000068e800000, 0x000000068ec00000, 0x000000068ec00000|100%| O|  |TAMS 0x000000068e800000| PB 0x000000068e800000| Untracked 
| 475|0x000000068ec00000, 0x000000068f000000, 0x000000068f000000|100%| O|  |TAMS 0x000000068ec00000| PB 0x000000068ec00000| Untracked 
| 476|0x000000068f000000, 0x000000068f400000, 0x000000068f400000|100%| O|  |TAMS 0x000000068f000000| PB 0x000000068f000000| Untracked 
| 477|0x000000068f400000, 0x000000068f800000, 0x000000068f800000|100%| O|  |TAMS 0x000000068f400000| PB 0x000000068f400000| Untracked 
| 478|0x000000068f800000, 0x000000068fc00000, 0x000000068fc00000|100%| O|  |TAMS 0x000000068f800000| PB 0x000000068f800000| Untracked 
| 479|0x000000068fc00000, 0x0000000690000000, 0x0000000690000000|100%| O|  |TAMS 0x000000068fc00000| PB 0x000000068fc00000| Untracked 
| 480|0x0000000690000000, 0x0000000690400000, 0x0000000690400000|100%| O|  |TAMS 0x0000000690000000| PB 0x0000000690000000| Untracked 
| 481|0x0000000690400000, 0x0000000690800000, 0x0000000690800000|100%| O|  |TAMS 0x0000000690400000| PB 0x0000000690400000| Untracked 
| 482|0x0000000690800000, 0x0000000690c00000, 0x0000000690c00000|100%| O|  |TAMS 0x0000000690800000| PB 0x0000000690800000| Untracked 
| 483|0x0000000690c00000, 0x0000000691000000, 0x0000000691000000|100%| O|  |TAMS 0x0000000690c00000| PB 0x0000000690c00000| Untracked 
| 484|0x0000000691000000, 0x0000000691400000, 0x0000000691400000|100%| O|  |TAMS 0x0000000691000000| PB 0x0000000691000000| Untracked 
| 485|0x0000000691400000, 0x0000000691800000, 0x0000000691800000|100%| O|  |TAMS 0x0000000691400000| PB 0x0000000691400000| Untracked 
| 486|0x0000000691800000, 0x0000000691c00000, 0x0000000691c00000|100%| O|  |TAMS 0x0000000691800000| PB 0x0000000691800000| Untracked 
| 487|0x0000000691c00000, 0x0000000692000000, 0x0000000692000000|100%| O|  |TAMS 0x0000000691c00000| PB 0x0000000691c00000| Untracked 
| 488|0x0000000692000000, 0x0000000692400000, 0x0000000692400000|100%| O|  |TAMS 0x0000000692000000| PB 0x0000000692000000| Untracked 
| 489|0x0000000692400000, 0x0000000692800000, 0x0000000692800000|100%| O|  |TAMS 0x0000000692400000| PB 0x0000000692400000| Untracked 
| 490|0x0000000692800000, 0x0000000692c00000, 0x0000000692c00000|100%| O|  |TAMS 0x0000000692800000| PB 0x0000000692800000| Untracked 
| 491|0x0000000692c00000, 0x0000000693000000, 0x0000000693000000|100%| O|  |TAMS 0x0000000692c00000| PB 0x0000000692c00000| Untracked 
| 492|0x0000000693000000, 0x0000000693400000, 0x0000000693400000|100%| O|  |TAMS 0x0000000693000000| PB 0x0000000693000000| Untracked 
| 493|0x0000000693400000, 0x0000000693800000, 0x0000000693800000|100%| O|  |TAMS 0x0000000693400000| PB 0x0000000693400000| Untracked 
| 494|0x0000000693800000, 0x0000000693c00000, 0x0000000693c00000|100%| O|  |TAMS 0x0000000693800000| PB 0x0000000693800000| Untracked 
| 495|0x0000000693c00000, 0x0000000694000000, 0x0000000694000000|100%| O|  |TAMS 0x0000000693c00000| PB 0x0000000693c00000| Untracked 
| 496|0x0000000694000000, 0x0000000694400000, 0x0000000694400000|100%|HS|  |TAMS 0x0000000694000000| PB 0x0000000694000000| Complete 
| 497|0x0000000694400000, 0x0000000694800000, 0x0000000694800000|100%| O|  |TAMS 0x0000000694400000| PB 0x0000000694400000| Untracked 
| 498|0x0000000694800000, 0x0000000694bffff0, 0x0000000694c00000| 99%| O|Cm|TAMS 0x0000000694800000| PB 0x0000000694800000| Complete 
| 499|0x0000000694c00000, 0x0000000695000000, 0x0000000695000000|100%| O|  |TAMS 0x0000000694c00000| PB 0x0000000694c00000| Untracked 
| 500|0x0000000695000000, 0x00000006953fff88, 0x0000000695400000| 99%| O|  |TAMS 0x0000000695000000| PB 0x0000000695000000| Untracked 
| 501|0x0000000695400000, 0x00000006957fffc8, 0x0000000695800000| 99%| O|  |TAMS 0x0000000695400000| PB 0x0000000695400000| Untracked 
| 502|0x0000000695800000, 0x0000000695c00000, 0x0000000695c00000|100%| O|  |TAMS 0x0000000695800000| PB 0x0000000695800000| Untracked 
| 503|0x0000000695c00000, 0x0000000696000000, 0x0000000696000000|100%| O|  |TAMS 0x0000000695c00000| PB 0x0000000695c00000| Untracked 
| 504|0x0000000696000000, 0x0000000696400000, 0x0000000696400000|100%| O|  |TAMS 0x0000000696000000| PB 0x0000000696000000| Untracked 
| 505|0x0000000696400000, 0x0000000696800000, 0x0000000696800000|100%| O|Cm|TAMS 0x0000000696400000| PB 0x0000000696400000| Complete 
| 506|0x0000000696800000, 0x0000000696c00000, 0x0000000696c00000|100%| O|  |TAMS 0x0000000696800000| PB 0x0000000696800000| Untracked 
| 507|0x0000000696c00000, 0x0000000697000000, 0x0000000697000000|100%| O|Cm|TAMS 0x0000000696c00000| PB 0x0000000696c00000| Complete 
| 508|0x0000000697000000, 0x0000000697400000, 0x0000000697400000|100%| O|  |TAMS 0x0000000697000000| PB 0x0000000697000000| Untracked 
| 509|0x0000000697400000, 0x00000006977fff38, 0x0000000697800000| 99%| O|  |TAMS 0x0000000697400000| PB 0x0000000697400000| Untracked 
| 510|0x0000000697800000, 0x0000000697c00000, 0x0000000697c00000|100%| O|  |TAMS 0x0000000697800000| PB 0x0000000697800000| Untracked 
| 511|0x0000000697c00000, 0x0000000698000000, 0x0000000698000000|100%| O|  |TAMS 0x0000000697c00000| PB 0x0000000697c00000| Untracked 
| 512|0x0000000698000000, 0x0000000698400000, 0x0000000698400000|100%| O|  |TAMS 0x0000000698000000| PB 0x0000000698000000| Untracked 
| 513|0x0000000698400000, 0x0000000698800000, 0x0000000698800000|100%| O|  |TAMS 0x0000000698400000| PB 0x0000000698400000| Untracked 
| 514|0x0000000698800000, 0x0000000698c00000, 0x0000000698c00000|100%| O|  |TAMS 0x0000000698800000| PB 0x0000000698800000| Untracked 
| 515|0x0000000698c00000, 0x0000000699000000, 0x0000000699000000|100%| O|  |TAMS 0x0000000698c00000| PB 0x0000000698c00000| Untracked 
| 516|0x0000000699000000, 0x0000000699400000, 0x0000000699400000|100%| O|  |TAMS 0x0000000699000000| PB 0x0000000699000000| Untracked 
| 517|0x0000000699400000, 0x0000000699800000, 0x0000000699800000|100%| O|  |TAMS 0x0000000699400000| PB 0x0000000699400000| Untracked 
| 518|0x0000000699800000, 0x0000000699c00000, 0x0000000699c00000|100%| O|  |TAMS 0x0000000699800000| PB 0x0000000699800000| Untracked 
| 519|0x0000000699c00000, 0x0000000699ffff78, 0x000000069a000000| 99%| O|  |TAMS 0x0000000699c00000| PB 0x0000000699c00000| Untracked 
| 520|0x000000069a000000, 0x000000069a400000, 0x000000069a400000|100%| O|  |TAMS 0x000000069a000000| PB 0x000000069a000000| Untracked 
| 521|0x000000069a400000, 0x000000069a800000, 0x000000069a800000|100%| O|  |TAMS 0x000000069a400000| PB 0x000000069a400000| Untracked 
| 522|0x000000069a800000, 0x000000069ac00000, 0x000000069ac00000|100%| O|  |TAMS 0x000000069a800000| PB 0x000000069a800000| Untracked 
| 523|0x000000069ac00000, 0x000000069b000000, 0x000000069b000000|100%| O|  |TAMS 0x000000069ac00000| PB 0x000000069ac00000| Untracked 
| 524|0x000000069b000000, 0x000000069b400000, 0x000000069b400000|100%| O|  |TAMS 0x000000069b000000| PB 0x000000069b000000| Untracked 
| 525|0x000000069b400000, 0x000000069b800000, 0x000000069b800000|100%| O|  |TAMS 0x000000069b400000| PB 0x000000069b400000| Untracked 
| 526|0x000000069b800000, 0x000000069bc00000, 0x000000069bc00000|100%| O|  |TAMS 0x000000069b800000| PB 0x000000069b800000| Untracked 
| 527|0x000000069bc00000, 0x000000069c000000, 0x000000069c000000|100%| O|  |TAMS 0x000000069bc00000| PB 0x000000069bc00000| Untracked 
| 528|0x000000069c000000, 0x000000069c400000, 0x000000069c400000|100%| O|  |TAMS 0x000000069c000000| PB 0x000000069c000000| Untracked 
| 529|0x000000069c400000, 0x000000069c800000, 0x000000069c800000|100%| O|  |TAMS 0x000000069c400000| PB 0x000000069c400000| Untracked 
| 530|0x000000069c800000, 0x000000069cc00000, 0x000000069cc00000|100%| O|  |TAMS 0x000000069c800000| PB 0x000000069c800000| Untracked 
| 531|0x000000069cc00000, 0x000000069d000000, 0x000000069d000000|100%| O|  |TAMS 0x000000069cc00000| PB 0x000000069cc00000| Untracked 
| 532|0x000000069d000000, 0x000000069d400000, 0x000000069d400000|100%| O|  |TAMS 0x000000069d000000| PB 0x000000069d000000| Untracked 
| 533|0x000000069d400000, 0x000000069d800000, 0x000000069d800000|100%| O|  |TAMS 0x000000069d400000| PB 0x000000069d400000| Untracked 
| 534|0x000000069d800000, 0x000000069dc00000, 0x000000069dc00000|100%| O|  |TAMS 0x000000069d800000| PB 0x000000069d800000| Untracked 
| 535|0x000000069dc00000, 0x000000069e000000, 0x000000069e000000|100%| O|  |TAMS 0x000000069dc00000| PB 0x000000069dc00000| Untracked 
| 536|0x000000069e000000, 0x000000069e3fffb8, 0x000000069e400000| 99%| O|  |TAMS 0x000000069e000000| PB 0x000000069e000000| Untracked 
| 537|0x000000069e400000, 0x000000069e800000, 0x000000069e800000|100%| O|  |TAMS 0x000000069e400000| PB 0x000000069e400000| Untracked 
| 538|0x000000069e800000, 0x000000069ec00000, 0x000000069ec00000|100%| O|  |TAMS 0x000000069e800000| PB 0x000000069e800000| Untracked 
| 539|0x000000069ec00000, 0x000000069f000000, 0x000000069f000000|100%| O|  |TAMS 0x000000069ec00000| PB 0x000000069ec00000| Untracked 
| 540|0x000000069f000000, 0x000000069f400000, 0x000000069f400000|100%| O|  |TAMS 0x000000069f000000| PB 0x000000069f000000| Untracked 
| 541|0x000000069f400000, 0x000000069f800000, 0x000000069f800000|100%| O|Cm|TAMS 0x000000069f400000| PB 0x000000069f400000| Complete 
| 542|0x000000069f800000, 0x000000069fc00000, 0x000000069fc00000|100%| O|Cm|TAMS 0x000000069f800000| PB 0x000000069f800000| Complete 
| 543|0x000000069fc00000, 0x00000006a0000000, 0x00000006a0000000|100%| O|  |TAMS 0x000000069fc00000| PB 0x000000069fc00000| Untracked 
| 544|0x00000006a0000000, 0x00000006a0400000, 0x00000006a0400000|100%| O|  |TAMS 0x00000006a0000000| PB 0x00000006a0000000| Untracked 
| 545|0x00000006a0400000, 0x00000006a0800000, 0x00000006a0800000|100%| O|  |TAMS 0x00000006a0400000| PB 0x00000006a0400000| Untracked 
| 546|0x00000006a0800000, 0x00000006a0c00000, 0x00000006a0c00000|100%| O|  |TAMS 0x00000006a0800000| PB 0x00000006a0800000| Untracked 
| 547|0x00000006a0c00000, 0x00000006a1000000, 0x00000006a1000000|100%| O|  |TAMS 0x00000006a0c00000| PB 0x00000006a0c00000| Untracked 
| 548|0x00000006a1000000, 0x00000006a1400000, 0x00000006a1400000|100%| O|  |TAMS 0x00000006a1000000| PB 0x00000006a1000000| Untracked 
| 549|0x00000006a1400000, 0x00000006a1800000, 0x00000006a1800000|100%| O|  |TAMS 0x00000006a1400000| PB 0x00000006a1400000| Untracked 
| 550|0x00000006a1800000, 0x00000006a1c00000, 0x00000006a1c00000|100%| O|  |TAMS 0x00000006a1800000| PB 0x00000006a1800000| Untracked 
| 551|0x00000006a1c00000, 0x00000006a2000000, 0x00000006a2000000|100%| O|  |TAMS 0x00000006a1c00000| PB 0x00000006a1c00000| Untracked 
| 552|0x00000006a2000000, 0x00000006a2400000, 0x00000006a2400000|100%| O|  |TAMS 0x00000006a2000000| PB 0x00000006a2000000| Untracked 
| 553|0x00000006a2400000, 0x00000006a2800000, 0x00000006a2800000|100%| O|  |TAMS 0x00000006a2400000| PB 0x00000006a2400000| Untracked 
| 554|0x00000006a2800000, 0x00000006a2c00000, 0x00000006a2c00000|100%| O|  |TAMS 0x00000006a2800000| PB 0x00000006a2800000| Untracked 
| 555|0x00000006a2c00000, 0x00000006a3000000, 0x00000006a3000000|100%| O|  |TAMS 0x00000006a2c00000| PB 0x00000006a2c00000| Untracked 
| 556|0x00000006a3000000, 0x00000006a3400000, 0x00000006a3400000|100%| O|  |TAMS 0x00000006a3000000| PB 0x00000006a3000000| Untracked 
| 557|0x00000006a3400000, 0x00000006a3800000, 0x00000006a3800000|100%| O|  |TAMS 0x00000006a3400000| PB 0x00000006a3400000| Untracked 
| 558|0x00000006a3800000, 0x00000006a3c00000, 0x00000006a3c00000|100%| O|  |TAMS 0x00000006a3800000| PB 0x00000006a3800000| Untracked 
| 559|0x00000006a3c00000, 0x00000006a4000000, 0x00000006a4000000|100%|HS|  |TAMS 0x00000006a3c00000| PB 0x00000006a3c00000| Complete 
| 560|0x00000006a4000000, 0x00000006a4400000, 0x00000006a4400000|100%| O|  |TAMS 0x00000006a4000000| PB 0x00000006a4000000| Untracked 
| 561|0x00000006a4400000, 0x00000006a4800000, 0x00000006a4800000|100%| O|  |TAMS 0x00000006a4400000| PB 0x00000006a4400000| Untracked 
| 562|0x00000006a4800000, 0x00000006a4c00000, 0x00000006a4c00000|100%| O|  |TAMS 0x00000006a4800000| PB 0x00000006a4800000| Untracked 
| 563|0x00000006a4c00000, 0x00000006a5000000, 0x00000006a5000000|100%| O|  |TAMS 0x00000006a4c00000| PB 0x00000006a4c00000| Untracked 
| 564|0x00000006a5000000, 0x00000006a5400000, 0x00000006a5400000|100%| O|  |TAMS 0x00000006a5000000| PB 0x00000006a5000000| Untracked 
| 565|0x00000006a5400000, 0x00000006a5800000, 0x00000006a5800000|100%| O|  |TAMS 0x00000006a5400000| PB 0x00000006a5400000| Untracked 
| 566|0x00000006a5800000, 0x00000006a5c00000, 0x00000006a5c00000|100%| O|  |TAMS 0x00000006a5800000| PB 0x00000006a5800000| Untracked 
| 567|0x00000006a5c00000, 0x00000006a6000000, 0x00000006a6000000|100%| O|  |TAMS 0x00000006a5c00000| PB 0x00000006a5c00000| Untracked 
| 568|0x00000006a6000000, 0x00000006a6400000, 0x00000006a6400000|100%| O|  |TAMS 0x00000006a6000000| PB 0x00000006a6000000| Untracked 
| 569|0x00000006a6400000, 0x00000006a6800000, 0x00000006a6800000|100%| O|  |TAMS 0x00000006a6400000| PB 0x00000006a6400000| Untracked 
| 570|0x00000006a6800000, 0x00000006a6c00000, 0x00000006a6c00000|100%| O|  |TAMS 0x00000006a6800000| PB 0x00000006a6800000| Untracked 
| 571|0x00000006a6c00000, 0x00000006a7000000, 0x00000006a7000000|100%| O|  |TAMS 0x00000006a6c00000| PB 0x00000006a6c00000| Untracked 
| 572|0x00000006a7000000, 0x00000006a7400000, 0x00000006a7400000|100%| O|  |TAMS 0x00000006a7000000| PB 0x00000006a7000000| Untracked 
| 573|0x00000006a7400000, 0x00000006a7800000, 0x00000006a7800000|100%| O|  |TAMS 0x00000006a7400000| PB 0x00000006a7400000| Untracked 
| 574|0x00000006a7800000, 0x00000006a7c00000, 0x00000006a7c00000|100%| O|  |TAMS 0x00000006a7800000| PB 0x00000006a7800000| Untracked 
| 575|0x00000006a7c00000, 0x00000006a8000000, 0x00000006a8000000|100%| O|  |TAMS 0x00000006a7c00000| PB 0x00000006a7c00000| Untracked 
| 576|0x00000006a8000000, 0x00000006a8400000, 0x00000006a8400000|100%| O|  |TAMS 0x00000006a8000000| PB 0x00000006a8000000| Untracked 
| 577|0x00000006a8400000, 0x00000006a8800000, 0x00000006a8800000|100%| O|  |TAMS 0x00000006a8400000| PB 0x00000006a8400000| Untracked 
| 578|0x00000006a8800000, 0x00000006a8c00000, 0x00000006a8c00000|100%| O|  |TAMS 0x00000006a8800000| PB 0x00000006a8800000| Untracked 
| 579|0x00000006a8c00000, 0x00000006a9000000, 0x00000006a9000000|100%| O|  |TAMS 0x00000006a8c00000| PB 0x00000006a8c00000| Untracked 
| 580|0x00000006a9000000, 0x00000006a9400000, 0x00000006a9400000|100%| O|  |TAMS 0x00000006a9000000| PB 0x00000006a9000000| Untracked 
| 581|0x00000006a9400000, 0x00000006a9800000, 0x00000006a9800000|100%| O|  |TAMS 0x00000006a9400000| PB 0x00000006a9400000| Untracked 
| 582|0x00000006a9800000, 0x00000006a9c00000, 0x00000006a9c00000|100%| O|  |TAMS 0x00000006a9800000| PB 0x00000006a9800000| Untracked 
| 583|0x00000006a9c00000, 0x00000006aa000000, 0x00000006aa000000|100%|HS|  |TAMS 0x00000006a9c00000| PB 0x00000006a9c00000| Complete 
| 584|0x00000006aa000000, 0x00000006aa400000, 0x00000006aa400000|100%| O|  |TAMS 0x00000006aa000000| PB 0x00000006aa000000| Untracked 
| 585|0x00000006aa400000, 0x00000006aa800000, 0x00000006aa800000|100%| O|  |TAMS 0x00000006aa400000| PB 0x00000006aa400000| Untracked 
| 586|0x00000006aa800000, 0x00000006aac00000, 0x00000006aac00000|100%| O|  |TAMS 0x00000006aa800000| PB 0x00000006aa800000| Untracked 
| 587|0x00000006aac00000, 0x00000006ab000000, 0x00000006ab000000|100%| O|  |TAMS 0x00000006aac00000| PB 0x00000006aac00000| Untracked 
| 588|0x00000006ab000000, 0x00000006ab400000, 0x00000006ab400000|100%| O|  |TAMS 0x00000006ab000000| PB 0x00000006ab000000| Untracked 
| 589|0x00000006ab400000, 0x00000006ab800000, 0x00000006ab800000|100%| O|  |TAMS 0x00000006ab400000| PB 0x00000006ab400000| Untracked 
| 590|0x00000006ab800000, 0x00000006abc00000, 0x00000006abc00000|100%| O|  |TAMS 0x00000006ab800000| PB 0x00000006ab800000| Untracked 
| 591|0x00000006abc00000, 0x00000006ac000000, 0x00000006ac000000|100%| O|  |TAMS 0x00000006abc00000| PB 0x00000006abc00000| Untracked 
| 592|0x00000006ac000000, 0x00000006ac400000, 0x00000006ac400000|100%| O|  |TAMS 0x00000006ac000000| PB 0x00000006ac000000| Untracked 
| 593|0x00000006ac400000, 0x00000006ac800000, 0x00000006ac800000|100%| O|  |TAMS 0x00000006ac400000| PB 0x00000006ac400000| Untracked 
| 594|0x00000006ac800000, 0x00000006acc00000, 0x00000006acc00000|100%| O|  |TAMS 0x00000006ac800000| PB 0x00000006ac800000| Untracked 
| 595|0x00000006acc00000, 0x00000006ad000000, 0x00000006ad000000|100%| O|  |TAMS 0x00000006acc00000| PB 0x00000006acc00000| Untracked 
| 596|0x00000006ad000000, 0x00000006ad400000, 0x00000006ad400000|100%| O|  |TAMS 0x00000006ad000000| PB 0x00000006ad000000| Untracked 
| 597|0x00000006ad400000, 0x00000006ad800000, 0x00000006ad800000|100%| O|  |TAMS 0x00000006ad400000| PB 0x00000006ad400000| Untracked 
| 598|0x00000006ad800000, 0x00000006adc00000, 0x00000006adc00000|100%| O|  |TAMS 0x00000006ad800000| PB 0x00000006ad800000| Untracked 
| 599|0x00000006adc00000, 0x00000006ae000000, 0x00000006ae000000|100%| O|  |TAMS 0x00000006adc00000| PB 0x00000006adc00000| Untracked 
| 600|0x00000006ae000000, 0x00000006ae400000, 0x00000006ae400000|100%| O|  |TAMS 0x00000006ae000000| PB 0x00000006ae000000| Untracked 
| 601|0x00000006ae400000, 0x00000006ae800000, 0x00000006ae800000|100%| O|  |TAMS 0x00000006ae400000| PB 0x00000006ae400000| Untracked 
| 602|0x00000006ae800000, 0x00000006aec00000, 0x00000006aec00000|100%| O|  |TAMS 0x00000006ae800000| PB 0x00000006ae800000| Untracked 
| 603|0x00000006aec00000, 0x00000006af000000, 0x00000006af000000|100%| O|  |TAMS 0x00000006aec00000| PB 0x00000006aec00000| Untracked 
| 604|0x00000006af000000, 0x00000006af400000, 0x00000006af400000|100%| O|  |TAMS 0x00000006af000000| PB 0x00000006af000000| Untracked 
| 605|0x00000006af400000, 0x00000006af800000, 0x00000006af800000|100%| O|  |TAMS 0x00000006af400000| PB 0x00000006af400000| Untracked 
| 606|0x00000006af800000, 0x00000006afc00000, 0x00000006afc00000|100%| O|  |TAMS 0x00000006af800000| PB 0x00000006af800000| Untracked 
| 607|0x00000006afc00000, 0x00000006b0000000, 0x00000006b0000000|100%| O|  |TAMS 0x00000006afc00000| PB 0x00000006afc00000| Untracked 
| 608|0x00000006b0000000, 0x00000006b0400000, 0x00000006b0400000|100%| O|  |TAMS 0x00000006b0000000| PB 0x00000006b0000000| Untracked 
| 609|0x00000006b0400000, 0x00000006b0800000, 0x00000006b0800000|100%| O|  |TAMS 0x00000006b0400000| PB 0x00000006b0400000| Untracked 
| 610|0x00000006b0800000, 0x00000006b0c00000, 0x00000006b0c00000|100%| O|  |TAMS 0x00000006b0800000| PB 0x00000006b0800000| Untracked 
| 611|0x00000006b0c00000, 0x00000006b1000000, 0x00000006b1000000|100%| O|  |TAMS 0x00000006b0c00000| PB 0x00000006b0c00000| Untracked 
| 612|0x00000006b1000000, 0x00000006b1400000, 0x00000006b1400000|100%| O|  |TAMS 0x00000006b1000000| PB 0x00000006b1000000| Untracked 
| 613|0x00000006b1400000, 0x00000006b1800000, 0x00000006b1800000|100%| O|  |TAMS 0x00000006b1400000| PB 0x00000006b1400000| Untracked 
| 614|0x00000006b1800000, 0x00000006b1c00000, 0x00000006b1c00000|100%| O|  |TAMS 0x00000006b1800000| PB 0x00000006b1800000| Untracked 
| 615|0x00000006b1c00000, 0x00000006b2000000, 0x00000006b2000000|100%| O|  |TAMS 0x00000006b1c00000| PB 0x00000006b1c00000| Untracked 
| 616|0x00000006b2000000, 0x00000006b2400000, 0x00000006b2400000|100%| O|  |TAMS 0x00000006b2000000| PB 0x00000006b2000000| Untracked 
| 617|0x00000006b2400000, 0x00000006b2800000, 0x00000006b2800000|100%| O|  |TAMS 0x00000006b2400000| PB 0x00000006b2400000| Untracked 
| 618|0x00000006b2800000, 0x00000006b2c00000, 0x00000006b2c00000|100%| O|  |TAMS 0x00000006b2800000| PB 0x00000006b2800000| Untracked 
| 619|0x00000006b2c00000, 0x00000006b3000000, 0x00000006b3000000|100%| O|  |TAMS 0x00000006b2c00000| PB 0x00000006b2c00000| Untracked 
| 620|0x00000006b3000000, 0x00000006b3400000, 0x00000006b3400000|100%| O|  |TAMS 0x00000006b3000000| PB 0x00000006b3000000| Untracked 
| 621|0x00000006b3400000, 0x00000006b3800000, 0x00000006b3800000|100%| O|  |TAMS 0x00000006b3400000| PB 0x00000006b3400000| Untracked 
| 622|0x00000006b3800000, 0x00000006b3c00000, 0x00000006b3c00000|100%| O|  |TAMS 0x00000006b3800000| PB 0x00000006b3800000| Untracked 
| 623|0x00000006b3c00000, 0x00000006b4000000, 0x00000006b4000000|100%| O|  |TAMS 0x00000006b3c00000| PB 0x00000006b3c00000| Untracked 
| 624|0x00000006b4000000, 0x00000006b4400000, 0x00000006b4400000|100%| O|  |TAMS 0x00000006b4000000| PB 0x00000006b4000000| Untracked 
| 625|0x00000006b4400000, 0x00000006b4800000, 0x00000006b4800000|100%| O|  |TAMS 0x00000006b4400000| PB 0x00000006b4400000| Untracked 
| 626|0x00000006b4800000, 0x00000006b4c00000, 0x00000006b4c00000|100%| O|  |TAMS 0x00000006b4800000| PB 0x00000006b4800000| Untracked 
| 627|0x00000006b4c00000, 0x00000006b5000000, 0x00000006b5000000|100%| O|  |TAMS 0x00000006b4c00000| PB 0x00000006b4c00000| Untracked 
| 628|0x00000006b5000000, 0x00000006b5400000, 0x00000006b5400000|100%| O|  |TAMS 0x00000006b5000000| PB 0x00000006b5000000| Untracked 
| 629|0x00000006b5400000, 0x00000006b5800000, 0x00000006b5800000|100%| O|  |TAMS 0x00000006b5400000| PB 0x00000006b5400000| Untracked 
| 630|0x00000006b5800000, 0x00000006b5c00000, 0x00000006b5c00000|100%| O|  |TAMS 0x00000006b5800000| PB 0x00000006b5800000| Untracked 
| 631|0x00000006b5c00000, 0x00000006b6000000, 0x00000006b6000000|100%| O|  |TAMS 0x00000006b5c00000| PB 0x00000006b5c00000| Untracked 
| 632|0x00000006b6000000, 0x00000006b6400000, 0x00000006b6400000|100%| O|  |TAMS 0x00000006b6000000| PB 0x00000006b6000000| Untracked 
| 633|0x00000006b6400000, 0x00000006b6800000, 0x00000006b6800000|100%| O|  |TAMS 0x00000006b6400000| PB 0x00000006b6400000| Untracked 
| 634|0x00000006b6800000, 0x00000006b6c00000, 0x00000006b6c00000|100%| O|  |TAMS 0x00000006b6800000| PB 0x00000006b6800000| Untracked 
| 635|0x00000006b6c00000, 0x00000006b7000000, 0x00000006b7000000|100%| O|  |TAMS 0x00000006b6c00000| PB 0x00000006b6c00000| Untracked 
| 636|0x00000006b7000000, 0x00000006b7400000, 0x00000006b7400000|100%| O|  |TAMS 0x00000006b7000000| PB 0x00000006b7000000| Untracked 
| 637|0x00000006b7400000, 0x00000006b7800000, 0x00000006b7800000|100%| O|  |TAMS 0x00000006b7400000| PB 0x00000006b7400000| Untracked 
| 638|0x00000006b7800000, 0x00000006b7c00000, 0x00000006b7c00000|100%| O|  |TAMS 0x00000006b7800000| PB 0x00000006b7800000| Untracked 
| 639|0x00000006b7c00000, 0x00000006b8000000, 0x00000006b8000000|100%| O|  |TAMS 0x00000006b7c00000| PB 0x00000006b7c00000| Untracked 
| 640|0x00000006b8000000, 0x00000006b8400000, 0x00000006b8400000|100%| O|  |TAMS 0x00000006b8000000| PB 0x00000006b8000000| Untracked 
| 641|0x00000006b8400000, 0x00000006b8800000, 0x00000006b8800000|100%| O|  |TAMS 0x00000006b8400000| PB 0x00000006b8400000| Untracked 
| 642|0x00000006b8800000, 0x00000006b8c00000, 0x00000006b8c00000|100%| O|  |TAMS 0x00000006b8800000| PB 0x00000006b8800000| Untracked 
| 643|0x00000006b8c00000, 0x00000006b9000000, 0x00000006b9000000|100%| O|  |TAMS 0x00000006b8c00000| PB 0x00000006b8c00000| Untracked 
| 644|0x00000006b9000000, 0x00000006b9400000, 0x00000006b9400000|100%| O|  |TAMS 0x00000006b9000000| PB 0x00000006b9000000| Untracked 
| 645|0x00000006b9400000, 0x00000006b9800000, 0x00000006b9800000|100%| O|  |TAMS 0x00000006b9400000| PB 0x00000006b9400000| Untracked 
| 646|0x00000006b9800000, 0x00000006b9c00000, 0x00000006b9c00000|100%| O|  |TAMS 0x00000006b9800000| PB 0x00000006b9800000| Untracked 
| 647|0x00000006b9c00000, 0x00000006ba000000, 0x00000006ba000000|100%| O|  |TAMS 0x00000006b9c00000| PB 0x00000006b9c00000| Untracked 
| 648|0x00000006ba000000, 0x00000006ba400000, 0x00000006ba400000|100%| O|  |TAMS 0x00000006ba000000| PB 0x00000006ba000000| Untracked 
| 649|0x00000006ba400000, 0x00000006ba800000, 0x00000006ba800000|100%| O|  |TAMS 0x00000006ba400000| PB 0x00000006ba400000| Untracked 
| 650|0x00000006ba800000, 0x00000006bac00000, 0x00000006bac00000|100%| O|  |TAMS 0x00000006ba800000| PB 0x00000006ba800000| Untracked 
| 651|0x00000006bac00000, 0x00000006bb000000, 0x00000006bb000000|100%| O|  |TAMS 0x00000006bac00000| PB 0x00000006bac00000| Untracked 
| 652|0x00000006bb000000, 0x00000006bb400000, 0x00000006bb400000|100%| O|  |TAMS 0x00000006bb000000| PB 0x00000006bb000000| Untracked 
| 653|0x00000006bb400000, 0x00000006bb800000, 0x00000006bb800000|100%| O|  |TAMS 0x00000006bb400000| PB 0x00000006bb400000| Untracked 
| 654|0x00000006bb800000, 0x00000006bbc00000, 0x00000006bbc00000|100%| O|  |TAMS 0x00000006bb800000| PB 0x00000006bb800000| Untracked 
| 655|0x00000006bbc00000, 0x00000006bc000000, 0x00000006bc000000|100%| O|  |TAMS 0x00000006bbc00000| PB 0x00000006bbc00000| Untracked 
| 656|0x00000006bc000000, 0x00000006bc400000, 0x00000006bc400000|100%| O|  |TAMS 0x00000006bc000000| PB 0x00000006bc000000| Untracked 
| 657|0x00000006bc400000, 0x00000006bc800000, 0x00000006bc800000|100%| O|  |TAMS 0x00000006bc400000| PB 0x00000006bc400000| Untracked 
| 658|0x00000006bc800000, 0x00000006bcc00000, 0x00000006bcc00000|100%| O|  |TAMS 0x00000006bc800000| PB 0x00000006bc800000| Untracked 
| 659|0x00000006bcc00000, 0x00000006bd000000, 0x00000006bd000000|100%| O|  |TAMS 0x00000006bcc00000| PB 0x00000006bcc00000| Untracked 
| 660|0x00000006bd000000, 0x00000006bd400000, 0x00000006bd400000|100%| O|  |TAMS 0x00000006bd000000| PB 0x00000006bd000000| Untracked 
| 661|0x00000006bd400000, 0x00000006bd800000, 0x00000006bd800000|100%| O|  |TAMS 0x00000006bd400000| PB 0x00000006bd400000| Untracked 
| 662|0x00000006bd800000, 0x00000006bdc00000, 0x00000006bdc00000|100%| O|  |TAMS 0x00000006bd800000| PB 0x00000006bd800000| Untracked 
| 663|0x00000006bdc00000, 0x00000006be000000, 0x00000006be000000|100%| O|  |TAMS 0x00000006bdc00000| PB 0x00000006bdc00000| Untracked 
| 664|0x00000006be000000, 0x00000006be400000, 0x00000006be400000|100%| O|  |TAMS 0x00000006be000000| PB 0x00000006be000000| Untracked 
| 665|0x00000006be400000, 0x00000006be800000, 0x00000006be800000|100%| O|  |TAMS 0x00000006be400000| PB 0x00000006be400000| Untracked 
| 666|0x00000006be800000, 0x00000006bec00000, 0x00000006bec00000|100%| O|  |TAMS 0x00000006be800000| PB 0x00000006be800000| Untracked 
| 667|0x00000006bec00000, 0x00000006bf000000, 0x00000006bf000000|100%| O|  |TAMS 0x00000006bec00000| PB 0x00000006bec00000| Untracked 
| 668|0x00000006bf000000, 0x00000006bf400000, 0x00000006bf400000|100%| O|  |TAMS 0x00000006bf000000| PB 0x00000006bf000000| Untracked 
| 669|0x00000006bf400000, 0x00000006bf800000, 0x00000006bf800000|100%| O|  |TAMS 0x00000006bf400000| PB 0x00000006bf400000| Untracked 
| 670|0x00000006bf800000, 0x00000006bfc00000, 0x00000006bfc00000|100%| O|  |TAMS 0x00000006bf800000| PB 0x00000006bf800000| Untracked 
| 671|0x00000006bfc00000, 0x00000006c0000000, 0x00000006c0000000|100%| O|  |TAMS 0x00000006bfc00000| PB 0x00000006bfc00000| Untracked 
| 672|0x00000006c0000000, 0x00000006c0400000, 0x00000006c0400000|100%| O|  |TAMS 0x00000006c0000000| PB 0x00000006c0000000| Untracked 
| 673|0x00000006c0400000, 0x00000006c0800000, 0x00000006c0800000|100%| O|Cm|TAMS 0x00000006c0400000| PB 0x00000006c0400000| Complete 
| 674|0x00000006c0800000, 0x00000006c0c00000, 0x00000006c0c00000|100%| O|  |TAMS 0x00000006c0800000| PB 0x00000006c0800000| Untracked 
| 675|0x00000006c0c00000, 0x00000006c1000000, 0x00000006c1000000|100%| O|  |TAMS 0x00000006c0c00000| PB 0x00000006c0c00000| Untracked 
| 676|0x00000006c1000000, 0x00000006c1400000, 0x00000006c1400000|100%| O|  |TAMS 0x00000006c1000000| PB 0x00000006c1000000| Untracked 
| 677|0x00000006c1400000, 0x00000006c1800000, 0x00000006c1800000|100%| O|  |TAMS 0x00000006c1400000| PB 0x00000006c1400000| Untracked 
| 678|0x00000006c1800000, 0x00000006c1c00000, 0x00000006c1c00000|100%| O|  |TAMS 0x00000006c1800000| PB 0x00000006c1800000| Untracked 
| 679|0x00000006c1c00000, 0x00000006c2000000, 0x00000006c2000000|100%| O|  |TAMS 0x00000006c1c00000| PB 0x00000006c1c00000| Untracked 
| 680|0x00000006c2000000, 0x00000006c2400000, 0x00000006c2400000|100%| O|  |TAMS 0x00000006c2000000| PB 0x00000006c2000000| Untracked 
| 681|0x00000006c2400000, 0x00000006c2800000, 0x00000006c2800000|100%| O|  |TAMS 0x00000006c2400000| PB 0x00000006c2400000| Untracked 
| 682|0x00000006c2800000, 0x00000006c2c00000, 0x00000006c2c00000|100%| O|  |TAMS 0x00000006c2800000| PB 0x00000006c2800000| Untracked 
| 683|0x00000006c2c00000, 0x00000006c3000000, 0x00000006c3000000|100%| O|  |TAMS 0x00000006c2c00000| PB 0x00000006c2c00000| Untracked 
| 684|0x00000006c3000000, 0x00000006c3400000, 0x00000006c3400000|100%| O|  |TAMS 0x00000006c3000000| PB 0x00000006c3000000| Untracked 
| 685|0x00000006c3400000, 0x00000006c3400000, 0x00000006c3800000|  0%| F|  |TAMS 0x00000006c3400000| PB 0x00000006c3400000| Untracked 
| 686|0x00000006c3800000, 0x00000006c3800000, 0x00000006c3c00000|  0%| F|  |TAMS 0x00000006c3800000| PB 0x00000006c3800000| Untracked 
| 687|0x00000006c3c00000, 0x00000006c3c00000, 0x00000006c4000000|  0%| F|  |TAMS 0x00000006c3c00000| PB 0x00000006c3c00000| Untracked 
| 688|0x00000006c4000000, 0x00000006c4000000, 0x00000006c4400000|  0%| F|  |TAMS 0x00000006c4000000| PB 0x00000006c4000000| Untracked 
| 689|0x00000006c4400000, 0x00000006c4400000, 0x00000006c4800000|  0%| F|  |TAMS 0x00000006c4400000| PB 0x00000006c4400000| Untracked 
| 690|0x00000006c4800000, 0x00000006c4800000, 0x00000006c4c00000|  0%| F|  |TAMS 0x00000006c4800000| PB 0x00000006c4800000| Untracked 
| 691|0x00000006c4c00000, 0x00000006c4c00000, 0x00000006c5000000|  0%| F|  |TAMS 0x00000006c4c00000| PB 0x00000006c4c00000| Untracked 
| 692|0x00000006c5000000, 0x00000006c5000000, 0x00000006c5400000|  0%| F|  |TAMS 0x00000006c5000000| PB 0x00000006c5000000| Untracked 
| 693|0x00000006c5400000, 0x00000006c5400000, 0x00000006c5800000|  0%| F|  |TAMS 0x00000006c5400000| PB 0x00000006c5400000| Untracked 
| 694|0x00000006c5800000, 0x00000006c5800000, 0x00000006c5c00000|  0%| F|  |TAMS 0x00000006c5800000| PB 0x00000006c5800000| Untracked 
| 695|0x00000006c5c00000, 0x00000006c5c00000, 0x00000006c6000000|  0%| F|  |TAMS 0x00000006c5c00000| PB 0x00000006c5c00000| Untracked 
| 696|0x00000006c6000000, 0x00000006c6000000, 0x00000006c6400000|  0%| F|  |TAMS 0x00000006c6000000| PB 0x00000006c6000000| Untracked 
| 697|0x00000006c6400000, 0x00000006c6400000, 0x00000006c6800000|  0%| F|  |TAMS 0x00000006c6400000| PB 0x00000006c6400000| Untracked 
| 698|0x00000006c6800000, 0x00000006c6800000, 0x00000006c6c00000|  0%| F|  |TAMS 0x00000006c6800000| PB 0x00000006c6800000| Untracked 
| 699|0x00000006c6c00000, 0x00000006c6c00000, 0x00000006c7000000|  0%| F|  |TAMS 0x00000006c6c00000| PB 0x00000006c6c00000| Untracked 
| 700|0x00000006c7000000, 0x00000006c7000000, 0x00000006c7400000|  0%| F|  |TAMS 0x00000006c7000000| PB 0x00000006c7000000| Untracked 
| 701|0x00000006c7400000, 0x00000006c7400000, 0x00000006c7800000|  0%| F|  |TAMS 0x00000006c7400000| PB 0x00000006c7400000| Untracked 
| 702|0x00000006c7800000, 0x00000006c7800000, 0x00000006c7c00000|  0%| F|  |TAMS 0x00000006c7800000| PB 0x00000006c7800000| Untracked 
| 703|0x00000006c7c00000, 0x00000006c8000000, 0x00000006c8000000|100%| O|  |TAMS 0x00000006c7c00000| PB 0x00000006c7c00000| Untracked 
| 704|0x00000006c8000000, 0x00000006c8400000, 0x00000006c8400000|100%| O|  |TAMS 0x00000006c8000000| PB 0x00000006c8000000| Untracked 
| 705|0x00000006c8400000, 0x00000006c8800000, 0x00000006c8800000|100%| O|  |TAMS 0x00000006c8400000| PB 0x00000006c8400000| Untracked 
| 706|0x00000006c8800000, 0x00000006c8a3cf80, 0x00000006c8c00000| 55%| O|  |TAMS 0x00000006c8800000| PB 0x00000006c8800000| Untracked 
| 707|0x00000006c8c00000, 0x00000006c9000000, 0x00000006c9000000|100%| S|CS|TAMS 0x00000006c8c00000| PB 0x00000006c8c00000| Complete 
| 708|0x00000006c9000000, 0x00000006c9400000, 0x00000006c9400000|100%| S|CS|TAMS 0x00000006c9000000| PB 0x00000006c9000000| Complete 
| 709|0x00000006c9400000, 0x00000006c9800000, 0x00000006c9800000|100%| S|CS|TAMS 0x00000006c9400000| PB 0x00000006c9400000| Complete 
| 710|0x00000006c9800000, 0x00000006c9c00000, 0x00000006c9c00000|100%| S|CS|TAMS 0x00000006c9800000| PB 0x00000006c9800000| Complete 
| 711|0x00000006c9c00000, 0x00000006ca000000, 0x00000006ca000000|100%| S|CS|TAMS 0x00000006c9c00000| PB 0x00000006c9c00000| Complete 
| 712|0x00000006ca000000, 0x00000006ca400000, 0x00000006ca400000|100%| S|CS|TAMS 0x00000006ca000000| PB 0x00000006ca000000| Complete 
| 713|0x00000006ca400000, 0x00000006ca800000, 0x00000006ca800000|100%| S|CS|TAMS 0x00000006ca400000| PB 0x00000006ca400000| Complete 
| 714|0x00000006ca800000, 0x00000006cac00000, 0x00000006cac00000|100%| S|CS|TAMS 0x00000006ca800000| PB 0x00000006ca800000| Complete 
| 715|0x00000006cac00000, 0x00000006cb000000, 0x00000006cb000000|100%| S|CS|TAMS 0x00000006cac00000| PB 0x00000006cac00000| Complete 
| 716|0x00000006cb000000, 0x00000006cb400000, 0x00000006cb400000|100%| S|CS|TAMS 0x00000006cb000000| PB 0x00000006cb000000| Complete 
| 717|0x00000006cb400000, 0x00000006cb800000, 0x00000006cb800000|100%| S|CS|TAMS 0x00000006cb400000| PB 0x00000006cb400000| Complete 
| 718|0x00000006cb800000, 0x00000006cbc00000, 0x00000006cbc00000|100%| S|CS|TAMS 0x00000006cb800000| PB 0x00000006cb800000| Complete 
| 719|0x00000006cbc00000, 0x00000006cc000000, 0x00000006cc000000|100%| S|CS|TAMS 0x00000006cbc00000| PB 0x00000006cbc00000| Complete 
| 720|0x00000006cc000000, 0x00000006cc000000, 0x00000006cc400000|  0%| F|  |TAMS 0x00000006cc000000| PB 0x00000006cc000000| Untracked 
| 721|0x00000006cc400000, 0x00000006cc400000, 0x00000006cc800000|  0%| F|  |TAMS 0x00000006cc400000| PB 0x00000006cc400000| Untracked 
| 722|0x00000006cc800000, 0x00000006cc800000, 0x00000006ccc00000|  0%| F|  |TAMS 0x00000006cc800000| PB 0x00000006cc800000| Untracked 
| 723|0x00000006ccc00000, 0x00000006ccc00000, 0x00000006cd000000|  0%| F|  |TAMS 0x00000006ccc00000| PB 0x00000006ccc00000| Untracked 
| 724|0x00000006cd000000, 0x00000006cd000000, 0x00000006cd400000|  0%| F|  |TAMS 0x00000006cd000000| PB 0x00000006cd000000| Untracked 
| 725|0x00000006cd400000, 0x00000006cd400000, 0x00000006cd800000|  0%| F|  |TAMS 0x00000006cd400000| PB 0x00000006cd400000| Untracked 
| 726|0x00000006cd800000, 0x00000006cd800000, 0x00000006cdc00000|  0%| F|  |TAMS 0x00000006cd800000| PB 0x00000006cd800000| Untracked 
| 727|0x00000006cdc00000, 0x00000006cdc00000, 0x00000006ce000000|  0%| F|  |TAMS 0x00000006cdc00000| PB 0x00000006cdc00000| Untracked 
| 728|0x00000006ce000000, 0x00000006ce000000, 0x00000006ce400000|  0%| F|  |TAMS 0x00000006ce000000| PB 0x00000006ce000000| Untracked 
| 729|0x00000006ce400000, 0x00000006ce400000, 0x00000006ce800000|  0%| F|  |TAMS 0x00000006ce400000| PB 0x00000006ce400000| Untracked 
| 730|0x00000006ce800000, 0x00000006cec00000, 0x00000006cec00000|100%| S|CS|TAMS 0x00000006ce800000| PB 0x00000006ce800000| Complete 
| 731|0x00000006cec00000, 0x00000006cf000000, 0x00000006cf000000|100%| S|CS|TAMS 0x00000006cec00000| PB 0x00000006cec00000| Complete 
| 732|0x00000006cf000000, 0x00000006cf400000, 0x00000006cf400000|100%| S|CS|TAMS 0x00000006cf000000| PB 0x00000006cf000000| Complete 
| 733|0x00000006cf400000, 0x00000006cf800000, 0x00000006cf800000|100%| S|CS|TAMS 0x00000006cf400000| PB 0x00000006cf400000| Complete 
| 734|0x00000006cf800000, 0x00000006cfc00000, 0x00000006cfc00000|100%| S|CS|TAMS 0x00000006cf800000| PB 0x00000006cf800000| Complete 
| 735|0x00000006cfc00000, 0x00000006d0000000, 0x00000006d0000000|100%| S|CS|TAMS 0x00000006cfc00000| PB 0x00000006cfc00000| Complete 
| 736|0x00000006d0000000, 0x00000006d0400000, 0x00000006d0400000|100%| S|CS|TAMS 0x00000006d0000000| PB 0x00000006d0000000| Complete 
| 737|0x00000006d0400000, 0x00000006d0400000, 0x00000006d0800000|  0%| F|  |TAMS 0x00000006d0400000| PB 0x00000006d0400000| Untracked 
| 738|0x00000006d0800000, 0x00000006d0800000, 0x00000006d0c00000|  0%| F|  |TAMS 0x00000006d0800000| PB 0x00000006d0800000| Untracked 
| 739|0x00000006d0c00000, 0x00000006d0c00000, 0x00000006d1000000|  0%| F|  |TAMS 0x00000006d0c00000| PB 0x00000006d0c00000| Untracked 
| 740|0x00000006d1000000, 0x00000006d1000000, 0x00000006d1400000|  0%| F|  |TAMS 0x00000006d1000000| PB 0x00000006d1000000| Untracked 
| 741|0x00000006d1400000, 0x00000006d1400000, 0x00000006d1800000|  0%| F|  |TAMS 0x00000006d1400000| PB 0x00000006d1400000| Untracked 
| 742|0x00000006d1800000, 0x00000006d1800000, 0x00000006d1c00000|  0%| F|  |TAMS 0x00000006d1800000| PB 0x00000006d1800000| Untracked 
| 743|0x00000006d1c00000, 0x00000006d1c00000, 0x00000006d2000000|  0%| F|  |TAMS 0x00000006d1c00000| PB 0x00000006d1c00000| Untracked 
| 744|0x00000006d2000000, 0x00000006d2000000, 0x00000006d2400000|  0%| F|  |TAMS 0x00000006d2000000| PB 0x00000006d2000000| Untracked 
| 745|0x00000006d2400000, 0x00000006d2400000, 0x00000006d2800000|  0%| F|  |TAMS 0x00000006d2400000| PB 0x00000006d2400000| Untracked 
| 746|0x00000006d2800000, 0x00000006d2800000, 0x00000006d2c00000|  0%| F|  |TAMS 0x00000006d2800000| PB 0x00000006d2800000| Untracked 
| 747|0x00000006d2c00000, 0x00000006d2c00000, 0x00000006d3000000|  0%| F|  |TAMS 0x00000006d2c00000| PB 0x00000006d2c00000| Untracked 
| 748|0x00000006d3000000, 0x00000006d3400000, 0x00000006d3400000|100%| S|CS|TAMS 0x00000006d3000000| PB 0x00000006d3000000| Complete 
| 749|0x00000006d3400000, 0x00000006d3800000, 0x00000006d3800000|100%| S|CS|TAMS 0x00000006d3400000| PB 0x00000006d3400000| Complete 
| 750|0x00000006d3800000, 0x00000006d3c00000, 0x00000006d3c00000|100%| S|CS|TAMS 0x00000006d3800000| PB 0x00000006d3800000| Complete 
| 751|0x00000006d3c00000, 0x00000006d4000000, 0x00000006d4000000|100%| S|CS|TAMS 0x00000006d3c00000| PB 0x00000006d3c00000| Complete 
| 752|0x00000006d4000000, 0x00000006d4400000, 0x00000006d4400000|100%| S|CS|TAMS 0x00000006d4000000| PB 0x00000006d4000000| Complete 
| 753|0x00000006d4400000, 0x00000006d4800000, 0x00000006d4800000|100%| S|CS|TAMS 0x00000006d4400000| PB 0x00000006d4400000| Complete 
| 754|0x00000006d4800000, 0x00000006d4c00000, 0x00000006d4c00000|100%| S|CS|TAMS 0x00000006d4800000| PB 0x00000006d4800000| Complete 
| 755|0x00000006d4c00000, 0x00000006d4c00000, 0x00000006d5000000|  0%| F|  |TAMS 0x00000006d4c00000| PB 0x00000006d4c00000| Untracked 
| 756|0x00000006d5000000, 0x00000006d5000000, 0x00000006d5400000|  0%| F|  |TAMS 0x00000006d5000000| PB 0x00000006d5000000| Untracked 
| 757|0x00000006d5400000, 0x00000006d5400000, 0x00000006d5800000|  0%| F|  |TAMS 0x00000006d5400000| PB 0x00000006d5400000| Untracked 
| 758|0x00000006d5800000, 0x00000006d5800000, 0x00000006d5c00000|  0%| F|  |TAMS 0x00000006d5800000| PB 0x00000006d5800000| Untracked 
| 759|0x00000006d5c00000, 0x00000006d5c00000, 0x00000006d6000000|  0%| F|  |TAMS 0x00000006d5c00000| PB 0x00000006d5c00000| Untracked 
| 760|0x00000006d6000000, 0x00000006d6000000, 0x00000006d6400000|  0%| F|  |TAMS 0x00000006d6000000| PB 0x00000006d6000000| Untracked 
| 761|0x00000006d6400000, 0x00000006d6400000, 0x00000006d6800000|  0%| F|  |TAMS 0x00000006d6400000| PB 0x00000006d6400000| Untracked 
| 762|0x00000006d6800000, 0x00000006d6800000, 0x00000006d6c00000|  0%| F|  |TAMS 0x00000006d6800000| PB 0x00000006d6800000| Untracked 
| 763|0x00000006d6c00000, 0x00000006d7000000, 0x00000006d7000000|100%| S|CS|TAMS 0x00000006d6c00000| PB 0x00000006d6c00000| Complete 
| 764|0x00000006d7000000, 0x00000006d7400000, 0x00000006d7400000|100%| S|CS|TAMS 0x00000006d7000000| PB 0x00000006d7000000| Complete 
| 765|0x00000006d7400000, 0x00000006d7800000, 0x00000006d7800000|100%| S|CS|TAMS 0x00000006d7400000| PB 0x00000006d7400000| Complete 
| 766|0x00000006d7800000, 0x00000006d7c00000, 0x00000006d7c00000|100%| S|CS|TAMS 0x00000006d7800000| PB 0x00000006d7800000| Complete 
| 767|0x00000006d7c00000, 0x00000006d8000000, 0x00000006d8000000|100%| S|CS|TAMS 0x00000006d7c00000| PB 0x00000006d7c00000| Complete 
| 768|0x00000006d8000000, 0x00000006d8400000, 0x00000006d8400000|100%| S|CS|TAMS 0x00000006d8000000| PB 0x00000006d8000000| Complete 
| 769|0x00000006d8400000, 0x00000006d8800000, 0x00000006d8800000|100%| S|CS|TAMS 0x00000006d8400000| PB 0x00000006d8400000| Complete 
| 770|0x00000006d8800000, 0x00000006d8c00000, 0x00000006d8c00000|100%| S|CS|TAMS 0x00000006d8800000| PB 0x00000006d8800000| Complete 
| 771|0x00000006d8c00000, 0x00000006d9000000, 0x00000006d9000000|100%| S|CS|TAMS 0x00000006d8c00000| PB 0x00000006d8c00000| Complete 
| 772|0x00000006d9000000, 0x00000006d9400000, 0x00000006d9400000|100%| S|CS|TAMS 0x00000006d9000000| PB 0x00000006d9000000| Complete 
| 773|0x00000006d9400000, 0x00000006d9800000, 0x00000006d9800000|100%| S|CS|TAMS 0x00000006d9400000| PB 0x00000006d9400000| Complete 
| 774|0x00000006d9800000, 0x00000006d9800000, 0x00000006d9c00000|  0%| F|  |TAMS 0x00000006d9800000| PB 0x00000006d9800000| Untracked 
| 775|0x00000006d9c00000, 0x00000006d9c00000, 0x00000006da000000|  0%| F|  |TAMS 0x00000006d9c00000| PB 0x00000006d9c00000| Untracked 
| 776|0x00000006da000000, 0x00000006da000000, 0x00000006da400000|  0%| F|  |TAMS 0x00000006da000000| PB 0x00000006da000000| Untracked 
| 777|0x00000006da400000, 0x00000006da400000, 0x00000006da800000|  0%| F|  |TAMS 0x00000006da400000| PB 0x00000006da400000| Untracked 
| 778|0x00000006da800000, 0x00000006da800000, 0x00000006dac00000|  0%| F|  |TAMS 0x00000006da800000| PB 0x00000006da800000| Untracked 
| 779|0x00000006dac00000, 0x00000006dac00000, 0x00000006db000000|  0%| F|  |TAMS 0x00000006dac00000| PB 0x00000006dac00000| Untracked 
| 780|0x00000006db000000, 0x00000006db000000, 0x00000006db400000|  0%| F|  |TAMS 0x00000006db000000| PB 0x00000006db000000| Untracked 
| 781|0x00000006db400000, 0x00000006db800000, 0x00000006db800000|100%| S|CS|TAMS 0x00000006db400000| PB 0x00000006db400000| Complete 
| 782|0x00000006db800000, 0x00000006dbc00000, 0x00000006dbc00000|100%| S|CS|TAMS 0x00000006db800000| PB 0x00000006db800000| Complete 
| 783|0x00000006dbc00000, 0x00000006dc000000, 0x00000006dc000000|100%| S|CS|TAMS 0x00000006dbc00000| PB 0x00000006dbc00000| Complete 
| 784|0x00000006dc000000, 0x00000006dc400000, 0x00000006dc400000|100%| S|CS|TAMS 0x00000006dc000000| PB 0x00000006dc000000| Complete 
| 785|0x00000006dc400000, 0x00000006dc800000, 0x00000006dc800000|100%| S|CS|TAMS 0x00000006dc400000| PB 0x00000006dc400000| Complete 
| 786|0x00000006dc800000, 0x00000006dcc00000, 0x00000006dcc00000|100%| S|CS|TAMS 0x00000006dc800000| PB 0x00000006dc800000| Complete 
| 787|0x00000006dcc00000, 0x00000006dd000000, 0x00000006dd000000|100%| S|CS|TAMS 0x00000006dcc00000| PB 0x00000006dcc00000| Complete 
| 788|0x00000006dd000000, 0x00000006dd400000, 0x00000006dd400000|100%| S|CS|TAMS 0x00000006dd000000| PB 0x00000006dd000000| Complete 
| 789|0x00000006dd400000, 0x00000006dd800000, 0x00000006dd800000|100%| S|CS|TAMS 0x00000006dd400000| PB 0x00000006dd400000| Complete 
| 790|0x00000006dd800000, 0x00000006ddc00000, 0x00000006ddc00000|100%| S|CS|TAMS 0x00000006dd800000| PB 0x00000006dd800000| Complete 
| 791|0x00000006ddc00000, 0x00000006de000000, 0x00000006de000000|100%| S|CS|TAMS 0x00000006ddc00000| PB 0x00000006ddc00000| Complete 
| 792|0x00000006de000000, 0x00000006de400000, 0x00000006de400000|100%| S|CS|TAMS 0x00000006de000000| PB 0x00000006de000000| Complete 
| 793|0x00000006de400000, 0x00000006de400000, 0x00000006de800000|  0%| F|  |TAMS 0x00000006de400000| PB 0x00000006de400000| Untracked 
| 794|0x00000006de800000, 0x00000006de800000, 0x00000006dec00000|  0%| F|  |TAMS 0x00000006de800000| PB 0x00000006de800000| Untracked 
| 795|0x00000006dec00000, 0x00000006dec00000, 0x00000006df000000|  0%| F|  |TAMS 0x00000006dec00000| PB 0x00000006dec00000| Untracked 
| 796|0x00000006df000000, 0x00000006df000000, 0x00000006df400000|  0%| F|  |TAMS 0x00000006df000000| PB 0x00000006df000000| Untracked 
| 797|0x00000006df400000, 0x00000006df400000, 0x00000006df800000|  0%| F|  |TAMS 0x00000006df400000| PB 0x00000006df400000| Untracked 
| 798|0x00000006df800000, 0x00000006df800000, 0x00000006dfc00000|  0%| F|  |TAMS 0x00000006df800000| PB 0x00000006df800000| Untracked 
| 799|0x00000006dfc00000, 0x00000006dfc00000, 0x00000006e0000000|  0%| F|  |TAMS 0x00000006dfc00000| PB 0x00000006dfc00000| Untracked 
| 800|0x00000006e0000000, 0x00000006e0000000, 0x00000006e0400000|  0%| F|  |TAMS 0x00000006e0000000| PB 0x00000006e0000000| Untracked 
| 801|0x00000006e0400000, 0x00000006e0400000, 0x00000006e0800000|  0%| F|  |TAMS 0x00000006e0400000| PB 0x00000006e0400000| Untracked 
| 802|0x00000006e0800000, 0x00000006e0800000, 0x00000006e0c00000|  0%| F|  |TAMS 0x00000006e0800000| PB 0x00000006e0800000| Untracked 
| 803|0x00000006e0c00000, 0x00000006e0c00000, 0x00000006e1000000|  0%| F|  |TAMS 0x00000006e0c00000| PB 0x00000006e0c00000| Untracked 
| 804|0x00000006e1000000, 0x00000006e1000000, 0x00000006e1400000|  0%| F|  |TAMS 0x00000006e1000000| PB 0x00000006e1000000| Untracked 
| 805|0x00000006e1400000, 0x00000006e1400000, 0x00000006e1800000|  0%| F|  |TAMS 0x00000006e1400000| PB 0x00000006e1400000| Untracked 
| 806|0x00000006e1800000, 0x00000006e1800000, 0x00000006e1c00000|  0%| F|  |TAMS 0x00000006e1800000| PB 0x00000006e1800000| Untracked 
| 807|0x00000006e1c00000, 0x00000006e1c00000, 0x00000006e2000000|  0%| F|  |TAMS 0x00000006e1c00000| PB 0x00000006e1c00000| Untracked 
| 808|0x00000006e2000000, 0x00000006e2000000, 0x00000006e2400000|  0%| F|  |TAMS 0x00000006e2000000| PB 0x00000006e2000000| Untracked 
| 809|0x00000006e2400000, 0x00000006e2400000, 0x00000006e2800000|  0%| F|  |TAMS 0x00000006e2400000| PB 0x00000006e2400000| Untracked 
| 810|0x00000006e2800000, 0x00000006e2800000, 0x00000006e2c00000|  0%| F|  |TAMS 0x00000006e2800000| PB 0x00000006e2800000| Untracked 
| 811|0x00000006e2c00000, 0x00000006e2c00000, 0x00000006e3000000|  0%| F|  |TAMS 0x00000006e2c00000| PB 0x00000006e2c00000| Untracked 
| 812|0x00000006e3000000, 0x00000006e3000000, 0x00000006e3400000|  0%| F|  |TAMS 0x00000006e3000000| PB 0x00000006e3000000| Untracked 
| 813|0x00000006e3400000, 0x00000006e3400000, 0x00000006e3800000|  0%| F|  |TAMS 0x00000006e3400000| PB 0x00000006e3400000| Untracked 
| 814|0x00000006e3800000, 0x00000006e3800000, 0x00000006e3c00000|  0%| F|  |TAMS 0x00000006e3800000| PB 0x00000006e3800000| Untracked 
| 815|0x00000006e3c00000, 0x00000006e3c00000, 0x00000006e4000000|  0%| F|  |TAMS 0x00000006e3c00000| PB 0x00000006e3c00000| Untracked 
| 816|0x00000006e4000000, 0x00000006e4000000, 0x00000006e4400000|  0%| F|  |TAMS 0x00000006e4000000| PB 0x00000006e4000000| Untracked 
| 817|0x00000006e4400000, 0x00000006e4400000, 0x00000006e4800000|  0%| F|  |TAMS 0x00000006e4400000| PB 0x00000006e4400000| Untracked 
| 818|0x00000006e4800000, 0x00000006e4800000, 0x00000006e4c00000|  0%| F|  |TAMS 0x00000006e4800000| PB 0x00000006e4800000| Untracked 
| 819|0x00000006e4c00000, 0x00000006e4c00000, 0x00000006e5000000|  0%| F|  |TAMS 0x00000006e4c00000| PB 0x00000006e4c00000| Untracked 
| 820|0x00000006e5000000, 0x00000006e5000000, 0x00000006e5400000|  0%| F|  |TAMS 0x00000006e5000000| PB 0x00000006e5000000| Untracked 
| 821|0x00000006e5400000, 0x00000006e5400000, 0x00000006e5800000|  0%| F|  |TAMS 0x00000006e5400000| PB 0x00000006e5400000| Untracked 
| 822|0x00000006e5800000, 0x00000006e5800000, 0x00000006e5c00000|  0%| F|  |TAMS 0x00000006e5800000| PB 0x00000006e5800000| Untracked 
| 823|0x00000006e5c00000, 0x00000006e5c00000, 0x00000006e6000000|  0%| F|  |TAMS 0x00000006e5c00000| PB 0x00000006e5c00000| Untracked 
| 824|0x00000006e6000000, 0x00000006e6000000, 0x00000006e6400000|  0%| F|  |TAMS 0x00000006e6000000| PB 0x00000006e6000000| Untracked 
| 825|0x00000006e6400000, 0x00000006e6400000, 0x00000006e6800000|  0%| F|  |TAMS 0x00000006e6400000| PB 0x00000006e6400000| Untracked 
| 826|0x00000006e6800000, 0x00000006e6800000, 0x00000006e6c00000|  0%| F|  |TAMS 0x00000006e6800000| PB 0x00000006e6800000| Untracked 
| 827|0x00000006e6c00000, 0x00000006e6c00000, 0x00000006e7000000|  0%| F|  |TAMS 0x00000006e6c00000| PB 0x00000006e6c00000| Untracked 
| 828|0x00000006e7000000, 0x00000006e7000000, 0x00000006e7400000|  0%| F|  |TAMS 0x00000006e7000000| PB 0x00000006e7000000| Untracked 
| 829|0x00000006e7400000, 0x00000006e7400000, 0x00000006e7800000|  0%| F|  |TAMS 0x00000006e7400000| PB 0x00000006e7400000| Untracked 
| 830|0x00000006e7800000, 0x00000006e7800000, 0x00000006e7c00000|  0%| F|  |TAMS 0x00000006e7800000| PB 0x00000006e7800000| Untracked 
| 831|0x00000006e7c00000, 0x00000006e7c00000, 0x00000006e8000000|  0%| F|  |TAMS 0x00000006e7c00000| PB 0x00000006e7c00000| Untracked 
| 832|0x00000006e8000000, 0x00000006e8000000, 0x00000006e8400000|  0%| F|  |TAMS 0x00000006e8000000| PB 0x00000006e8000000| Untracked 
| 833|0x00000006e8400000, 0x00000006e8400000, 0x00000006e8800000|  0%| F|  |TAMS 0x00000006e8400000| PB 0x00000006e8400000| Untracked 
| 834|0x00000006e8800000, 0x00000006e8800000, 0x00000006e8c00000|  0%| F|  |TAMS 0x00000006e8800000| PB 0x00000006e8800000| Untracked 
| 835|0x00000006e8c00000, 0x00000006e8c00000, 0x00000006e9000000|  0%| F|  |TAMS 0x00000006e8c00000| PB 0x00000006e8c00000| Untracked 
| 836|0x00000006e9000000, 0x00000006e9000000, 0x00000006e9400000|  0%| F|  |TAMS 0x00000006e9000000| PB 0x00000006e9000000| Untracked 
| 837|0x00000006e9400000, 0x00000006e9400000, 0x00000006e9800000|  0%| F|  |TAMS 0x00000006e9400000| PB 0x00000006e9400000| Untracked 
| 838|0x00000006e9800000, 0x00000006e9800000, 0x00000006e9c00000|  0%| F|  |TAMS 0x00000006e9800000| PB 0x00000006e9800000| Untracked 
| 839|0x00000006e9c00000, 0x00000006e9c00000, 0x00000006ea000000|  0%| F|  |TAMS 0x00000006e9c00000| PB 0x00000006e9c00000| Untracked 
| 840|0x00000006ea000000, 0x00000006ea000000, 0x00000006ea400000|  0%| F|  |TAMS 0x00000006ea000000| PB 0x00000006ea000000| Untracked 
| 841|0x00000006ea400000, 0x00000006ea400000, 0x00000006ea800000|  0%| F|  |TAMS 0x00000006ea400000| PB 0x00000006ea400000| Untracked 
| 842|0x00000006ea800000, 0x00000006ea800000, 0x00000006eac00000|  0%| F|  |TAMS 0x00000006ea800000| PB 0x00000006ea800000| Untracked 
| 843|0x00000006eac00000, 0x00000006eac00000, 0x00000006eb000000|  0%| F|  |TAMS 0x00000006eac00000| PB 0x00000006eac00000| Untracked 
| 844|0x00000006eb000000, 0x00000006eb000000, 0x00000006eb400000|  0%| F|  |TAMS 0x00000006eb000000| PB 0x00000006eb000000| Untracked 
| 845|0x00000006eb400000, 0x00000006eb400000, 0x00000006eb800000|  0%| F|  |TAMS 0x00000006eb400000| PB 0x00000006eb400000| Untracked 
| 846|0x00000006eb800000, 0x00000006eb800000, 0x00000006ebc00000|  0%| F|  |TAMS 0x00000006eb800000| PB 0x00000006eb800000| Untracked 
| 847|0x00000006ebc00000, 0x00000006ebc00000, 0x00000006ec000000|  0%| F|  |TAMS 0x00000006ebc00000| PB 0x00000006ebc00000| Untracked 
| 848|0x00000006ec000000, 0x00000006ec000000, 0x00000006ec400000|  0%| F|  |TAMS 0x00000006ec000000| PB 0x00000006ec000000| Untracked 
| 849|0x00000006ec400000, 0x00000006ec400000, 0x00000006ec800000|  0%| F|  |TAMS 0x00000006ec400000| PB 0x00000006ec400000| Untracked 
| 850|0x00000006ec800000, 0x00000006ec800000, 0x00000006ecc00000|  0%| F|  |TAMS 0x00000006ec800000| PB 0x00000006ec800000| Untracked 
| 851|0x00000006ecc00000, 0x00000006ecc00000, 0x00000006ed000000|  0%| F|  |TAMS 0x00000006ecc00000| PB 0x00000006ecc00000| Untracked 
| 852|0x00000006ed000000, 0x00000006ed000000, 0x00000006ed400000|  0%| F|  |TAMS 0x00000006ed000000| PB 0x00000006ed000000| Untracked 
| 853|0x00000006ed400000, 0x00000006ed400000, 0x00000006ed800000|  0%| F|  |TAMS 0x00000006ed400000| PB 0x00000006ed400000| Untracked 
| 854|0x00000006ed800000, 0x00000006ed800000, 0x00000006edc00000|  0%| F|  |TAMS 0x00000006ed800000| PB 0x00000006ed800000| Untracked 
| 855|0x00000006edc00000, 0x00000006edc00000, 0x00000006ee000000|  0%| F|  |TAMS 0x00000006edc00000| PB 0x00000006edc00000| Untracked 
| 856|0x00000006ee000000, 0x00000006ee000000, 0x00000006ee400000|  0%| F|  |TAMS 0x00000006ee000000| PB 0x00000006ee000000| Untracked 
| 857|0x00000006ee400000, 0x00000006ee400000, 0x00000006ee800000|  0%| F|  |TAMS 0x00000006ee400000| PB 0x00000006ee400000| Untracked 
| 858|0x00000006ee800000, 0x00000006ee800000, 0x00000006eec00000|  0%| F|  |TAMS 0x00000006ee800000| PB 0x00000006ee800000| Untracked 
| 859|0x00000006eec00000, 0x00000006eec00000, 0x00000006ef000000|  0%| F|  |TAMS 0x00000006eec00000| PB 0x00000006eec00000| Untracked 
| 860|0x00000006ef000000, 0x00000006ef000000, 0x00000006ef400000|  0%| F|  |TAMS 0x00000006ef000000| PB 0x00000006ef000000| Untracked 
| 861|0x00000006ef400000, 0x00000006ef400000, 0x00000006ef800000|  0%| F|  |TAMS 0x00000006ef400000| PB 0x00000006ef400000| Untracked 
| 862|0x00000006ef800000, 0x00000006ef800000, 0x00000006efc00000|  0%| F|  |TAMS 0x00000006ef800000| PB 0x00000006ef800000| Untracked 
| 863|0x00000006efc00000, 0x00000006efc00000, 0x00000006f0000000|  0%| F|  |TAMS 0x00000006efc00000| PB 0x00000006efc00000| Untracked 
| 864|0x00000006f0000000, 0x00000006f0000000, 0x00000006f0400000|  0%| F|  |TAMS 0x00000006f0000000| PB 0x00000006f0000000| Untracked 
| 865|0x00000006f0400000, 0x00000006f0400000, 0x00000006f0800000|  0%| F|  |TAMS 0x00000006f0400000| PB 0x00000006f0400000| Untracked 
| 866|0x00000006f0800000, 0x00000006f0800000, 0x00000006f0c00000|  0%| F|  |TAMS 0x00000006f0800000| PB 0x00000006f0800000| Untracked 
| 867|0x00000006f0c00000, 0x00000006f0c00000, 0x00000006f1000000|  0%| F|  |TAMS 0x00000006f0c00000| PB 0x00000006f0c00000| Untracked 
| 868|0x00000006f1000000, 0x00000006f1000000, 0x00000006f1400000|  0%| F|  |TAMS 0x00000006f1000000| PB 0x00000006f1000000| Untracked 
| 869|0x00000006f1400000, 0x00000006f1400000, 0x00000006f1800000|  0%| F|  |TAMS 0x00000006f1400000| PB 0x00000006f1400000| Untracked 
| 870|0x00000006f1800000, 0x00000006f1800000, 0x00000006f1c00000|  0%| F|  |TAMS 0x00000006f1800000| PB 0x00000006f1800000| Untracked 
| 871|0x00000006f1c00000, 0x00000006f1c00000, 0x00000006f2000000|  0%| F|  |TAMS 0x00000006f1c00000| PB 0x00000006f1c00000| Untracked 
| 872|0x00000006f2000000, 0x00000006f2000000, 0x00000006f2400000|  0%| F|  |TAMS 0x00000006f2000000| PB 0x00000006f2000000| Untracked 
| 873|0x00000006f2400000, 0x00000006f2400000, 0x00000006f2800000|  0%| F|  |TAMS 0x00000006f2400000| PB 0x00000006f2400000| Untracked 
| 874|0x00000006f2800000, 0x00000006f2800000, 0x00000006f2c00000|  0%| F|  |TAMS 0x00000006f2800000| PB 0x00000006f2800000| Untracked 
| 875|0x00000006f2c00000, 0x00000006f2c00000, 0x00000006f3000000|  0%| F|  |TAMS 0x00000006f2c00000| PB 0x00000006f2c00000| Untracked 
| 876|0x00000006f3000000, 0x00000006f3000000, 0x00000006f3400000|  0%| F|  |TAMS 0x00000006f3000000| PB 0x00000006f3000000| Untracked 
| 877|0x00000006f3400000, 0x00000006f3400000, 0x00000006f3800000|  0%| F|  |TAMS 0x00000006f3400000| PB 0x00000006f3400000| Untracked 
| 878|0x00000006f3800000, 0x00000006f3800000, 0x00000006f3c00000|  0%| F|  |TAMS 0x00000006f3800000| PB 0x00000006f3800000| Untracked 
| 879|0x00000006f3c00000, 0x00000006f3c00000, 0x00000006f4000000|  0%| F|  |TAMS 0x00000006f3c00000| PB 0x00000006f3c00000| Untracked 
| 880|0x00000006f4000000, 0x00000006f4000000, 0x00000006f4400000|  0%| F|  |TAMS 0x00000006f4000000| PB 0x00000006f4000000| Untracked 
| 881|0x00000006f4400000, 0x00000006f4400000, 0x00000006f4800000|  0%| F|  |TAMS 0x00000006f4400000| PB 0x00000006f4400000| Untracked 
| 882|0x00000006f4800000, 0x00000006f4800000, 0x00000006f4c00000|  0%| F|  |TAMS 0x00000006f4800000| PB 0x00000006f4800000| Untracked 
| 883|0x00000006f4c00000, 0x00000006f4c00000, 0x00000006f5000000|  0%| F|  |TAMS 0x00000006f4c00000| PB 0x00000006f4c00000| Untracked 
| 884|0x00000006f5000000, 0x00000006f5000000, 0x00000006f5400000|  0%| F|  |TAMS 0x00000006f5000000| PB 0x00000006f5000000| Untracked 
| 885|0x00000006f5400000, 0x00000006f5400000, 0x00000006f5800000|  0%| F|  |TAMS 0x00000006f5400000| PB 0x00000006f5400000| Untracked 
| 886|0x00000006f5800000, 0x00000006f5800000, 0x00000006f5c00000|  0%| F|  |TAMS 0x00000006f5800000| PB 0x00000006f5800000| Untracked 
| 887|0x00000006f5c00000, 0x00000006f5c00000, 0x00000006f6000000|  0%| F|  |TAMS 0x00000006f5c00000| PB 0x00000006f5c00000| Untracked 
| 888|0x00000006f6000000, 0x00000006f6000000, 0x00000006f6400000|  0%| F|  |TAMS 0x00000006f6000000| PB 0x00000006f6000000| Untracked 
| 889|0x00000006f6400000, 0x00000006f6400000, 0x00000006f6800000|  0%| F|  |TAMS 0x00000006f6400000| PB 0x00000006f6400000| Untracked 
| 890|0x00000006f6800000, 0x00000006f6800000, 0x00000006f6c00000|  0%| F|  |TAMS 0x00000006f6800000| PB 0x00000006f6800000| Untracked 
| 891|0x00000006f6c00000, 0x00000006f6c00000, 0x00000006f7000000|  0%| F|  |TAMS 0x00000006f6c00000| PB 0x00000006f6c00000| Untracked 
| 892|0x00000006f7000000, 0x00000006f7000000, 0x00000006f7400000|  0%| F|  |TAMS 0x00000006f7000000| PB 0x00000006f7000000| Untracked 
| 893|0x00000006f7400000, 0x00000006f7400000, 0x00000006f7800000|  0%| F|  |TAMS 0x00000006f7400000| PB 0x00000006f7400000| Untracked 
| 894|0x00000006f7800000, 0x00000006f7800000, 0x00000006f7c00000|  0%| F|  |TAMS 0x00000006f7800000| PB 0x00000006f7800000| Untracked 
| 895|0x00000006f7c00000, 0x00000006f7c00000, 0x00000006f8000000|  0%| F|  |TAMS 0x00000006f7c00000| PB 0x00000006f7c00000| Untracked 
| 896|0x00000006f8000000, 0x00000006f8000000, 0x00000006f8400000|  0%| F|  |TAMS 0x00000006f8000000| PB 0x00000006f8000000| Untracked 
| 897|0x00000006f8400000, 0x00000006f8400000, 0x00000006f8800000|  0%| F|  |TAMS 0x00000006f8400000| PB 0x00000006f8400000| Untracked 
| 898|0x00000006f8800000, 0x00000006f8800000, 0x00000006f8c00000|  0%| F|  |TAMS 0x00000006f8800000| PB 0x00000006f8800000| Untracked 
| 899|0x00000006f8c00000, 0x00000006f8c00000, 0x00000006f9000000|  0%| F|  |TAMS 0x00000006f8c00000| PB 0x00000006f8c00000| Untracked 
| 900|0x00000006f9000000, 0x00000006f9000000, 0x00000006f9400000|  0%| F|  |TAMS 0x00000006f9000000| PB 0x00000006f9000000| Untracked 
| 901|0x00000006f9400000, 0x00000006f9400000, 0x00000006f9800000|  0%| F|  |TAMS 0x00000006f9400000| PB 0x00000006f9400000| Untracked 
| 902|0x00000006f9800000, 0x00000006f9800000, 0x00000006f9c00000|  0%| F|  |TAMS 0x00000006f9800000| PB 0x00000006f9800000| Untracked 
| 903|0x00000006f9c00000, 0x00000006f9c00000, 0x00000006fa000000|  0%| F|  |TAMS 0x00000006f9c00000| PB 0x00000006f9c00000| Untracked 
| 904|0x00000006fa000000, 0x00000006fa000000, 0x00000006fa400000|  0%| F|  |TAMS 0x00000006fa000000| PB 0x00000006fa000000| Untracked 
| 905|0x00000006fa400000, 0x00000006fa400000, 0x00000006fa800000|  0%| F|  |TAMS 0x00000006fa400000| PB 0x00000006fa400000| Untracked 
| 906|0x00000006fa800000, 0x00000006fa800000, 0x00000006fac00000|  0%| F|  |TAMS 0x00000006fa800000| PB 0x00000006fa800000| Untracked 
| 907|0x00000006fac00000, 0x00000006fac00000, 0x00000006fb000000|  0%| F|  |TAMS 0x00000006fac00000| PB 0x00000006fac00000| Untracked 
| 908|0x00000006fb000000, 0x00000006fb000000, 0x00000006fb400000|  0%| F|  |TAMS 0x00000006fb000000| PB 0x00000006fb000000| Untracked 
| 909|0x00000006fb400000, 0x00000006fb400000, 0x00000006fb800000|  0%| F|  |TAMS 0x00000006fb400000| PB 0x00000006fb400000| Untracked 
| 910|0x00000006fb800000, 0x00000006fb800000, 0x00000006fbc00000|  0%| F|  |TAMS 0x00000006fb800000| PB 0x00000006fb800000| Untracked 
| 911|0x00000006fbc00000, 0x00000006fbc00000, 0x00000006fc000000|  0%| F|  |TAMS 0x00000006fbc00000| PB 0x00000006fbc00000| Untracked 
| 912|0x00000006fc000000, 0x00000006fc000000, 0x00000006fc400000|  0%| F|  |TAMS 0x00000006fc000000| PB 0x00000006fc000000| Untracked 
| 913|0x00000006fc400000, 0x00000006fc400000, 0x00000006fc800000|  0%| F|  |TAMS 0x00000006fc400000| PB 0x00000006fc400000| Untracked 
| 914|0x00000006fc800000, 0x00000006fc800000, 0x00000006fcc00000|  0%| F|  |TAMS 0x00000006fc800000| PB 0x00000006fc800000| Untracked 
| 915|0x00000006fcc00000, 0x00000006fcc00000, 0x00000006fd000000|  0%| F|  |TAMS 0x00000006fcc00000| PB 0x00000006fcc00000| Untracked 
| 916|0x00000006fd000000, 0x00000006fd000000, 0x00000006fd400000|  0%| F|  |TAMS 0x00000006fd000000| PB 0x00000006fd000000| Untracked 
| 917|0x00000006fd400000, 0x00000006fd400000, 0x00000006fd800000|  0%| F|  |TAMS 0x00000006fd400000| PB 0x00000006fd400000| Untracked 
| 918|0x00000006fd800000, 0x00000006fd800000, 0x00000006fdc00000|  0%| F|  |TAMS 0x00000006fd800000| PB 0x00000006fd800000| Untracked 
| 919|0x00000006fdc00000, 0x00000006fdc00000, 0x00000006fe000000|  0%| F|  |TAMS 0x00000006fdc00000| PB 0x00000006fdc00000| Untracked 
| 920|0x00000006fe000000, 0x00000006fe000000, 0x00000006fe400000|  0%| F|  |TAMS 0x00000006fe000000| PB 0x00000006fe000000| Untracked 
| 921|0x00000006fe400000, 0x00000006fe400000, 0x00000006fe800000|  0%| F|  |TAMS 0x00000006fe400000| PB 0x00000006fe400000| Untracked 
| 922|0x00000006fe800000, 0x00000006fe800000, 0x00000006fec00000|  0%| F|  |TAMS 0x00000006fe800000| PB 0x00000006fe800000| Untracked 
| 923|0x00000006fec00000, 0x00000006fec00000, 0x00000006ff000000|  0%| F|  |TAMS 0x00000006fec00000| PB 0x00000006fec00000| Untracked 
| 924|0x00000006ff000000, 0x00000006ff000000, 0x00000006ff400000|  0%| F|  |TAMS 0x00000006ff000000| PB 0x00000006ff000000| Untracked 
| 925|0x00000006ff400000, 0x00000006ff400000, 0x00000006ff800000|  0%| F|  |TAMS 0x00000006ff400000| PB 0x00000006ff400000| Untracked 
| 926|0x00000006ff800000, 0x00000006ff800000, 0x00000006ffc00000|  0%| F|  |TAMS 0x00000006ff800000| PB 0x00000006ff800000| Untracked 
| 927|0x00000006ffc00000, 0x00000006ffc00000, 0x0000000700000000|  0%| F|  |TAMS 0x00000006ffc00000| PB 0x00000006ffc00000| Untracked 
| 928|0x0000000700000000, 0x0000000700000000, 0x0000000700400000|  0%| F|  |TAMS 0x0000000700000000| PB 0x0000000700000000| Untracked 
| 929|0x0000000700400000, 0x0000000700400000, 0x0000000700800000|  0%| F|  |TAMS 0x0000000700400000| PB 0x0000000700400000| Untracked 
| 930|0x0000000700800000, 0x0000000700800000, 0x0000000700c00000|  0%| F|  |TAMS 0x0000000700800000| PB 0x0000000700800000| Untracked 
| 931|0x0000000700c00000, 0x0000000700c00000, 0x0000000701000000|  0%| F|  |TAMS 0x0000000700c00000| PB 0x0000000700c00000| Untracked 
| 932|0x0000000701000000, 0x0000000701000000, 0x0000000701400000|  0%| F|  |TAMS 0x0000000701000000| PB 0x0000000701000000| Untracked 
| 933|0x0000000701400000, 0x0000000701400000, 0x0000000701800000|  0%| F|  |TAMS 0x0000000701400000| PB 0x0000000701400000| Untracked 
| 934|0x0000000701800000, 0x0000000701800000, 0x0000000701c00000|  0%| F|  |TAMS 0x0000000701800000| PB 0x0000000701800000| Untracked 
| 935|0x0000000701c00000, 0x0000000701c00000, 0x0000000702000000|  0%| F|  |TAMS 0x0000000701c00000| PB 0x0000000701c00000| Untracked 
| 936|0x0000000702000000, 0x0000000702000000, 0x0000000702400000|  0%| F|  |TAMS 0x0000000702000000| PB 0x0000000702000000| Untracked 
| 937|0x0000000702400000, 0x0000000702400000, 0x0000000702800000|  0%| F|  |TAMS 0x0000000702400000| PB 0x0000000702400000| Untracked 
| 938|0x0000000702800000, 0x0000000702800000, 0x0000000702c00000|  0%| F|  |TAMS 0x0000000702800000| PB 0x0000000702800000| Untracked 
| 939|0x0000000702c00000, 0x0000000702c00000, 0x0000000703000000|  0%| F|  |TAMS 0x0000000702c00000| PB 0x0000000702c00000| Untracked 
| 940|0x0000000703000000, 0x0000000703000000, 0x0000000703400000|  0%| F|  |TAMS 0x0000000703000000| PB 0x0000000703000000| Untracked 
| 941|0x0000000703400000, 0x0000000703400000, 0x0000000703800000|  0%| F|  |TAMS 0x0000000703400000| PB 0x0000000703400000| Untracked 
| 942|0x0000000703800000, 0x0000000703800000, 0x0000000703c00000|  0%| F|  |TAMS 0x0000000703800000| PB 0x0000000703800000| Untracked 
| 943|0x0000000703c00000, 0x0000000703c00000, 0x0000000704000000|  0%| F|  |TAMS 0x0000000703c00000| PB 0x0000000703c00000| Untracked 
| 944|0x0000000704000000, 0x0000000704000000, 0x0000000704400000|  0%| F|  |TAMS 0x0000000704000000| PB 0x0000000704000000| Untracked 
| 945|0x0000000704400000, 0x0000000704400000, 0x0000000704800000|  0%| F|  |TAMS 0x0000000704400000| PB 0x0000000704400000| Untracked 
| 946|0x0000000704800000, 0x0000000704800000, 0x0000000704c00000|  0%| F|  |TAMS 0x0000000704800000| PB 0x0000000704800000| Untracked 
| 947|0x0000000704c00000, 0x0000000704c00000, 0x0000000705000000|  0%| F|  |TAMS 0x0000000704c00000| PB 0x0000000704c00000| Untracked 
| 948|0x0000000705000000, 0x0000000705000000, 0x0000000705400000|  0%| F|  |TAMS 0x0000000705000000| PB 0x0000000705000000| Untracked 
| 949|0x0000000705400000, 0x0000000705400000, 0x0000000705800000|  0%| F|  |TAMS 0x0000000705400000| PB 0x0000000705400000| Untracked 
| 950|0x0000000705800000, 0x0000000705800000, 0x0000000705c00000|  0%| F|  |TAMS 0x0000000705800000| PB 0x0000000705800000| Untracked 
| 951|0x0000000705c00000, 0x0000000705c00000, 0x0000000706000000|  0%| F|  |TAMS 0x0000000705c00000| PB 0x0000000705c00000| Untracked 
| 952|0x0000000706000000, 0x0000000706000000, 0x0000000706400000|  0%| F|  |TAMS 0x0000000706000000| PB 0x0000000706000000| Untracked 
| 953|0x0000000706400000, 0x0000000706400000, 0x0000000706800000|  0%| F|  |TAMS 0x0000000706400000| PB 0x0000000706400000| Untracked 
| 954|0x0000000706800000, 0x0000000706800000, 0x0000000706c00000|  0%| F|  |TAMS 0x0000000706800000| PB 0x0000000706800000| Untracked 
| 955|0x0000000706c00000, 0x0000000706c00000, 0x0000000707000000|  0%| F|  |TAMS 0x0000000706c00000| PB 0x0000000706c00000| Untracked 
| 956|0x0000000707000000, 0x0000000707000000, 0x0000000707400000|  0%| F|  |TAMS 0x0000000707000000| PB 0x0000000707000000| Untracked 
| 957|0x0000000707400000, 0x0000000707400000, 0x0000000707800000|  0%| F|  |TAMS 0x0000000707400000| PB 0x0000000707400000| Untracked 
| 958|0x0000000707800000, 0x0000000707800000, 0x0000000707c00000|  0%| F|  |TAMS 0x0000000707800000| PB 0x0000000707800000| Untracked 
| 959|0x0000000707c00000, 0x0000000707c00000, 0x0000000708000000|  0%| F|  |TAMS 0x0000000707c00000| PB 0x0000000707c00000| Untracked 
| 960|0x0000000708000000, 0x0000000708000000, 0x0000000708400000|  0%| F|  |TAMS 0x0000000708000000| PB 0x0000000708000000| Untracked 
| 961|0x0000000708400000, 0x0000000708400000, 0x0000000708800000|  0%| F|  |TAMS 0x0000000708400000| PB 0x0000000708400000| Untracked 
| 962|0x0000000708800000, 0x0000000708800000, 0x0000000708c00000|  0%| F|  |TAMS 0x0000000708800000| PB 0x0000000708800000| Untracked 
| 963|0x0000000708c00000, 0x0000000708c00000, 0x0000000709000000|  0%| F|  |TAMS 0x0000000708c00000| PB 0x0000000708c00000| Untracked 
| 964|0x0000000709000000, 0x0000000709000000, 0x0000000709400000|  0%| F|  |TAMS 0x0000000709000000| PB 0x0000000709000000| Untracked 
| 965|0x0000000709400000, 0x0000000709400000, 0x0000000709800000|  0%| F|  |TAMS 0x0000000709400000| PB 0x0000000709400000| Untracked 
| 966|0x0000000709800000, 0x0000000709800000, 0x0000000709c00000|  0%| F|  |TAMS 0x0000000709800000| PB 0x0000000709800000| Untracked 
| 967|0x0000000709c00000, 0x0000000709c00000, 0x000000070a000000|  0%| F|  |TAMS 0x0000000709c00000| PB 0x0000000709c00000| Untracked 
| 968|0x000000070a000000, 0x000000070a000000, 0x000000070a400000|  0%| F|  |TAMS 0x000000070a000000| PB 0x000000070a000000| Untracked 
| 969|0x000000070a400000, 0x000000070a400000, 0x000000070a800000|  0%| F|  |TAMS 0x000000070a400000| PB 0x000000070a400000| Untracked 
| 970|0x000000070a800000, 0x000000070a800000, 0x000000070ac00000|  0%| F|  |TAMS 0x000000070a800000| PB 0x000000070a800000| Untracked 
| 971|0x000000070ac00000, 0x000000070ac00000, 0x000000070b000000|  0%| F|  |TAMS 0x000000070ac00000| PB 0x000000070ac00000| Untracked 
| 972|0x000000070b000000, 0x000000070b000000, 0x000000070b400000|  0%| F|  |TAMS 0x000000070b000000| PB 0x000000070b000000| Untracked 
| 973|0x000000070b400000, 0x000000070b400000, 0x000000070b800000|  0%| F|  |TAMS 0x000000070b400000| PB 0x000000070b400000| Untracked 
| 974|0x000000070b800000, 0x000000070b800000, 0x000000070bc00000|  0%| F|  |TAMS 0x000000070b800000| PB 0x000000070b800000| Untracked 
| 975|0x000000070bc00000, 0x000000070bc00000, 0x000000070c000000|  0%| F|  |TAMS 0x000000070bc00000| PB 0x000000070bc00000| Untracked 
| 976|0x000000070c000000, 0x000000070c000000, 0x000000070c400000|  0%| F|  |TAMS 0x000000070c000000| PB 0x000000070c000000| Untracked 
| 977|0x000000070c400000, 0x000000070c400000, 0x000000070c800000|  0%| F|  |TAMS 0x000000070c400000| PB 0x000000070c400000| Untracked 
| 978|0x000000070c800000, 0x000000070c800000, 0x000000070cc00000|  0%| F|  |TAMS 0x000000070c800000| PB 0x000000070c800000| Untracked 
| 979|0x000000070cc00000, 0x000000070cc00000, 0x000000070d000000|  0%| F|  |TAMS 0x000000070cc00000| PB 0x000000070cc00000| Untracked 
| 980|0x000000070d000000, 0x000000070d000000, 0x000000070d400000|  0%| F|  |TAMS 0x000000070d000000| PB 0x000000070d000000| Untracked 
| 981|0x000000070d400000, 0x000000070d400000, 0x000000070d800000|  0%| F|  |TAMS 0x000000070d400000| PB 0x000000070d400000| Untracked 
| 982|0x000000070d800000, 0x000000070d800000, 0x000000070dc00000|  0%| F|  |TAMS 0x000000070d800000| PB 0x000000070d800000| Untracked 
| 983|0x000000070dc00000, 0x000000070dc00000, 0x000000070e000000|  0%| F|  |TAMS 0x000000070dc00000| PB 0x000000070dc00000| Untracked 
| 984|0x000000070e000000, 0x000000070e000000, 0x000000070e400000|  0%| F|  |TAMS 0x000000070e000000| PB 0x000000070e000000| Untracked 
| 985|0x000000070e400000, 0x000000070e400000, 0x000000070e800000|  0%| F|  |TAMS 0x000000070e400000| PB 0x000000070e400000| Untracked 
| 986|0x000000070e800000, 0x000000070e800000, 0x000000070ec00000|  0%| F|  |TAMS 0x000000070e800000| PB 0x000000070e800000| Untracked 
| 987|0x000000070ec00000, 0x000000070ec00000, 0x000000070f000000|  0%| F|  |TAMS 0x000000070ec00000| PB 0x000000070ec00000| Untracked 
| 988|0x000000070f000000, 0x000000070f000000, 0x000000070f400000|  0%| F|  |TAMS 0x000000070f000000| PB 0x000000070f000000| Untracked 
| 989|0x000000070f400000, 0x000000070f400000, 0x000000070f800000|  0%| F|  |TAMS 0x000000070f400000| PB 0x000000070f400000| Untracked 
| 990|0x000000070f800000, 0x000000070f800000, 0x000000070fc00000|  0%| F|  |TAMS 0x000000070f800000| PB 0x000000070f800000| Untracked 
| 991|0x000000070fc00000, 0x000000070fc00000, 0x0000000710000000|  0%| F|  |TAMS 0x000000070fc00000| PB 0x000000070fc00000| Untracked 
| 992|0x0000000710000000, 0x0000000710000000, 0x0000000710400000|  0%| F|  |TAMS 0x0000000710000000| PB 0x0000000710000000| Untracked 
| 993|0x0000000710400000, 0x0000000710400000, 0x0000000710800000|  0%| F|  |TAMS 0x0000000710400000| PB 0x0000000710400000| Untracked 
| 994|0x0000000710800000, 0x0000000710800000, 0x0000000710c00000|  0%| F|  |TAMS 0x0000000710800000| PB 0x0000000710800000| Untracked 
| 995|0x0000000710c00000, 0x0000000710c00000, 0x0000000711000000|  0%| F|  |TAMS 0x0000000710c00000| PB 0x0000000710c00000| Untracked 
| 996|0x0000000711000000, 0x0000000711000000, 0x0000000711400000|  0%| F|  |TAMS 0x0000000711000000| PB 0x0000000711000000| Untracked 
| 997|0x0000000711400000, 0x0000000711400000, 0x0000000711800000|  0%| F|  |TAMS 0x0000000711400000| PB 0x0000000711400000| Untracked 
| 998|0x0000000711800000, 0x0000000711800000, 0x0000000711c00000|  0%| F|  |TAMS 0x0000000711800000| PB 0x0000000711800000| Untracked 
| 999|0x0000000711c00000, 0x0000000711c00000, 0x0000000712000000|  0%| F|  |TAMS 0x0000000711c00000| PB 0x0000000711c00000| Untracked 
|1000|0x0000000712000000, 0x0000000712000000, 0x0000000712400000|  0%| F|  |TAMS 0x0000000712000000| PB 0x0000000712000000| Untracked 
|1001|0x0000000712400000, 0x0000000712400000, 0x0000000712800000|  0%| F|  |TAMS 0x0000000712400000| PB 0x0000000712400000| Untracked 
|1002|0x0000000712800000, 0x0000000712800000, 0x0000000712c00000|  0%| F|  |TAMS 0x0000000712800000| PB 0x0000000712800000| Untracked 
|1003|0x0000000712c00000, 0x0000000712c00000, 0x0000000713000000|  0%| F|  |TAMS 0x0000000712c00000| PB 0x0000000712c00000| Untracked 
|1004|0x0000000713000000, 0x0000000713000000, 0x0000000713400000|  0%| F|  |TAMS 0x0000000713000000| PB 0x0000000713000000| Untracked 
|1005|0x0000000713400000, 0x0000000713400000, 0x0000000713800000|  0%| F|  |TAMS 0x0000000713400000| PB 0x0000000713400000| Untracked 
|1006|0x0000000713800000, 0x0000000713800000, 0x0000000713c00000|  0%| F|  |TAMS 0x0000000713800000| PB 0x0000000713800000| Untracked 
|1007|0x0000000713c00000, 0x0000000713c00000, 0x0000000714000000|  0%| F|  |TAMS 0x0000000713c00000| PB 0x0000000713c00000| Untracked 
|1008|0x0000000714000000, 0x0000000714000000, 0x0000000714400000|  0%| F|  |TAMS 0x0000000714000000| PB 0x0000000714000000| Untracked 
|1009|0x0000000714400000, 0x0000000714400000, 0x0000000714800000|  0%| F|  |TAMS 0x0000000714400000| PB 0x0000000714400000| Untracked 
|1010|0x0000000714800000, 0x0000000714800000, 0x0000000714c00000|  0%| F|  |TAMS 0x0000000714800000| PB 0x0000000714800000| Untracked 
|1011|0x0000000714c00000, 0x0000000714c00000, 0x0000000715000000|  0%| F|  |TAMS 0x0000000714c00000| PB 0x0000000714c00000| Untracked 
|1012|0x0000000715000000, 0x0000000715000000, 0x0000000715400000|  0%| F|  |TAMS 0x0000000715000000| PB 0x0000000715000000| Untracked 
|1013|0x0000000715400000, 0x0000000715400000, 0x0000000715800000|  0%| F|  |TAMS 0x0000000715400000| PB 0x0000000715400000| Untracked 
|1014|0x0000000715800000, 0x0000000715800000, 0x0000000715c00000|  0%| F|  |TAMS 0x0000000715800000| PB 0x0000000715800000| Untracked 
|1015|0x0000000715c00000, 0x0000000715c00000, 0x0000000716000000|  0%| F|  |TAMS 0x0000000715c00000| PB 0x0000000715c00000| Untracked 
|1016|0x0000000716000000, 0x0000000716000000, 0x0000000716400000|  0%| F|  |TAMS 0x0000000716000000| PB 0x0000000716000000| Untracked 
|1017|0x0000000716400000, 0x0000000716400000, 0x0000000716800000|  0%| F|  |TAMS 0x0000000716400000| PB 0x0000000716400000| Untracked 
|1018|0x0000000716800000, 0x0000000716800000, 0x0000000716c00000|  0%| F|  |TAMS 0x0000000716800000| PB 0x0000000716800000| Untracked 
|1019|0x0000000716c00000, 0x0000000716c00000, 0x0000000717000000|  0%| F|  |TAMS 0x0000000716c00000| PB 0x0000000716c00000| Untracked 
|1020|0x0000000717000000, 0x0000000717000000, 0x0000000717400000|  0%| F|  |TAMS 0x0000000717000000| PB 0x0000000717000000| Untracked 
|1021|0x0000000717400000, 0x0000000717400000, 0x0000000717800000|  0%| F|  |TAMS 0x0000000717400000| PB 0x0000000717400000| Untracked 
|1022|0x0000000717800000, 0x0000000717800000, 0x0000000717c00000|  0%| F|  |TAMS 0x0000000717800000| PB 0x0000000717800000| Untracked 
|1023|0x0000000717c00000, 0x0000000717c00000, 0x0000000718000000|  0%| F|  |TAMS 0x0000000717c00000| PB 0x0000000717c00000| Untracked 
|1024|0x0000000718000000, 0x0000000718000000, 0x0000000718400000|  0%| F|  |TAMS 0x0000000718000000| PB 0x0000000718000000| Untracked 
|1025|0x0000000718400000, 0x0000000718400000, 0x0000000718800000|  0%| F|  |TAMS 0x0000000718400000| PB 0x0000000718400000| Untracked 
|1026|0x0000000718800000, 0x0000000718800000, 0x0000000718c00000|  0%| F|  |TAMS 0x0000000718800000| PB 0x0000000718800000| Untracked 
|1027|0x0000000718c00000, 0x0000000718c00000, 0x0000000719000000|  0%| F|  |TAMS 0x0000000718c00000| PB 0x0000000718c00000| Untracked 
|1028|0x0000000719000000, 0x0000000719000000, 0x0000000719400000|  0%| F|  |TAMS 0x0000000719000000| PB 0x0000000719000000| Untracked 
|1029|0x0000000719400000, 0x0000000719800000, 0x0000000719800000|100%| E|  |TAMS 0x0000000719400000| PB 0x0000000719400000| Complete 
|1030|0x0000000719800000, 0x0000000719c00000, 0x0000000719c00000|100%| E|CS|TAMS 0x0000000719800000| PB 0x0000000719800000| Complete 
|1031|0x0000000719c00000, 0x000000071a000000, 0x000000071a000000|100%| E|CS|TAMS 0x0000000719c00000| PB 0x0000000719c00000| Complete 
|1032|0x000000071a000000, 0x000000071a400000, 0x000000071a400000|100%| E|CS|TAMS 0x000000071a000000| PB 0x000000071a000000| Complete 
|1033|0x000000071a400000, 0x000000071a800000, 0x000000071a800000|100%| E|CS|TAMS 0x000000071a400000| PB 0x000000071a400000| Complete 
|1034|0x000000071a800000, 0x000000071ac00000, 0x000000071ac00000|100%| E|CS|TAMS 0x000000071a800000| PB 0x000000071a800000| Complete 
|1035|0x000000071ac00000, 0x000000071b000000, 0x000000071b000000|100%| E|CS|TAMS 0x000000071ac00000| PB 0x000000071ac00000| Complete 
|1036|0x000000071b000000, 0x000000071b400000, 0x000000071b400000|100%| E|  |TAMS 0x000000071b000000| PB 0x000000071b000000| Complete 
|1037|0x000000071b400000, 0x000000071b800000, 0x000000071b800000|100%| S|CS|TAMS 0x000000071b400000| PB 0x000000071b400000| Complete 
|1038|0x000000071b800000, 0x000000071bc00000, 0x000000071bc00000|100%| S|CS|TAMS 0x000000071b800000| PB 0x000000071b800000| Complete 
|1039|0x000000071bc00000, 0x000000071c000000, 0x000000071c000000|100%| S|CS|TAMS 0x000000071bc00000| PB 0x000000071bc00000| Complete 
|1040|0x000000071c000000, 0x000000071c400000, 0x000000071c400000|100%| S|CS|TAMS 0x000000071c000000| PB 0x000000071c000000| Complete 
|1041|0x000000071c400000, 0x000000071c800000, 0x000000071c800000|100%| S|CS|TAMS 0x000000071c400000| PB 0x000000071c400000| Complete 
|1042|0x000000071c800000, 0x000000071cc00000, 0x000000071cc00000|100%| S|CS|TAMS 0x000000071c800000| PB 0x000000071c800000| Complete 
|1043|0x000000071cc00000, 0x000000071d000000, 0x000000071d000000|100%| S|CS|TAMS 0x000000071cc00000| PB 0x000000071cc00000| Complete 
|1044|0x000000071d000000, 0x000000071d400000, 0x000000071d400000|100%| S|CS|TAMS 0x000000071d000000| PB 0x000000071d000000| Complete 
|1045|0x000000071d400000, 0x000000071d800000, 0x000000071d800000|100%| S|CS|TAMS 0x000000071d400000| PB 0x000000071d400000| Complete 
|1046|0x000000071d800000, 0x000000071dc00000, 0x000000071dc00000|100%| S|CS|TAMS 0x000000071d800000| PB 0x000000071d800000| Complete 
|1047|0x000000071dc00000, 0x000000071e000000, 0x000000071e000000|100%| S|CS|TAMS 0x000000071dc00000| PB 0x000000071dc00000| Complete 
|1048|0x000000071e000000, 0x000000071e400000, 0x000000071e400000|100%| S|CS|TAMS 0x000000071e000000| PB 0x000000071e000000| Complete 
|1049|0x000000071e400000, 0x000000071e800000, 0x000000071e800000|100%| S|CS|TAMS 0x000000071e400000| PB 0x000000071e400000| Complete 
|1050|0x000000071e800000, 0x000000071ec00000, 0x000000071ec00000|100%| S|CS|TAMS 0x000000071e800000| PB 0x000000071e800000| Complete 
|1051|0x000000071ec00000, 0x000000071f000000, 0x000000071f000000|100%| S|CS|TAMS 0x000000071ec00000| PB 0x000000071ec00000| Complete 
|1052|0x000000071f000000, 0x000000071f400000, 0x000000071f400000|100%| S|CS|TAMS 0x000000071f000000| PB 0x000000071f000000| Complete 
|1053|0x000000071f400000, 0x000000071f800000, 0x000000071f800000|100%| S|CS|TAMS 0x000000071f400000| PB 0x000000071f400000| Complete 
|1054|0x000000071f800000, 0x000000071fc00000, 0x000000071fc00000|100%| S|CS|TAMS 0x000000071f800000| PB 0x000000071f800000| Complete 
|1546|0x000000079a800000, 0x000000079ac00000, 0x000000079ac00000|100%| O|  |TAMS 0x000000079a800000| PB 0x000000079a800000| Untracked 
|1547|0x000000079ac00000, 0x000000079b000000, 0x000000079b000000|100%| O|  |TAMS 0x000000079ac00000| PB 0x000000079ac00000| Untracked 
|1548|0x000000079b000000, 0x000000079b400000, 0x000000079b400000|100%| O|  |TAMS 0x000000079b000000| PB 0x000000079b000000| Untracked 
|1549|0x000000079b400000, 0x000000079b800000, 0x000000079b800000|100%| O|  |TAMS 0x000000079b400000| PB 0x000000079b400000| Untracked 
|1550|0x000000079b800000, 0x000000079bc00000, 0x000000079bc00000|100%| O|  |TAMS 0x000000079b800000| PB 0x000000079b800000| Untracked 
|1551|0x000000079bc00000, 0x000000079c000000, 0x000000079c000000|100%| O|  |TAMS 0x000000079bc00000| PB 0x000000079bc00000| Untracked 
|1552|0x000000079c000000, 0x000000079c400000, 0x000000079c400000|100%| O|  |TAMS 0x000000079c000000| PB 0x000000079c000000| Untracked 
|1553|0x000000079c400000, 0x000000079c800000, 0x000000079c800000|100%| O|  |TAMS 0x000000079c400000| PB 0x000000079c400000| Untracked 
|1554|0x000000079c800000, 0x000000079cc00000, 0x000000079cc00000|100%| O|  |TAMS 0x000000079c800000| PB 0x000000079c800000| Untracked 
|1555|0x000000079cc00000, 0x000000079d000000, 0x000000079d000000|100%| O|  |TAMS 0x000000079cc00000| PB 0x000000079cc00000| Untracked 
|1556|0x000000079d000000, 0x000000079d400000, 0x000000079d400000|100%| O|  |TAMS 0x000000079d000000| PB 0x000000079d000000| Untracked 
|1557|0x000000079d400000, 0x000000079d800000, 0x000000079d800000|100%| O|  |TAMS 0x000000079d400000| PB 0x000000079d400000| Untracked 
|1558|0x000000079d800000, 0x000000079dc00000, 0x000000079dc00000|100%| O|  |TAMS 0x000000079d800000| PB 0x000000079d800000| Untracked 
|1559|0x000000079dc00000, 0x000000079e000000, 0x000000079e000000|100%| O|  |TAMS 0x000000079dc00000| PB 0x000000079dc00000| Untracked 
|1560|0x000000079e000000, 0x000000079e400000, 0x000000079e400000|100%| O|  |TAMS 0x000000079e000000| PB 0x000000079e000000| Untracked 
|1561|0x000000079e400000, 0x000000079e800000, 0x000000079e800000|100%| O|  |TAMS 0x000000079e400000| PB 0x000000079e400000| Untracked 
|1562|0x000000079e800000, 0x000000079ec00000, 0x000000079ec00000|100%| O|  |TAMS 0x000000079e800000| PB 0x000000079e800000| Untracked 
|1563|0x000000079ec00000, 0x000000079f000000, 0x000000079f000000|100%| O|  |TAMS 0x000000079ec00000| PB 0x000000079ec00000| Untracked 
|1564|0x000000079f000000, 0x000000079f400000, 0x000000079f400000|100%| O|  |TAMS 0x000000079f000000| PB 0x000000079f000000| Untracked 
|1565|0x000000079f400000, 0x000000079f800000, 0x000000079f800000|100%| O|  |TAMS 0x000000079f400000| PB 0x000000079f400000| Untracked 
|1566|0x000000079f800000, 0x000000079fc00000, 0x000000079fc00000|100%| O|  |TAMS 0x000000079f800000| PB 0x000000079f800000| Untracked 
|1567|0x000000079fc00000, 0x00000007a0000000, 0x00000007a0000000|100%| O|  |TAMS 0x000000079fc00000| PB 0x000000079fc00000| Untracked 
|1568|0x00000007a0000000, 0x00000007a0400000, 0x00000007a0400000|100%| O|  |TAMS 0x00000007a0000000| PB 0x00000007a0000000| Untracked 
|1569|0x00000007a0400000, 0x00000007a0800000, 0x00000007a0800000|100%| O|  |TAMS 0x00000007a0400000| PB 0x00000007a0400000| Untracked 
|1570|0x00000007a0800000, 0x00000007a0c00000, 0x00000007a0c00000|100%| O|  |TAMS 0x00000007a0800000| PB 0x00000007a0800000| Untracked 
|1571|0x00000007a0c00000, 0x00000007a1000000, 0x00000007a1000000|100%| O|  |TAMS 0x00000007a0c00000| PB 0x00000007a0c00000| Untracked 
|1572|0x00000007a1000000, 0x00000007a1400000, 0x00000007a1400000|100%| O|  |TAMS 0x00000007a1000000| PB 0x00000007a1000000| Untracked 
|1573|0x00000007a1400000, 0x00000007a1800000, 0x00000007a1800000|100%| O|  |TAMS 0x00000007a1400000| PB 0x00000007a1400000| Untracked 
|1574|0x00000007a1800000, 0x00000007a1c00000, 0x00000007a1c00000|100%| O|  |TAMS 0x00000007a1800000| PB 0x00000007a1800000| Untracked 
|1575|0x00000007a1c00000, 0x00000007a2000000, 0x00000007a2000000|100%| O|  |TAMS 0x00000007a1c00000| PB 0x00000007a1c00000| Untracked 
|1576|0x00000007a2000000, 0x00000007a2400000, 0x00000007a2400000|100%| O|  |TAMS 0x00000007a2000000| PB 0x00000007a2000000| Untracked 
|1577|0x00000007a2400000, 0x00000007a2800000, 0x00000007a2800000|100%| O|  |TAMS 0x00000007a2400000| PB 0x00000007a2400000| Untracked 
|1578|0x00000007a2800000, 0x00000007a2c00000, 0x00000007a2c00000|100%| O|  |TAMS 0x00000007a2800000| PB 0x00000007a2800000| Untracked 
|1579|0x00000007a2c00000, 0x00000007a3000000, 0x00000007a3000000|100%| O|  |TAMS 0x00000007a2c00000| PB 0x00000007a2c00000| Untracked 
|1580|0x00000007a3000000, 0x00000007a3400000, 0x00000007a3400000|100%| O|  |TAMS 0x00000007a3000000| PB 0x00000007a3000000| Untracked 
|1581|0x00000007a3400000, 0x00000007a3800000, 0x00000007a3800000|100%| O|  |TAMS 0x00000007a3400000| PB 0x00000007a3400000| Untracked 
|1582|0x00000007a3800000, 0x00000007a3c00000, 0x00000007a3c00000|100%| O|  |TAMS 0x00000007a3800000| PB 0x00000007a3800000| Untracked 
|1583|0x00000007a3c00000, 0x00000007a4000000, 0x00000007a4000000|100%| O|  |TAMS 0x00000007a3c00000| PB 0x00000007a3c00000| Untracked 
|1584|0x00000007a4000000, 0x00000007a4400000, 0x00000007a4400000|100%| O|  |TAMS 0x00000007a4000000| PB 0x00000007a4000000| Untracked 
|1585|0x00000007a4400000, 0x00000007a4800000, 0x00000007a4800000|100%| O|  |TAMS 0x00000007a4400000| PB 0x00000007a4400000| Untracked 
|1586|0x00000007a4800000, 0x00000007a4c00000, 0x00000007a4c00000|100%| O|  |TAMS 0x00000007a4800000| PB 0x00000007a4800000| Untracked 
|1587|0x00000007a4c00000, 0x00000007a5000000, 0x00000007a5000000|100%| O|  |TAMS 0x00000007a4c00000| PB 0x00000007a4c00000| Untracked 
|1588|0x00000007a5000000, 0x00000007a5400000, 0x00000007a5400000|100%| O|  |TAMS 0x00000007a5000000| PB 0x00000007a5000000| Untracked 
|1589|0x00000007a5400000, 0x00000007a5800000, 0x00000007a5800000|100%| O|  |TAMS 0x00000007a5400000| PB 0x00000007a5400000| Untracked 
|1590|0x00000007a5800000, 0x00000007a5c00000, 0x00000007a5c00000|100%| O|  |TAMS 0x00000007a5800000| PB 0x00000007a5800000| Untracked 
|1591|0x00000007a5c00000, 0x00000007a6000000, 0x00000007a6000000|100%| O|  |TAMS 0x00000007a5c00000| PB 0x00000007a5c00000| Untracked 
|1592|0x00000007a6000000, 0x00000007a6400000, 0x00000007a6400000|100%| O|  |TAMS 0x00000007a6000000| PB 0x00000007a6000000| Untracked 
|1593|0x00000007a6400000, 0x00000007a6800000, 0x00000007a6800000|100%| O|  |TAMS 0x00000007a6400000| PB 0x00000007a6400000| Untracked 
|1594|0x00000007a6800000, 0x00000007a6c00000, 0x00000007a6c00000|100%| O|  |TAMS 0x00000007a6800000| PB 0x00000007a6800000| Untracked 
|1595|0x00000007a6c00000, 0x00000007a7000000, 0x00000007a7000000|100%| O|  |TAMS 0x00000007a6c00000| PB 0x00000007a6c00000| Untracked 
|1596|0x00000007a7000000, 0x00000007a7400000, 0x00000007a7400000|100%| O|  |TAMS 0x00000007a7000000| PB 0x00000007a7000000| Untracked 
|1597|0x00000007a7400000, 0x00000007a7800000, 0x00000007a7800000|100%| O|  |TAMS 0x00000007a7400000| PB 0x00000007a7400000| Untracked 
|1598|0x00000007a7800000, 0x00000007a7c00000, 0x00000007a7c00000|100%| O|  |TAMS 0x00000007a7800000| PB 0x00000007a7800000| Untracked 
|1599|0x00000007a7c00000, 0x00000007a8000000, 0x00000007a8000000|100%| O|  |TAMS 0x00000007a7c00000| PB 0x00000007a7c00000| Untracked 
|1600|0x00000007a8000000, 0x00000007a8400000, 0x00000007a8400000|100%| O|  |TAMS 0x00000007a8000000| PB 0x00000007a8000000| Untracked 
|1601|0x00000007a8400000, 0x00000007a8800000, 0x00000007a8800000|100%| O|  |TAMS 0x00000007a8400000| PB 0x00000007a8400000| Untracked 
|1602|0x00000007a8800000, 0x00000007a8c00000, 0x00000007a8c00000|100%| O|  |TAMS 0x00000007a8800000| PB 0x00000007a8800000| Untracked 
|1603|0x00000007a8c00000, 0x00000007a9000000, 0x00000007a9000000|100%| O|  |TAMS 0x00000007a8c00000| PB 0x00000007a8c00000| Untracked 
|1604|0x00000007a9000000, 0x00000007a9400000, 0x00000007a9400000|100%| O|  |TAMS 0x00000007a9000000| PB 0x00000007a9000000| Untracked 
|1605|0x00000007a9400000, 0x00000007a9800000, 0x00000007a9800000|100%| O|  |TAMS 0x00000007a9400000| PB 0x00000007a9400000| Untracked 
|1606|0x00000007a9800000, 0x00000007a9c00000, 0x00000007a9c00000|100%| O|  |TAMS 0x00000007a9800000| PB 0x00000007a9800000| Untracked 
|1607|0x00000007a9c00000, 0x00000007aa000000, 0x00000007aa000000|100%| O|  |TAMS 0x00000007a9c00000| PB 0x00000007a9c00000| Untracked 
|1608|0x00000007aa000000, 0x00000007aa400000, 0x00000007aa400000|100%| O|  |TAMS 0x00000007aa000000| PB 0x00000007aa000000| Untracked 
|1609|0x00000007aa400000, 0x00000007aa800000, 0x00000007aa800000|100%| O|  |TAMS 0x00000007aa400000| PB 0x00000007aa400000| Untracked 
|1610|0x00000007aa800000, 0x00000007aac00000, 0x00000007aac00000|100%| O|  |TAMS 0x00000007aa800000| PB 0x00000007aa800000| Untracked 
|1611|0x00000007aac00000, 0x00000007ab000000, 0x00000007ab000000|100%| O|  |TAMS 0x00000007aac00000| PB 0x00000007aac00000| Untracked 
|1612|0x00000007ab000000, 0x00000007ab400000, 0x00000007ab400000|100%| O|  |TAMS 0x00000007ab000000| PB 0x00000007ab000000| Untracked 
|1613|0x00000007ab400000, 0x00000007ab800000, 0x00000007ab800000|100%| O|  |TAMS 0x00000007ab400000| PB 0x00000007ab400000| Untracked 
|1614|0x00000007ab800000, 0x00000007abc00000, 0x00000007abc00000|100%| O|  |TAMS 0x00000007ab800000| PB 0x00000007ab800000| Untracked 
|1615|0x00000007abc00000, 0x00000007ac000000, 0x00000007ac000000|100%| O|  |TAMS 0x00000007abc00000| PB 0x00000007abc00000| Untracked 
|1616|0x00000007ac000000, 0x00000007ac400000, 0x00000007ac400000|100%| O|  |TAMS 0x00000007ac000000| PB 0x00000007ac000000| Untracked 
|1617|0x00000007ac400000, 0x00000007ac800000, 0x00000007ac800000|100%| O|  |TAMS 0x00000007ac400000| PB 0x00000007ac400000| Untracked 
|1618|0x00000007ac800000, 0x00000007acc00000, 0x00000007acc00000|100%| O|  |TAMS 0x00000007ac800000| PB 0x00000007ac800000| Untracked 
|1619|0x00000007acc00000, 0x00000007ad000000, 0x00000007ad000000|100%| O|  |TAMS 0x00000007acc00000| PB 0x00000007acc00000| Untracked 
|1620|0x00000007ad000000, 0x00000007ad400000, 0x00000007ad400000|100%| O|  |TAMS 0x00000007ad000000| PB 0x00000007ad000000| Untracked 
|1621|0x00000007ad400000, 0x00000007ad800000, 0x00000007ad800000|100%| O|  |TAMS 0x00000007ad400000| PB 0x00000007ad400000| Untracked 
|1622|0x00000007ad800000, 0x00000007adc00000, 0x00000007adc00000|100%| E|CS|TAMS 0x00000007ad800000| PB 0x00000007ad800000| Complete 
|1623|0x00000007adc00000, 0x00000007ae000000, 0x00000007ae000000|100%| E|CS|TAMS 0x00000007adc00000| PB 0x00000007adc00000| Complete 
|1624|0x00000007ae000000, 0x00000007ae400000, 0x00000007ae400000|100%| E|CS|TAMS 0x00000007ae000000| PB 0x00000007ae000000| Complete 
|1625|0x00000007ae400000, 0x00000007ae800000, 0x00000007ae800000|100%| E|CS|TAMS 0x00000007ae400000| PB 0x00000007ae400000| Complete 
|1626|0x00000007ae800000, 0x00000007aec00000, 0x00000007aec00000|100%| E|CS|TAMS 0x00000007ae800000| PB 0x00000007ae800000| Complete 
|1627|0x00000007aec00000, 0x00000007af000000, 0x00000007af000000|100%| E|CS|TAMS 0x00000007aec00000| PB 0x00000007aec00000| Complete 
|1628|0x00000007af000000, 0x00000007af400000, 0x00000007af400000|100%| E|CS|TAMS 0x00000007af000000| PB 0x00000007af000000| Complete 
|1629|0x00000007af400000, 0x00000007af800000, 0x00000007af800000|100%| E|CS|TAMS 0x00000007af400000| PB 0x00000007af400000| Complete 
|1630|0x00000007af800000, 0x00000007afc00000, 0x00000007afc00000|100%| E|CS|TAMS 0x00000007af800000| PB 0x00000007af800000| Complete 
|1631|0x00000007afc00000, 0x00000007b0000000, 0x00000007b0000000|100%| E|CS|TAMS 0x00000007afc00000| PB 0x00000007afc00000| Complete 
|1632|0x00000007b0000000, 0x00000007b0400000, 0x00000007b0400000|100%| E|CS|TAMS 0x00000007b0000000| PB 0x00000007b0000000| Complete 
|1633|0x00000007b0400000, 0x00000007b0800000, 0x00000007b0800000|100%| E|CS|TAMS 0x00000007b0400000| PB 0x00000007b0400000| Complete 
|1634|0x00000007b0800000, 0x00000007b0c00000, 0x00000007b0c00000|100%| E|CS|TAMS 0x00000007b0800000| PB 0x00000007b0800000| Complete 
|1635|0x00000007b0c00000, 0x00000007b1000000, 0x00000007b1000000|100%| E|CS|TAMS 0x00000007b0c00000| PB 0x00000007b0c00000| Complete 
|1636|0x00000007b1000000, 0x00000007b1400000, 0x00000007b1400000|100%| E|CS|TAMS 0x00000007b1000000| PB 0x00000007b1000000| Complete 
|1637|0x00000007b1400000, 0x00000007b1800000, 0x00000007b1800000|100%| E|CS|TAMS 0x00000007b1400000| PB 0x00000007b1400000| Complete 
|1638|0x00000007b1800000, 0x00000007b1c00000, 0x00000007b1c00000|100%| E|CS|TAMS 0x00000007b1800000| PB 0x00000007b1800000| Complete 
|1639|0x00000007b1c00000, 0x00000007b2000000, 0x00000007b2000000|100%| E|CS|TAMS 0x00000007b1c00000| PB 0x00000007b1c00000| Complete 
|1640|0x00000007b2000000, 0x00000007b2400000, 0x00000007b2400000|100%| E|CS|TAMS 0x00000007b2000000| PB 0x00000007b2000000| Complete 
|1641|0x00000007b2400000, 0x00000007b2800000, 0x00000007b2800000|100%| E|CS|TAMS 0x00000007b2400000| PB 0x00000007b2400000| Complete 
|1642|0x00000007b2800000, 0x00000007b2c00000, 0x00000007b2c00000|100%| E|CS|TAMS 0x00000007b2800000| PB 0x00000007b2800000| Complete 
|1643|0x00000007b2c00000, 0x00000007b3000000, 0x00000007b3000000|100%| E|CS|TAMS 0x00000007b2c00000| PB 0x00000007b2c00000| Complete 
|1644|0x00000007b3000000, 0x00000007b3400000, 0x00000007b3400000|100%| E|CS|TAMS 0x00000007b3000000| PB 0x00000007b3000000| Complete 
|1645|0x00000007b3400000, 0x00000007b3800000, 0x00000007b3800000|100%| E|CS|TAMS 0x00000007b3400000| PB 0x00000007b3400000| Complete 
|1646|0x00000007b3800000, 0x00000007b3c00000, 0x00000007b3c00000|100%| E|CS|TAMS 0x00000007b3800000| PB 0x00000007b3800000| Complete 
|1647|0x00000007b3c00000, 0x00000007b4000000, 0x00000007b4000000|100%| E|CS|TAMS 0x00000007b3c00000| PB 0x00000007b3c00000| Complete 
|1648|0x00000007b4000000, 0x00000007b4400000, 0x00000007b4400000|100%| E|CS|TAMS 0x00000007b4000000| PB 0x00000007b4000000| Complete 
|1649|0x00000007b4400000, 0x00000007b4800000, 0x00000007b4800000|100%| E|CS|TAMS 0x00000007b4400000| PB 0x00000007b4400000| Complete 
|1650|0x00000007b4800000, 0x00000007b4c00000, 0x00000007b4c00000|100%| E|CS|TAMS 0x00000007b4800000| PB 0x00000007b4800000| Complete 
|1651|0x00000007b4c00000, 0x00000007b5000000, 0x00000007b5000000|100%| E|CS|TAMS 0x00000007b4c00000| PB 0x00000007b4c00000| Complete 
|1652|0x00000007b5000000, 0x00000007b5400000, 0x00000007b5400000|100%| E|CS|TAMS 0x00000007b5000000| PB 0x00000007b5000000| Complete 
|1653|0x00000007b5400000, 0x00000007b5800000, 0x00000007b5800000|100%| E|CS|TAMS 0x00000007b5400000| PB 0x00000007b5400000| Complete 
|1654|0x00000007b5800000, 0x00000007b5c00000, 0x00000007b5c00000|100%| E|CS|TAMS 0x00000007b5800000| PB 0x00000007b5800000| Complete 
|1655|0x00000007b5c00000, 0x00000007b6000000, 0x00000007b6000000|100%| E|CS|TAMS 0x00000007b5c00000| PB 0x00000007b5c00000| Complete 
|1656|0x00000007b6000000, 0x00000007b6400000, 0x00000007b6400000|100%| E|CS|TAMS 0x00000007b6000000| PB 0x00000007b6000000| Complete 
|1657|0x00000007b6400000, 0x00000007b6800000, 0x00000007b6800000|100%| E|CS|TAMS 0x00000007b6400000| PB 0x00000007b6400000| Complete 
|1658|0x00000007b6800000, 0x00000007b6c00000, 0x00000007b6c00000|100%| E|CS|TAMS 0x00000007b6800000| PB 0x00000007b6800000| Complete 
|1659|0x00000007b6c00000, 0x00000007b7000000, 0x00000007b7000000|100%| E|CS|TAMS 0x00000007b6c00000| PB 0x00000007b6c00000| Complete 
|1660|0x00000007b7000000, 0x00000007b7400000, 0x00000007b7400000|100%| E|CS|TAMS 0x00000007b7000000| PB 0x00000007b7000000| Complete 
|1661|0x00000007b7400000, 0x00000007b7800000, 0x00000007b7800000|100%| E|CS|TAMS 0x00000007b7400000| PB 0x00000007b7400000| Complete 
|1662|0x00000007b7800000, 0x00000007b7c00000, 0x00000007b7c00000|100%| E|CS|TAMS 0x00000007b7800000| PB 0x00000007b7800000| Complete 
|1663|0x00000007b7c00000, 0x00000007b8000000, 0x00000007b8000000|100%| E|CS|TAMS 0x00000007b7c00000| PB 0x00000007b7c00000| Complete 
|1664|0x00000007b8000000, 0x00000007b8400000, 0x00000007b8400000|100%| E|CS|TAMS 0x00000007b8000000| PB 0x00000007b8000000| Complete 
|1665|0x00000007b8400000, 0x00000007b8800000, 0x00000007b8800000|100%| E|CS|TAMS 0x00000007b8400000| PB 0x00000007b8400000| Complete 
|1666|0x00000007b8800000, 0x00000007b8c00000, 0x00000007b8c00000|100%| E|CS|TAMS 0x00000007b8800000| PB 0x00000007b8800000| Complete 
|1667|0x00000007b8c00000, 0x00000007b9000000, 0x00000007b9000000|100%| E|CS|TAMS 0x00000007b8c00000| PB 0x00000007b8c00000| Complete 
|1668|0x00000007b9000000, 0x00000007b9400000, 0x00000007b9400000|100%| E|CS|TAMS 0x00000007b9000000| PB 0x00000007b9000000| Complete 
|1669|0x00000007b9400000, 0x00000007b9800000, 0x00000007b9800000|100%| E|CS|TAMS 0x00000007b9400000| PB 0x00000007b9400000| Complete 
|1670|0x00000007b9800000, 0x00000007b9c00000, 0x00000007b9c00000|100%| E|CS|TAMS 0x00000007b9800000| PB 0x00000007b9800000| Complete 
|1671|0x00000007b9c00000, 0x00000007ba000000, 0x00000007ba000000|100%| E|CS|TAMS 0x00000007b9c00000| PB 0x00000007b9c00000| Complete 
|1672|0x00000007ba000000, 0x00000007ba400000, 0x00000007ba400000|100%| E|CS|TAMS 0x00000007ba000000| PB 0x00000007ba000000| Complete 
|1673|0x00000007ba400000, 0x00000007ba800000, 0x00000007ba800000|100%| E|CS|TAMS 0x00000007ba400000| PB 0x00000007ba400000| Complete 
|1674|0x00000007ba800000, 0x00000007bac00000, 0x00000007bac00000|100%| E|CS|TAMS 0x00000007ba800000| PB 0x00000007ba800000| Complete 
|1675|0x00000007bac00000, 0x00000007bb000000, 0x00000007bb000000|100%| E|CS|TAMS 0x00000007bac00000| PB 0x00000007bac00000| Complete 
|1676|0x00000007bb000000, 0x00000007bb400000, 0x00000007bb400000|100%| E|CS|TAMS 0x00000007bb000000| PB 0x00000007bb000000| Complete 
|1677|0x00000007bb400000, 0x00000007bb800000, 0x00000007bb800000|100%| E|CS|TAMS 0x00000007bb400000| PB 0x00000007bb400000| Complete 
|1678|0x00000007bb800000, 0x00000007bbc00000, 0x00000007bbc00000|100%| E|CS|TAMS 0x00000007bb800000| PB 0x00000007bb800000| Complete 
|1679|0x00000007bbc00000, 0x00000007bc000000, 0x00000007bc000000|100%| E|CS|TAMS 0x00000007bbc00000| PB 0x00000007bbc00000| Complete 
|1680|0x00000007bc000000, 0x00000007bc400000, 0x00000007bc400000|100%| E|CS|TAMS 0x00000007bc000000| PB 0x00000007bc000000| Complete 
|1681|0x00000007bc400000, 0x00000007bc800000, 0x00000007bc800000|100%| E|CS|TAMS 0x00000007bc400000| PB 0x00000007bc400000| Complete 
|1682|0x00000007bc800000, 0x00000007bcc00000, 0x00000007bcc00000|100%| E|CS|TAMS 0x00000007bc800000| PB 0x00000007bc800000| Complete 
|1683|0x00000007bcc00000, 0x00000007bd000000, 0x00000007bd000000|100%| E|CS|TAMS 0x00000007bcc00000| PB 0x00000007bcc00000| Complete 
|1684|0x00000007bd000000, 0x00000007bd400000, 0x00000007bd400000|100%| E|CS|TAMS 0x00000007bd000000| PB 0x00000007bd000000| Complete 
|1685|0x00000007bd400000, 0x00000007bd800000, 0x00000007bd800000|100%| E|CS|TAMS 0x00000007bd400000| PB 0x00000007bd400000| Complete 
|1686|0x00000007bd800000, 0x00000007bdc00000, 0x00000007bdc00000|100%| E|CS|TAMS 0x00000007bd800000| PB 0x00000007bd800000| Complete 
|1687|0x00000007bdc00000, 0x00000007be000000, 0x00000007be000000|100%| E|CS|TAMS 0x00000007bdc00000| PB 0x00000007bdc00000| Complete 
|1688|0x00000007be000000, 0x00000007be400000, 0x00000007be400000|100%| E|CS|TAMS 0x00000007be000000| PB 0x00000007be000000| Complete 
|1689|0x00000007be400000, 0x00000007be800000, 0x00000007be800000|100%| E|CS|TAMS 0x00000007be400000| PB 0x00000007be400000| Complete 
|1690|0x00000007be800000, 0x00000007bec00000, 0x00000007bec00000|100%| E|CS|TAMS 0x00000007be800000| PB 0x00000007be800000| Complete 
|1691|0x00000007bec00000, 0x00000007bf000000, 0x00000007bf000000|100%| E|CS|TAMS 0x00000007bec00000| PB 0x00000007bec00000| Complete 
|1692|0x00000007bf000000, 0x00000007bf400000, 0x00000007bf400000|100%| E|CS|TAMS 0x00000007bf000000| PB 0x00000007bf000000| Complete 
|1693|0x00000007bf400000, 0x00000007bf800000, 0x00000007bf800000|100%| E|CS|TAMS 0x00000007bf400000| PB 0x00000007bf400000| Complete 
|1694|0x00000007bf800000, 0x00000007bfc00000, 0x00000007bfc00000|100%| E|CS|TAMS 0x00000007bf800000| PB 0x00000007bf800000| Complete 
|1695|0x00000007bfc00000, 0x00000007c0000000, 0x00000007c0000000|100%| E|CS|TAMS 0x00000007bfc00000| PB 0x00000007bfc00000| Complete 
|1696|0x00000007c0000000, 0x00000007c0400000, 0x00000007c0400000|100%| E|CS|TAMS 0x00000007c0000000| PB 0x00000007c0000000| Complete 
|1697|0x00000007c0400000, 0x00000007c0800000, 0x00000007c0800000|100%| E|CS|TAMS 0x00000007c0400000| PB 0x00000007c0400000| Complete 
|1698|0x00000007c0800000, 0x00000007c0c00000, 0x00000007c0c00000|100%| E|CS|TAMS 0x00000007c0800000| PB 0x00000007c0800000| Complete 
|1699|0x00000007c0c00000, 0x00000007c1000000, 0x00000007c1000000|100%| E|CS|TAMS 0x00000007c0c00000| PB 0x00000007c0c00000| Complete 
|1700|0x00000007c1000000, 0x00000007c1400000, 0x00000007c1400000|100%| E|CS|TAMS 0x00000007c1000000| PB 0x00000007c1000000| Complete 
|1701|0x00000007c1400000, 0x00000007c1800000, 0x00000007c1800000|100%| E|CS|TAMS 0x00000007c1400000| PB 0x00000007c1400000| Complete 
|1702|0x00000007c1800000, 0x00000007c1c00000, 0x00000007c1c00000|100%| E|CS|TAMS 0x00000007c1800000| PB 0x00000007c1800000| Complete 
|1703|0x00000007c1c00000, 0x00000007c2000000, 0x00000007c2000000|100%| E|CS|TAMS 0x00000007c1c00000| PB 0x00000007c1c00000| Complete 
|1704|0x00000007c2000000, 0x00000007c2400000, 0x00000007c2400000|100%| E|CS|TAMS 0x00000007c2000000| PB 0x00000007c2000000| Complete 
|1705|0x00000007c2400000, 0x00000007c2800000, 0x00000007c2800000|100%| E|CS|TAMS 0x00000007c2400000| PB 0x00000007c2400000| Complete 
|1706|0x00000007c2800000, 0x00000007c2c00000, 0x00000007c2c00000|100%| E|CS|TAMS 0x00000007c2800000| PB 0x00000007c2800000| Complete 
|1707|0x00000007c2c00000, 0x00000007c3000000, 0x00000007c3000000|100%| E|CS|TAMS 0x00000007c2c00000| PB 0x00000007c2c00000| Complete 
|1708|0x00000007c3000000, 0x00000007c3400000, 0x00000007c3400000|100%| E|CS|TAMS 0x00000007c3000000| PB 0x00000007c3000000| Complete 
|1709|0x00000007c3400000, 0x00000007c3800000, 0x00000007c3800000|100%| E|CS|TAMS 0x00000007c3400000| PB 0x00000007c3400000| Complete 
|1710|0x00000007c3800000, 0x00000007c3c00000, 0x00000007c3c00000|100%| E|CS|TAMS 0x00000007c3800000| PB 0x00000007c3800000| Complete 
|1711|0x00000007c3c00000, 0x00000007c4000000, 0x00000007c4000000|100%| E|CS|TAMS 0x00000007c3c00000| PB 0x00000007c3c00000| Complete 
|1712|0x00000007c4000000, 0x00000007c4400000, 0x00000007c4400000|100%| E|CS|TAMS 0x00000007c4000000| PB 0x00000007c4000000| Complete 
|1713|0x00000007c4400000, 0x00000007c4800000, 0x00000007c4800000|100%| E|CS|TAMS 0x00000007c4400000| PB 0x00000007c4400000| Complete 
|1714|0x00000007c4800000, 0x00000007c4c00000, 0x00000007c4c00000|100%| E|CS|TAMS 0x00000007c4800000| PB 0x00000007c4800000| Complete 
|1715|0x00000007c4c00000, 0x00000007c5000000, 0x00000007c5000000|100%| E|CS|TAMS 0x00000007c4c00000| PB 0x00000007c4c00000| Complete 
|1716|0x00000007c5000000, 0x00000007c5400000, 0x00000007c5400000|100%| E|CS|TAMS 0x00000007c5000000| PB 0x00000007c5000000| Complete 
|1717|0x00000007c5400000, 0x00000007c5800000, 0x00000007c5800000|100%| E|CS|TAMS 0x00000007c5400000| PB 0x00000007c5400000| Complete 
|1718|0x00000007c5800000, 0x00000007c5c00000, 0x00000007c5c00000|100%| E|CS|TAMS 0x00000007c5800000| PB 0x00000007c5800000| Complete 
|1719|0x00000007c5c00000, 0x00000007c6000000, 0x00000007c6000000|100%| E|CS|TAMS 0x00000007c5c00000| PB 0x00000007c5c00000| Complete 
|1720|0x00000007c6000000, 0x00000007c6400000, 0x00000007c6400000|100%| E|CS|TAMS 0x00000007c6000000| PB 0x00000007c6000000| Complete 
|1721|0x00000007c6400000, 0x00000007c6800000, 0x00000007c6800000|100%| E|CS|TAMS 0x00000007c6400000| PB 0x00000007c6400000| Complete 
|1722|0x00000007c6800000, 0x00000007c6c00000, 0x00000007c6c00000|100%| E|CS|TAMS 0x00000007c6800000| PB 0x00000007c6800000| Complete 
|1723|0x00000007c6c00000, 0x00000007c7000000, 0x00000007c7000000|100%| E|CS|TAMS 0x00000007c6c00000| PB 0x00000007c6c00000| Complete 
|1724|0x00000007c7000000, 0x00000007c7400000, 0x00000007c7400000|100%| E|CS|TAMS 0x00000007c7000000| PB 0x00000007c7000000| Complete 
|1725|0x00000007c7400000, 0x00000007c7800000, 0x00000007c7800000|100%| E|CS|TAMS 0x00000007c7400000| PB 0x00000007c7400000| Complete 
|1726|0x00000007c7800000, 0x00000007c7c00000, 0x00000007c7c00000|100%| E|CS|TAMS 0x00000007c7800000| PB 0x00000007c7800000| Complete 
|1727|0x00000007c7c00000, 0x00000007c8000000, 0x00000007c8000000|100%| E|CS|TAMS 0x00000007c7c00000| PB 0x00000007c7c00000| Complete 
|1728|0x00000007c8000000, 0x00000007c8400000, 0x00000007c8400000|100%| E|CS|TAMS 0x00000007c8000000| PB 0x00000007c8000000| Complete 
|1729|0x00000007c8400000, 0x00000007c8800000, 0x00000007c8800000|100%| E|CS|TAMS 0x00000007c8400000| PB 0x00000007c8400000| Complete 
|1730|0x00000007c8800000, 0x00000007c8c00000, 0x00000007c8c00000|100%| E|CS|TAMS 0x00000007c8800000| PB 0x00000007c8800000| Complete 
|1731|0x00000007c8c00000, 0x00000007c9000000, 0x00000007c9000000|100%| E|CS|TAMS 0x00000007c8c00000| PB 0x00000007c8c00000| Complete 
|1732|0x00000007c9000000, 0x00000007c9400000, 0x00000007c9400000|100%| E|CS|TAMS 0x00000007c9000000| PB 0x00000007c9000000| Complete 
|1733|0x00000007c9400000, 0x00000007c9800000, 0x00000007c9800000|100%| E|CS|TAMS 0x00000007c9400000| PB 0x00000007c9400000| Complete 
|1734|0x00000007c9800000, 0x00000007c9c00000, 0x00000007c9c00000|100%| E|CS|TAMS 0x00000007c9800000| PB 0x00000007c9800000| Complete 
|1735|0x00000007c9c00000, 0x00000007ca000000, 0x00000007ca000000|100%| E|CS|TAMS 0x00000007c9c00000| PB 0x00000007c9c00000| Complete 
|1736|0x00000007ca000000, 0x00000007ca400000, 0x00000007ca400000|100%| E|CS|TAMS 0x00000007ca000000| PB 0x00000007ca000000| Complete 
|1737|0x00000007ca400000, 0x00000007ca800000, 0x00000007ca800000|100%| E|CS|TAMS 0x00000007ca400000| PB 0x00000007ca400000| Complete 
|1738|0x00000007ca800000, 0x00000007cac00000, 0x00000007cac00000|100%| E|CS|TAMS 0x00000007ca800000| PB 0x00000007ca800000| Complete 
|1739|0x00000007cac00000, 0x00000007cb000000, 0x00000007cb000000|100%| E|CS|TAMS 0x00000007cac00000| PB 0x00000007cac00000| Complete 
|1740|0x00000007cb000000, 0x00000007cb400000, 0x00000007cb400000|100%| E|CS|TAMS 0x00000007cb000000| PB 0x00000007cb000000| Complete 
|1741|0x00000007cb400000, 0x00000007cb800000, 0x00000007cb800000|100%| E|CS|TAMS 0x00000007cb400000| PB 0x00000007cb400000| Complete 
|1742|0x00000007cb800000, 0x00000007cbc00000, 0x00000007cbc00000|100%| E|CS|TAMS 0x00000007cb800000| PB 0x00000007cb800000| Complete 
|1743|0x00000007cbc00000, 0x00000007cc000000, 0x00000007cc000000|100%| E|CS|TAMS 0x00000007cbc00000| PB 0x00000007cbc00000| Complete 
|1744|0x00000007cc000000, 0x00000007cc400000, 0x00000007cc400000|100%| E|CS|TAMS 0x00000007cc000000| PB 0x00000007cc000000| Complete 
|1745|0x00000007cc400000, 0x00000007cc800000, 0x00000007cc800000|100%| E|CS|TAMS 0x00000007cc400000| PB 0x00000007cc400000| Complete 
|1746|0x00000007cc800000, 0x00000007ccc00000, 0x00000007ccc00000|100%| E|CS|TAMS 0x00000007cc800000| PB 0x00000007cc800000| Complete 
|1747|0x00000007ccc00000, 0x00000007cd000000, 0x00000007cd000000|100%| E|CS|TAMS 0x00000007ccc00000| PB 0x00000007ccc00000| Complete 
|1748|0x00000007cd000000, 0x00000007cd400000, 0x00000007cd400000|100%| E|CS|TAMS 0x00000007cd000000| PB 0x00000007cd000000| Complete 
|1749|0x00000007cd400000, 0x00000007cd800000, 0x00000007cd800000|100%| E|CS|TAMS 0x00000007cd400000| PB 0x00000007cd400000| Complete 
|1750|0x00000007cd800000, 0x00000007cdc00000, 0x00000007cdc00000|100%| E|CS|TAMS 0x00000007cd800000| PB 0x00000007cd800000| Complete 
|1751|0x00000007cdc00000, 0x00000007ce000000, 0x00000007ce000000|100%| E|CS|TAMS 0x00000007cdc00000| PB 0x00000007cdc00000| Complete 
|1752|0x00000007ce000000, 0x00000007ce400000, 0x00000007ce400000|100%| E|CS|TAMS 0x00000007ce000000| PB 0x00000007ce000000| Complete 
|1753|0x00000007ce400000, 0x00000007ce800000, 0x00000007ce800000|100%| E|CS|TAMS 0x00000007ce400000| PB 0x00000007ce400000| Complete 
|1754|0x00000007ce800000, 0x00000007cec00000, 0x00000007cec00000|100%| E|CS|TAMS 0x00000007ce800000| PB 0x00000007ce800000| Complete 
|1755|0x00000007cec00000, 0x00000007cf000000, 0x00000007cf000000|100%| E|CS|TAMS 0x00000007cec00000| PB 0x00000007cec00000| Complete 
|1756|0x00000007cf000000, 0x00000007cf400000, 0x00000007cf400000|100%| E|CS|TAMS 0x00000007cf000000| PB 0x00000007cf000000| Complete 
|1757|0x00000007cf400000, 0x00000007cf800000, 0x00000007cf800000|100%| E|CS|TAMS 0x00000007cf400000| PB 0x00000007cf400000| Complete 
|1758|0x00000007cf800000, 0x00000007cfc00000, 0x00000007cfc00000|100%| E|CS|TAMS 0x00000007cf800000| PB 0x00000007cf800000| Complete 
|1759|0x00000007cfc00000, 0x00000007d0000000, 0x00000007d0000000|100%| E|CS|TAMS 0x00000007cfc00000| PB 0x00000007cfc00000| Complete 
|1760|0x00000007d0000000, 0x00000007d0400000, 0x00000007d0400000|100%| E|CS|TAMS 0x00000007d0000000| PB 0x00000007d0000000| Complete 
|1761|0x00000007d0400000, 0x00000007d0800000, 0x00000007d0800000|100%| E|CS|TAMS 0x00000007d0400000| PB 0x00000007d0400000| Complete 
|1762|0x00000007d0800000, 0x00000007d0c00000, 0x00000007d0c00000|100%| E|CS|TAMS 0x00000007d0800000| PB 0x00000007d0800000| Complete 
|1763|0x00000007d0c00000, 0x00000007d1000000, 0x00000007d1000000|100%| E|CS|TAMS 0x00000007d0c00000| PB 0x00000007d0c00000| Complete 
|1764|0x00000007d1000000, 0x00000007d1400000, 0x00000007d1400000|100%| E|CS|TAMS 0x00000007d1000000| PB 0x00000007d1000000| Complete 
|1765|0x00000007d1400000, 0x00000007d1800000, 0x00000007d1800000|100%| E|CS|TAMS 0x00000007d1400000| PB 0x00000007d1400000| Complete 
|1766|0x00000007d1800000, 0x00000007d1c00000, 0x00000007d1c00000|100%| E|CS|TAMS 0x00000007d1800000| PB 0x00000007d1800000| Complete 
|1767|0x00000007d1c00000, 0x00000007d2000000, 0x00000007d2000000|100%| E|CS|TAMS 0x00000007d1c00000| PB 0x00000007d1c00000| Complete 
|1768|0x00000007d2000000, 0x00000007d2400000, 0x00000007d2400000|100%| E|CS|TAMS 0x00000007d2000000| PB 0x00000007d2000000| Complete 
|1769|0x00000007d2400000, 0x00000007d2800000, 0x00000007d2800000|100%| E|CS|TAMS 0x00000007d2400000| PB 0x00000007d2400000| Complete 
|1770|0x00000007d2800000, 0x00000007d2c00000, 0x00000007d2c00000|100%| E|CS|TAMS 0x00000007d2800000| PB 0x00000007d2800000| Complete 
|1771|0x00000007d2c00000, 0x00000007d3000000, 0x00000007d3000000|100%| E|CS|TAMS 0x00000007d2c00000| PB 0x00000007d2c00000| Complete 
|1772|0x00000007d3000000, 0x00000007d3400000, 0x00000007d3400000|100%| E|CS|TAMS 0x00000007d3000000| PB 0x00000007d3000000| Complete 
|1773|0x00000007d3400000, 0x00000007d3800000, 0x00000007d3800000|100%| E|CS|TAMS 0x00000007d3400000| PB 0x00000007d3400000| Complete 
|1774|0x00000007d3800000, 0x00000007d3c00000, 0x00000007d3c00000|100%| E|CS|TAMS 0x00000007d3800000| PB 0x00000007d3800000| Complete 
|1775|0x00000007d3c00000, 0x00000007d4000000, 0x00000007d4000000|100%| E|CS|TAMS 0x00000007d3c00000| PB 0x00000007d3c00000| Complete 
|1776|0x00000007d4000000, 0x00000007d4400000, 0x00000007d4400000|100%| E|CS|TAMS 0x00000007d4000000| PB 0x00000007d4000000| Complete 
|1777|0x00000007d4400000, 0x00000007d4800000, 0x00000007d4800000|100%| E|CS|TAMS 0x00000007d4400000| PB 0x00000007d4400000| Complete 
|1778|0x00000007d4800000, 0x00000007d4c00000, 0x00000007d4c00000|100%| E|CS|TAMS 0x00000007d4800000| PB 0x00000007d4800000| Complete 
|1779|0x00000007d4c00000, 0x00000007d5000000, 0x00000007d5000000|100%| E|CS|TAMS 0x00000007d4c00000| PB 0x00000007d4c00000| Complete 
|1780|0x00000007d5000000, 0x00000007d5400000, 0x00000007d5400000|100%| E|CS|TAMS 0x00000007d5000000| PB 0x00000007d5000000| Complete 
|1781|0x00000007d5400000, 0x00000007d5800000, 0x00000007d5800000|100%| E|CS|TAMS 0x00000007d5400000| PB 0x00000007d5400000| Complete 
|1782|0x00000007d5800000, 0x00000007d5c00000, 0x00000007d5c00000|100%| E|CS|TAMS 0x00000007d5800000| PB 0x00000007d5800000| Complete 
|1783|0x00000007d5c00000, 0x00000007d6000000, 0x00000007d6000000|100%| E|CS|TAMS 0x00000007d5c00000| PB 0x00000007d5c00000| Complete 
|1784|0x00000007d6000000, 0x00000007d6400000, 0x00000007d6400000|100%| E|CS|TAMS 0x00000007d6000000| PB 0x00000007d6000000| Complete 
|1785|0x00000007d6400000, 0x00000007d6800000, 0x00000007d6800000|100%| E|CS|TAMS 0x00000007d6400000| PB 0x00000007d6400000| Complete 
|1786|0x00000007d6800000, 0x00000007d6c00000, 0x00000007d6c00000|100%| E|CS|TAMS 0x00000007d6800000| PB 0x00000007d6800000| Complete 
|1787|0x00000007d6c00000, 0x00000007d7000000, 0x00000007d7000000|100%| E|CS|TAMS 0x00000007d6c00000| PB 0x00000007d6c00000| Complete 
|1788|0x00000007d7000000, 0x00000007d7400000, 0x00000007d7400000|100%| E|CS|TAMS 0x00000007d7000000| PB 0x00000007d7000000| Complete 
|1789|0x00000007d7400000, 0x00000007d7800000, 0x00000007d7800000|100%| E|CS|TAMS 0x00000007d7400000| PB 0x00000007d7400000| Complete 
|1790|0x00000007d7800000, 0x00000007d7c00000, 0x00000007d7c00000|100%| E|CS|TAMS 0x00000007d7800000| PB 0x00000007d7800000| Complete 
|1791|0x00000007d7c00000, 0x00000007d8000000, 0x00000007d8000000|100%| E|CS|TAMS 0x00000007d7c00000| PB 0x00000007d7c00000| Complete 
|1792|0x00000007d8000000, 0x00000007d8400000, 0x00000007d8400000|100%| E|CS|TAMS 0x00000007d8000000| PB 0x00000007d8000000| Complete 
|1793|0x00000007d8400000, 0x00000007d8800000, 0x00000007d8800000|100%| E|CS|TAMS 0x00000007d8400000| PB 0x00000007d8400000| Complete 
|1794|0x00000007d8800000, 0x00000007d8c00000, 0x00000007d8c00000|100%| E|CS|TAMS 0x00000007d8800000| PB 0x00000007d8800000| Complete 
|1795|0x00000007d8c00000, 0x00000007d9000000, 0x00000007d9000000|100%| E|CS|TAMS 0x00000007d8c00000| PB 0x00000007d8c00000| Complete 
|1796|0x00000007d9000000, 0x00000007d9400000, 0x00000007d9400000|100%| E|CS|TAMS 0x00000007d9000000| PB 0x00000007d9000000| Complete 
|1797|0x00000007d9400000, 0x00000007d9800000, 0x00000007d9800000|100%| E|CS|TAMS 0x00000007d9400000| PB 0x00000007d9400000| Complete 
|1798|0x00000007d9800000, 0x00000007d9c00000, 0x00000007d9c00000|100%| E|CS|TAMS 0x00000007d9800000| PB 0x00000007d9800000| Complete 
|1799|0x00000007d9c00000, 0x00000007da000000, 0x00000007da000000|100%| E|CS|TAMS 0x00000007d9c00000| PB 0x00000007d9c00000| Complete 
|1800|0x00000007da000000, 0x00000007da400000, 0x00000007da400000|100%| E|CS|TAMS 0x00000007da000000| PB 0x00000007da000000| Complete 
|1801|0x00000007da400000, 0x00000007da800000, 0x00000007da800000|100%| E|CS|TAMS 0x00000007da400000| PB 0x00000007da400000| Complete 
|1802|0x00000007da800000, 0x00000007dac00000, 0x00000007dac00000|100%| E|CS|TAMS 0x00000007da800000| PB 0x00000007da800000| Complete 
|1803|0x00000007dac00000, 0x00000007db000000, 0x00000007db000000|100%| E|CS|TAMS 0x00000007dac00000| PB 0x00000007dac00000| Complete 
|1804|0x00000007db000000, 0x00000007db400000, 0x00000007db400000|100%| E|CS|TAMS 0x00000007db000000| PB 0x00000007db000000| Complete 
|1805|0x00000007db400000, 0x00000007db800000, 0x00000007db800000|100%| E|CS|TAMS 0x00000007db400000| PB 0x00000007db400000| Complete 
|1806|0x00000007db800000, 0x00000007dbc00000, 0x00000007dbc00000|100%| E|CS|TAMS 0x00000007db800000| PB 0x00000007db800000| Complete 
|1807|0x00000007dbc00000, 0x00000007dc000000, 0x00000007dc000000|100%| E|CS|TAMS 0x00000007dbc00000| PB 0x00000007dbc00000| Complete 
|1808|0x00000007dc000000, 0x00000007dc400000, 0x00000007dc400000|100%| E|CS|TAMS 0x00000007dc000000| PB 0x00000007dc000000| Complete 
|1809|0x00000007dc400000, 0x00000007dc800000, 0x00000007dc800000|100%| E|CS|TAMS 0x00000007dc400000| PB 0x00000007dc400000| Complete 
|1810|0x00000007dc800000, 0x00000007dcc00000, 0x00000007dcc00000|100%| E|CS|TAMS 0x00000007dc800000| PB 0x00000007dc800000| Complete 
|1811|0x00000007dcc00000, 0x00000007dd000000, 0x00000007dd000000|100%| E|CS|TAMS 0x00000007dcc00000| PB 0x00000007dcc00000| Complete 
|1812|0x00000007dd000000, 0x00000007dd400000, 0x00000007dd400000|100%| E|CS|TAMS 0x00000007dd000000| PB 0x00000007dd000000| Complete 
|1813|0x00000007dd400000, 0x00000007dd800000, 0x00000007dd800000|100%| E|CS|TAMS 0x00000007dd400000| PB 0x00000007dd400000| Complete 
|1814|0x00000007dd800000, 0x00000007ddc00000, 0x00000007ddc00000|100%| E|CS|TAMS 0x00000007dd800000| PB 0x00000007dd800000| Complete 
|1815|0x00000007ddc00000, 0x00000007de000000, 0x00000007de000000|100%| E|CS|TAMS 0x00000007ddc00000| PB 0x00000007ddc00000| Complete 
|1816|0x00000007de000000, 0x00000007de400000, 0x00000007de400000|100%| E|CS|TAMS 0x00000007de000000| PB 0x00000007de000000| Complete 
|1817|0x00000007de400000, 0x00000007de800000, 0x00000007de800000|100%| E|CS|TAMS 0x00000007de400000| PB 0x00000007de400000| Complete 
|1818|0x00000007de800000, 0x00000007dec00000, 0x00000007dec00000|100%| E|CS|TAMS 0x00000007de800000| PB 0x00000007de800000| Complete 
|1819|0x00000007dec00000, 0x00000007df000000, 0x00000007df000000|100%| E|CS|TAMS 0x00000007dec00000| PB 0x00000007dec00000| Complete 
|1820|0x00000007df000000, 0x00000007df400000, 0x00000007df400000|100%| E|CS|TAMS 0x00000007df000000| PB 0x00000007df000000| Complete 
|1821|0x00000007df400000, 0x00000007df800000, 0x00000007df800000|100%| E|CS|TAMS 0x00000007df400000| PB 0x00000007df400000| Complete 
|1822|0x00000007df800000, 0x00000007dfc00000, 0x00000007dfc00000|100%| E|CS|TAMS 0x00000007df800000| PB 0x00000007df800000| Complete 
|1823|0x00000007dfc00000, 0x00000007e0000000, 0x00000007e0000000|100%| E|CS|TAMS 0x00000007dfc00000| PB 0x00000007dfc00000| Complete 
|1824|0x00000007e0000000, 0x00000007e0400000, 0x00000007e0400000|100%| E|CS|TAMS 0x00000007e0000000| PB 0x00000007e0000000| Complete 
|1825|0x00000007e0400000, 0x00000007e0800000, 0x00000007e0800000|100%| E|CS|TAMS 0x00000007e0400000| PB 0x00000007e0400000| Complete 
|1826|0x00000007e0800000, 0x00000007e0c00000, 0x00000007e0c00000|100%| E|CS|TAMS 0x00000007e0800000| PB 0x00000007e0800000| Complete 
|1827|0x00000007e0c00000, 0x00000007e1000000, 0x00000007e1000000|100%| E|CS|TAMS 0x00000007e0c00000| PB 0x00000007e0c00000| Complete 
|1828|0x00000007e1000000, 0x00000007e1400000, 0x00000007e1400000|100%| E|CS|TAMS 0x00000007e1000000| PB 0x00000007e1000000| Complete 
|1829|0x00000007e1400000, 0x00000007e1800000, 0x00000007e1800000|100%| E|CS|TAMS 0x00000007e1400000| PB 0x00000007e1400000| Complete 
|1830|0x00000007e1800000, 0x00000007e1c00000, 0x00000007e1c00000|100%| E|CS|TAMS 0x00000007e1800000| PB 0x00000007e1800000| Complete 
|1831|0x00000007e1c00000, 0x00000007e2000000, 0x00000007e2000000|100%| E|CS|TAMS 0x00000007e1c00000| PB 0x00000007e1c00000| Complete 
|1832|0x00000007e2000000, 0x00000007e2400000, 0x00000007e2400000|100%| E|CS|TAMS 0x00000007e2000000| PB 0x00000007e2000000| Complete 
|1833|0x00000007e2400000, 0x00000007e2800000, 0x00000007e2800000|100%| E|CS|TAMS 0x00000007e2400000| PB 0x00000007e2400000| Complete 
|1834|0x00000007e2800000, 0x00000007e2c00000, 0x00000007e2c00000|100%| E|CS|TAMS 0x00000007e2800000| PB 0x00000007e2800000| Complete 
|1835|0x00000007e2c00000, 0x00000007e3000000, 0x00000007e3000000|100%| E|CS|TAMS 0x00000007e2c00000| PB 0x00000007e2c00000| Complete 
|1836|0x00000007e3000000, 0x00000007e3400000, 0x00000007e3400000|100%| E|CS|TAMS 0x00000007e3000000| PB 0x00000007e3000000| Complete 
|1837|0x00000007e3400000, 0x00000007e3800000, 0x00000007e3800000|100%| E|CS|TAMS 0x00000007e3400000| PB 0x00000007e3400000| Complete 
|1838|0x00000007e3800000, 0x00000007e3c00000, 0x00000007e3c00000|100%| E|CS|TAMS 0x00000007e3800000| PB 0x00000007e3800000| Complete 
|1839|0x00000007e3c00000, 0x00000007e4000000, 0x00000007e4000000|100%| E|CS|TAMS 0x00000007e3c00000| PB 0x00000007e3c00000| Complete 
|1840|0x00000007e4000000, 0x00000007e4400000, 0x00000007e4400000|100%| E|CS|TAMS 0x00000007e4000000| PB 0x00000007e4000000| Complete 
|1841|0x00000007e4400000, 0x00000007e4800000, 0x00000007e4800000|100%| E|CS|TAMS 0x00000007e4400000| PB 0x00000007e4400000| Complete 
|1842|0x00000007e4800000, 0x00000007e4c00000, 0x00000007e4c00000|100%| E|CS|TAMS 0x00000007e4800000| PB 0x00000007e4800000| Complete 
|1843|0x00000007e4c00000, 0x00000007e5000000, 0x00000007e5000000|100%| E|CS|TAMS 0x00000007e4c00000| PB 0x00000007e4c00000| Complete 
|1844|0x00000007e5000000, 0x00000007e5400000, 0x00000007e5400000|100%| E|CS|TAMS 0x00000007e5000000| PB 0x00000007e5000000| Complete 
|1845|0x00000007e5400000, 0x00000007e5800000, 0x00000007e5800000|100%| E|CS|TAMS 0x00000007e5400000| PB 0x00000007e5400000| Complete 
|1846|0x00000007e5800000, 0x00000007e5c00000, 0x00000007e5c00000|100%| E|CS|TAMS 0x00000007e5800000| PB 0x00000007e5800000| Complete 
|1847|0x00000007e5c00000, 0x00000007e6000000, 0x00000007e6000000|100%| E|CS|TAMS 0x00000007e5c00000| PB 0x00000007e5c00000| Complete 
|1848|0x00000007e6000000, 0x00000007e6400000, 0x00000007e6400000|100%| E|CS|TAMS 0x00000007e6000000| PB 0x00000007e6000000| Complete 
|1849|0x00000007e6400000, 0x00000007e6800000, 0x00000007e6800000|100%| E|CS|TAMS 0x00000007e6400000| PB 0x00000007e6400000| Complete 
|1850|0x00000007e6800000, 0x00000007e6c00000, 0x00000007e6c00000|100%| E|CS|TAMS 0x00000007e6800000| PB 0x00000007e6800000| Complete 
|1851|0x00000007e6c00000, 0x00000007e7000000, 0x00000007e7000000|100%| E|CS|TAMS 0x00000007e6c00000| PB 0x00000007e6c00000| Complete 
|1852|0x00000007e7000000, 0x00000007e7400000, 0x00000007e7400000|100%| E|CS|TAMS 0x00000007e7000000| PB 0x00000007e7000000| Complete 
|1853|0x00000007e7400000, 0x00000007e7800000, 0x00000007e7800000|100%| E|CS|TAMS 0x00000007e7400000| PB 0x00000007e7400000| Complete 
|1854|0x00000007e7800000, 0x00000007e7c00000, 0x00000007e7c00000|100%| E|CS|TAMS 0x00000007e7800000| PB 0x00000007e7800000| Complete 
|1855|0x00000007e7c00000, 0x00000007e8000000, 0x00000007e8000000|100%| E|CS|TAMS 0x00000007e7c00000| PB 0x00000007e7c00000| Complete 
|1856|0x00000007e8000000, 0x00000007e8400000, 0x00000007e8400000|100%| E|CS|TAMS 0x00000007e8000000| PB 0x00000007e8000000| Complete 
|1857|0x00000007e8400000, 0x00000007e8800000, 0x00000007e8800000|100%| E|CS|TAMS 0x00000007e8400000| PB 0x00000007e8400000| Complete 
|1858|0x00000007e8800000, 0x00000007e8c00000, 0x00000007e8c00000|100%| E|CS|TAMS 0x00000007e8800000| PB 0x00000007e8800000| Complete 
|1859|0x00000007e8c00000, 0x00000007e9000000, 0x00000007e9000000|100%| E|CS|TAMS 0x00000007e8c00000| PB 0x00000007e8c00000| Complete 
|1860|0x00000007e9000000, 0x00000007e9400000, 0x00000007e9400000|100%| E|CS|TAMS 0x00000007e9000000| PB 0x00000007e9000000| Complete 
|1861|0x00000007e9400000, 0x00000007e9800000, 0x00000007e9800000|100%| E|CS|TAMS 0x00000007e9400000| PB 0x00000007e9400000| Complete 
|1862|0x00000007e9800000, 0x00000007e9c00000, 0x00000007e9c00000|100%| E|CS|TAMS 0x00000007e9800000| PB 0x00000007e9800000| Complete 
|1863|0x00000007e9c00000, 0x00000007ea000000, 0x00000007ea000000|100%| E|CS|TAMS 0x00000007e9c00000| PB 0x00000007e9c00000| Complete 
|1864|0x00000007ea000000, 0x00000007ea400000, 0x00000007ea400000|100%| E|CS|TAMS 0x00000007ea000000| PB 0x00000007ea000000| Complete 
|1865|0x00000007ea400000, 0x00000007ea800000, 0x00000007ea800000|100%| E|CS|TAMS 0x00000007ea400000| PB 0x00000007ea400000| Complete 
|1866|0x00000007ea800000, 0x00000007eac00000, 0x00000007eac00000|100%| E|CS|TAMS 0x00000007ea800000| PB 0x00000007ea800000| Complete 
|1867|0x00000007eac00000, 0x00000007eb000000, 0x00000007eb000000|100%| E|CS|TAMS 0x00000007eac00000| PB 0x00000007eac00000| Complete 
|1868|0x00000007eb000000, 0x00000007eb400000, 0x00000007eb400000|100%| E|CS|TAMS 0x00000007eb000000| PB 0x00000007eb000000| Complete 
|1869|0x00000007eb400000, 0x00000007eb800000, 0x00000007eb800000|100%| E|CS|TAMS 0x00000007eb400000| PB 0x00000007eb400000| Complete 
|1870|0x00000007eb800000, 0x00000007ebc00000, 0x00000007ebc00000|100%| E|CS|TAMS 0x00000007eb800000| PB 0x00000007eb800000| Complete 
|1871|0x00000007ebc00000, 0x00000007ec000000, 0x00000007ec000000|100%| E|CS|TAMS 0x00000007ebc00000| PB 0x00000007ebc00000| Complete 
|1872|0x00000007ec000000, 0x00000007ec400000, 0x00000007ec400000|100%| E|CS|TAMS 0x00000007ec000000| PB 0x00000007ec000000| Complete 
|1873|0x00000007ec400000, 0x00000007ec800000, 0x00000007ec800000|100%| E|CS|TAMS 0x00000007ec400000| PB 0x00000007ec400000| Complete 
|1874|0x00000007ec800000, 0x00000007ecc00000, 0x00000007ecc00000|100%| E|CS|TAMS 0x00000007ec800000| PB 0x00000007ec800000| Complete 
|1875|0x00000007ecc00000, 0x00000007ed000000, 0x00000007ed000000|100%| E|CS|TAMS 0x00000007ecc00000| PB 0x00000007ecc00000| Complete 
|1876|0x00000007ed000000, 0x00000007ed400000, 0x00000007ed400000|100%| E|CS|TAMS 0x00000007ed000000| PB 0x00000007ed000000| Complete 
|1877|0x00000007ed400000, 0x00000007ed800000, 0x00000007ed800000|100%| E|CS|TAMS 0x00000007ed400000| PB 0x00000007ed400000| Complete 
|1878|0x00000007ed800000, 0x00000007edc00000, 0x00000007edc00000|100%| E|CS|TAMS 0x00000007ed800000| PB 0x00000007ed800000| Complete 
|1879|0x00000007edc00000, 0x00000007ee000000, 0x00000007ee000000|100%| E|CS|TAMS 0x00000007edc00000| PB 0x00000007edc00000| Complete 
|1880|0x00000007ee000000, 0x00000007ee400000, 0x00000007ee400000|100%| E|CS|TAMS 0x00000007ee000000| PB 0x00000007ee000000| Complete 
|1881|0x00000007ee400000, 0x00000007ee800000, 0x00000007ee800000|100%| E|CS|TAMS 0x00000007ee400000| PB 0x00000007ee400000| Complete 
|1882|0x00000007ee800000, 0x00000007eec00000, 0x00000007eec00000|100%| E|CS|TAMS 0x00000007ee800000| PB 0x00000007ee800000| Complete 
|1883|0x00000007eec00000, 0x00000007ef000000, 0x00000007ef000000|100%| E|CS|TAMS 0x00000007eec00000| PB 0x00000007eec00000| Complete 
|1884|0x00000007ef000000, 0x00000007ef400000, 0x00000007ef400000|100%| E|CS|TAMS 0x00000007ef000000| PB 0x00000007ef000000| Complete 
|1885|0x00000007ef400000, 0x00000007ef800000, 0x00000007ef800000|100%| E|CS|TAMS 0x00000007ef400000| PB 0x00000007ef400000| Complete 
|1886|0x00000007ef800000, 0x00000007efc00000, 0x00000007efc00000|100%| E|CS|TAMS 0x00000007ef800000| PB 0x00000007ef800000| Complete 
|1887|0x00000007efc00000, 0x00000007f0000000, 0x00000007f0000000|100%| E|CS|TAMS 0x00000007efc00000| PB 0x00000007efc00000| Complete 
|1888|0x00000007f0000000, 0x00000007f0400000, 0x00000007f0400000|100%| E|CS|TAMS 0x00000007f0000000| PB 0x00000007f0000000| Complete 
|1889|0x00000007f0400000, 0x00000007f0800000, 0x00000007f0800000|100%| E|CS|TAMS 0x00000007f0400000| PB 0x00000007f0400000| Complete 
|1890|0x00000007f0800000, 0x00000007f0c00000, 0x00000007f0c00000|100%| E|CS|TAMS 0x00000007f0800000| PB 0x00000007f0800000| Complete 
|1891|0x00000007f0c00000, 0x00000007f1000000, 0x00000007f1000000|100%| E|CS|TAMS 0x00000007f0c00000| PB 0x00000007f0c00000| Complete 
|1892|0x00000007f1000000, 0x00000007f1400000, 0x00000007f1400000|100%| E|CS|TAMS 0x00000007f1000000| PB 0x00000007f1000000| Complete 
|1893|0x00000007f1400000, 0x00000007f1800000, 0x00000007f1800000|100%| E|CS|TAMS 0x00000007f1400000| PB 0x00000007f1400000| Complete 
|1894|0x00000007f1800000, 0x00000007f1c00000, 0x00000007f1c00000|100%| E|CS|TAMS 0x00000007f1800000| PB 0x00000007f1800000| Complete 
|1895|0x00000007f1c00000, 0x00000007f2000000, 0x00000007f2000000|100%| E|CS|TAMS 0x00000007f1c00000| PB 0x00000007f1c00000| Complete 
|1896|0x00000007f2000000, 0x00000007f2400000, 0x00000007f2400000|100%| E|CS|TAMS 0x00000007f2000000| PB 0x00000007f2000000| Complete 
|1897|0x00000007f2400000, 0x00000007f2800000, 0x00000007f2800000|100%| E|CS|TAMS 0x00000007f2400000| PB 0x00000007f2400000| Complete 
|1898|0x00000007f2800000, 0x00000007f2c00000, 0x00000007f2c00000|100%| E|CS|TAMS 0x00000007f2800000| PB 0x00000007f2800000| Complete 
|1899|0x00000007f2c00000, 0x00000007f3000000, 0x00000007f3000000|100%| E|CS|TAMS 0x00000007f2c00000| PB 0x00000007f2c00000| Complete 
|1900|0x00000007f3000000, 0x00000007f3400000, 0x00000007f3400000|100%| E|CS|TAMS 0x00000007f3000000| PB 0x00000007f3000000| Complete 
|1901|0x00000007f3400000, 0x00000007f3800000, 0x00000007f3800000|100%| E|CS|TAMS 0x00000007f3400000| PB 0x00000007f3400000| Complete 
|1902|0x00000007f3800000, 0x00000007f3c00000, 0x00000007f3c00000|100%| E|CS|TAMS 0x00000007f3800000| PB 0x00000007f3800000| Complete 
|1903|0x00000007f3c00000, 0x00000007f4000000, 0x00000007f4000000|100%| E|CS|TAMS 0x00000007f3c00000| PB 0x00000007f3c00000| Complete 
|1904|0x00000007f4000000, 0x00000007f4400000, 0x00000007f4400000|100%| E|CS|TAMS 0x00000007f4000000| PB 0x00000007f4000000| Complete 
|1905|0x00000007f4400000, 0x00000007f4800000, 0x00000007f4800000|100%| E|CS|TAMS 0x00000007f4400000| PB 0x00000007f4400000| Complete 
|1906|0x00000007f4800000, 0x00000007f4c00000, 0x00000007f4c00000|100%| E|CS|TAMS 0x00000007f4800000| PB 0x00000007f4800000| Complete 
|1907|0x00000007f4c00000, 0x00000007f5000000, 0x00000007f5000000|100%| E|CS|TAMS 0x00000007f4c00000| PB 0x00000007f4c00000| Complete 
|1908|0x00000007f5000000, 0x00000007f5400000, 0x00000007f5400000|100%| E|CS|TAMS 0x00000007f5000000| PB 0x00000007f5000000| Complete 
|1909|0x00000007f5400000, 0x00000007f5800000, 0x00000007f5800000|100%| E|CS|TAMS 0x00000007f5400000| PB 0x00000007f5400000| Complete 
|1910|0x00000007f5800000, 0x00000007f5c00000, 0x00000007f5c00000|100%| E|CS|TAMS 0x00000007f5800000| PB 0x00000007f5800000| Complete 
|1911|0x00000007f5c00000, 0x00000007f6000000, 0x00000007f6000000|100%| E|CS|TAMS 0x00000007f5c00000| PB 0x00000007f5c00000| Complete 
|1912|0x00000007f6000000, 0x00000007f6400000, 0x00000007f6400000|100%| E|CS|TAMS 0x00000007f6000000| PB 0x00000007f6000000| Complete 
|1913|0x00000007f6400000, 0x00000007f6800000, 0x00000007f6800000|100%| E|CS|TAMS 0x00000007f6400000| PB 0x00000007f6400000| Complete 
|1914|0x00000007f6800000, 0x00000007f6c00000, 0x00000007f6c00000|100%| E|CS|TAMS 0x00000007f6800000| PB 0x00000007f6800000| Complete 
|1915|0x00000007f6c00000, 0x00000007f7000000, 0x00000007f7000000|100%| E|CS|TAMS 0x00000007f6c00000| PB 0x00000007f6c00000| Complete 
|1916|0x00000007f7000000, 0x00000007f7400000, 0x00000007f7400000|100%| E|CS|TAMS 0x00000007f7000000| PB 0x00000007f7000000| Complete 
|1917|0x00000007f7400000, 0x00000007f7800000, 0x00000007f7800000|100%| E|CS|TAMS 0x00000007f7400000| PB 0x00000007f7400000| Complete 
|1918|0x00000007f7800000, 0x00000007f7c00000, 0x00000007f7c00000|100%| E|CS|TAMS 0x00000007f7800000| PB 0x00000007f7800000| Complete 
|1919|0x00000007f7c00000, 0x00000007f8000000, 0x00000007f8000000|100%| E|CS|TAMS 0x00000007f7c00000| PB 0x00000007f7c00000| Complete 
|1920|0x00000007f8000000, 0x00000007f8400000, 0x00000007f8400000|100%| E|CS|TAMS 0x00000007f8000000| PB 0x00000007f8000000| Complete 
|1921|0x00000007f8400000, 0x00000007f8800000, 0x00000007f8800000|100%| E|CS|TAMS 0x00000007f8400000| PB 0x00000007f8400000| Complete 
|1922|0x00000007f8800000, 0x00000007f8c00000, 0x00000007f8c00000|100%| E|CS|TAMS 0x00000007f8800000| PB 0x00000007f8800000| Complete 
|1923|0x00000007f8c00000, 0x00000007f9000000, 0x00000007f9000000|100%| E|CS|TAMS 0x00000007f8c00000| PB 0x00000007f8c00000| Complete 
|1924|0x00000007f9000000, 0x00000007f9400000, 0x00000007f9400000|100%| E|CS|TAMS 0x00000007f9000000| PB 0x00000007f9000000| Complete 
|1925|0x00000007f9400000, 0x00000007f9800000, 0x00000007f9800000|100%| E|CS|TAMS 0x00000007f9400000| PB 0x00000007f9400000| Complete 
|1926|0x00000007f9800000, 0x00000007f9c00000, 0x00000007f9c00000|100%| E|CS|TAMS 0x00000007f9800000| PB 0x00000007f9800000| Complete 
|1927|0x00000007f9c00000, 0x00000007fa000000, 0x00000007fa000000|100%| E|CS|TAMS 0x00000007f9c00000| PB 0x00000007f9c00000| Complete 
|1928|0x00000007fa000000, 0x00000007fa400000, 0x00000007fa400000|100%| E|CS|TAMS 0x00000007fa000000| PB 0x00000007fa000000| Complete 
|1929|0x00000007fa400000, 0x00000007fa800000, 0x00000007fa800000|100%| E|CS|TAMS 0x00000007fa400000| PB 0x00000007fa400000| Complete 
|1930|0x00000007fa800000, 0x00000007fac00000, 0x00000007fac00000|100%| E|CS|TAMS 0x00000007fa800000| PB 0x00000007fa800000| Complete 
|1931|0x00000007fac00000, 0x00000007fb000000, 0x00000007fb000000|100%| E|CS|TAMS 0x00000007fac00000| PB 0x00000007fac00000| Complete 
|1932|0x00000007fb000000, 0x00000007fb400000, 0x00000007fb400000|100%| E|CS|TAMS 0x00000007fb000000| PB 0x00000007fb000000| Complete 
|1933|0x00000007fb400000, 0x00000007fb800000, 0x00000007fb800000|100%| E|CS|TAMS 0x00000007fb400000| PB 0x00000007fb400000| Complete 
|1934|0x00000007fb800000, 0x00000007fbc00000, 0x00000007fbc00000|100%| E|CS|TAMS 0x00000007fb800000| PB 0x00000007fb800000| Complete 
|1935|0x00000007fbc00000, 0x00000007fc000000, 0x00000007fc000000|100%| E|CS|TAMS 0x00000007fbc00000| PB 0x00000007fbc00000| Complete 
|1936|0x00000007fc000000, 0x00000007fc400000, 0x00000007fc400000|100%| E|CS|TAMS 0x00000007fc000000| PB 0x00000007fc000000| Complete 
|1937|0x00000007fc400000, 0x00000007fc800000, 0x00000007fc800000|100%| E|CS|TAMS 0x00000007fc400000| PB 0x00000007fc400000| Complete 
|1938|0x00000007fc800000, 0x00000007fcc00000, 0x00000007fcc00000|100%| E|CS|TAMS 0x00000007fc800000| PB 0x00000007fc800000| Complete 
|1939|0x00000007fcc00000, 0x00000007fd000000, 0x00000007fd000000|100%| E|CS|TAMS 0x00000007fcc00000| PB 0x00000007fcc00000| Complete 
|1940|0x00000007fd000000, 0x00000007fd400000, 0x00000007fd400000|100%| E|CS|TAMS 0x00000007fd000000| PB 0x00000007fd000000| Complete 
|1941|0x00000007fd400000, 0x00000007fd800000, 0x00000007fd800000|100%| E|CS|TAMS 0x00000007fd400000| PB 0x00000007fd400000| Complete 
|1942|0x00000007fd800000, 0x00000007fdc00000, 0x00000007fdc00000|100%| E|CS|TAMS 0x00000007fd800000| PB 0x00000007fd800000| Complete 
|1943|0x00000007fdc00000, 0x00000007fe000000, 0x00000007fe000000|100%| E|CS|TAMS 0x00000007fdc00000| PB 0x00000007fdc00000| Complete 
|1944|0x00000007fe000000, 0x00000007fe400000, 0x00000007fe400000|100%| E|CS|TAMS 0x00000007fe000000| PB 0x00000007fe000000| Complete 
|1945|0x00000007fe400000, 0x00000007fe800000, 0x00000007fe800000|100%| E|CS|TAMS 0x00000007fe400000| PB 0x00000007fe400000| Complete 
|1946|0x00000007fe800000, 0x00000007fec00000, 0x00000007fec00000|100%| E|CS|TAMS 0x00000007fe800000| PB 0x00000007fe800000| Complete 
|1947|0x00000007fec00000, 0x00000007ff000000, 0x00000007ff000000|100%| E|CS|TAMS 0x00000007fec00000| PB 0x00000007fec00000| Complete 
|1948|0x00000007ff000000, 0x00000007ff400000, 0x00000007ff400000|100%| E|CS|TAMS 0x00000007ff000000| PB 0x00000007ff000000| Complete 
|1949|0x00000007ff400000, 0x00000007ff800000, 0x00000007ff800000|100%| E|CS|TAMS 0x00000007ff400000| PB 0x00000007ff400000| Complete 
|1950|0x00000007ff800000, 0x00000007ffc00000, 0x00000007ffc00000|100%| E|CS|TAMS 0x00000007ff800000| PB 0x00000007ff800000| Complete 
|1951|0x00000007ffc00000, 0x0000000800000000, 0x0000000800000000|100%| E|CS|TAMS 0x00000007ffc00000| PB 0x00000007ffc00000| Complete 

Card table byte_map: [0x000078d2678c0000,0x000078d268800000] _byte_map_base: 0x000078d264800000

Marking Bits: (CMBitMap*) 0x000078d28004b930
 Bits: [0x000078d25fe00000, 0x000078d267800000)

Polling page: 0x000078d28806e000

Metaspace:

Usage:
  Non-class:    158.37 MB used.
      Class:     26.45 MB used.
       Both:    184.82 MB used.

Virtual space:
  Non-class space:      192.00 MB reserved,     159.44 MB ( 83%) committed,  3 nodes.
      Class space:        1.00 GB reserved,      27.31 MB (  3%) committed,  1 nodes.
             Both:        1.19 GB reserved,     186.75 MB ( 15%) committed. 

Chunk freelists:
   Non-Class:  384.00 KB
       Class:  4.70 MB
        Both:  5.08 MB

MaxMetaspaceSize: unlimited
CompressedClassSpaceSize: 1.00 GB
Initial GC threshold: 21.00 MB
Current GC threshold: 311.06 MB
CDS: on
 - commit_granule_bytes: 65536.
 - commit_granule_words: 8192.
 - virtual_space_node_default_size: 8388608.
 - enlarge_chunks_in_place: 1.
 - use_allocation_guard: 0.


Internal statistics:

num_allocs_failed_limit: 138.
num_arena_births: 3306.
num_arena_deaths: 34.
num_vsnodes_births: 4.
num_vsnodes_deaths: 0.
num_space_committed: 2978.
num_space_uncommitted: 0.
num_chunks_returned_to_freelist: 183.
num_chunks_taken_from_freelist: 11218.
num_chunk_merges: 145.
num_chunk_splits: 7537.
num_chunks_enlarged: 5592.
num_inconsistent_stats: 0.

CodeHeap 'non-profiled nmethods': size=119168Kb used=42113Kb max_used=46274Kb free=77054Kb
 bounds [0x000078d2703a0000, 0x000078d2730e0000, 0x000078d277800000]
CodeHeap 'profiled nmethods': size=119164Kb used=18650Kb max_used=52183Kb free=100513Kb
 bounds [0x000078d268800000, 0x000078d26bb20000, 0x000078d26fc5f000]
CodeHeap 'non-nmethods': size=7428Kb used=4822Kb max_used=6593Kb free=2605Kb
 bounds [0x000078d26fc5f000, 0x000078d2702ef000, 0x000078d2703a0000]
CodeCache: size=245760Kb, used=65585Kb, max_used=105050Kb, free=180172Kb
 total_blobs=21497, nmethods=18779, adapters=2616, full_count=0
Compilation: enabled, stopped_count=0, restarted_count=0

Compilation events (20 events):
Event: 934.507 Thread 0x000078d2801422f0 72242       3       net.minecraft.client.renderer.feature.ModelPartFeatureRenderer$Storage::method_74824 (19 bytes)
Event: 934.507 Thread 0x000078d2801422f0 nmethod 72242 0x000078d26a8c7010 code [0x000078d26a8c71c0, 0x000078d26a8c73e8]
Event: 935.173 Thread 0x000078d280140c30 72244       4       com.seibel.distanthorizons.core.generation.DhWorldGenerator::runApiValidation (4 bytes)
Event: 935.173 Thread 0x000078d2801422f0 72243       3       com.seibel.distanthorizons.core.generation.queues.WorldGenerationQueue::startApiDataSourceGenerationEvent (172 bytes)
Event: 935.173 Thread 0x000078d280140c30 nmethod 72244 0x000078d271ee6f90 code [0x000078d271ee7100, 0x000078d271ee7190]
Event: 935.174 Thread 0x000078d2801422f0 nmethod 72243 0x000078d26938b990 code [0x000078d26938bd00, 0x000078d26938d370]
Event: 935.174 Thread 0x000078d2801422f0 72245       3       com.seibel.distanthorizons.core.generation.queues.WorldGenerationQueue$$Lambda/0x000078d2099a0230::<init> (21 bytes)
Event: 935.174 Thread 0x000078d2801422f0 nmethod 72245 0x000078d26aa8db90 code [0x000078d26aa8dd40, 0x000078d26aa8df70]
Event: 935.238 Thread 0x000078d2801422f0 72246       3       java.util.concurrent.ConcurrentHashMap::reduceEntries (44 bytes)
Event: 935.239 Thread 0x000078d2801422f0 nmethod 72246 0x000078d26ae16690 code [0x000078d26ae16880, 0x000078d26ae16c38]
Event: 935.239 Thread 0x000078d2801422f0 72247       3       com.seibel.distanthorizons.core.generation.queues.WorldGenerationQueue::canGenerateDetailLevel (38 bytes)
Event: 935.239 Thread 0x000078d2801422f0 nmethod 72247 0x000078d268bc1310 code [0x000078d268bc14e0, 0x000078d268bc1930]
Event: 935.239 Thread 0x000078d2801422f0 72248       3       com.seibel.distanthorizons.core.generation.queues.WorldGenerationQueue::startWorldGenTaskGroup (47 bytes)
Event: 935.240 Thread 0x000078d2801422f0 nmethod 72248 0x000078d26b600410 code [0x000078d26b6006a0, 0x000078d26b6013b0]
Event: 935.296 Thread 0x000078d280140c30 72249       4       net.minecraft.client.gui.screens.GenericMessageScreen::renderBackground (18 bytes)
Event: 935.324 Thread 0x000078d280140c30 nmethod 72249 0x000078d272e09410 code [0x000078d272e09720, 0x000078d272e0a3d0]
Event: 935.328 Thread 0x000078d2801422f0 72250       3       net.minecraft.world.level.levelgen.DensityFunctions$RangeChoice::compute (51 bytes)
Event: 935.328 Thread 0x000078d2801422f0 nmethod 72250 0x000078d26afe4190 code [0x000078d26afe4360, 0x000078d26afe47c8]
Event: 935.331 Thread 0x000078d280140c30 72251       4       net.minecraft.world.level.levelgen.DensityFunctions$RangeChoice::compute (51 bytes)
Event: 935.332 Thread 0x000078d280140c30 nmethod 72251 0x000078d272888490 code [0x000078d272888620, 0x000078d272888750]

GC Heap History (20 events):
Event: 916.037 GC heap before
{Heap before GC invocations=1452 (full 32):
 garbage-first heap   total 5910528K, used 5355134K [0x0000000618000000, 0x0000000800000000)
  region size 4096K, 665 young (2723840K), 31 survivors (126976K)
 Metaspace       used 189214K, committed 191232K, reserved 1245184K
  class space    used 27085K, committed 27968K, reserved 1048576K
}
Event: 916.052 GC heap after
{Heap after GC invocations=1453 (full 32):
 garbage-first heap   total 5910528K, used 2826571K [0x0000000618000000, 0x0000000800000000)
  region size 4096K, 47 young (192512K), 47 survivors (192512K)
 Metaspace       used 189214K, committed 191232K, reserved 1245184K
  class space    used 27085K, committed 27968K, reserved 1048576K
}
Event: 918.404 GC heap before
{Heap before GC invocations=1453 (full 32):
 garbage-first heap   total 5910528K, used 5415243K [0x0000000618000000, 0x0000000800000000)
  region size 4096K, 680 young (2785280K), 47 survivors (192512K)
 Metaspace       used 189217K, committed 191232K, reserved 1245184K
  class space    used 27085K, committed 27968K, reserved 1048576K
}
Event: 918.421 GC heap after
{Heap after GC invocations=1454 (full 32):
 garbage-first heap   total 5910528K, used 2881522K [0x0000000618000000, 0x0000000800000000)
  region size 4096K, 49 young (200704K), 49 survivors (200704K)
 Metaspace       used 189217K, committed 191232K, reserved 1245184K
  class space    used 27085K, committed 27968K, reserved 1048576K
}
Event: 920.695 GC heap before
{Heap before GC invocations=1454 (full 32):
 garbage-first heap   total 5910528K, used 5470194K [0x0000000618000000, 0x0000000800000000)
  region size 4096K, 682 young (2793472K), 49 survivors (200704K)
 Metaspace       used 189218K, committed 191232K, reserved 1245184K
  class space    used 27085K, committed 27968K, reserved 1048576K
}
Event: 920.712 GC heap after
{Heap after GC invocations=1455 (full 32):
 garbage-first heap   total 5910528K, used 2934577K [0x0000000618000000, 0x0000000800000000)
  region size 4096K, 47 young (192512K), 47 survivors (192512K)
 Metaspace       used 189218K, committed 191232K, reserved 1245184K
  class space    used 27085K, committed 27968K, reserved 1048576K
}
Event: 922.934 GC heap before
{Heap before GC invocations=1456 (full 32):
 garbage-first heap   total 5910528K, used 5510961K [0x0000000618000000, 0x0000000800000000)
  region size 4096K, 677 young (2772992K), 47 survivors (192512K)
 Metaspace       used 189230K, committed 191232K, reserved 1245184K
  class space    used 27085K, committed 27968K, reserved 1048576K
}
Event: 922.952 GC heap after
{Heap after GC invocations=1457 (full 32):
 garbage-first heap   total 5910528K, used 2995073K [0x0000000618000000, 0x0000000800000000)
  region size 4096K, 47 young (192512K), 47 survivors (192512K)
 Metaspace       used 189230K, committed 191232K, reserved 1245184K
  class space    used 27085K, committed 27968K, reserved 1048576K
}
Event: 924.968 GC heap before
{Heap before GC invocations=1457 (full 32):
 garbage-first heap   total 5910528K, used 5526401K [0x0000000618000000, 0x0000000800000000)
  region size 4096K, 666 young (2727936K), 47 survivors (192512K)
 Metaspace       used 189231K, committed 191232K, reserved 1245184K
  class space    used 27085K, committed 27968K, reserved 1048576K
}
Event: 924.986 GC heap after
{Heap after GC invocations=1458 (full 32):
 garbage-first heap   total 5910528K, used 3060534K [0x0000000618000000, 0x0000000800000000)
  region size 4096K, 50 young (204800K), 50 survivors (204800K)
 Metaspace       used 189231K, committed 191232K, reserved 1245184K
  class space    used 27085K, committed 27968K, reserved 1048576K
}
Event: 927.000 GC heap before
{Heap before GC invocations=1458 (full 32):
 garbage-first heap   total 5910528K, used 5559094K [0x0000000618000000, 0x0000000800000000)
  region size 4096K, 662 young (2711552K), 50 survivors (204800K)
 Metaspace       used 189240K, committed 191232K, reserved 1245184K
  class space    used 27086K, committed 27968K, reserved 1048576K
}
Event: 927.017 GC heap after
{Heap after GC invocations=1459 (full 32):
 garbage-first heap   total 5910528K, used 3115490K [0x0000000618000000, 0x0000000800000000)
  region size 4096K, 49 young (200704K), 49 survivors (200704K)
 Metaspace       used 189240K, committed 191232K, reserved 1245184K
  class space    used 27086K, committed 27968K, reserved 1048576K
}
Event: 929.153 GC heap before
{Heap before GC invocations=1460 (full 32):
 garbage-first heap   total 5910528K, used 5585378K [0x0000000618000000, 0x0000000800000000)
  region size 4096K, 653 young (2674688K), 49 survivors (200704K)
 Metaspace       used 189240K, committed 191232K, reserved 1245184K
  class space    used 27086K, committed 27968K, reserved 1048576K
}
Event: 929.170 GC heap after
{Heap after GC invocations=1461 (full 32):
 garbage-first heap   total 5910528K, used 3162919K [0x0000000618000000, 0x0000000800000000)
  region size 4096K, 45 young (184320K), 45 survivors (184320K)
 Metaspace       used 189240K, committed 191232K, reserved 1245184K
  class space    used 27086K, committed 27968K, reserved 1048576K
}
Event: 931.207 GC heap before
{Heap before GC invocations=1461 (full 32):
 garbage-first heap   total 5910528K, used 5591847K [0x0000000618000000, 0x0000000800000000)
  region size 4096K, 638 young (2613248K), 45 survivors (184320K)
 Metaspace       used 189241K, committed 191232K, reserved 1245184K
  class space    used 27086K, committed 27968K, reserved 1048576K
}
Event: 931.226 GC heap after
{Heap after GC invocations=1462 (full 32):
 garbage-first heap   total 5910528K, used 3193314K [0x0000000618000000, 0x0000000800000000)
  region size 4096K, 42 young (172032K), 42 survivors (172032K)
 Metaspace       used 189241K, committed 191232K, reserved 1245184K
  class space    used 27086K, committed 27968K, reserved 1048576K
}
Event: 933.349 GC heap before
{Heap before GC invocations=1462 (full 32):
 garbage-first heap   total 5910528K, used 5589474K [0x0000000618000000, 0x0000000800000000)
  region size 4096K, 628 young (2572288K), 42 survivors (172032K)
 Metaspace       used 189241K, committed 191232K, reserved 1245184K
  class space    used 27086K, committed 27968K, reserved 1048576K
}
Event: 933.365 GC heap after
{Heap after GC invocations=1463 (full 32):
 garbage-first heap   total 5910528K, used 3242466K [0x0000000618000000, 0x0000000800000000)
  region size 4096K, 54 young (221184K), 54 survivors (221184K)
 Metaspace       used 189241K, committed 191232K, reserved 1245184K
  class space    used 27086K, committed 27968K, reserved 1048576K
}
Event: 934.090 GC heap before
{Heap before GC invocations=1463 (full 32):
 garbage-first heap   total 5910528K, used 5589474K [0x0000000618000000, 0x0000000800000000)
  region size 4096K, 628 young (2572288K), 54 survivors (221184K)
 Metaspace       used 189252K, committed 191232K, reserved 1245184K
  class space    used 27086K, committed 27968K, reserved 1048576K
}
Event: 934.129 GC heap after
{Heap after GC invocations=1464 (full 32):
 garbage-first heap   total 5984256K, used 3392214K [0x0000000618000000, 0x0000000800000000)
  region size 4096K, 68 young (278528K), 68 survivors (278528K)
 Metaspace       used 189252K, committed 191232K, reserved 1245184K
  class space    used 27086K, committed 27968K, reserved 1048576K
}

Dll operation events (20 events):
Event: 14.878 Attempting to load shared library /usr/lib/jvm/java-21-openjdk-amd64/lib/libawt.so
Event: 14.878 Loaded shared library /usr/lib/jvm/java-21-openjdk-amd64/lib/libawt.so
Event: 14.878 Attempting to load shared library /usr/lib/jvm/java-21-openjdk-amd64/lib/libawt_headless.so
Event: 14.878 Loaded shared library /usr/lib/jvm/java-21-openjdk-amd64/lib/libawt_headless.so
Event: 14.994 Attempting to load shared library /tmp/libzstd-jni_dh-1.5.7-126946976082552827726.so
Event: 14.995 Loaded shared library /tmp/libzstd-jni_dh-1.5.7-126946976082552827726.so
Event: 15.036 Attempting to load shared library /tmp/sqlite-3.53.2.1-93e77036-0b50-4085-a654-bbb23abe0a22-libsqlitejdbc.so
Event: 15.036 Loaded shared library /tmp/sqlite-3.53.2.1-93e77036-0b50-4085-a654-bbb23abe0a22-libsqlitejdbc.so
Event: 15.259 Attempting to load shared library /tmp/lwjgl_ascend/3.3.3-snapshot/x64/liblwjgl.so
Event: 15.260 Loaded shared library /tmp/lwjgl_ascend/3.3.3-snapshot/x64/liblwjgl.so
Event: 15.809 Attempting to load shared library /tmp/lwjgl_ascend/3.3.3-snapshot/x64/liblwjgl_stb.so
Event: 15.809 Loaded shared library /tmp/lwjgl_ascend/3.3.3-snapshot/x64/liblwjgl_stb.so
Event: 15.867 Attempting to load shared library /tmp/lwjgl_ascend/3.3.3-snapshot/x64/liblwjgl_opengl.so
Event: 15.867 Loaded shared library /tmp/lwjgl_ascend/3.3.3-snapshot/x64/liblwjgl_opengl.so
Event: 770.979 Attempting to load shared library /usr/lib/x86_64-linux-gnu/libz.so.1.2.11
Event: 770.979 Loaded shared library /usr/lib/x86_64-linux-gnu/libz.so.1.2.11
Event: 771.047 Attempting to load shared library /home/ascend/randomBullshit/mcBenchmarkCore/run/.fabric/natives/librocksdbjni-linux64.so
Event: 771.051 Loaded shared library /home/ascend/randomBullshit/mcBenchmarkCore/run/.fabric/natives/librocksdbjni-linux64.so
Event: 771.711 Attempting to load shared library /tmp/lwjgl_ascend/3.3.3-snapshot/x64/liblwjgl_zstd.so
Event: 771.711 Loaded shared library /tmp/lwjgl_ascend/3.3.3-snapshot/x64/liblwjgl_zstd.so

Deoptimization events (20 events):
Event: 934.002 Thread 0x000078d2815ad720 Uncommon trap: trap_request=0xffffff45 fr.pc=0x000078d270a36910 relative=0x0000000000000670
Event: 934.002 Thread 0x000078d2815ad720 Uncommon trap: reason=unstable_if action=reinterpret pc=0x000078d270a36910 method=net.minecraft.server.level.ChunkMap.hasWork()Z @ 17 c2
Event: 934.002 Thread 0x000078d2815ad720 DEOPT PACKING pc=0x000078d270a36910 sp=0x000078cf92dfe600
Event: 934.002 Thread 0x000078d2815ad720 DEOPT UNPACKING pc=0x000078d26fcb6619 sp=0x000078cf92dfe4f0 mode 2
Event: 934.026 Thread 0x000078d2815ad720 Uncommon trap: trap_request=0xffffff45 fr.pc=0x000078d271932bf8 relative=0x00000000000001d8
Event: 934.026 Thread 0x000078d2815ad720 Uncommon trap: reason=unstable_if action=reinterpret pc=0x000078d271932bf8 method=net.minecraft.util.profiling.Profiler.get()Lnet/minecraft/util/profiling/ProfilerFiller; @ 6 c2
Event: 934.026 Thread 0x000078d2815ad720 DEOPT PACKING pc=0x000078d271932bf8 sp=0x000078cf92dfe550
Event: 934.026 Thread 0x000078d2815ad720 DEOPT UNPACKING pc=0x000078d26fcb6619 sp=0x000078cf92dfe4c8 mode 2
Event: 934.210 Thread 0x000078d0f0012c70 Uncommon trap: trap_request=0xffffff45 fr.pc=0x000078d27082b334 relative=0x0000000000000534
Event: 934.210 Thread 0x000078d0f0012c70 Uncommon trap: reason=unstable_if action=reinterpret pc=0x000078d27082b334 method=java.util.concurrent.CompletableFuture$UniAccept.tryFire(I)Ljava/util/concurrent/CompletableFuture; @ 25 c2
Event: 934.210 Thread 0x000078d0f0012c70 DEOPT PACKING pc=0x000078d27082b334 sp=0x000078d2066fe6a0
Event: 934.210 Thread 0x000078d0f0012c70 DEOPT UNPACKING pc=0x000078d26fcb6619 sp=0x000078d2066fe650 mode 2
Event: 935.328 Thread 0x000078d1380e5f80 Uncommon trap: trap_request=0xffffff45 fr.pc=0x000078d271419478 relative=0x0000000000000138
Event: 935.328 Thread 0x000078d1380e5f80 Uncommon trap: reason=unstable_if action=reinterpret pc=0x000078d271419478 method=net.minecraft.world.level.levelgen.DensityFunctions$RangeChoice.compute(Lnet/minecraft/world/level/levelgen/DensityFunction$FunctionContext;)D @ 17 c2
Event: 935.328 Thread 0x000078d1380e5f80 DEOPT PACKING pc=0x000078d271419478 sp=0x000078cf98efe350
Event: 935.328 Thread 0x000078d1380e5f80 DEOPT UNPACKING pc=0x000078d26fcb6619 sp=0x000078cf98efe2f0 mode 2
Event: 935.447 Thread 0x000078d28001f610 Uncommon trap: trap_request=0xffffff45 fr.pc=0x000078d272c0b640 relative=0x0000000000000f40
Event: 935.447 Thread 0x000078d28001f610 Uncommon trap: reason=unstable_if action=reinterpret pc=0x000078d272c0b640 method=com.seibel.distanthorizons.common.render.openGl.terrain.GlDhTerrainShaderProgram.render(Lcom/seibel/distanthorizons/core/render/RenderParams;ZLcom/seibel/distanthorizons/cor
Event: 935.447 Thread 0x000078d28001f610 DEOPT PACKING pc=0x000078d272c0b640 sp=0x000078d2863fdb80
Event: 935.447 Thread 0x000078d28001f610 DEOPT UNPACKING pc=0x000078d26fcb6619 sp=0x000078d2863fdb08 mode 2

Classes loaded (20 events):
Event: 57.833 Loading class jdk/internal/reflect/MethodHandleDoubleFieldAccessorImpl
Event: 57.834 Loading class jdk/internal/reflect/MethodHandleDoubleFieldAccessorImpl done
Event: 365.841 Loading class java/util/stream/ReferencePipeline$11
Event: 365.841 Loading class java/util/stream/ReferencePipeline$11 done
Event: 365.841 Loading class java/util/stream/ReferencePipeline$11$1
Event: 365.841 Loading class java/util/stream/ReferencePipeline$11$1 done
Event: 419.036 Loading class java/lang/FdLibm$Cbrt
Event: 419.036 Loading class java/lang/FdLibm$Cbrt done
Event: 771.499 Loading class java/lang/StringLatin1$LinesSpliterator
Event: 771.499 Loading class java/lang/StringLatin1$LinesSpliterator done
Event: 771.649 Loading class java/util/concurrent/locks/StampedLock$WriterNode
Event: 771.649 Loading class java/util/concurrent/locks/StampedLock$WriterNode done
Event: 771.649 Loading class java/lang/invoke/VarHandleBytes$FieldInstanceReadWrite
Event: 771.650 Loading class java/lang/invoke/VarHandleBytes$FieldInstanceReadOnly
Event: 771.650 Loading class java/lang/invoke/VarHandleBytes$FieldInstanceReadOnly done
Event: 771.650 Loading class java/lang/invoke/VarHandleBytes$FieldInstanceReadWrite done
Event: 771.654 Loading class java/util/concurrent/locks/StampedLock$ReaderNode
Event: 771.654 Loading class java/util/concurrent/locks/StampedLock$ReaderNode done
Event: 925.776 Loading class java/lang/Math$RandomNumberGeneratorHolder
Event: 925.776 Loading class java/lang/Math$RandomNumberGeneratorHolder done

Classes unloaded (17 events):
Event: 26.417 Thread 0x000078d280130020 Unloading class 0x000078d2099a5400 'java/lang/invoke/LambdaForm$MH+0x000078d2099a5400'
Event: 26.417 Thread 0x000078d280130020 Unloading class 0x000078d2093d4c00 'java/lang/invoke/LambdaForm$DMH+0x000078d2093d4c00'
Event: 26.417 Thread 0x000078d280130020 Unloading class 0x000078d2093d4400 'java/lang/invoke/LambdaForm$DMH+0x000078d2093d4400'
Event: 26.417 Thread 0x000078d280130020 Unloading class 0x000078d2093d4800 'java/lang/invoke/LambdaForm$DMH+0x000078d2093d4800'
Event: 26.417 Thread 0x000078d280130020 Unloading class 0x000078d209280400 'java/lang/invoke/LambdaForm$DMH+0x000078d209280400'
Event: 26.417 Thread 0x000078d280130020 Unloading class 0x000078d209229800 'java/lang/invoke/LambdaForm$MH+0x000078d209229800'
Event: 26.417 Thread 0x000078d280130020 Unloading class 0x000078d209229000 'java/lang/invoke/LambdaForm$DMH+0x000078d209229000'
Event: 26.417 Thread 0x000078d280130020 Unloading class 0x000078d209228800 'java/lang/invoke/LambdaForm$DMH+0x000078d209228800'
Event: 26.417 Thread 0x000078d280130020 Unloading class 0x000078d209228000 'java/lang/invoke/LambdaForm$DMH+0x000078d209228000'
Event: 783.494 Thread 0x000078d280130020 Unloading class 0x000078d209b21000 'java/lang/invoke/LambdaForm$DMH+0x000078d209b21000'
Event: 783.494 Thread 0x000078d280130020 Unloading class 0x000078d209b20800 'java/lang/invoke/LambdaForm$DMH+0x000078d209b20800'
Event: 783.494 Thread 0x000078d280130020 Unloading class 0x000078d209b20400 'java/lang/invoke/LambdaForm$DMH+0x000078d209b20400'
Event: 783.494 Thread 0x000078d280130020 Unloading class 0x000078d209b20c00 'java/lang/invoke/LambdaForm$DMH+0x000078d209b20c00'
Event: 783.494 Thread 0x000078d280130020 Unloading class 0x000078d209b1bc00 'java/lang/invoke/LambdaForm$DMH+0x000078d209b1bc00'
Event: 783.494 Thread 0x000078d280130020 Unloading class 0x000078d209b1b800 'java/lang/invoke/LambdaForm$DMH+0x000078d209b1b800'
Event: 783.494 Thread 0x000078d280130020 Unloading class 0x000078d209b1b000 'java/lang/invoke/LambdaForm$DMH+0x000078d209b1b000'
Event: 783.494 Thread 0x000078d280130020 Unloading class 0x000078d209b20000 'java/lang/invoke/LambdaForm$DMH+0x000078d209b20000'

Classes redefined (0 events):
No events

Internal exceptions (20 events):
Event: 935.344 Thread 0x000078d084023940 Exception <a 'sun/nio/fs/UnixException'{0x00000007bb0dcde0}> (0x00000007bb0dcde0) 
thrown [./src/hotspot/share/prims/jni.cpp, line 520]
Event: 935.344 Thread 0x000078d058003930 Exception <a 'sun/nio/fs/UnixException'{0x00000007bb3bff38}> (0x00000007bb3bff38) 
thrown [./src/hotspot/share/prims/jni.cpp, line 520]
Event: 935.344 Thread 0x000078d04c003930 Exception <a 'sun/nio/fs/UnixException'{0x00000007bb0cf400}> (0x00000007bb0cf400) 
thrown [./src/hotspot/share/prims/jni.cpp, line 520]
Event: 935.344 Thread 0x000078d084023940 Exception <a 'sun/nio/fs/UnixException'{0x00000007bb3cd820}> (0x00000007bb3cd820) 
thrown [./src/hotspot/share/prims/jni.cpp, line 520]
Event: 935.345 Thread 0x000078d058003930 Exception <a 'sun/nio/fs/UnixException'{0x00000007bb3cead0}> (0x00000007bb3cead0) 
thrown [./src/hotspot/share/prims/jni.cpp, line 520]
Event: 935.345 Thread 0x000078d084023940 Exception <a 'sun/nio/fs/UnixException'{0x00000007bb3ce530}> (0x00000007bb3ce530) 
thrown [./src/hotspot/share/prims/jni.cpp, line 520]
Event: 935.345 Thread 0x000078d058003930 Exception <a 'sun/nio/fs/UnixException'{0x00000007bb3e9ec8}> (0x00000007bb3e9ec8) 
thrown [./src/hotspot/share/prims/jni.cpp, line 520]
Event: 935.345 Thread 0x000078d084023940 Exception <a 'sun/nio/fs/UnixException'{0x00000007bac02b30}> (0x00000007bac02b30) 
thrown [./src/hotspot/share/prims/jni.cpp, line 520]
Event: 935.345 Thread 0x000078d04c003930 Exception <a 'sun/nio/fs/UnixException'{0x00000007bacaf358}> (0x00000007bacaf358) 
thrown [./src/hotspot/share/prims/jni.cpp, line 520]
Event: 935.345 Thread 0x000078d058003930 Exception <a 'sun/nio/fs/UnixException'{0x00000007bacb32b0}> (0x00000007bacb32b0) 
thrown [./src/hotspot/share/prims/jni.cpp, line 520]
Event: 935.345 Thread 0x000078d084023940 Exception <a 'sun/nio/fs/UnixException'{0x00000007bac03840}> (0x00000007bac03840) 
thrown [./src/hotspot/share/prims/jni.cpp, line 520]
Event: 935.346 Thread 0x000078d04c003930 Exception <a 'sun/nio/fs/UnixException'{0x00000007bacb2018}> (0x00000007bacb2018) 
thrown [./src/hotspot/share/prims/jni.cpp, line 520]
Event: 935.346 Thread 0x000078d058003930 Exception <a 'sun/nio/fs/UnixException'{0x00000007bacbe1d8}> (0x00000007bacbe1d8) 
thrown [./src/hotspot/share/prims/jni.cpp, line 520]
Event: 935.346 Thread 0x000078d084023940 Exception <a 'sun/nio/fs/UnixException'{0x00000007bacc7b00}> (0x00000007bacc7b00) 
thrown [./src/hotspot/share/prims/jni.cpp, line 520]
Event: 935.428 Thread 0x000078d04c003930 Exception <a 'sun/nio/fs/UnixException'{0x00000007b814ea78}> (0x00000007b814ea78) 
thrown [./src/hotspot/share/prims/jni.cpp, line 520]
Event: 935.429 Thread 0x000078d18c048000 Exception <a 'sun/nio/fs/UnixException'{0x00000007bc178178}> (0x00000007bc178178) 
thrown [./src/hotspot/share/prims/jni.cpp, line 520]
Event: 935.429 Thread 0x000078d084023940 Exception <a 'sun/nio/fs/UnixException'{0x00000007bacc83c0}> (0x00000007bacc83c0) 
thrown [./src/hotspot/share/prims/jni.cpp, line 520]
Event: 935.446 Thread 0x000078d2815ad720 Exception <a 'sun/nio/fs/UnixException'{0x00000007f6303880}> (0x00000007f6303880) 
thrown [./src/hotspot/share/prims/jni.cpp, line 520]
Event: 935.446 Thread 0x000078d2815ad720 Exception <a 'sun/nio/fs/UnixException'{0x00000007f6303b00}> (0x00000007f6303b00) 
thrown [./src/hotspot/share/prims/jni.cpp, line 520]
Event: 935.446 Thread 0x000078d2815ad720 Exception <a 'sun/nio/fs/UnixException'{0x00000007f6303da0}> (0x00000007f6303da0) 
thrown [./src/hotspot/share/prims/jni.cpp, line 520]

ZGC Phase Switch (0 events):
No events

VM Operations (20 events):
Event: 927.693 Executing safepoint VM operation: G1PauseCleanup
Event: 927.694 Executing safepoint VM operation: G1PauseCleanup done
Event: 929.153 Executing safepoint VM operation: G1CollectForAllocation (G1 Evacuation Pause)
Event: 929.170 Executing safepoint VM operation: G1CollectForAllocation (G1 Evacuation Pause) done
Event: 930.170 Executing safepoint VM operation: Cleanup
Event: 930.170 Executing safepoint VM operation: Cleanup done
Event: 931.207 Executing safepoint VM operation: G1CollectForAllocation (G1 Evacuation Pause)
Event: 931.207 Executing safepoint VM operation: G1CollectForAllocation (G1 Evacuation Pause) done
Event: 931.207 Executing safepoint VM operation: G1CollectForAllocation (GCLocker Initiated GC)
Event: 931.226 Executing safepoint VM operation: G1CollectForAllocation (GCLocker Initiated GC) done
Event: 932.226 Executing safepoint VM operation: Cleanup
Event: 932.226 Executing safepoint VM operation: Cleanup done
Event: 933.349 Executing safepoint VM operation: G1CollectForAllocation (G1 Evacuation Pause)
Event: 933.366 Executing safepoint VM operation: G1CollectForAllocation (G1 Evacuation Pause) done
Event: 934.090 Executing safepoint VM operation: G1CollectForAllocation (G1 Evacuation Pause)
Event: 934.129 Executing safepoint VM operation: G1CollectForAllocation (G1 Evacuation Pause) done
Event: 934.172 Executing safepoint VM operation: G1PauseRemark
Event: 934.177 Executing safepoint VM operation: G1PauseRemark done
Event: 934.434 Executing safepoint VM operation: G1PauseCleanup
Event: 934.436 Executing safepoint VM operation: G1PauseCleanup done

Memory protections (20 events):
Event: 910.944 Protecting memory [0x000078cf9586a000,0x000078cf9586e000] with protection modes 0
Event: 910.946 Protecting memory [0x000078cf9576a000,0x000078cf9576e000] with protection modes 0
Event: 910.946 Protecting memory [0x000078cf9566a000,0x000078cf9566e000] with protection modes 0
Event: 910.946 Protecting memory [0x000078cf9556a000,0x000078cf9556e000] with protection modes 0
Event: 910.948 Protecting memory [0x000078cf9546a000,0x000078cf9546e000] with protection modes 0
Event: 910.948 Protecting memory [0x000078cf9536a000,0x000078cf9536e000] with protection modes 0
Event: 910.951 Protecting memory [0x000078cf9526a000,0x000078cf9526e000] with protection modes 0
Event: 910.952 Protecting memory [0x000078cf9516a000,0x000078cf9516e000] with protection modes 0
Event: 910.952 Protecting memory [0x000078cf94a6a000,0x000078cf94a6e000] with protection modes 0
Event: 910.954 Protecting memory [0x000078cf9486a000,0x000078cf9486e000] with protection modes 0
Event: 910.954 Protecting memory [0x000078cf9476a000,0x000078cf9476e000] with protection modes 0
Event: 910.955 Protecting memory [0x000078cf9466a000,0x000078cf9466e000] with protection modes 0
Event: 910.955 Protecting memory [0x000078cf9446a000,0x000078cf9446e000] with protection modes 0
Event: 910.955 Protecting memory [0x000078cf9436a000,0x000078cf9436e000] with protection modes 0
Event: 910.955 Protecting memory [0x000078cf9426a000,0x000078cf9426e000] with protection modes 0
Event: 910.957 Protecting memory [0x000078cf9416a000,0x000078cf9416e000] with protection modes 0
Event: 910.957 Protecting memory [0x000078cf9406a000,0x000078cf9406e000] with protection modes 0
Event: 926.190 Protecting memory [0x000078d204b94000,0x000078d204b98000] with protection modes 0
Event: 926.527 Protecting memory [0x000078cfca600000,0x000078cfca604000] with protection modes 0
Event: 926.694 Protecting memory [0x000078cfca600000,0x000078cfca604000] with protection modes 0

Nmethod flushes (20 events):
Event: 934.176 Thread 0x000078d280130020 flushing  nmethod 0x000078d26a735390
Event: 934.176 Thread 0x000078d280130020 flushing  nmethod 0x000078d26a73d890
Event: 934.176 Thread 0x000078d280130020 flushing  nmethod 0x000078d2712f3810
Event: 934.176 Thread 0x000078d280130020 flushing  nmethod 0x000078d268f06790
Event: 934.176 Thread 0x000078d280130020 flushing  nmethod 0x000078d2716df790
Event: 934.176 Thread 0x000078d280130020 flushing  nmethod 0x000078d268a07010
Event: 934.176 Thread 0x000078d280130020 flushing  nmethod 0x000078d26b9f1f10
Event: 934.176 Thread 0x000078d280130020 flushing  nmethod 0x000078d27254c990
Event: 934.176 Thread 0x000078d280130020 flushing  nmethod 0x000078d2720b9890
Event: 934.176 Thread 0x000078d280130020 flushing  nmethod 0x000078d27305c790
Event: 934.176 Thread 0x000078d280130020 flushing  nmethod 0x000078d269191910
Event: 934.176 Thread 0x000078d280130020 flushing  nmethod 0x000078d26b246410
Event: 934.176 Thread 0x000078d280130020 flushing  nmethod 0x000078d272f9c810
Event: 934.176 Thread 0x000078d280130020 flushing  nmethod 0x000078d2688ae710
Event: 934.176 Thread 0x000078d280130020 flushing  nmethod 0x000078d269596110
Event: 934.176 Thread 0x000078d280130020 flushing  nmethod 0x000078d269b91990
Event: 934.176 Thread 0x000078d280130020 flushing  nmethod 0x000078d2725b3b10
Event: 934.176 Thread 0x000078d280130020 flushing  nmethod 0x000078d268906290
Event: 934.176 Thread 0x000078d280130020 flushing  nmethod 0x000078d269a59e90
Event: 934.176 Thread 0x000078d280130020 flushing  nmethod 0x000078d26b542110

Events (20 events):
Event: 910.952 Thread 0x000078d00007b200 Thread added: 0x000078d254015a10
Event: 910.952 Thread 0x000078d00007b200 Thread added: 0x000078d2540a2940
Event: 910.954 Thread 0x000078d00007b200 Thread added: 0x000078d2540116a0
Event: 910.954 Thread 0x000078d00007b200 Thread added: 0x000078d25405a020
Event: 910.955 Thread 0x000078d00007b200 Thread added: 0x000078d25401d620
Event: 910.955 Thread 0x000078d00007b200 Thread added: 0x000078d254039800
Event: 910.955 Thread 0x000078d00007b200 Thread added: 0x000078d254094970
Event: 910.955 Thread 0x000078d00007b200 Thread added: 0x000078d25405f6d0
Event: 910.957 Thread 0x000078d00007b200 Thread added: 0x000078d254033320
Event: 910.957 Thread 0x000078d1a0046150 Thread added: 0x000078d19c03fb60
Event: 915.998 Thread 0x000078d1d00263f0 Thread exited: 0x000078d1d00263f0
Event: 926.190 Thread 0x000078d2830d9430 Thread added: 0x000078d1d0027cd0
Event: 926.190 Thread 0x000078d1d0027cd0 Thread exited: 0x000078d1d0027cd0
Event: 926.245 Thread 0x000078d18c044520 Thread exited: 0x000078d18c044520
Event: 926.249 Thread 0x000078d04c4b6b20 Thread exited: 0x000078d04c4b6b20
Event: 926.527 Thread 0x000078d2830d9430 Thread added: 0x000078d1d0027cd0
Event: 926.528 Thread 0x000078d1d0027cd0 Thread exited: 0x000078d1d0027cd0
Event: 926.694 Thread 0x000078d2830d9430 Thread added: 0x000078d1d0027cd0
Event: 933.956 Thread 0x000078d00007df20 Thread exited: 0x000078d00007df20
Event: 935.447 Thread 0x000078d0582cde80 Thread exited: 0x000078d0582cde80


Dynamic libraries:
40fe9000-41098000 rw-p 00000000 00:00 0 
4143b000-4143d000 r-xs 00000000 00:01 9504093                            /memfd:/.glXXXXXX (deleted)
618000000-71fc00000 rw-p 00000000 00:00 0 
71fc00000-79a800000 ---p 00000000 00:00 0 
79a800000-800000000 rw-p 00000000 00:00 0 
5d5aa6b92000-5d5aa6b93000 r--p 00000000 103:07 17301556                  /usr/lib/jvm/java-21-openjdk-amd64/bin/java
5d5aa6b93000-5d5aa6b94000 r-xp 00001000 103:07 17301556                  /usr/lib/jvm/java-21-openjdk-amd64/bin/java
5d5aa6b94000-5d5aa6b95000 r--p 00002000 103:07 17301556                  /usr/lib/jvm/java-21-openjdk-amd64/bin/java
5d5aa6b95000-5d5aa6b96000 r--p 00002000 103:07 17301556                  /usr/lib/jvm/java-21-openjdk-amd64/bin/java
5d5aa6b96000-5d5aa6b97000 rw-p 00003000 103:07 17301556                  /usr/lib/jvm/java-21-openjdk-amd64/bin/java
5d5ac8a64000-5d5ace0b7000 rw-p 00000000 00:00 0                          [heap]
78ce12fff000-78ce90000000 rw-p 00000000 00:00 0 
78ce90000000-78ce93f1c000 rw-p 00000000 00:00 0 
78ce93f1c000-78ce94000000 ---p 00000000 00:00 0 
78cea4000000-78cea7bf1000 rw-p 00000000 00:00 0 
78cea7bf1000-78cea8000000 ---p 00000000 00:00 0 
78ceac000000-78ceafff4000 rw-p 00000000 00:00 0 
78ceafff4000-78ceb0000000 ---p 00000000 00:00 0 
78ceb4000000-78ceb7cea000 rw-p 00000000 00:00 0 
78ceb7cea000-78ceb8000000 ---p 00000000 00:00 0 
78cebd000000-78cec3d3d000 rw-p 00000000 00:00 0 
78cec3d3d000-78cec4000000 ---p 00000000 00:00 0 
78cec4000000-78cec7d9b000 rw-p 00000000 00:00 0 
78cec7d9b000-78cec8000000 ---p 00000000 00:00 0 
78cec8000000-78cecbb9f000 rw-p 00000000 00:00 0 
78cecbb9f000-78cecc000000 ---p 00000000 00:00 0 
78cecc000000-78cecf83d000 rw-p 00000000 00:00 0 
78cecf83d000-78ced0000000 ---p 00000000 00:00 0 
78ced0000000-78ced3fda000 rw-p 00000000 00:00 0 
78ced3fda000-78ced4000000 ---p 00000000 00:00 0 
78ced4400000-78ced6e00000 rw-p 00000000 00:00 0 
78ced7c00000-78cedda00000 rw-p 00000000 00:00 0 
78ceddb00000-78cede800000 rw-p 00000000 00:00 0 
78cee0000000-78cee4c00000 rw-p 00000000 00:00 0 
78cee4d00000-78cee5a00000 rw-p 00000000 00:00 0 
78cee5c00000-78cee7c00000 rw-p 00000000 00:00 0 
78cee7cff000-78cee86ff000 rw-p 00000000 00:00 0 
78cee86ff000-78ceea6ff000 rw-s 00000000 00:05 1137                       /dev/nvidiactl
78ceea6ff000-78ceec700000 rw-p 00000000 00:00 0 
78ceec700000-78ceed200000 rw-p 00000000 00:00 0 
78ceed600000-78ceeea00000 rw-p 00000000 00:00 0 
78ceeebd6000-78ceef2d6000 rw-p 00000000 00:00 0 
78cf5dbff000-78cf63c00000 rw-p 00000000 00:00 0 
78cf64400000-78cf68a00000 rw-p 00000000 00:00 0 
78cf68bd1000-78cf692d1000 rw-p 00000000 00:00 0 
78cf6e2ce000-78cf702ce000 rw-s 00000000 00:05 1137                       /dev/nvidiactl
78cf702ce000-78cf882cf000 rw-p 00000000 00:00 0 
78cf882cf000-78cf882d0000 ---p 00000000 00:00 0 
78cf882d0000-78cf88ad0000 rw-p 00000000 00:00 0 
78cf8a400000-78cf8a800000 rw-s 00000000 00:05 1137                       /dev/nvidiactl
78cf8ac00000-78cf8bc00000 rw-s 00000000 00:05 1137                       /dev/nvidiactl
78cf8bc00000-78cf8c200000 rw-p 00000000 00:00 0 
78cf8c51c000-78cf8d08e000 rw-s 00000000 00:05 1137                       /dev/nvidiactl
78cf8dc00000-78cf8e000000 rw-s 00000000 00:05 1137                       /dev/nvidiactl
78cf8e000000-78cf8e400000 rw-p 00000000 00:00 0 
78cf8e400000-78cf8e800000 rw-s 00000000 00:05 1137                       /dev/nvidiactl
78cf8e800000-78cf8ec00000 rw-s 00000000 00:05 1137                       /dev/nvidiactl
78cf8ec00000-78cf8f200000 rw-p 00000000 00:00 0 
78cf90dff000-78cf91500000 rw-s 00000000 00:05 1137                       /dev/nvidiactl
78cf91500000-78cf91504000 ---p 00000000 00:00 0 
78cf91504000-78cf91600000 rw-p 00000000 00:00 0 
78cf91600000-78cf91604000 ---p 00000000 00:00 0 
78cf91604000-78cf91700000 rw-p 00000000 00:00 0 
78cf91a00000-78cf92a00000 rw-p 00000000 00:00 0 
78cf92d00000-78cf92d04000 ---p 00000000 00:00 0 
78cf92d04000-78cf92e00000 rw-p 00000000 00:00 0 
78cf92e00000-78cf93200000 rw-p 00000000 00:00 0 
78cf932f8000-78cf937f8000 rw-p 00000000 00:00 0 
78cf9406a000-78cf9406e000 ---p 00000000 00:00 0 
78cf9406e000-78cf9416a000 rw-p 00000000 00:00 0 
78cf9416a000-78cf9416e000 ---p 00000000 00:00 0 
78cf9416e000-78cf9426a000 rw-p 00000000 00:00 0 
78cf9426a000-78cf9426e000 ---p 00000000 00:00 0 
78cf9426e000-78cf9436a000 rw-p 00000000 00:00 0 
78cf9446a000-78cf9446e000 ---p 00000000 00:00 0 
78cf9446e000-78cf9456a000 rw-p 00000000 00:00 0 
78cf9456a000-78cf9456e000 ---p 00000000 00:00 0 
78cf9456e000-78cf9466a000 rw-p 00000000 00:00 0 
78cf9466a000-78cf9466e000 ---p 00000000 00:00 0 
78cf9466e000-78cf9476a000 rw-p 00000000 00:00 0 
78cf9486a000-78cf9486e000 ---p 00000000 00:00 0 
78cf9486e000-78cf9496a000 rw-p 00000000 00:00 0 
78cf9496a000-78cf9496e000 ---p 00000000 00:00 0 
78cf9496e000-78cf94a6a000 rw-p 00000000 00:00 0 
78cf94a6a000-78cf94a6e000 ---p 00000000 00:00 0 
78cf94a6e000-78cf94b6a000 rw-p 00000000 00:00 0 
78cf94b6a000-78cf94b6e000 ---p 00000000 00:00 0 
78cf94b6e000-78cf94c6a000 rw-p 00000000 00:00 0 
78cf94cea000-78cf94cee000 ---p 00000000 00:00 0 
78cf94cee000-78cf94dea000 rw-p 00000000 00:00 0 
78cf94dea000-78cf9516a000 rw-p 00000000 00:00 0 
78cf9516a000-78cf9516e000 ---p 00000000 00:00 0 
78cf9516e000-78cf9526a000 rw-p 00000000 00:00 0 
78cf9526a000-78cf9526e000 ---p 00000000 00:00 0 
78cf9526e000-78cf9536a000 rw-p 00000000 00:00 0 
78cf9536a000-78cf9536e000 ---p 00000000 00:00 0 
78cf9536e000-78cf9546a000 rw-p 00000000 00:00 0 
78cf9546a000-78cf9546e000 ---p 00000000 00:00 0 
78cf9546e000-78cf9556a000 rw-p 00000000 00:00 0 
78cf9566a000-78cf9566e000 ---p 00000000 00:00 0 
78cf9566e000-78cf9576a000 rw-p 00000000 00:00 0 
78cf9576a000-78cf9576e000 ---p 00000000 00:00 0 
78cf9576e000-78cf9586a000 rw-p 00000000 00:00 0 
78cf9586a000-78cf9586e000 ---p 00000000 00:00 0 
78cf9586e000-78cf9596a000 rw-p 00000000 00:00 0 
78cf9596a000-78cf95bea000 rw-p 00000000 00:00 0 
78cf95beb000-78cf95bef000 ---p 00000000 00:00 0 
78cf95bef000-78cf95ceb000 rw-p 00000000 00:00 0 
78cf95ceb000-78cf95cef000 ---p 00000000 00:00 0 
78cf95cef000-78cf95deb000 rw-p 00000000 00:00 0 
78cf95deb000-78cf95def000 ---p 00000000 00:00 0 
78cf95def000-78cf95eeb000 rw-p 00000000 00:00 0 
78cf95eeb000-78cf962eb000 rw-s 00000000 00:05 1137                       /dev/nvidiactl
78cf962eb000-78cf962ec000 ---p 00000000 00:00 0 
78cf962ec000-78cf96aec000 rw-p 00000000 00:00 0 
78cf96aec000-78cf96aed000 ---p 00000000 00:00 0 
78cf96aed000-78cf972ed000 rw-p 00000000 00:00 0 
78cf972ed000-78cf972ee000 ---p 00000000 00:00 0 
78cf972ee000-78cf97aee000 rw-p 00000000 00:00 0 
78cf97c00000-78cf97c04000 ---p 00000000 00:00 0 
78cf97c04000-78cf97d00000 rw-p 00000000 00:00 0 
78cf97d00000-78cf97d04000 ---p 00000000 00:00 0 
78cf97d04000-78cf97e00000 rw-p 00000000 00:00 0 
78cf97e00000-78cf98a42000 r-xp 00000000 103:07 5559949                   /home/ascend/randomBullshit/mcBenchmarkCore/run/.fabric/natives/librocksdbjni-linux64.so
78cf98a42000-78cf98c42000 ---p 00c42000 103:07 5559949                   /home/ascend/randomBullshit/mcBenchmarkCore/run/.fabric/natives/librocksdbjni-linux64.so
78cf98c42000-78cf98c67000 r--p 00c42000 103:07 5559949                   /home/ascend/randomBullshit/mcBenchmarkCore/run/.fabric/natives/librocksdbjni-linux64.so
78cf98c67000-78cf98c76000 rw-p 00c67000 103:07 5559949                   /home/ascend/randomBullshit/mcBenchmarkCore/run/.fabric/natives/librocksdbjni-linux64.so
78cf98c76000-78cf98c8f000 rw-p 00000000 00:00 0 
78cf98d00000-78cf98d04000 ---p 00000000 00:00 0 
78cf98d04000-78cf98e00000 rw-p 00000000 00:00 0 
78cf98e00000-78cf98e04000 ---p 00000000 00:00 0 
78cf98e04000-78cf98f00000 rw-p 00000000 00:00 0 
78cf98f00000-78cf99300000 rw-s 00000000 00:05 1137                       /dev/nvidiactl
78cf99300000-78cf99304000 ---p 00000000 00:00 0 
78cf99304000-78cf99400000 rw-p 00000000 00:00 0 
78cf99400000-78cf99404000 ---p 00000000 00:00 0 
78cf99404000-78cf99500000 rw-p 00000000 00:00 0 
78cf99500000-78cf99504000 ---p 00000000 00:00 0 
78cf99504000-78cf99600000 rw-p 00000000 00:00 0 
78cf99700000-78cf99704000 ---p 00000000 00:00 0 
78cf99704000-78cf99800000 rw-p 00000000 00:00 0 
78cf99800000-78cf99804000 ---p 00000000 00:00 0 
78cf99804000-78cf99900000 rw-p 00000000 00:00 0 
78cf99900000-78cf99904000 ---p 00000000 00:00 0 
78cf99904000-78cf99a00000 rw-p 00000000 00:00 0 
78cf99a00000-78cf99a04000 ---p 00000000 00:00 0 
78cf99a04000-78cf99b00000 rw-p 00000000 00:00 0 
78cf99d00000-78cf99f00000 rw-s 00000000 00:05 1137                       /dev/nvidiactl
78cf99f00000-78cf9a100000 rw-s 00000000 00:05 1137                       /dev/nvidiactl
78cf9a100000-78cf9a300000 rw-s 00000000 00:05 1137                       /dev/nvidiactl
78cf9a300000-78cf9a800000 rw-p 00000000 00:00 0 
78cf9a800000-78cf9a804000 ---p 00000000 00:00 0 
78cf9a804000-78cf9a900000 rw-p 00000000 00:00 0 
78cf9a900000-78cf9a904000 ---p 00000000 00:00 0 
78cf9a904000-78cf9aa00000 rw-p 00000000 00:00 0 
78cf9aa80000-78cf9ae00000 rw-p 00000000 00:00 0 
78cf9ae00000-78cf9ae04000 ---p 00000000 00:00 0 
78cf9ae04000-78cf9af00000 rw-p 00000000 00:00 0 
78cf9b000000-78cf9b004000 ---p 00000000 00:00 0 
78cf9b004000-78cf9b100000 rw-p 00000000 00:00 0 
78cf9b100000-78cf9b104000 ---p 00000000 00:00 0 
78cf9b104000-78cf9b200000 rw-p 00000000 00:00 0 
78cf9b200000-78cf9b204000 ---p 00000000 00:00 0 
78cf9b204000-78cf9b300000 rw-p 00000000 00:00 0 
78cf9b300000-78cf9b304000 ---p 00000000 00:00 0 
78cf9b304000-78cf9b400000 rw-p 00000000 00:00 0 
78cf9b800000-78cf9ba00000 rw-s 00000000 00:05 1137                       /dev/nvidiactl
78cf9ba00000-78cf9ba04000 ---p 00000000 00:00 0 
78cf9ba04000-78cf9bb00000 rw-p 00000000 00:00 0 
78cf9bb00000-78cf9bb04000 ---p 00000000 00:00 0 
78cf9bb04000-78cf9bc00000 rw-p 00000000 00:00 0 
78cf9bc00000-78cf9bc04000 ---p 00000000 00:00 0 
78cf9bc04000-78cf9bd00000 rw-p 00000000 00:00 0 
78cf9bd00000-78cf9bd04000 ---p 00000000 00:00 0 
78cf9bd04000-78cf9be00000 rw-p 00000000 00:00 0 
78cf9be00000-78cf9c200000 rw-p 00000000 00:00 0 
78cf9c200000-78cf9c204000 ---p 00000000 00:00 0 
78cf9c204000-78cf9c300000 rw-p 00000000 00:00 0 
78cf9c300000-78cf9c800000 rw-p 00000000 00:00 0 
78cf9c800000-78cf9c804000 ---p 00000000 00:00 0 
78cf9c804000-78cf9c900000 rw-p 00000000 00:00 0 
78cf9c900000-78cf9c904000 ---p 00000000 00:00 0 
78cf9c904000-78cf9ca00000 rw-p 00000000 00:00 0 
78cf9cc00000-78cf9d000000 rw-p 00000000 00:00 0 
78cf9d000000-78cf9d004000 ---p 00000000 00:00 0 
78cf9d004000-78cf9d100000 rw-p 00000000 00:00 0 
78cf9d100000-78cf9d104000 ---p 00000000 00:00 0 
78cf9d104000-78cf9d200000 rw-p 00000000 00:00 0 
78cf9d200000-78cf9d204000 ---p 00000000 00:00 0 
78cf9d204000-78cf9d300000 rw-p 00000000 00:00 0 
78cf9d300000-78cf9d304000 ---p 00000000 00:00 0 
78cf9d304000-78cf9d400000 rw-p 00000000 00:00 0 
78cf9d500000-78cf9d504000 ---p 00000000 00:00 0 
78cf9d504000-78cf9d600000 rw-p 00000000 00:00 0 
78cf9d600000-78cf9d604000 ---p 00000000 00:00 0 
78cf9d604000-78cf9d700000 rw-p 00000000 00:00 0 
78cf9d700000-78cf9d704000 ---p 00000000 00:00 0 
78cf9d704000-78cf9d800000 rw-p 00000000 00:00 0 
78cf9d877000-78cf9db77000 rw-p 00000000 00:00 0 
78cf9dd00000-78cf9dd04000 ---p 00000000 00:00 0 
78cf9dd04000-78cf9de00000 rw-p 00000000 00:00 0 
78cf9de00000-78cf9de04000 ---p 00000000 00:00 0 
78cf9de04000-78cf9df00000 rw-p 00000000 00:00 0 
78cf9df00000-78cf9df04000 ---p 00000000 00:00 0 
78cf9df04000-78cf9e000000 rw-p 00000000 00:00 0 
78cf9e200000-78cf9e600000 rw-p 00000000 00:00 0 
78cf9e700000-78cf9e900000 rw-s 00000000 00:05 1137                       /dev/nvidiactl
78cf9e900000-78cf9e904000 ---p 00000000 00:00 0 
78cf9e904000-78cf9ea00000 rw-p 00000000 00:00 0 
78cf9ea00000-78cf9ea04000 ---p 00000000 00:00 0 
78cf9ea04000-78cf9eb00000 rw-p 00000000 00:00 0 
78cf9ec00000-78cf9ec04000 ---p 00000000 00:00 0 
78cf9ec04000-78cf9ed00000 rw-p 00000000 00:00 0 
78cf9ed00000-78cf9ed04000 ---p 00000000 00:00 0 
78cf9ed04000-78cf9ee00000 rw-p 00000000 00:00 0 
78cf9ee00000-78cf9ee04000 ---p 00000000 00:00 0 
78cf9ee04000-78cf9ef00000 rw-p 00000000 00:00 0 
78cf9ef00000-78cf9ef04000 ---p 00000000 00:00 0 
78cf9ef04000-78cf9f000000 rw-p 00000000 00:00 0 
78cf9f000000-78cf9f004000 ---p 00000000 00:00 0 
78cf9f004000-78cf9f100000 rw-p 00000000 00:00 0 
78cf9f100000-78cf9f104000 ---p 00000000 00:00 0 
78cf9f104000-78cf9f200000 rw-p 00000000 00:00 0 
78cf9f300000-78cf9f304000 ---p 00000000 00:00 0 
78cf9f304000-78cf9f400000 rw-p 00000000 00:00 0 
78cf9f400000-78cfa0800000 rw-p 00000000 00:00 0 
78cfa0800000-78cfa0804000 ---p 00000000 00:00 0 
78cfa0804000-78cfa0900000 rw-p 00000000 00:00 0 
78cfa0a00000-78cfa0c00000 rw-s 00000000 00:05 1137                       /dev/nvidiactl
78cfa0c00000-78cfa0e00000 rw-p 00000000 00:00 0 
78cfa0e00000-78cfa0e04000 ---p 00000000 00:00 0 
78cfa0e04000-78cfa0f00000 rw-p 00000000 00:00 0 
78cfa0f00000-78cfa0f04000 ---p 00000000 00:00 0 
78cfa0f04000-78cfa1000000 rw-p 00000000 00:00 0 
78cfa1000000-78cfa1004000 ---p 00000000 00:00 0 
78cfa1004000-78cfa1100000 rw-p 00000000 00:00 0 
78cfa1100000-78cfa1300000 rw-s 00000000 00:05 1137                       /dev/nvidiactl
78cfa1300000-78cfa1304000 ---p 00000000 00:00 0 
78cfa1304000-78cfa1400000 rw-p 00000000 00:00 0 
78cfa1400000-78cfa1404000 ---p 00000000 00:00 0 
78cfa1404000-78cfa1500000 rw-p 00000000 00:00 0 
78cfa1600000-78cfa1604000 ---p 00000000 00:00 0 
78cfa1604000-78cfa1700000 rw-p 00000000 00:00 0 
78cfa1700000-78cfa1704000 ---p 00000000 00:00 0 
78cfa1704000-78cfa1800000 rw-p 00000000 00:00 0 
78cfa1800000-78cfa1804000 ---p 00000000 00:00 0 
78cfa1804000-78cfa1900000 rw-p 00000000 00:00 0 
78cfa1900000-78cfa1904000 ---p 00000000 00:00 0 
78cfa1904000-78cfa1a00000 rw-p 00000000 00:00 0 
78cfa1a00000-78cfa1a04000 ---p 00000000 00:00 0 
78cfa1a04000-78cfa1b00000 rw-p 00000000 00:00 0 
78cfa1b00000-78cfa1b04000 ---p 00000000 00:00 0 
78cfa1b04000-78cfa1c00000 rw-p 00000000 00:00 0 
78cfa1d00000-78cfa1d04000 ---p 00000000 00:00 0 
78cfa1d04000-78cfa1e00000 rw-p 00000000 00:00 0 
78cfa1e00000-78cfa1e04000 ---p 00000000 00:00 0 
78cfa1e04000-78cfa1f00000 rw-p 00000000 00:00 0 
78cfa2000000-78cfa2004000 ---p 00000000 00:00 0 
78cfa2004000-78cfa2100000 rw-p 00000000 00:00 0 
78cfa2100000-78cfa2104000 ---p 00000000 00:00 0 
78cfa2104000-78cfa2200000 rw-p 00000000 00:00 0 
78cfa2200000-78cfa2400000 rw-p 00000000 00:00 0 
78cfa2500000-78cfa2504000 ---p 00000000 00:00 0 
78cfa2504000-78cfa2600000 rw-p 00000000 00:00 0 
78cfa2600000-78cfa5200000 rw-p 00000000 00:00 0 
78cfa5200000-78cfa5204000 ---p 00000000 00:00 0 
78cfa5204000-78cfa5300000 rw-p 00000000 00:00 0 
78cfa5300000-78cfa6000000 rw-p 00000000 00:00 0 
78cfa6100000-78cfa6a00000 rw-p 00000000 00:00 0 
78cfa6a80000-78cfa6a84000 ---p 00000000 00:00 0 
78cfa6a84000-78cfa6b80000 rw-p 00000000 00:00 0 
78cfa6b80000-78cfaba00000 rw-p 00000000 00:00 0 
78cfaba00000-78cfaba04000 ---p 00000000 00:00 0 
78cfaba04000-78cfabb00000 rw-p 00000000 00:00 0 
78cfabb00000-78cfac800000 rw-p 00000000 00:00 0 
78cfac800000-78cfac804000 ---p 00000000 00:00 0 
78cfac804000-78cfac900000 rw-p 00000000 00:00 0 
78cfac900000-78cfad200000 rw-p 00000000 00:00 0 
78cfad380000-78cfaee00000 rw-p 00000000 00:00 0 
78cfaee00000-78cfaee04000 ---p 00000000 00:00 0 
78cfaee04000-78cfaef00000 rw-p 00000000 00:00 0 
78cfaef00000-78cfafc00000 rw-p 00000000 00:00 0 
78cfafc00000-78cfafc04000 ---p 00000000 00:00 0 
78cfafc04000-78cfafd00000 rw-p 00000000 00:00 0 
78cfafd00000-78cfb0600000 rw-p 00000000 00:00 0 
78cfb0680000-78cfb0684000 ---p 00000000 00:00 0 
78cfb0684000-78cfb0780000 rw-p 00000000 00:00 0 
78cfb0780000-78cfb3c00000 rw-p 00000000 00:00 0 
78cfb3c00000-78cfb3c04000 ---p 00000000 00:00 0 
78cfb3c04000-78cfb3d00000 rw-p 00000000 00:00 0 
78cfb3d00000-78cfb4a00000 rw-p 00000000 00:00 0 
78cfb4a00000-78cfb4a04000 ---p 00000000 00:00 0 
78cfb4a04000-78cfb4b00000 rw-p 00000000 00:00 0 
78cfb4b00000-78cfb5400000 rw-p 00000000 00:00 0 
78cfb5480000-78cfb5484000 ---p 00000000 00:00 0 
78cfb5484000-78cfb5580000 rw-p 00000000 00:00 0 
78cfb5580000-78cfb9800000 rw-p 00000000 00:00 0 
78cfb9800000-78cfb9804000 ---p 00000000 00:00 0 
78cfb9804000-78cfb9900000 rw-p 00000000 00:00 0 
78cfb9900000-78cfbbc00000 rw-p 00000000 00:00 0 
78cfbbc00000-78cfbbc04000 ---p 00000000 00:00 0 
78cfbbc04000-78cfbbd00000 rw-p 00000000 00:00 0 
78cfbbd00000-78cfbdc00000 rw-p 00000000 00:00 0 
78cfbdd80000-78cfbf800000 rw-p 00000000 00:00 0 
78cfbf800000-78cfbf804000 ---p 00000000 00:00 0 
78cfbf804000-78cfbf900000 rw-p 00000000 00:00 0 
78cfbf900000-78cfc1000000 rw-p 00000000 00:00 0 
78cfc1000000-78cfc1004000 ---p 00000000 00:00 0 
78cfc1004000-78cfc1100000 rw-p 00000000 00:00 0 
78cfc1100000-78cfc2200000 rw-p 00000000 00:00 0 
78cfc2280000-78cfc2284000 ---p 00000000 00:00 0 
78cfc2284000-78cfc2380000 rw-p 00000000 00:00 0 
78cfc2380000-78cfc3000000 rw-p 00000000 00:00 0 
78cfc3000000-78cfc3004000 ---p 00000000 00:00 0 
78cfc3004000-78cfc3100000 rw-p 00000000 00:00 0 
78cfc3100000-78cfc3a00000 rw-p 00000000 00:00 0 
78cfc3a00000-78cfc3a04000 ---p 00000000 00:00 0 
78cfc3a04000-78cfc3b00000 rw-p 00000000 00:00 0 
78cfc3b00000-78cfc4400000 rw-p 00000000 00:00 0 
78cfc4480000-78cfc4a00000 rw-p 00000000 00:00 0 
78cfc4a00000-78cfc4a04000 ---p 00000000 00:00 0 
78cfc4a04000-78cfc4b00000 rw-p 00000000 00:00 0 
78cfc4b00000-78cfc5000000 rw-p 00000000 00:00 0 
78cfc5000000-78cfc5200000 rw-s 00000000 00:05 1137                       /dev/nvidiactl
78cfc5200000-78cfc8c00000 rw-p 00000000 00:00 0 
78cfc8c00000-78cfc8c04000 ---p 00000000 00:00 0 
78cfc8c04000-78cfc8d00000 rw-p 00000000 00:00 0 
78cfc8d00000-78cfca600000 rw-p 00000000 00:00 0 
78cfca600000-78cfca604000 ---p 00000000 00:00 0 
78cfca604000-78cfca700000 rw-p 00000000 00:00 0 
78cfca700000-78cfcba00000 rw-p 00000000 00:00 0 
78cfcba80000-78cfcd600000 rw-p 00000000 00:00 0 
78cfcd600000-78cfcd604000 ---p 00000000 00:00 0 
78cfcd604000-78cfcd700000 rw-p 00000000 00:00 0 
78cfcd700000-78cfce000000 rw-p 00000000 00:00 0 
78cfce080000-78cfce600000 rw-p 00000000 00:00 0 
78cfce600000-78cfce604000 ---p 00000000 00:00 0 
78cfce604000-78cfce700000 rw-p 00000000 00:00 0 
78cfce700000-78cfcec00000 rw-p 00000000 00:00 0 
78cfcec00000-78cfcec04000 ---p 00000000 00:00 0 
78cfcec04000-78cfced00000 rw-p 00000000 00:00 0 
78cfced00000-78cfced04000 ---p 00000000 00:00 0 
78cfced04000-78cfcee00000 rw-p 00000000 00:00 0 
78cfcee00000-78cfcee04000 ---p 00000000 00:00 0 
78cfcee04000-78cfcef00000 rw-p 00000000 00:00 0 
78cfcef00000-78cfcef04000 ---p 00000000 00:00 0 
78cfcef04000-78cfcf000000 rw-p 00000000 00:00 0 
78cfcf200000-78cfcf600000 rw-p 00000000 00:00 0 
78cfcf600000-78cfcf604000 ---p 00000000 00:00 0 
78cfcf604000-78cfcf700000 rw-p 00000000 00:00 0 
78cfcf700000-78cfcf704000 ---p 00000000 00:00 0 
78cfcf704000-78cfcf800000 rw-p 00000000 00:00 0 
78cfcf800000-78cfcf804000 ---p 00000000 00:00 0 
78cfcf804000-78cfcf900000 rw-p 00000000 00:00 0 
78cfcf977000-78cfcf97b000 ---p 00000000 00:00 0 
78cfcf97b000-78cfcfa77000 rw-p 00000000 00:00 0 
78cfcfa77000-78cfcfc00000 rw-p 00000000 00:00 0 
78cfcfc00000-78cfd3a00000 rw-p 00000000 00:00 0 
78cfd3a00000-78cfd3a04000 ---p 00000000 00:00 0 
78cfd3a04000-78cfd3b00000 rw-p 00000000 00:00 0 
78cfd3b00000-78cfd4800000 rw-p 00000000 00:00 0 
78cfd4800000-78cfd4804000 ---p 00000000 00:00 0 
78cfd4804000-78cfd4900000 rw-p 00000000 00:00 0 
78cfd4900000-78cfd5200000 rw-p 00000000 00:00 0 
78cfd5280000-78cfd5284000 ---p 00000000 00:00 0 
78cfd5284000-78cfd5380000 rw-p 00000000 00:00 0 
78cfd5380000-78cfd5c00000 rw-p 00000000 00:00 0 
78cfd5c76000-78cfd5dff000 rw-p 00000000 00:00 0 
78cfd5dff000-78cfd5e03000 ---p 00000000 00:00 0 
78cfd5e03000-78cfd5eff000 rw-p 00000000 00:00 0 
78cfd5eff000-78cfd5f03000 ---p 00000000 00:00 0 
78cfd5f03000-78cfd5fff000 rw-p 00000000 00:00 0 
78cfd5fff000-78cfd6003000 ---p 00000000 00:00 0 
78cfd6003000-78cfd60ff000 rw-p 00000000 00:00 0 
78cfd60ff000-78cfd6103000 ---p 00000000 00:00 0 
78cfd6103000-78cfd61ff000 rw-p 00000000 00:00 0 
78cfd62dc000-78cfd6900000 rw-p 00000000 00:00 0 
78cfd6a77000-78cfd6a7b000 ---p 00000000 00:00 0 
78cfd6a7b000-78cfd6b77000 rw-p 00000000 00:00 0 
78cfd6b77000-78cfd6b7b000 ---p 00000000 00:00 0 
78cfd6b7b000-78cfd6c77000 rw-p 00000000 00:00 0 
78cfd6cee000-78cfd7000000 rw-p 00000000 00:00 0 
78cfd7000000-78cfd7004000 ---p 00000000 00:00 0 
78cfd7004000-78cfd7100000 rw-p 00000000 00:00 0 
78cfd7100000-78cfd7104000 ---p 00000000 00:00 0 
78cfd7104000-78cfd7200000 rw-p 00000000 00:00 0 
78cfd7200000-78cfd7204000 ---p 00000000 00:00 0 
78cfd7204000-78cfd7300000 rw-p 00000000 00:00 0 
78cfd7300000-78cfd7304000 ---p 00000000 00:00 0 
78cfd7304000-78cfd7400000 rw-p 00000000 00:00 0 
78cfd7400000-78cfd7404000 ---p 00000000 00:00 0 
78cfd7404000-78cfd7500000 rw-p 00000000 00:00 0 
78cfd7500000-78cfd7504000 ---p 00000000 00:00 0 
78cfd7504000-78cfd7600000 rw-p 00000000 00:00 0 
78cfd7600000-78cfd7604000 ---p 00000000 00:00 0 
78cfd7604000-78cfd7700000 rw-p 00000000 00:00 0 
78cfd7700000-78cfd7704000 ---p 00000000 00:00 0 
78cfd7704000-78cfd7800000 rw-p 00000000 00:00 0 
78cfd7800000-78cfd7804000 ---p 00000000 00:00 0 
78cfd7804000-78cfd7900000 rw-p 00000000 00:00 0 
78cfd7900000-78cfd7904000 ---p 00000000 00:00 0 
78cfd7904000-78cfd7a00000 rw-p 00000000 00:00 0 
78cfd7a00000-78cfd7a04000 ---p 00000000 00:00 0 
78cfd7a04000-78cfd7b00000 rw-p 00000000 00:00 0 
78cfd7b00000-78cfd7b04000 ---p 00000000 00:00 0 
78cfd7b04000-78cfd7c00000 rw-p 00000000 00:00 0 
78cfd7c00000-78cfd7c04000 ---p 00000000 00:00 0 
78cfd7c04000-78cfd7d00000 rw-p 00000000 00:00 0 
78cfd7d00000-78cfd7d04000 ---p 00000000 00:00 0 
78cfd7d04000-78cfd7e00000 rw-p 00000000 00:00 0 
78cfd7e00000-78cfd7e04000 ---p 00000000 00:00 0 
78cfd7e04000-78cfd7f00000 rw-p 00000000 00:00 0 
78cfd7f00000-78cfd7f04000 ---p 00000000 00:00 0 
78cfd7f04000-78cfd8000000 rw-p 00000000 00:00 0 
78cfd8000000-78cfd8b0f000 rw-p 00000000 00:00 0 
78cfd8b0f000-78cfdc000000 ---p 00000000 00:00 0 
78cfdc000000-78cfdc9ee000 rw-p 00000000 00:00 0 
78cfdc9ee000-78cfe0000000 ---p 00000000 00:00 0 
78cfe0000000-78cfe09d3000 rw-p 00000000 00:00 0 
78cfe09d3000-78cfe4000000 ---p 00000000 00:00 0 
78cfe4000000-78cfe4e36000 rw-p 00000000 00:00 0 
78cfe4e36000-78cfe8000000 ---p 00000000 00:00 0 
78cfe8000000-78cfe87d1000 rw-p 00000000 00:00 0 
78cfe87d1000-78cfec000000 ---p 00000000 00:00 0 
78cfec000000-78cfeca03000 rw-p 00000000 00:00 0 
78cfeca03000-78cff0000000 ---p 00000000 00:00 0 
78cff0000000-78cff04f5000 rw-p 00000000 00:00 0 
78cff04f5000-78cff4000000 ---p 00000000 00:00 0 
78cff4000000-78cff4a0f000 rw-p 00000000 00:00 0 
78cff4a0f000-78cff8000000 ---p 00000000 00:00 0 
78cff8000000-78cff894f000 rw-p 00000000 00:00 0 
78cff894f000-78cffc000000 ---p 00000000 00:00 0 
78cffc000000-78cffc8db000 rw-p 00000000 00:00 0 
78cffc8db000-78d000000000 ---p 00000000 00:00 0 
78d000000000-78d001402000 rw-p 00000000 00:00 0 
78d001402000-78d004000000 ---p 00000000 00:00 0 
78d004000000-78d004bcc000 rw-p 00000000 00:00 0 
78d004bcc000-78d008000000 ---p 00000000 00:00 0 
78d008000000-78d00948e000 rw-p 00000000 00:00 0 
78d00948e000-78d00c000000 ---p 00000000 00:00 0 
78d00c000000-78d00d9ea000 rw-p 00000000 00:00 0 
78d00d9ea000-78d010000000 ---p 00000000 00:00 0 
78d010000000-78d011346000 rw-p 00000000 00:00 0 
78d011346000-78d014000000 ---p 00000000 00:00 0 
78d014000000-78d014d8a000 rw-p 00000000 00:00 0 
78d014d8a000-78d018000000 ---p 00000000 00:00 0 
78d018000000-78d018cc4000 rw-p 00000000 00:00 0 
78d018cc4000-78d01c000000 ---p 00000000 00:00 0 
78d01c000000-78d01cf96000 rw-p 00000000 00:00 0 
78d01cf96000-78d020000000 ---p 00000000 00:00 0 
78d020000000-78d0213ca000 rw-p 00000000 00:00 0 
78d0213ca000-78d024000000 ---p 00000000 00:00 0 
78d024000000-78d02501d000 rw-p 00000000 00:00 0 
78d02501d000-78d028000000 ---p 00000000 00:00 0 
78d028000000-78d029094000 rw-p 00000000 00:00 0 
78d029094000-78d02c000000 ---p 00000000 00:00 0 
78d02c000000-78d02d5df000 rw-p 00000000 00:00 0 
78d02d5df000-78d030000000 ---p 00000000 00:00 0 
78d030000000-78d0310ac000 rw-p 00000000 00:00 0 
78d0310ac000-78d034000000 ---p 00000000 00:00 0 
78d034000000-78d035aad000 rw-p 00000000 00:00 0 
78d035aad000-78d038000000 ---p 00000000 00:00 0 
78d038000000-78d038d70000 rw-p 00000000 00:00 0 
78d038d70000-78d038df0000 rw-p 00000000 00:00 0 
78d038df0000-78d0394f0000 rw-p 00000000 00:00 0 
78d0394f0000-78d0395d0000 rw-p 00000000 00:00 0 
78d0395d0000-78d039600000 ---p 00000000 00:00 0 
78d039600000-78d039fa0000 rw-p 00000000 00:00 0 
78d039fa0000-78d03c000000 ---p 00000000 00:00 0 
78d03c000000-78d03def0000 rw-p 00000000 00:00 0 
78d03def0000-78d040000000 ---p 00000000 00:00 0 
78d040000000-78d040d69000 rw-p 00000000 00:00 0 
78d040d69000-78d044000000 ---p 00000000 00:00 0 
78d044000000-78d04574a000 rw-p 00000000 00:00 0 
78d04574a000-78d048000000 ---p 00000000 00:00 0 
78d048000000-78d0491ed000 rw-p 00000000 00:00 0 
78d0491ed000-78d04c000000 ---p 00000000 00:00 0 
78d04c000000-78d04cd94000 rw-p 00000000 00:00 0 
78d04cd94000-78d050000000 ---p 00000000 00:00 0 
78d050000000-78d050d7c000 rw-p 00000000 00:00 0 
78d050d7c000-78d054000000 ---p 00000000 00:00 0 
78d054000000-78d054c1d000 rw-p 00000000 00:00 0 
78d054c1d000-78d058000000 ---p 00000000 00:00 0 
78d058000000-78d0596d7000 rw-p 00000000 00:00 0 
78d0596d7000-78d05c000000 ---p 00000000 00:00 0 
78d05c000000-78d05cc9a000 rw-p 00000000 00:00 0 
78d05cc9a000-78d060000000 ---p 00000000 00:00 0 
78d060000000-78d062150000 rw-p 00000000 00:00 0 
78d062150000-78d064000000 ---p 00000000 00:00 0 
78d064000000-78d065467000 rw-p 00000000 00:00 0 
78d065467000-78d068000000 ---p 00000000 00:00 0 
78d068000000-78d069271000 rw-p 00000000 00:00 0 
78d069271000-78d06c000000 ---p 00000000 00:00 0 
78d06c000000-78d06cb19000 rw-p 00000000 00:00 0 
78d06cb19000-78d070000000 ---p 00000000 00:00 0 
78d070000000-78d070ec0000 rw-p 00000000 00:00 0 
78d070ec0000-78d074000000 ---p 00000000 00:00 0 
78d074000000-78d0755e3000 rw-p 00000000 00:00 0 
78d0755e3000-78d078000000 ---p 00000000 00:00 0 
78d078000000-78d078d82000 rw-p 00000000 00:00 0 
78d078d82000-78d07c000000 ---p 00000000 00:00 0 
78d07c000000-78d07ffdb000 rw-p 00000000 00:00 0 
78d07ffdb000-78d080000000 ---p 00000000 00:00 0 
78d080000000-78d080004000 ---p 00000000 00:00 0 
78d080004000-78d080100000 rw-p 00000000 00:00 0 
78d080100000-78d080104000 ---p 00000000 00:00 0 
78d080104000-78d080200000 rw-p 00000000 00:00 0 
78d080200000-78d080204000 ---p 00000000 00:00 0 
78d080204000-78d080300000 rw-p 00000000 00:00 0 
78d080300000-78d080304000 ---p 00000000 00:00 0 
78d080304000-78d080400000 rw-p 00000000 00:00 0 
78d080400000-78d080404000 ---p 00000000 00:00 0 
78d080404000-78d080500000 rw-p 00000000 00:00 0 
78d080500000-78d080504000 ---p 00000000 00:00 0 
78d080504000-78d080600000 rw-p 00000000 00:00 0 
78d080600000-78d080604000 ---p 00000000 00:00 0 
78d080604000-78d080700000 rw-p 00000000 00:00 0 
78d080700000-78d080704000 ---p 00000000 00:00 0 
78d080704000-78d080800000 rw-p 00000000 00:00 0 
78d080800000-78d080804000 ---p 00000000 00:00 0 
78d080804000-78d080900000 rw-p 00000000 00:00 0 
78d080900000-78d080904000 ---p 00000000 00:00 0 
78d080904000-78d080a00000 rw-p 00000000 00:00 0 
78d080a00000-78d080a04000 ---p 00000000 00:00 0 
78d080a04000-78d080b00000 rw-p 00000000 00:00 0 
78d080b00000-78d080b04000 ---p 00000000 00:00 0 
78d080b04000-78d080c00000 rw-p 00000000 00:00 0 
78d080c00000-78d080c04000 ---p 00000000 00:00 0 
78d080c04000-78d080d00000 rw-p 00000000 00:00 0 
78d080d00000-78d080d04000 ---p 00000000 00:00 0 
78d080d04000-78d080e00000 rw-p 00000000 00:00 0 
78d080f00000-78d080f04000 ---p 00000000 00:00 0 
78d080f04000-78d081000000 rw-p 00000000 00:00 0 
78d081000000-78d081004000 ---p 00000000 00:00 0 
78d081004000-78d081100000 rw-p 00000000 00:00 0 
78d081100000-78d081104000 ---p 00000000 00:00 0 
78d081104000-78d081200000 rw-p 00000000 00:00 0 
78d081200000-78d081204000 ---p 00000000 00:00 0 
78d081204000-78d081300000 rw-p 00000000 00:00 0 
78d081300000-78d081304000 ---p 00000000 00:00 0 
78d081304000-78d081400000 rw-p 00000000 00:00 0 
78d081400000-78d081404000 ---p 00000000 00:00 0 
78d081404000-78d081500000 rw-p 00000000 00:00 0 
78d081500000-78d081504000 ---p 00000000 00:00 0 
78d081504000-78d081600000 rw-p 00000000 00:00 0 
78d081600000-78d081604000 ---p 00000000 00:00 0 
78d081604000-78d081700000 rw-p 00000000 00:00 0 
78d081700000-78d081704000 ---p 00000000 00:00 0 
78d081704000-78d081800000 rw-p 00000000 00:00 0 
78d081800000-78d081804000 ---p 00000000 00:00 0 
78d081804000-78d081900000 rw-p 00000000 00:00 0 
78d081900000-78d081904000 ---p 00000000 00:00 0 
78d081904000-78d081a00000 rw-p 00000000 00:00 0 
78d081a00000-78d081a04000 ---p 00000000 00:00 0 
78d081a04000-78d081b00000 rw-p 00000000 00:00 0 
78d081b00000-78d081b04000 ---p 00000000 00:00 0 
78d081b04000-78d081c00000 rw-p 00000000 00:00 0 
78d081c00000-78d081c04000 ---p 00000000 00:00 0 
78d081c04000-78d081d00000 rw-p 00000000 00:00 0 
78d081d00000-78d081d04000 ---p 00000000 00:00 0 
78d081d04000-78d081e00000 rw-p 00000000 00:00 0 
78d081e00000-78d081e04000 ---p 00000000 00:00 0 
78d081e04000-78d081f00000 rw-p 00000000 00:00 0 
78d081f00000-78d081f04000 ---p 00000000 00:00 0 
78d081f04000-78d082000000 rw-p 00000000 00:00 0 
78d082000000-78d082004000 ---p 00000000 00:00 0 
78d082004000-78d082100000 rw-p 00000000 00:00 0 
78d082100000-78d082104000 ---p 00000000 00:00 0 
78d082104000-78d082200000 rw-p 00000000 00:00 0 
78d082200000-78d082204000 ---p 00000000 00:00 0 
78d082204000-78d082300000 rw-p 00000000 00:00 0 
78d082300000-78d082304000 ---p 00000000 00:00 0 
78d082304000-78d082400000 rw-p 00000000 00:00 0 
78d082400000-78d082404000 ---p 00000000 00:00 0 
78d082404000-78d082500000 rw-p 00000000 00:00 0 
78d0825ee000-78d082900000 rw-p 00000000 00:00 0 
78d082900000-78d083400000 rw-p 00000000 00:00 0 
78d083465000-78d083469000 ---p 00000000 00:00 0 
78d083469000-78d083565000 rw-p 00000000 00:00 0 
78d0835ca000-78d0835ce000 ---p 00000000 00:00 0 
78d0835ce000-78d0836ca000 rw-p 00000000 00:00 0 
78d0836ca000-78d084000000 rw-p 00000000 00:00 0 
78d084000000-78d084964000 rw-p 00000000 00:00 0 
78d084964000-78d088000000 ---p 00000000 00:00 0 
78d088000000-78d088ad6000 rw-p 00000000 00:00 0 
78d088ad6000-78d08c000000 ---p 00000000 00:00 0 
78d08c000000-78d08fd1d000 rw-p 00000000 00:00 0 
78d08fd1d000-78d090000000 ---p 00000000 00:00 0 
78d090080000-78d090084000 ---p 00000000 00:00 0 
78d090084000-78d090180000 rw-p 00000000 00:00 0 
78d090180000-78d091000000 rw-p 00000000 00:00 0 
78d091080000-78d091c00000 rw-p 00000000 00:00 0 
78d091c7f000-78d091c83000 ---p 00000000 00:00 0 
78d091c83000-78d091d7f000 rw-p 00000000 00:00 0 
78d091d7f000-78d091fff000 rw-p 00000000 00:00 0 
78d091fff000-78d094000000 rw-p 00000000 00:00 0 
78d094000000-78d098000000 rw-s 00000000 00:01 9512013                    /memfd:pulseaudio (deleted)
78d098000000-78d098363000 rw-p 00000000 00:00 0 
78d098363000-78d09c000000 ---p 00000000 00:00 0 
78d09c000000-78d09c674000 rw-p 00000000 00:00 0 
78d09c674000-78d0a0000000 ---p 00000000 00:00 0 
78d0a0000000-78d0a11fd000 rw-p 00000000 00:00 0 
78d0a11fd000-78d0a4000000 ---p 00000000 00:00 0 
78d0a407d000-78d0a4081000 ---p 00000000 00:00 0 
78d0a4081000-78d0a417d000 rw-p 00000000 00:00 0 
78d0a417d000-78d0a4181000 ---p 00000000 00:00 0 
78d0a4181000-78d0a427d000 rw-p 00000000 00:00 0 
78d0a427d000-78d0a4281000 ---p 00000000 00:00 0 
78d0a4281000-78d0a437d000 rw-p 00000000 00:00 0 
78d0a437d000-78d0a45fd000 rw-p 00000000 00:00 0 
78d0a45fd000-78d0a4601000 ---p 00000000 00:00 0 
78d0a4601000-78d0a46fd000 rw-p 00000000 00:00 0 
78d0a46fd000-78d0a4701000 ---p 00000000 00:00 0 
78d0a4701000-78d0a47fd000 rw-p 00000000 00:00 0 
78d0a47fd000-78d0a4801000 ---p 00000000 00:00 0 
78d0a4801000-78d0a48fd000 rw-p 00000000 00:00 0 
78d0a48fd000-78d0a4901000 ---p 00000000 00:00 0 
78d0a4901000-78d0a49fd000 rw-p 00000000 00:00 0 
78d0a4afd000-78d0a4b01000 ---p 00000000 00:00 0 
78d0a4b01000-78d0a4bfd000 rw-p 00000000 00:00 0 
78d0a4bfd000-78d0a4c01000 ---p 00000000 00:00 0 
78d0a4c01000-78d0a4cfd000 rw-p 00000000 00:00 0 
78d0a4dfe000-78d0a4e02000 ---p 00000000 00:00 0 
78d0a4e02000-78d0a4efe000 rw-p 00000000 00:00 0 
78d0a4efe000-78d0a4f02000 ---p 00000000 00:00 0 
78d0a4f02000-78d0a4ffe000 rw-p 00000000 00:00 0 
78d0a50fe000-78d0a5102000 ---p 00000000 00:00 0 
78d0a5102000-78d0a51fe000 rw-p 00000000 00:00 0 
78d0a52fe000-78d0a5302000 ---p 00000000 00:00 0 
78d0a5302000-78d0a53fe000 rw-p 00000000 00:00 0 
78d0a53fe000-78d0a5402000 ---p 00000000 00:00 0 
78d0a5402000-78d0a54fe000 rw-p 00000000 00:00 0 
78d0a54fe000-78d0a56fe000 rw-s 00000000 00:05 1137                       /dev/nvidiactl
78d0a56fe000-78d0a5702000 ---p 00000000 00:00 0 
78d0a5702000-78d0a57fe000 rw-p 00000000 00:00 0 
78d0a57fe000-78d0a5802000 ---p 00000000 00:00 0 
78d0a5802000-78d0a58fe000 rw-p 00000000 00:00 0 
78d0a58fe000-78d0a5902000 ---p 00000000 00:00 0 
78d0a5902000-78d0a59fe000 rw-p 00000000 00:00 0 
78d0a59fe000-78d0a5a02000 ---p 00000000 00:00 0 
78d0a5a02000-78d0a5afe000 rw-p 00000000 00:00 0 
78d0a5afe000-78d0a5b02000 ---p 00000000 00:00 0 
78d0a5b02000-78d0a5bfe000 rw-p 00000000 00:00 0 
78d0a5bfe000-78d0a5c02000 ---p 00000000 00:00 0 
78d0a5c02000-78d0a5cfe000 rw-p 00000000 00:00 0 
78d0a5cfe000-78d0a5d02000 ---p 00000000 00:00 0 
78d0a5d02000-78d0a5dfe000 rw-p 00000000 00:00 0 
78d0a5dfe000-78d0a5ffe000 rw-s 00000000 00:05 1137                       /dev/nvidiactl
78d0a5ffe000-78d0a5fff000 ---p 00000000 00:00 0 
78d0a5fff000-78d0a67ff000 rw-p 00000000 00:00 0 
78d0a67ff000-78d0a6800000 ---p 00000000 00:00 0 
78d0a6800000-78d0a7000000 rw-p 00000000 00:00 0 
78d0a7000000-78d0a7400000 rw-p 00000000 00:00 0 
78d0a7580000-78d0a91c5000 rw-p 00000000 00:00 0 
78d0a91c5000-78d0ac000000 ---p 00000000 00:00 0 
78d0ac000000-78d0ad0dd000 rw-p 00000000 00:00 0 
78d0ad0dd000-78d0b0000000 ---p 00000000 00:00 0 
78d0b0000000-78d0b0e2a000 rw-p 00000000 00:00 0 
78d0b0e2a000-78d0b4000000 ---p 00000000 00:00 0 
78d0b4000000-78d0b4004000 ---p 00000000 00:00 0 
78d0b4004000-78d0b4100000 rw-p 00000000 00:00 0 
78d0b4100000-78d0b4104000 ---p 00000000 00:00 0 
78d0b4104000-78d0b4200000 rw-p 00000000 00:00 0 
78d0b4200000-78d0b8e89000 rw-p 00000000 00:00 0 
78d0b8e89000-78d0bc000000 ---p 00000000 00:00 0 
78d0bc000000-78d0bcc2b000 rw-p 00000000 00:00 0 
78d0bcc2b000-78d0c0000000 ---p 00000000 00:00 0 
78d0c0000000-78d0c0806000 rw-p 00000000 00:00 0 
78d0c0806000-78d0c4000000 ---p 00000000 00:00 0 
78d0c4000000-78d0c4b1f000 rw-p 00000000 00:00 0 
78d0c4b1f000-78d0c8000000 ---p 00000000 00:00 0 
78d0c8000000-78d0c818c000 rw-p 00000000 00:00 0 
78d0c818c000-78d0cc000000 ---p 00000000 00:00 0 
78d0cc000000-78d0ccdc4000 rw-p 00000000 00:00 0 
78d0ccdc4000-78d0d0000000 ---p 00000000 00:00 0 
78d0d0000000-78d0d060d000 rw-p 00000000 00:00 0 
78d0d060d000-78d0d4000000 ---p 00000000 00:00 0 
78d0d4000000-78d0d490f000 rw-p 00000000 00:00 0 
78d0d490f000-78d0d8000000 ---p 00000000 00:00 0 
78d0d8000000-78d0d86ca000 rw-p 00000000 00:00 0 
78d0d86ca000-78d0dc000000 ---p 00000000 00:00 0 
78d0dc000000-78d0dc500000 rw-p 00000000 00:00 0 
78d0dc500000-78d0e0000000 ---p 00000000 00:00 0 
78d0e0000000-78d0e0bdc000 rw-p 00000000 00:00 0 
78d0e0bdc000-78d0e4000000 ---p 00000000 00:00 0 
78d0e4000000-78d0e45ee000 rw-p 00000000 00:00 0 
78d0e45ee000-78d0e8000000 ---p 00000000 00:00 0 
78d0e8000000-78d0e854c000 rw-p 00000000 00:00 0 
78d0e854c000-78d0ec000000 ---p 00000000 00:00 0 
78d0ec000000-78d0ed0fe000 rw-p 00000000 00:00 0 
78d0ed0fe000-78d0f0000000 ---p 00000000 00:00 0 
78d0f0000000-78d0f05c7000 rw-p 00000000 00:00 0 
78d0f05c7000-78d0f4000000 ---p 00000000 00:00 0 
78d0f4000000-78d0f45e4000 rw-p 00000000 00:00 0 
78d0f45e4000-78d0f8000000 ---p 00000000 00:00 0 
78d0f8000000-78d0f85bf000 rw-p 00000000 00:00 0 
78d0f85bf000-78d0fc000000 ---p 00000000 00:00 0 
78d0fc000000-78d0fc19e000 rw-p 00000000 00:00 0 
78d0fc19e000-78d100000000 ---p 00000000 00:00 0 
78d100000000-78d10023e000 rw-p 00000000 00:00 0 
78d10023e000-78d104000000 ---p 00000000 00:00 0 
78d104000000-78d104004000 ---p 00000000 00:00 0 
78d104004000-78d104100000 rw-p 00000000 00:00 0 
78d104200000-78d104e00000 rw-p 00000000 00:00 0 
78d104e80000-78d104e84000 ---p 00000000 00:00 0 
78d104e84000-78d104f80000 rw-p 00000000 00:00 0 
78d104f80000-78d105480000 rw-p 00000000 00:00 0 
78d105480000-78d105484000 ---p 00000000 00:00 0 
78d105484000-78d105580000 rw-p 00000000 00:00 0 
78d105580000-78d105584000 ---p 00000000 00:00 0 
78d105584000-78d105680000 rw-p 00000000 00:00 0 
78d105680000-78d105684000 ---p 00000000 00:00 0 
78d105684000-78d105780000 rw-p 00000000 00:00 0 
78d105780000-78d105784000 ---p 00000000 00:00 0 
78d105784000-78d105880000 rw-p 00000000 00:00 0 
78d105880000-78d105884000 ---p 00000000 00:00 0 
78d105884000-78d105980000 rw-p 00000000 00:00 0 
78d105980000-78d105984000 ---p 00000000 00:00 0 
78d105984000-78d105a80000 rw-p 00000000 00:00 0 
78d105a80000-78d105a84000 ---p 00000000 00:00 0 
78d105a84000-78d105b80000 rw-p 00000000 00:00 0 
78d105b80000-78d107600000 rw-p 00000000 00:00 0 
78d10763c000-78d107641000 r--p 00000000 00:27 51772                      /tmp/lwjgl_ascend/3.3.3-snapshot/x64/liblwjgl_zstd.so
78d107641000-78d1076ef000 r-xp 00005000 00:27 51772                      /tmp/lwjgl_ascend/3.3.3-snapshot/x64/liblwjgl_zstd.so
78d1076ef000-78d1076fd000 r--p 000b3000 00:27 51772                      /tmp/lwjgl_ascend/3.3.3-snapshot/x64/liblwjgl_zstd.so
78d1076fd000-78d1076fe000 r--p 000c0000 00:27 51772                      /tmp/lwjgl_ascend/3.3.3-snapshot/x64/liblwjgl_zstd.so
78d1076fe000-78d1076ff000 rw-p 000c1000 00:27 51772                      /tmp/lwjgl_ascend/3.3.3-snapshot/x64/liblwjgl_zstd.so
78d1076ff000-78d107703000 ---p 00000000 00:00 0 
78d107703000-78d1077ff000 rw-p 00000000 00:00 0 
78d1077ff000-78d107800000 ---p 00000000 00:00 0 
78d107800000-78d108000000 rw-p 00000000 00:00 0 
78d108000000-78d108740000 rw-p 00000000 00:00 0 
78d108740000-78d10c000000 ---p 00000000 00:00 0 
78d10c000000-78d10c1a4000 rw-p 00000000 00:00 0 
78d10c1a4000-78d110000000 ---p 00000000 00:00 0 
78d110000000-78d1108ac000 rw-p 00000000 00:00 0 
78d1108ac000-78d114000000 ---p 00000000 00:00 0 
78d114000000-78d114004000 ---p 00000000 00:00 0 
78d114004000-78d114100000 rw-p 00000000 00:00 0 
78d114100000-78d114104000 ---p 00000000 00:00 0 
78d114104000-78d114200000 rw-p 00000000 00:00 0 
78d114200000-78d11420b000 r--p 00000000 103:07 3959832                   /usr/lib/x86_64-linux-gnu/libflite_cmu_us_kal16.so.2.2
78d11420b000-78d11420c000 r-xp 0000b000 103:07 3959832                   /usr/lib/x86_64-linux-gnu/libflite_cmu_us_kal16.so.2.2
78d11420c000-78d1145d1000 r--p 0000c000 103:07 3959832                   /usr/lib/x86_64-linux-gnu/libflite_cmu_us_kal16.so.2.2
78d1145d1000-78d1145d8000 r--p 003d1000 103:07 3959832                   /usr/lib/x86_64-linux-gnu/libflite_cmu_us_kal16.so.2.2
78d1145d8000-78d1145d9000 rw-p 003d8000 103:07 3959832                   /usr/lib/x86_64-linux-gnu/libflite_cmu_us_kal16.so.2.2
78d11465f000-78d114666000 r--p 00000000 103:07 3959835                   /usr/lib/x86_64-linux-gnu/libflite_cmulex.so.2.2
78d114666000-78d114667000 r-xp 00007000 103:07 3959835                   /usr/lib/x86_64-linux-gnu/libflite_cmulex.so.2.2
78d114667000-78d1146f2000 r--p 00008000 103:07 3959835                   /usr/lib/x86_64-linux-gnu/libflite_cmulex.so.2.2
78d1146f2000-78d1146f5000 r--p 00093000 103:07 3959835                   /usr/lib/x86_64-linux-gnu/libflite_cmulex.so.2.2
78d1146f5000-78d1146f6000 rw-p 00096000 103:07 3959835                   /usr/lib/x86_64-linux-gnu/libflite_cmulex.so.2.2
78d1146f6000-78d114720000 r--p 00000000 103:07 3934952                   /usr/lib/x86_64-linux-gnu/libasound.so.2.0.0
78d114720000-78d1147b7000 r-xp 0002a000 103:07 3934952                   /usr/lib/x86_64-linux-gnu/libasound.so.2.0.0
78d1147b7000-78d1147f1000 r--p 000c1000 103:07 3934952                   /usr/lib/x86_64-linux-gnu/libasound.so.2.0.0
78d1147f1000-78d1147f8000 r--p 000fa000 103:07 3934952                   /usr/lib/x86_64-linux-gnu/libasound.so.2.0.0
78d1147f8000-78d1147f9000 rw-p 00101000 103:07 3934952                   /usr/lib/x86_64-linux-gnu/libasound.so.2.0.0
78d1147f9000-78d1147fa000 ---p 00000000 00:00 0 
78d1147fa000-78d114ffa000 rw-p 00000000 00:00 0 
78d114ffa000-78d114ffb000 ---p 00000000 00:00 0 
78d114ffb000-78d1157fb000 rw-p 00000000 00:00 0 
78d1157fb000-78d1157fc000 ---p 00000000 00:00 0 
78d1157fc000-78d115ffc000 rw-p 00000000 00:00 0 
78d115ffc000-78d115ffd000 ---p 00000000 00:00 0 
78d115ffd000-78d1167fd000 rw-p 00000000 00:00 0 
78d1167fd000-78d1167fe000 ---p 00000000 00:00 0 
78d1167fe000-78d116ffe000 rw-p 00000000 00:00 0 
78d116ffe000-78d116fff000 ---p 00000000 00:00 0 
78d116fff000-78d1177ff000 rw-p 00000000 00:00 0 
78d1177ff000-78d117800000 ---p 00000000 00:00 0 
78d117800000-78d118000000 rw-p 00000000 00:00 0 
78d118000000-78d11c000000 rw-p 00000000 00:00 0 
78d11c078000-78d11c08b000 r--p 00000000 103:07 3959836                   /usr/lib/x86_64-linux-gnu/libflite_usenglish.so.2.2
78d11c08b000-78d11c090000 r-xp 00013000 103:07 3959836                   /usr/lib/x86_64-linux-gnu/libflite_usenglish.so.2.2
78d11c090000-78d11c096000 r--p 00018000 103:07 3959836                   /usr/lib/x86_64-linux-gnu/libflite_usenglish.so.2.2
78d11c096000-78d11c0a1000 r--p 0001e000 103:07 3959836                   /usr/lib/x86_64-linux-gnu/libflite_usenglish.so.2.2
78d11c0a1000-78d11c0a2000 rw-p 00029000 103:07 3959836                   /usr/lib/x86_64-linux-gnu/libflite_usenglish.so.2.2
78d11c0c4000-78d11c0cf000 r--p 00000000 103:07 3959824                   /usr/lib/x86_64-linux-gnu/libflite.so.2.2
78d11c0cf000-78d11c0ef000 r-xp 0000b000 103:07 3959824                   /usr/lib/x86_64-linux-gnu/libflite.so.2.2
78d11c0ef000-78d11c0fb000 r--p 0002b000 103:07 3959824                   /usr/lib/x86_64-linux-gnu/libflite.so.2.2
78d11c0fb000-78d11c0fd000 r--p 00037000 103:07 3959824                   /usr/lib/x86_64-linux-gnu/libflite.so.2.2
78d11c0fd000-78d11c0fe000 rw-p 00039000 103:07 3959824                   /usr/lib/x86_64-linux-gnu/libflite.so.2.2
78d11c0fe000-78d11c0ff000 ---p 00000000 00:00 0 
78d11c0ff000-78d11c8ff000 rw-p 00000000 00:00 0 
78d11c8ff000-78d11c900000 ---p 00000000 00:00 0 
78d11c900000-78d11d100000 rw-p 00000000 00:00 0 
78d11d100000-78d11de00000 rw-p 00000000 00:00 0 
78d11de1b000-78d11e31b000 rw-p 00000000 00:00 0 
78d11e31b000-78d11e31c000 ---p 00000000 00:00 0 
78d11e31c000-78d11eb1c000 rw-p 00000000 00:00 0 
78d11eb1c000-78d11eb1f000 r--p 00000000 103:07 3960177                   /usr/lib/x86_64-linux-gnu/libopus.so.0.8.0
78d11eb1f000-78d11eb65000 r-xp 00003000 103:07 3960177                   /usr/lib/x86_64-linux-gnu/libopus.so.0.8.0
78d11eb65000-78d11eb77000 r--p 00049000 103:07 3960177                   /usr/lib/x86_64-linux-gnu/libopus.so.0.8.0
78d11eb77000-78d11eb78000 ---p 0005b000 103:07 3960177                   /usr/lib/x86_64-linux-gnu/libopus.so.0.8.0
78d11eb78000-78d11eb79000 r--p 0005b000 103:07 3960177                   /usr/lib/x86_64-linux-gnu/libopus.so.0.8.0
78d11eb79000-78d11eb7a000 rw-p 0005c000 103:07 3960177                   /usr/lib/x86_64-linux-gnu/libopus.so.0.8.0
78d11eb7a000-78d11eb8e000 r--p 00000000 103:07 3960432                   /usr/lib/x86_64-linux-gnu/libvorbisenc.so.2.0.12
78d11eb8e000-78d11eb91000 r-xp 00014000 103:07 3960432                   /usr/lib/x86_64-linux-gnu/libvorbisenc.so.2.0.12
78d11eb91000-78d11ec08000 r--p 00017000 103:07 3960432                   /usr/lib/x86_64-linux-gnu/libvorbisenc.so.2.0.12
78d11ec08000-78d11ec24000 r--p 0008d000 103:07 3960432                   /usr/lib/x86_64-linux-gnu/libvorbisenc.so.2.0.12
78d11ec24000-78d11ec25000 rw-p 000a9000 103:07 3960432                   /usr/lib/x86_64-linux-gnu/libvorbisenc.so.2.0.12
78d11ec25000-78d11ec2d000 r--p 00000000 103:07 3959301                   /usr/lib/x86_64-linux-gnu/libFLAC.so.8.3.0
78d11ec2d000-78d11ec56000 r-xp 00008000 103:07 3959301                   /usr/lib/x86_64-linux-gnu/libFLAC.so.8.3.0
78d11ec56000-78d11ec5f000 r--p 00031000 103:07 3959301                   /usr/lib/x86_64-linux-gnu/libFLAC.so.8.3.0
78d11ec5f000-78d11ec60000 r--p 00039000 103:07 3959301                   /usr/lib/x86_64-linux-gnu/libFLAC.so.8.3.0
78d11ec60000-78d11ec61000 rw-p 0003a000 103:07 3959301                   /usr/lib/x86_64-linux-gnu/libFLAC.so.8.3.0
78d11ec61000-78d11ec68000 r--p 00000000 103:07 3960330                   /usr/lib/x86_64-linux-gnu/libsndfile.so.1.0.31
78d11ec68000-78d11ecbe000 r-xp 00007000 103:07 3960330                   /usr/lib/x86_64-linux-gnu/libsndfile.so.1.0.31
78d11ecbe000-78d11ecda000 r--p 0005d000 103:07 3960330                   /usr/lib/x86_64-linux-gnu/libsndfile.so.1.0.31
78d11ecda000-78d11ecdd000 r--p 00078000 103:07 3960330                   /usr/lib/x86_64-linux-gnu/libsndfile.so.1.0.31
78d11ecdd000-78d11ecde000 rw-p 0007b000 103:07 3960330                   /usr/lib/x86_64-linux-gnu/libsndfile.so.1.0.31
78d11ecde000-78d11ece0000 rw-p 00000000 00:00 0 
78d11ece0000-78d11ecf2000 r--p 00000000 103:07 3963542                   /usr/lib/x86_64-linux-gnu/pulseaudio/libpulsecommon-15.99.so
78d11ecf2000-78d11ed3b000 r-xp 00012000 103:07 3963542                   /usr/lib/x86_64-linux-gnu/pulseaudio/libpulsecommon-15.99.so
78d11ed3b000-78d11ed62000 r--p 0005b000 103:07 3963542                   /usr/lib/x86_64-linux-gnu/pulseaudio/libpulsecommon-15.99.so
78d11ed62000-78d11ed64000 r--p 00081000 103:07 3963542                   /usr/lib/x86_64-linux-gnu/pulseaudio/libpulsecommon-15.99.so
78d11ed64000-78d11ed65000 rw-p 00083000 103:07 3963542                   /usr/lib/x86_64-linux-gnu/pulseaudio/libpulsecommon-15.99.so
78d11ed65000-78d11ed71000 r--p 00000000 103:07 3960261                   /usr/lib/x86_64-linux-gnu/libpulse.so.0.24.1
78d11ed71000-78d11eda1000 r-xp 0000c000 103:07 3960261                   /usr/lib/x86_64-linux-gnu/libpulse.so.0.24.1
78d11eda1000-78d11edb7000 r--p 0003c000 103:07 3960261                   /usr/lib/x86_64-linux-gnu/libpulse.so.0.24.1
78d11edb7000-78d11edb9000 r--p 00051000 103:07 3960261                   /usr/lib/x86_64-linux-gnu/libpulse.so.0.24.1
78d11edb9000-78d11edba000 rw-p 00053000 103:07 3960261                   /usr/lib/x86_64-linux-gnu/libpulse.so.0.24.1
78d11edba000-78d11edcd000 r--p 00000000 00:27 2045                       /tmp/lwjgl_ascend/3.3.3-snapshot/x64/libopenal.so
78d11edcd000-78d11ee6d000 r-xp 00013000 00:27 2045                       /tmp/lwjgl_ascend/3.3.3-snapshot/x64/libopenal.so
78d11ee6d000-78d11eecf000 r--p 000b3000 00:27 2045                       /tmp/lwjgl_ascend/3.3.3-snapshot/x64/libopenal.so
78d11eecf000-78d11eed0000 ---p 00115000 00:27 2045                       /tmp/lwjgl_ascend/3.3.3-snapshot/x64/libopenal.so
78d11eed0000-78d11eed5000 r--p 00115000 00:27 2045                       /tmp/lwjgl_ascend/3.3.3-snapshot/x64/libopenal.so
78d11eed5000-78d11eed6000 rw-p 0011a000 00:27 2045                       /tmp/lwjgl_ascend/3.3.3-snapshot/x64/libopenal.so
78d11eed6000-78d11ef51000 rw-p 00000000 00:00 0 
78d11ef51000-78d122f51000 rw-s 00000000 00:05 1137                       /dev/nvidiactl
78d122f51000-78d126f52000 rw-p 00000000 00:00 0 
78d127013000-78d1270d4000 rw-s 00000000 00:05 1137                       /dev/nvidiactl
78d1270d4000-78d127154000 rw-s 00000000 00:05 1137                       /dev/nvidiactl
78d127154000-78d127187000 r--p 00000000 00:27 2044                       /tmp/lwjgl_ascend/3.3.3-snapshot/x64/liblwjgl_opengl.so
78d127187000-78d12719b000 r-xp 00033000 00:27 2044                       /tmp/lwjgl_ascend/3.3.3-snapshot/x64/liblwjgl_opengl.so
78d12719b000-78d1271ab000 r--p 00047000 00:27 2044                       /tmp/lwjgl_ascend/3.3.3-snapshot/x64/liblwjgl_opengl.so
78d1271ab000-78d1271ac000 r--p 00056000 00:27 2044                       /tmp/lwjgl_ascend/3.3.3-snapshot/x64/liblwjgl_opengl.so
78d1271ac000-78d1271ad000 rw-p 00057000 00:27 2044                       /tmp/lwjgl_ascend/3.3.3-snapshot/x64/liblwjgl_opengl.so
78d1271ad000-78d1271b4000 r--p 00000000 00:27 2043                       /tmp/lwjgl_ascend/3.3.3-snapshot/x64/liblwjgl_stb.so
78d1271b4000-78d127217000 r-xp 00007000 00:27 2043                       /tmp/lwjgl_ascend/3.3.3-snapshot/x64/liblwjgl_stb.so
78d127217000-78d127223000 r--p 0006a000 00:27 2043                       /tmp/lwjgl_ascend/3.3.3-snapshot/x64/liblwjgl_stb.so
78d127223000-78d127224000 r--p 00075000 00:27 2043                       /tmp/lwjgl_ascend/3.3.3-snapshot/x64/liblwjgl_stb.so
78d127224000-78d127225000 rw-p 00076000 00:27 2043                       /tmp/lwjgl_ascend/3.3.3-snapshot/x64/liblwjgl_stb.so
78d127225000-78d1272a5000 rw-s 00000000 00:05 1137                       /dev/nvidiactl
78d1272a5000-78d1272a9000 ---p 00000000 00:00 0 
78d1272a9000-78d1273a5000 rw-p 00000000 00:00 0 
78d1273a5000-78d127425000 rw-s 00000000 00:05 1137                       /dev/nvidiactl
78d127425000-78d127465000 rw-s 00000000 00:05 1137                       /dev/nvidiactl
78d127465000-78d1274e5000 rw-s 00000000 00:05 1138                       /dev/nvidia0
78d1274e5000-78d12772a000 rw-s 00000000 00:01 3073                       /memfd:/.nvidia_drv.XXXXXX (deleted)
78d12772a000-78d127739000 r--p 00000000 103:07 3941541                   /usr/lib/x86_64-linux-gnu/libgcrypt.so.20.3.4
78d127739000-78d127821000 r-xp 0000f000 103:07 3941541                   /usr/lib/x86_64-linux-gnu/libgcrypt.so.20.3.4
78d127821000-78d12785f000 r--p 000f7000 103:07 3941541                   /usr/lib/x86_64-linux-gnu/libgcrypt.so.20.3.4
78d12785f000-78d127860000 ---p 00135000 103:07 3941541                   /usr/lib/x86_64-linux-gnu/libgcrypt.so.20.3.4
78d127860000-78d127863000 r--p 00135000 103:07 3941541                   /usr/lib/x86_64-linux-gnu/libgcrypt.so.20.3.4
78d127863000-78d127869000 rw-p 00138000 103:07 3941541                   /usr/lib/x86_64-linux-gnu/libgcrypt.so.20.3.4
78d127869000-78d12786a000 rw-p 00000000 00:00 0 
78d12786a000-78d127874000 r--p 00000000 103:07 3960519                   /usr/lib/x86_64-linux-gnu/libzstd.so.1.4.8
78d127874000-78d127926000 r-xp 0000a000 103:07 3960519                   /usr/lib/x86_64-linux-gnu/libzstd.so.1.4.8
78d127926000-78d127937000 r--p 000bc000 103:07 3960519                   /usr/lib/x86_64-linux-gnu/libzstd.so.1.4.8
78d127937000-78d127938000 r--p 000cc000 103:07 3960519                   /usr/lib/x86_64-linux-gnu/libzstd.so.1.4.8
78d127938000-78d127939000 rw-p 000cd000 103:07 3960519                   /usr/lib/x86_64-linux-gnu/libzstd.so.1.4.8
78d127939000-78d12794c000 r--p 00000000 103:07 3935019                   /usr/lib/x86_64-linux-gnu/libsystemd.so.0.32.0
78d12794c000-78d1279cb000 r-xp 00013000 103:07 3935019                   /usr/lib/x86_64-linux-gnu/libsystemd.so.0.32.0
78d1279cb000-78d1279f6000 r--p 00092000 103:07 3935019                   /usr/lib/x86_64-linux-gnu/libsystemd.so.0.32.0
78d1279f6000-78d1279f7000 ---p 000bd000 103:07 3935019                   /usr/lib/x86_64-linux-gnu/libsystemd.so.0.32.0
78d1279f7000-78d1279fe000 r--p 000bd000 103:07 3935019                   /usr/lib/x86_64-linux-gnu/libsystemd.so.0.32.0
78d1279fe000-78d1279ff000 rw-p 000c4000 103:07 3935019                   /usr/lib/x86_64-linux-gnu/libsystemd.so.0.32.0
78d1279ff000-78d127a00000 rw-p 00000000 00:00 0 
78d127a00000-78d127cab000 r--p 00000000 103:07 3936416                   /usr/lib/x86_64-linux-gnu/libnvidia-gpucomp.so.580.178.04
78d127cab000-78d12ad99000 r-xp 002ab000 103:07 3936416                   /usr/lib/x86_64-linux-gnu/libnvidia-gpucomp.so.580.178.04
78d12ad99000-78d12bc09000 r--p 03399000 103:07 3936416                   /usr/lib/x86_64-linux-gnu/libnvidia-gpucomp.so.580.178.04
78d12bc09000-78d12bc0a000 ---p 04209000 103:07 3936416                   /usr/lib/x86_64-linux-gnu/libnvidia-gpucomp.so.580.178.04
78d12bc0a000-78d12bde1000 r--p 04209000 103:07 3936416                   /usr/lib/x86_64-linux-gnu/libnvidia-gpucomp.so.580.178.04
78d12bde1000-78d12beec000 rw-p 043e0000 103:07 3936416                   /usr/lib/x86_64-linux-gnu/libnvidia-gpucomp.so.580.178.04
78d12beec000-78d12bf8c000 rw-p 00000000 00:00 0 
78d12bf93000-78d12bf96000 r--p 00000000 103:07 3960431                   /usr/lib/x86_64-linux-gnu/libvorbis.so.0.4.9
78d12bf96000-78d12bfad000 r-xp 00003000 103:07 3960431                   /usr/lib/x86_64-linux-gnu/libvorbis.so.0.4.9
78d12bfad000-78d12bfbe000 r--p 0001a000 103:07 3960431                   /usr/lib/x86_64-linux-gnu/libvorbis.so.0.4.9
78d12bfbe000-78d12bfbf000 r--p 0002a000 103:07 3960431                   /usr/lib/x86_64-linux-gnu/libvorbis.so.0.4.9
78d12bfbf000-78d12bfc0000 rw-p 0002b000 103:07 3960431                   /usr/lib/x86_64-linux-gnu/libvorbis.so.0.4.9
78d12bfc0000-78d12c000000 rw-s 00000000 00:05 1137                       /dev/nvidiactl
78d12c000000-78d12c259000 r-xp 00000000 103:07 3936362                   /usr/lib/x86_64-linux-gnu/libnvidia-glcore.so.580.178.04
78d12c259000-78d12c27a000 rwxp 00259000 103:07 3936362                   /usr/lib/x86_64-linux-gnu/libnvidia-glcore.so.580.178.04
78d12c27a000-78d12c400000 r-xp 0027a000 103:07 3936362                   /usr/lib/x86_64-linux-gnu/libnvidia-glcore.so.580.178.04
78d12c400000-78d12d000000 r-xp 00400000 103:07 3936362                   /usr/lib/x86_64-linux-gnu/libnvidia-glcore.so.580.178.04
78d12d000000-78d12e17b000 r-xp 01000000 103:07 3936362                   /usr/lib/x86_64-linux-gnu/libnvidia-glcore.so.580.178.04
78d12e17b000-78d12e2f6000 r--p 0217a000 103:07 3936362                   /usr/lib/x86_64-linux-gnu/libnvidia-glcore.so.580.178.04
78d12e2f6000-78d12e359000 rw-p 022f5000 103:07 3936362                   /usr/lib/x86_64-linux-gnu/libnvidia-glcore.so.580.178.04
78d12e359000-78d12e379000 rw-p 00000000 00:00 0 
78d12e3c0000-78d12e400000 rw-s 00000000 00:05 1137                       /dev/nvidiactl
78d12e400000-78d12ec00000 rw-p 00000000 00:00 0 
78d12ec00000-78d12ed04000 r-xp 00000000 00:27 123595                     /tmp/sqlite-3.53.2.1-93e77036-0b50-4085-a654-bbb23abe0a22-libsqlitejdbc.so
78d12ed04000-78d12ef03000 ---p 00104000 00:27 123595                     /tmp/sqlite-3.53.2.1-93e77036-0b50-4085-a654-bbb23abe0a22-libsqlitejdbc.so
78d12ef03000-78d12ef0b000 rw-p 00103000 00:27 123595                     /tmp/sqlite-3.53.2.1-93e77036-0b50-4085-a654-bbb23abe0a22-libsqlitejdbc.so
78d12ef0c000-78d12ef0f000 r--p 00000000 103:07 3936475                   /usr/lib/x86_64-linux-gnu/libapparmor.so.1.8.2
78d12ef0f000-78d12ef18000 r-xp 00003000 103:07 3936475                   /usr/lib/x86_64-linux-gnu/libapparmor.so.1.8.2
78d12ef18000-78d12ef1f000 r--p 0000c000 103:07 3936475                   /usr/lib/x86_64-linux-gnu/libapparmor.so.1.8.2
78d12ef1f000-78d12ef20000 r--p 00012000 103:07 3936475                   /usr/lib/x86_64-linux-gnu/libapparmor.so.1.8.2
78d12ef20000-78d12ef21000 rw-p 00013000 103:07 3936475                   /usr/lib/x86_64-linux-gnu/libapparmor.so.1.8.2
78d12ef21000-78d12ef25000 r--p 00000000 103:07 3935819                   /usr/lib/x86_64-linux-gnu/libnvidia-allocator.so.580.178.04
78d12ef25000-78d12ef3e000 r-xp 00004000 103:07 3935819                   /usr/lib/x86_64-linux-gnu/libnvidia-allocator.so.580.178.04
78d12ef3e000-78d12ef49000 r--p 0001d000 103:07 3935819                   /usr/lib/x86_64-linux-gnu/libnvidia-allocator.so.580.178.04
78d12ef49000-78d12ef4a000 r--p 00027000 103:07 3935819                   /usr/lib/x86_64-linux-gnu/libnvidia-allocator.so.580.178.04
78d12ef4a000-78d12ef4b000 rw-p 00028000 103:07 3935819                   /usr/lib/x86_64-linux-gnu/libnvidia-allocator.so.580.178.04
78d12ef4b000-78d12ef4d000 rw-p 00000000 00:00 0 
78d12ef4d000-78d12ef52000 r--p 00000000 103:07 3959774                   /usr/lib/x86_64-linux-gnu/libdrm.so.2.4.0
78d12ef52000-78d12ef5d000 r-xp 00005000 103:07 3959774                   /usr/lib/x86_64-linux-gnu/libdrm.so.2.4.0
78d12ef5d000-78d12ef61000 r--p 00010000 103:07 3959774                   /usr/lib/x86_64-linux-gnu/libdrm.so.2.4.0
78d12ef61000-78d12ef62000 ---p 00014000 103:07 3959774                   /usr/lib/x86_64-linux-gnu/libdrm.so.2.4.0
78d12ef62000-78d12ef63000 r--p 00014000 103:07 3959774                   /usr/lib/x86_64-linux-gnu/libdrm.so.2.4.0
78d12ef63000-78d12ef64000 rw-p 00015000 103:07 3959774                   /usr/lib/x86_64-linux-gnu/libdrm.so.2.4.0
78d12ef64000-78d12ef74000 r--p 00000000 103:07 3936386                   /usr/lib/x86_64-linux-gnu/libnvidia-glsi.so.580.178.04
78d12ef74000-78d12efd4000 r-xp 00010000 103:07 3936386                   /usr/lib/x86_64-linux-gnu/libnvidia-glsi.so.580.178.04
78d12efd4000-78d12eff1000 r--p 00070000 103:07 3936386                   /usr/lib/x86_64-linux-gnu/libnvidia-glsi.so.580.178.04
78d12eff1000-78d12eff7000 r--p 0008c000 103:07 3936386                   /usr/lib/x86_64-linux-gnu/libnvidia-glsi.so.580.178.04
78d12eff7000-78d12eff8000 rw-p 00092000 103:07 3936386                   /usr/lib/x86_64-linux-gnu/libnvidia-glsi.so.580.178.04
78d12eff8000-78d12f5b0000 rw-p 00000000 00:00 0 
78d12f5b0000-78d12f6f0000 rw-p 00000000 00:00 0 
78d12f6f0000-78d12f970000 rw-p 00000000 00:00 0 
78d12f970000-78d12f9f0000 rw-p 00000000 00:00 0 
78d12f9f0000-78d12faf0000 rw-p 00000000 00:00 0 
78d12faf0000-78d12fbf0000 rw-p 00000000 00:00 0 
78d12fbf0000-78d12fcf0000 rw-p 00000000 00:00 0 
78d12fcf0000-78d12fdf0000 rw-p 00000000 00:00 0 
78d12fdf0000-78d12ff70000 rw-p 00000000 00:00 0 
78d12ff70000-78d12fff0000 rw-p 00000000 00:00 0 
78d12fff0000-78d1300f0000 rw-p 00000000 00:00 0 
78d1300f0000-78d1301f0000 rw-p 00000000 00:00 0 
78d1301f0000-78d1304f0000 rw-p 00000000 00:00 0 
78d1304f0000-78d1305f0000 rw-p 00000000 00:00 0 
78d1305f0000-78d1309f0000 rw-p 00000000 00:00 0 
78d1309f0000-78d131ef0000 rw-p 00000000 00:00 0 
78d131ef0000-78d131ff0000 rw-p 00000000 00:00 0 
78d131ff0000-78d132d90000 rw-p 00000000 00:00 0 
78d132d90000-78d132db0000 rw-p 00000000 00:00 0 
78d132db0000-78d132f70000 rw-p 00000000 00:00 0 
78d132f70000-78d133000000 rw-p 00000000 00:00 0 
78d133005000-78d133007000 r--p 00000000 103:07 3960172                   /usr/lib/x86_64-linux-gnu/libogg.so.0.8.5
78d133007000-78d13300a000 r-xp 00002000 103:07 3960172                   /usr/lib/x86_64-linux-gnu/libogg.so.0.8.5
78d13300a000-78d13300d000 r--p 00005000 103:07 3960172                   /usr/lib/x86_64-linux-gnu/libogg.so.0.8.5
78d13300d000-78d13300e000 ---p 00008000 103:07 3960172                   /usr/lib/x86_64-linux-gnu/libogg.so.0.8.5
78d13300e000-78d13300f000 r--p 00008000 103:07 3960172                   /usr/lib/x86_64-linux-gnu/libogg.so.0.8.5
78d13300f000-78d133010000 rw-p 00009000 103:07 3960172                   /usr/lib/x86_64-linux-gnu/libogg.so.0.8.5
78d133010000-78d133014000 r--p 00000000 103:07 3959889                   /usr/lib/x86_64-linux-gnu/libgpg-error.so.0.32.1
78d133014000-78d13302a000 r-xp 00004000 103:07 3959889                   /usr/lib/x86_64-linux-gnu/libgpg-error.so.0.32.1
78d13302a000-78d133034000 r--p 0001a000 103:07 3959889                   /usr/lib/x86_64-linux-gnu/libgpg-error.so.0.32.1
78d133034000-78d133035000 r--p 00023000 103:07 3959889                   /usr/lib/x86_64-linux-gnu/libgpg-error.so.0.32.1
78d133035000-78d133036000 rw-p 00024000 103:07 3959889                   /usr/lib/x86_64-linux-gnu/libgpg-error.so.0.32.1
78d133036000-78d133038000 r--p 00000000 103:07 3960073                   /usr/lib/x86_64-linux-gnu/liblz4.so.1.9.3
78d133038000-78d133051000 r-xp 00002000 103:07 3960073                   /usr/lib/x86_64-linux-gnu/liblz4.so.1.9.3
78d133051000-78d133053000 r--p 0001b000 103:07 3960073                   /usr/lib/x86_64-linux-gnu/liblz4.so.1.9.3
78d133053000-78d133054000 ---p 0001d000 103:07 3960073                   /usr/lib/x86_64-linux-gnu/liblz4.so.1.9.3
78d133054000-78d133055000 r--p 0001d000 103:07 3960073                   /usr/lib/x86_64-linux-gnu/liblz4.so.1.9.3
78d133055000-78d133056000 rw-p 0001e000 103:07 3960073                   /usr/lib/x86_64-linux-gnu/liblz4.so.1.9.3
78d133056000-78d1330a7000 r--p 00000000 103:07 3935997                   /usr/lib/x86_64-linux-gnu/libGLX_nvidia.so.580.178.04
78d1330a7000-78d133104000 r-xp 00051000 103:07 3935997                   /usr/lib/x86_64-linux-gnu/libGLX_nvidia.so.580.178.04
78d133104000-78d133139000 rwxp 000ae000 103:07 3935997                   /usr/lib/x86_64-linux-gnu/libGLX_nvidia.so.580.178.04
78d133139000-78d13313a000 r-xp 000e3000 103:07 3935997                   /usr/lib/x86_64-linux-gnu/libGLX_nvidia.so.580.178.04
78d13313a000-78d13315a000 r--p 000e4000 103:07 3935997                   /usr/lib/x86_64-linux-gnu/libGLX_nvidia.so.580.178.04
78d13315a000-78d13317a000 r--p 00103000 103:07 3935997                   /usr/lib/x86_64-linux-gnu/libGLX_nvidia.so.580.178.04
78d13317a000-78d13317f000 rw-p 00123000 103:07 3935997                   /usr/lib/x86_64-linux-gnu/libGLX_nvidia.so.580.178.04
78d13317f000-78d133181000 rw-p 00000000 00:00 0 
78d133181000-78d133189000 r--p 00000000 00:27 2042                       /tmp/lwjgl_ascend/3.3.3-snapshot/x64/libjemalloc.so
78d133189000-78d1331de000 r-xp 00008000 00:27 2042                       /tmp/lwjgl_ascend/3.3.3-snapshot/x64/libjemalloc.so
78d1331de000-78d1331ee000 r--p 0005d000 00:27 2042                       /tmp/lwjgl_ascend/3.3.3-snapshot/x64/libjemalloc.so
78d1331ee000-78d1331ef000 ---p 0006d000 00:27 2042                       /tmp/lwjgl_ascend/3.3.3-snapshot/x64/libjemalloc.so
78d1331ef000-78d1331f5000 r--p 0006d000 00:27 2042                       /tmp/lwjgl_ascend/3.3.3-snapshot/x64/libjemalloc.so
78d1331f5000-78d1331f6000 rw-p 00073000 00:27 2042                       /tmp/lwjgl_ascend/3.3.3-snapshot/x64/libjemalloc.so
78d1331f6000-78d133400000 rw-p 00000000 00:00 0 
78d133400000-78d1334ef000 r-xp 00000000 00:27 123593                     /tmp/libzstd-jni_dh-1.5.7-126946976082552827726.so (deleted)
78d1334ef000-78d1336ee000 ---p 000ef000 00:27 123593                     /tmp/libzstd-jni_dh-1.5.7-126946976082552827726.so (deleted)
78d1336ee000-78d1336ef000 r--p 000ee000 00:27 123593                     /tmp/libzstd-jni_dh-1.5.7-126946976082552827726.so (deleted)
78d1336ef000-78d1336f0000 rw-p 000ef000 00:27 123593                     /tmp/libzstd-jni_dh-1.5.7-126946976082552827726.so (deleted)
78d1336f4000-78d1336ff000 r--p 00000000 103:07 3959748                   /usr/lib/x86_64-linux-gnu/libdbus-1.so.3.19.13
78d1336ff000-78d13372d000 r-xp 0000b000 103:07 3959748                   /usr/lib/x86_64-linux-gnu/libdbus-1.so.3.19.13
78d13372d000-78d13373f000 r--p 00039000 103:07 3959748                   /usr/lib/x86_64-linux-gnu/libdbus-1.so.3.19.13
78d13373f000-78d133740000 ---p 0004b000 103:07 3959748                   /usr/lib/x86_64-linux-gnu/libdbus-1.so.3.19.13
78d133740000-78d133741000 r--p 0004b000 103:07 3959748                   /usr/lib/x86_64-linux-gnu/libdbus-1.so.3.19.13
78d133741000-78d133742000 rw-p 0004c000 103:07 3959748                   /usr/lib/x86_64-linux-gnu/libdbus-1.so.3.19.13
78d133742000-78d134000000 rw-p 00000000 00:00 0 
78d134000000-78d134bac000 rw-p 00000000 00:00 0 
78d134bac000-78d138000000 ---p 00000000 00:00 0 
78d138000000-78d138d31000 rw-p 00000000 00:00 0 
78d138d31000-78d13c000000 ---p 00000000 00:00 0 
78d13c000000-78d13c4ce000 rw-p 00000000 00:00 0 
78d13c4ce000-78d140000000 ---p 00000000 00:00 0 
78d140000000-78d140958000 rw-p 00000000 00:00 0 
78d140958000-78d144000000 ---p 00000000 00:00 0 
78d144000000-78d144ea5000 rw-p 00000000 00:00 0 
78d144ea5000-78d148000000 ---p 00000000 00:00 0 
78d148000000-78d1491b8000 rw-p 00000000 00:00 0 
78d1491b8000-78d14c000000 ---p 00000000 00:00 0 
78d14c000000-78d14c9cc000 rw-p 00000000 00:00 0 
78d14c9cc000-78d150000000 ---p 00000000 00:00 0 
78d150000000-78d15145c000 rw-p 00000000 00:00 0 
78d15145c000-78d154000000 ---p 00000000 00:00 0 
78d154000000-78d15579a000 rw-p 00000000 00:00 0 
78d15579a000-78d158000000 ---p 00000000 00:00 0 
78d158000000-78d1581d3000 rw-p 00000000 00:00 0 
78d1581d3000-78d15c000000 ---p 00000000 00:00 0 
78d15c000000-78d15c948000 rw-p 00000000 00:00 0 
78d15c948000-78d160000000 ---p 00000000 00:00 0 
78d160000000-78d1602a7000 rw-p 00000000 00:00 0 
78d1602a7000-78d164000000 ---p 00000000 00:00 0 
78d164000000-78d164a7e000 rw-p 00000000 00:00 0 
78d164a7e000-78d168000000 ---p 00000000 00:00 0 
78d168000000-78d169215000 rw-p 00000000 00:00 0 
78d169215000-78d16c000000 ---p 00000000 00:00 0 
78d16c000000-78d16d980000 rw-p 00000000 00:00 0 
78d16d980000-78d170000000 ---p 00000000 00:00 0 
78d170000000-78d171075000 rw-p 00000000 00:00 0 
78d171075000-78d174000000 ---p 00000000 00:00 0 
78d174000000-78d175cd0000 rw-p 00000000 00:00 0 
78d175cd0000-78d178000000 ---p 00000000 00:00 0 
78d178000000-78d17907f000 rw-p 00000000 00:00 0 
78d17907f000-78d17c000000 ---p 00000000 00:00 0 
78d17c000000-78d17c46e000 rw-p 00000000 00:00 0 
78d17c46e000-78d180000000 ---p 00000000 00:00 0 
78d180000000-78d18100f000 rw-p 00000000 00:00 0 
78d18100f000-78d184000000 ---p 00000000 00:00 0 
78d184000000-78d18499c000 rw-p 00000000 00:00 0 
78d18499c000-78d188000000 ---p 00000000 00:00 0 
78d188000000-78d189de9000 rw-p 00000000 00:00 0 
78d189de9000-78d18c000000 ---p 00000000 00:00 0 
78d18c000000-78d18c68c000 rw-p 00000000 00:00 0 
78d18c68c000-78d190000000 ---p 00000000 00:00 0 
78d190000000-78d19043e000 rw-p 00000000 00:00 0 
78d19043e000-78d194000000 ---p 00000000 00:00 0 
78d194000000-78d194424000 rw-p 00000000 00:00 0 
78d194424000-78d198000000 ---p 00000000 00:00 0 
78d198000000-78d198da5000 rw-p 00000000 00:00 0 
78d198da5000-78d19c000000 ---p 00000000 00:00 0 
78d19c000000-78d19c69e000 rw-p 00000000 00:00 0 
78d19c69e000-78d1a0000000 ---p 00000000 00:00 0 
78d1a0000000-78d1a0441000 rw-p 00000000 00:00 0 
78d1a0441000-78d1a4000000 ---p 00000000 00:00 0 
78d1a4000000-78d1a4bed000 rw-p 00000000 00:00 0 
78d1a4bed000-78d1a8000000 ---p 00000000 00:00 0 
78d1a8000000-78d1a9073000 rw-p 00000000 00:00 0 
78d1a9073000-78d1ac000000 ---p 00000000 00:00 0 
78d1ac000000-78d1ad758000 rw-p 00000000 00:00 0 
78d1ad758000-78d1b0000000 ---p 00000000 00:00 0 
78d1b0000000-78d1b0243000 rw-p 00000000 00:00 0 
78d1b0243000-78d1b4000000 ---p 00000000 00:00 0 
78d1b4000000-78d1b53f2000 rw-p 00000000 00:00 0 
78d1b53f2000-78d1b8000000 ---p 00000000 00:00 0 
78d1b8000000-78d1b9463000 rw-p 00000000 00:00 0 
78d1b9463000-78d1bc000000 ---p 00000000 00:00 0 
78d1bc000000-78d1bcfbb000 rw-p 00000000 00:00 0 
78d1bcfbb000-78d1c0000000 ---p 00000000 00:00 0 
78d1c0000000-78d1c1444000 rw-p 00000000 00:00 0 
78d1c1444000-78d1c4000000 ---p 00000000 00:00 0 
78d1c4000000-78d1c43f9000 rw-p 00000000 00:00 0 
78d1c43f9000-78d1c8000000 ---p 00000000 00:00 0 
78d1c8000000-78d1c9147000 rw-p 00000000 00:00 0 
78d1c9147000-78d1cc000000 ---p 00000000 00:00 0 
78d1cc000000-78d1cdc5b000 rw-p 00000000 00:00 0 
78d1cdc5b000-78d1d0000000 ---p 00000000 00:00 0 
78d1d0000000-78d1d19c1000 rw-p 00000000 00:00 0 
78d1d19c1000-78d1d4000000 ---p 00000000 00:00 0 
78d1d4000000-78d1d4ba2000 rw-p 00000000 00:00 0 
78d1d4ba2000-78d1d8000000 ---p 00000000 00:00 0 
78d1d8000000-78d1d827e000 rw-p 00000000 00:00 0 
78d1d827e000-78d1dc000000 ---p 00000000 00:00 0 
78d1dc000000-78d1dfc37000 rw-p 00000000 00:00 0 
78d1dfc37000-78d1e0000000 ---p 00000000 00:00 0 
78d1e0000000-78d1e0ff1000 rw-p 00000000 00:00 0 
78d1e0ff1000-78d1e4000000 ---p 00000000 00:00 0 
78d1e4000000-78d1e5a69000 rw-p 00000000 00:00 0 
78d1e5a69000-78d1e8000000 ---p 00000000 00:00 0 
78d1e8000000-78d1e8ecb000 rw-p 00000000 00:00 0 
78d1e8ecb000-78d1ec000000 ---p 00000000 00:00 0 
78d1ec000000-78d1ed060000 rw-p 00000000 00:00 0 
78d1ed060000-78d1f0000000 ---p 00000000 00:00 0 
78d1f0000000-78d1f033a000 rw-p 00000000 00:00 0 
78d1f033a000-78d1f4000000 ---p 00000000 00:00 0 
78d1f4000000-78d1f73c7000 rw-p 00000000 00:00 0 
78d1f73c7000-78d1f8000000 ---p 00000000 00:00 0 
78d1f8000000-78d1f823d000 rw-p 00000000 00:00 0 
78d1f823d000-78d1fc000000 ---p 00000000 00:00 0 
78d1fc000000-78d1fc3f0000 rw-p 00000000 00:00 0 
78d1fc3f0000-78d1fc770000 rw-p 00000000 00:00 0 
78d1fc770000-78d1fc8f0000 rw-p 00000000 00:00 0 
78d1fc8f0000-78d1fc970000 rw-p 00000000 00:00 0 
78d1fc970000-78d1fc9f0000 rw-p 00000000 00:00 0 
78d1fc9f0000-78d1fcaf0000 rw-p 00000000 00:00 0 
78d1fcaf0000-78d1fcbf0000 rw-p 00000000 00:00 0 
78d1fcbf0000-78d1fcdb0000 rw-p 00000000 00:00 0 
78d1fcdb0000-78d1fcdf0000 rw-p 00000000 00:00 0 
78d1fcdf0000-78d1fcef0000 rw-p 00000000 00:00 0 
78d1fcef0000-78d1fcff0000 rw-p 00000000 00:00 0 
78d1fcff0000-78d1fd3d0000 rw-p 00000000 00:00 0 
78d1fd3d0000-78d1fd3f0000 rw-p 00000000 00:00 0 
78d1fd3f0000-78d1fd5b0000 rw-p 00000000 00:00 0 
78d1fd5b0000-78d1fd5f0000 rw-p 00000000 00:00 0 
78d1fd5f0000-78d1fdaf0000 rw-p 00000000 00:00 0 
78d1fdaf0000-78d1fdbf0000 rw-p 00000000 00:00 0 
78d1fdbf0000-78d1fe3f0000 rw-p 00000000 00:00 0 
78d1fe3f0000-78d1fecd0000 rw-p 00000000 00:00 0 
78d1fecd0000-78d1fed10000 rw-p 00000000 00:00 0 
78d1fed10000-78d200000000 rw-p 00000000 00:00 0 
78d200000000-78d2038f2000 rw-p 00000000 00:00 0 
78d2038f2000-78d204000000 ---p 00000000 00:00 0 
78d204001000-78d204014000 rw-s 00000000 00:05 1137                       /dev/nvidiactl
78d204014000-78d204017000 r--p 00000000 103:07 3951219                   /usr/lib/x86_64-linux-gnu/liblzma.so.5.2.5
78d204017000-78d204032000 r-xp 00003000 103:07 3951219                   /usr/lib/x86_64-linux-gnu/liblzma.so.5.2.5
78d204032000-78d20403d000 r--p 0001e000 103:07 3951219                   /usr/lib/x86_64-linux-gnu/liblzma.so.5.2.5
78d20403d000-78d20403e000 r--p 00028000 103:07 3951219                   /usr/lib/x86_64-linux-gnu/liblzma.so.5.2.5
78d20403e000-78d20403f000 rw-p 00029000 103:07 3951219                   /usr/lib/x86_64-linux-gnu/liblzma.so.5.2.5
78d204060000-78d204061000 r--p 00000000 00:00 0 
78d204061000-78d2040a1000 r--p 00000000 103:07 3959312                   /usr/lib/x86_64-linux-gnu/libGLdispatch.so.0.0.0
78d2040a1000-78d2040a4000 r-xp 00040000 103:07 3959312                   /usr/lib/x86_64-linux-gnu/libGLdispatch.so.0.0.0
78d2040a4000-78d2040df000 r-xp 00043000 103:07 3959312                   /usr/lib/x86_64-linux-gnu/libGLdispatch.so.0.0.0
78d2040df000-78d2040e0000 r-xp 0007e000 103:07 3959312                   /usr/lib/x86_64-linux-gnu/libGLdispatch.so.0.0.0
78d2040e0000-78d2040f3000 r--p 0007f000 103:07 3959312                   /usr/lib/x86_64-linux-gnu/libGLdispatch.so.0.0.0
78d2040f3000-78d2040f4000 ---p 00092000 103:07 3959312                   /usr/lib/x86_64-linux-gnu/libGLdispatch.so.0.0.0
78d2040f4000-78d204110000 r--p 00092000 103:07 3959312                   /usr/lib/x86_64-linux-gnu/libGLdispatch.so.0.0.0
78d204110000-78d204111000 rw-p 000ae000 103:07 3959312                   /usr/lib/x86_64-linux-gnu/libGLdispatch.so.0.0.0
78d204111000-78d204119000 rw-p 00000000 00:00 0 
78d204119000-78d204132000 r--p 00000000 103:07 3959535                   /usr/lib/x86_64-linux-gnu/libX11.so.6.4.0
78d204132000-78d2041be000 r-xp 00019000 103:07 3959535                   /usr/lib/x86_64-linux-gnu/libX11.so.6.4.0
78d2041be000-78d204253000 r--p 000a5000 103:07 3959535                   /usr/lib/x86_64-linux-gnu/libX11.so.6.4.0
78d204253000-78d204254000 ---p 0013a000 103:07 3959535                   /usr/lib/x86_64-linux-gnu/libX11.so.6.4.0
78d204254000-78d204255000 r--p 0013a000 103:07 3959535                   /usr/lib/x86_64-linux-gnu/libX11.so.6.4.0
78d204255000-78d204259000 rw-p 0013b000 103:07 3959535                   /usr/lib/x86_64-linux-gnu/libX11.so.6.4.0
78d204259000-78d20425a000 ---p 00000000 00:00 0 
78d20425a000-78d20435a000 rw-p 00000000 00:00 0 
78d20435a000-78d20435b000 ---p 00000000 00:00 0 
78d20435b000-78d20445b000 rw-p 00000000 00:00 0 
78d20445b000-78d20445c000 rw-p 00000000 00:00 0 
78d20445c000-78d20445d000 r-xp 00000000 00:27 123598                     /tmp/ffioRN8DI (deleted)
78d20445d000-78d20445e000 rw-p 00000000 00:00 0 
78d20445e000-78d204460000 r--p 00000000 103:07 3959648                   /usr/lib/x86_64-linux-gnu/libasyncns.so.0.3.1
78d204460000-78d204463000 r-xp 00002000 103:07 3959648                   /usr/lib/x86_64-linux-gnu/libasyncns.so.0.3.1
78d204463000-78d204464000 r--p 00005000 103:07 3959648                   /usr/lib/x86_64-linux-gnu/libasyncns.so.0.3.1
78d204464000-78d204465000 r--p 00005000 103:07 3959648                   /usr/lib/x86_64-linux-gnu/libasyncns.so.0.3.1
78d204465000-78d204466000 rw-p 00006000 103:07 3959648                   /usr/lib/x86_64-linux-gnu/libasyncns.so.0.3.1
78d204466000-78d204469000 rw-s 00000000 00:05 1137                       /dev/nvidiactl
78d204469000-78d20446b000 r--p 00000000 103:07 3960473                   /usr/lib/x86_64-linux-gnu/libxcb-dri3.so.0.0.0
78d20446b000-78d20446d000 r-xp 00002000 103:07 3960473                   /usr/lib/x86_64-linux-gnu/libxcb-dri3.so.0.0.0
78d20446d000-78d20446e000 r--p 00004000 103:07 3960473                   /usr/lib/x86_64-linux-gnu/libxcb-dri3.so.0.0.0
78d20446e000-78d20446f000 r--p 00004000 103:07 3960473                   /usr/lib/x86_64-linux-gnu/libxcb-dri3.so.0.0.0
78d20446f000-78d204470000 rw-p 00005000 103:07 3960473                   /usr/lib/x86_64-linux-gnu/libxcb-dri3.so.0.0.0
78d204470000-78d20447b000 r--p 00000000 103:07 3960474                   /usr/lib/x86_64-linux-gnu/libxcb-glx.so.0.0.0
78d20447b000-78d204484000 r-xp 0000b000 103:07 3960474                   /usr/lib/x86_64-linux-gnu/libxcb-glx.so.0.0.0
78d204484000-78d204489000 r--p 00014000 103:07 3960474                   /usr/lib/x86_64-linux-gnu/libxcb-glx.so.0.0.0
78d204489000-78d20448a000 ---p 00019000 103:07 3960474                   /usr/lib/x86_64-linux-gnu/libxcb-glx.so.0.0.0
78d20448a000-78d20448c000 r--p 00019000 103:07 3960474                   /usr/lib/x86_64-linux-gnu/libxcb-glx.so.0.0.0
78d20448c000-78d20448d000 rw-p 0001b000 103:07 3960474                   /usr/lib/x86_64-linux-gnu/libxcb-glx.so.0.0.0
78d20448d000-78d20449b000 r--p 00000000 00:27 2041                       /tmp/lwjgl_ascend/3.3.3-snapshot/x64/libglfw.so
78d20449b000-78d2044ba000 r-xp 0000e000 00:27 2041                       /tmp/lwjgl_ascend/3.3.3-snapshot/x64/libglfw.so
78d2044ba000-78d2044ed000 r--p 0002d000 00:27 2041                       /tmp/lwjgl_ascend/3.3.3-snapshot/x64/libglfw.so
78d2044ed000-78d2044ee000 ---p 00060000 00:27 2041                       /tmp/lwjgl_ascend/3.3.3-snapshot/x64/libglfw.so
78d2044ee000-78d2044f1000 r--p 00060000 00:27 2041                       /tmp/lwjgl_ascend/3.3.3-snapshot/x64/libglfw.so
78d2044f1000-78d2044f4000 rw-p 00063000 00:27 2041                       /tmp/lwjgl_ascend/3.3.3-snapshot/x64/libglfw.so
78d2044f4000-78d204517000 rw-p 00000000 00:00 0 
78d204517000-78d204535000 r--p 00000000 103:07 17301641                  /usr/lib/jvm/java-21-openjdk-amd64/lib/libawt.so
78d204535000-78d2045c2000 r-xp 0001e000 103:07 17301641                  /usr/lib/jvm/java-21-openjdk-amd64/lib/libawt.so
78d2045c2000-78d2045cf000 r--p 000ab000 103:07 17301641                  /usr/lib/jvm/java-21-openjdk-amd64/lib/libawt.so
78d2045cf000-78d2045d0000 r--p 000b7000 103:07 17301641                  /usr/lib/jvm/java-21-openjdk-amd64/lib/libawt.so
78d2045d0000-78d2045db000 rw-p 000b8000 103:07 17301641                  /usr/lib/jvm/java-21-openjdk-amd64/lib/libawt.so
78d2045db000-78d204600000 rw-p 00000000 00:00 0 
78d204600000-78d20461e000 r-xp 00000000 103:07 3712609                   /home/ascend/.cache/JNA/temp/jna9164283064421114942.tmp (deleted)
78d20461e000-78d20481d000 ---p 0001e000 103:07 3712609                   /home/ascend/.cache/JNA/temp/jna9164283064421114942.tmp (deleted)
78d20481d000-78d20481e000 rw-p 0001d000 103:07 3712609                   /home/ascend/.cache/JNA/temp/jna9164283064421114942.tmp (deleted)
78d20481e000-78d20481f000 rw-p 00000000 00:00 0 
78d20481f000-78d204820000 r--p 00000000 103:07 4344363                   /usr/share/locale-langpack/en_AU/LC_MESSAGES/pulseaudio.mo
78d204824000-78d20482b000 r--p 00000000 103:07 3960479                   /usr/lib/x86_64-linux-gnu/libxcb-randr.so.0.1.0
78d20482b000-78d204831000 r-xp 00007000 103:07 3960479                   /usr/lib/x86_64-linux-gnu/libxcb-randr.so.0.1.0
78d204831000-78d204834000 r--p 0000d000 103:07 3960479                   /usr/lib/x86_64-linux-gnu/libxcb-randr.so.0.1.0
78d204834000-78d204835000 ---p 00010000 103:07 3960479                   /usr/lib/x86_64-linux-gnu/libxcb-randr.so.0.1.0
78d204835000-78d204836000 r--p 00010000 103:07 3960479                   /usr/lib/x86_64-linux-gnu/libxcb-randr.so.0.1.0
78d204836000-78d204837000 rw-p 00011000 103:07 3960479                   /usr/lib/x86_64-linux-gnu/libxcb-randr.so.0.1.0
78d204837000-78d204838000 r--p 00000000 103:07 3936921                   /usr/lib/x86_64-linux-gnu/libnvidia-tls.so.580.178.04
78d204838000-78d20483a000 r-xp 00001000 103:07 3936921                   /usr/lib/x86_64-linux-gnu/libnvidia-tls.so.580.178.04
78d20483a000-78d20483b000 r--p 00003000 103:07 3936921                   /usr/lib/x86_64-linux-gnu/libnvidia-tls.so.580.178.04
78d20483b000-78d20483c000 r--p 00003000 103:07 3936921                   /usr/lib/x86_64-linux-gnu/libnvidia-tls.so.580.178.04
78d20483c000-78d20483d000 rw-p 00004000 103:07 3936921                   /usr/lib/x86_64-linux-gnu/libnvidia-tls.so.580.178.04
78d20483d000-78d204840000 r--p 00000000 103:07 3959310                   /usr/lib/x86_64-linux-gnu/libGLX.so.0.0.0
78d204840000-78d20485b000 r-xp 00003000 103:07 3959310                   /usr/lib/x86_64-linux-gnu/libGLX.so.0.0.0
78d20485b000-78d20485e000 r--p 0001e000 103:07 3959310                   /usr/lib/x86_64-linux-gnu/libGLX.so.0.0.0
78d20485e000-78d20485f000 ---p 00021000 103:07 3959310                   /usr/lib/x86_64-linux-gnu/libGLX.so.0.0.0
78d20485f000-78d204860000 r--p 00021000 103:07 3959310                   /usr/lib/x86_64-linux-gnu/libGLX.so.0.0.0
78d204860000-78d204861000 rw-p 00022000 103:07 3959310                   /usr/lib/x86_64-linux-gnu/libGLX.so.0.0.0
78d204861000-78d204871000 rw-p 00000000 00:00 0 
78d204871000-78d204873000 r--p 00000000 103:07 3959544                   /usr/lib/x86_64-linux-gnu/libXfixes.so.3.1.0
78d204873000-78d204876000 r-xp 00002000 103:07 3959544                   /usr/lib/x86_64-linux-gnu/libXfixes.so.3.1.0
78d204876000-78d204877000 r--p 00005000 103:07 3959544                   /usr/lib/x86_64-linux-gnu/libXfixes.so.3.1.0
78d204877000-78d204878000 r--p 00006000 103:07 3959544                   /usr/lib/x86_64-linux-gnu/libXfixes.so.3.1.0
78d204878000-78d204879000 rw-p 00007000 103:07 3959544                   /usr/lib/x86_64-linux-gnu/libXfixes.so.3.1.0
78d204879000-78d20487b000 r--p 00000000 103:07 3959540                   /usr/lib/x86_64-linux-gnu/libXcursor.so.1.0.2
78d20487b000-78d204881000 r-xp 00002000 103:07 3959540                   /usr/lib/x86_64-linux-gnu/libXcursor.so.1.0.2
78d204881000-78d204883000 r--p 00008000 103:07 3959540                   /usr/lib/x86_64-linux-gnu/libXcursor.so.1.0.2
78d204883000-78d204884000 r--p 00009000 103:07 3959540                   /usr/lib/x86_64-linux-gnu/libXcursor.so.1.0.2
78d204884000-78d204885000 rw-p 0000a000 103:07 3959540                   /usr/lib/x86_64-linux-gnu/libXcursor.so.1.0.2
78d204885000-78d204887000 r--p 00000000 103:07 3959553                   /usr/lib/x86_64-linux-gnu/libXrender.so.1.3.0
78d204887000-78d20488e000 r-xp 00002000 103:07 3959553                   /usr/lib/x86_64-linux-gnu/libXrender.so.1.3.0
78d20488e000-78d204890000 r--p 00009000 103:07 3959553                   /usr/lib/x86_64-linux-gnu/libXrender.so.1.3.0
78d204890000-78d204891000 r--p 0000a000 103:07 3959553                   /usr/lib/x86_64-linux-gnu/libXrender.so.1.3.0
78d204891000-78d204892000 rw-p 0000b000 103:07 3959553                   /usr/lib/x86_64-linux-gnu/libXrender.so.1.3.0
78d204892000-78d204893000 ---p 00000000 00:00 0 
78d204893000-78d204993000 rw-p 00000000 00:00 0 
78d204993000-78d204994000 ---p 00000000 00:00 0 
78d204994000-78d204a94000 rw-p 00000000 00:00 0 
78d204a94000-78d204a98000 ---p 00000000 00:00 0 
78d204a98000-78d204b94000 rw-p 00000000 00:00 0 
78d204d94000-78d204d98000 ---p 00000000 00:00 0 
78d204d98000-78d204e94000 rw-p 00000000 00:00 0 
78d204e94000-78d204e98000 ---p 00000000 00:00 0 
78d204e98000-78d204f94000 rw-p 00000000 00:00 0 
78d204f94000-78d204f98000 ---p 00000000 00:00 0 
78d204f98000-78d205094000 rw-p 00000000 00:00 0 
78d205094000-78d205098000 ---p 00000000 00:00 0 
78d205098000-78d205194000 rw-p 00000000 00:00 0 
78d205294000-78d205298000 ---p 00000000 00:00 0 
78d205298000-78d205394000 rw-p 00000000 00:00 0 
78d205394000-78d205398000 ---p 00000000 00:00 0 
78d205398000-78d205494000 rw-p 00000000 00:00 0 
78d205494000-78d205498000 ---p 00000000 00:00 0 
78d205498000-78d205594000 rw-p 00000000 00:00 0 
78d205594000-78d205598000 ---p 00000000 00:00 0 
78d205598000-78d205694000 rw-p 00000000 00:00 0 
78d205694000-78d205698000 ---p 00000000 00:00 0 
78d205698000-78d205794000 rw-p 00000000 00:00 0 
78d205794000-78d205798000 ---p 00000000 00:00 0 
78d205798000-78d205894000 rw-p 00000000 00:00 0 
78d205894000-78d205898000 ---p 00000000 00:00 0 
78d205898000-78d205994000 rw-p 00000000 00:00 0 
78d205994000-78d205998000 ---p 00000000 00:00 0 
78d205998000-78d205a94000 rw-p 00000000 00:00 0 
78d205a94000-78d205a98000 ---p 00000000 00:00 0 
78d205a98000-78d205b94000 rw-p 00000000 00:00 0 
78d205b94000-78d205b95000 ---p 00000000 00:00 0 
78d205b95000-78d205c95000 rw-p 00000000 00:00 0 
78d205c95000-78d205c96000 ---p 00000000 00:00 0 
78d205c96000-78d205d96000 rw-p 00000000 00:00 0 
78d205d96000-78d205d97000 ---p 00000000 00:00 0 
78d205d97000-78d205e97000 rw-p 00000000 00:00 0 
78d205e97000-78d205e98000 ---p 00000000 00:00 0 
78d205e98000-78d205f98000 rw-p 00000000 00:00 0 
78d205f98000-78d205f9a000 rw-s 00000000 00:01 9504093                    /memfd:/.glXXXXXX (deleted)
78d205f9a000-78d205f9b000 r--p 00000000 103:07 3959534                   /usr/lib/x86_64-linux-gnu/libX11-xcb.so.1.0.0
78d205f9b000-78d205f9c000 r-xp 00001000 103:07 3959534                   /usr/lib/x86_64-linux-gnu/libX11-xcb.so.1.0.0
78d205f9c000-78d205f9d000 r--p 00002000 103:07 3959534                   /usr/lib/x86_64-linux-gnu/libX11-xcb.so.1.0.0
78d205f9d000-78d205f9e000 r--p 00002000 103:07 3959534                   /usr/lib/x86_64-linux-gnu/libX11-xcb.so.1.0.0
78d205f9e000-78d205f9f000 rw-p 00003000 103:07 3959534                   /usr/lib/x86_64-linux-gnu/libX11-xcb.so.1.0.0
78d205f9f000-78d205fa1000 r--p 00000000 103:07 3959552                   /usr/lib/x86_64-linux-gnu/libXrandr.so.2.2.0
78d205fa1000-78d205fa8000 r-xp 00002000 103:07 3959552                   /usr/lib/x86_64-linux-gnu/libXrandr.so.2.2.0
78d205fa8000-78d205faa000 r--p 00009000 103:07 3959552                   /usr/lib/x86_64-linux-gnu/libXrandr.so.2.2.0
78d205faa000-78d205fab000 r--p 0000a000 103:07 3959552                   /usr/lib/x86_64-linux-gnu/libXrandr.so.2.2.0
78d205fab000-78d205fac000 rw-p 0000b000 103:07 3959552                   /usr/lib/x86_64-linux-gnu/libXrandr.so.2.2.0
78d205fac000-78d205faf000 r--p 00000000 103:07 3959547                   /usr/lib/x86_64-linux-gnu/libXi.so.6.1.0
78d205faf000-78d205fbb000 r-xp 00003000 103:07 3959547                   /usr/lib/x86_64-linux-gnu/libXi.so.6.1.0
78d205fbb000-78d205fbe000 r--p 0000f000 103:07 3959547                   /usr/lib/x86_64-linux-gnu/libXi.so.6.1.0
78d205fbe000-78d205fbf000 r--p 00011000 103:07 3959547                   /usr/lib/x86_64-linux-gnu/libXi.so.6.1.0
78d205fbf000-78d205fc0000 rw-p 00012000 103:07 3959547                   /usr/lib/x86_64-linux-gnu/libXi.so.6.1.0
78d205fc0000-78d205fc4000 r--p 00000000 103:07 3959543                   /usr/lib/x86_64-linux-gnu/libXext.so.6.4.0
78d205fc4000-78d205fcf000 r-xp 00004000 103:07 3959543                   /usr/lib/x86_64-linux-gnu/libXext.so.6.4.0
78d205fcf000-78d205fd3000 r--p 0000f000 103:07 3959543                   /usr/lib/x86_64-linux-gnu/libXext.so.6.4.0
78d205fd3000-78d205fd4000 r--p 00012000 103:07 3959543                   /usr/lib/x86_64-linux-gnu/libXext.so.6.4.0
78d205fd4000-78d205fd5000 rw-p 00013000 103:07 3959543                   /usr/lib/x86_64-linux-gnu/libXext.so.6.4.0
78d205fd5000-78d205fd7000 r--p 00000000 103:07 3960086                   /usr/lib/x86_64-linux-gnu/libmd.so.0.0.5
78d205fd7000-78d205fde000 r-xp 00002000 103:07 3960086                   /usr/lib/x86_64-linux-gnu/libmd.so.0.0.5
78d205fde000-78d205fe0000 r--p 00009000 103:07 3960086                   /usr/lib/x86_64-linux-gnu/libmd.so.0.0.5
78d205fe0000-78d205fe1000 r--p 0000a000 103:07 3960086                   /usr/lib/x86_64-linux-gnu/libmd.so.0.0.5
78d205fe1000-78d205fe2000 rw-p 0000b000 103:07 3960086                   /usr/lib/x86_64-linux-gnu/libmd.so.0.0.5
78d205fe2000-78d205fe6000 r--p 00000000 103:07 3959700                   /usr/lib/x86_64-linux-gnu/libbsd.so.0.11.5
78d205fe6000-78d205ff3000 r-xp 00004000 103:07 3959700                   /usr/lib/x86_64-linux-gnu/libbsd.so.0.11.5
78d205ff3000-78d205ff6000 r--p 00011000 103:07 3959700                   /usr/lib/x86_64-linux-gnu/libbsd.so.0.11.5
78d205ff6000-78d205ff7000 ---p 00014000 103:07 3959700                   /usr/lib/x86_64-linux-gnu/libbsd.so.0.11.5
78d205ff7000-78d205ff8000 r--p 00014000 103:07 3959700                   /usr/lib/x86_64-linux-gnu/libbsd.so.0.11.5
78d205ff8000-78d205ff9000 rw-p 00015000 103:07 3959700                   /usr/lib/x86_64-linux-gnu/libbsd.so.0.11.5
78d205ff9000-78d205ffa000 rw-p 00000000 00:00 0 
78d205ffa000-78d205ffb000 ---p 00000000 00:00 0 
78d205ffb000-78d2060fb000 rw-p 00000000 00:00 0 
78d2060fb000-78d2060fc000 ---p 00000000 00:00 0 
78d2060fc000-78d2061fc000 rw-p 00000000 00:00 0 
78d2061fc000-78d2061fd000 ---p 00000000 00:00 0 
78d2061fd000-78d2062fd000 rw-p 00000000 00:00 0 
78d2062fd000-78d2062fe000 ---p 00000000 00:00 0 
78d2062fe000-78d2063fe000 rw-p 00000000 00:00 0 
78d2063fe000-78d2063ff000 ---p 00000000 00:00 0 
78d2063ff000-78d2064ff000 rw-p 00000000 00:00 0 
78d2064ff000-78d206500000 ---p 00000000 00:00 0 
78d206500000-78d206600000 rw-p 00000000 00:00 0 
78d206600000-78d206604000 ---p 00000000 00:00 0 
78d206604000-78d206700000 rw-p 00000000 00:00 0 
78d206700000-78d206704000 ---p 00000000 00:00 0 
78d206704000-78d206800000 rw-p 00000000 00:00 0 
78d206800000-78d206804000 ---p 00000000 00:00 0 
78d206804000-78d206900000 rw-p 00000000 00:00 0 
78d206900000-78d206904000 ---p 00000000 00:00 0 
78d206904000-78d206a00000 rw-p 00000000 00:00 0 
78d206a00000-78d206a04000 ---p 00000000 00:00 0 
78d206a04000-78d206b00000 rw-p 00000000 00:00 0 
78d206b00000-78d206b04000 ---p 00000000 00:00 0 
78d206b04000-78d206c00000 rw-p 00000000 00:00 0 
78d206c00000-78d206c04000 ---p 00000000 00:00 0 
78d206c04000-78d206d00000 rw-p 00000000 00:00 0 
78d206d00000-78d206d04000 ---p 00000000 00:00 0 
78d206d04000-78d206e00000 rw-p 00000000 00:00 0 
78d206e00000-78d206e04000 ---p 00000000 00:00 0 
78d206e04000-78d206f00000 rw-p 00000000 00:00 0 
78d206f00000-78d206f04000 ---p 00000000 00:00 0 
78d206f04000-78d207000000 rw-p 00000000 00:00 0 
78d207000000-78d207c9c000 rw-p 00001000 103:07 17301678                  /usr/lib/jvm/java-21-openjdk-amd64/lib/server/classes.jsa
78d207c9c000-78d208000000 ---p 00000000 00:00 0 
78d208000000-78d208030000 rw-p 00000000 00:00 0 
78d208030000-78d2080f0000 rw-p 00000000 00:00 0 
78d2080f0000-78d208130000 rw-p 00000000 00:00 0 
78d208130000-78d208170000 rw-p 00000000 00:00 0 
78d208170000-78d208270000 rw-p 00000000 00:00 0 
78d208270000-78d208eb0000 rw-p 00000000 00:00 0 
78d208eb0000-78d208ef0000 rw-p 00000000 00:00 0 
78d208ef0000-78d208f70000 rw-p 00000000 00:00 0 
78d208f70000-78d2093f0000 rw-p 00000000 00:00 0 
78d2093f0000-78d2096f0000 rw-p 00000000 00:00 0 
78d2096f0000-78d209b50000 rw-p 00000000 00:00 0 
78d209b50000-78d248000000 ---p 00000000 00:00 0 
78d248000000-78d24a63d000 rw-p 00000000 00:00 0 
78d24a63d000-78d24c000000 ---p 00000000 00:00 0 
78d24c000000-78d24cfe4000 rw-p 00000000 00:00 0 
78d24cfe4000-78d250000000 ---p 00000000 00:00 0 
78d250000000-78d25131e000 rw-p 00000000 00:00 0 
78d25131e000-78d254000000 ---p 00000000 00:00 0 
78d254000000-78d254f3e000 rw-p 00000000 00:00 0 
78d254f3e000-78d258000000 ---p 00000000 00:00 0 
78d258000000-78d2585a1000 rw-p 00000000 00:00 0 
78d2585a1000-78d25c000000 ---p 00000000 00:00 0 
78d25c000000-78d25c001000 r--p 00000000 103:07 3959548                   /usr/lib/x86_64-linux-gnu/libXinerama.so.1.0.0
78d25c001000-78d25c002000 r-xp 00001000 103:07 3959548                   /usr/lib/x86_64-linux-gnu/libXinerama.so.1.0.0
78d25c002000-78d25c003000 r--p 00002000 103:07 3959548                   /usr/lib/x86_64-linux-gnu/libXinerama.so.1.0.0
78d25c003000-78d25c004000 r--p 00003000 103:07 3959548                   /usr/lib/x86_64-linux-gnu/libXinerama.so.1.0.0
78d25c004000-78d25c005000 rw-p 00004000 103:07 3959548                   /usr/lib/x86_64-linux-gnu/libXinerama.so.1.0.0
78d25c005000-78d25c010000 r--p 00000000 103:07 3960493                   /usr/lib/x86_64-linux-gnu/libxcb.so.1.1.0
78d25c010000-78d25c024000 r-xp 0000b000 103:07 3960493                   /usr/lib/x86_64-linux-gnu/libxcb.so.1.1.0
78d25c024000-78d25c02d000 r--p 0001f000 103:07 3960493                   /usr/lib/x86_64-linux-gnu/libxcb.so.1.1.0
78d25c02d000-78d25c02e000 r--p 00027000 103:07 3960493                   /usr/lib/x86_64-linux-gnu/libxcb.so.1.1.0
78d25c02e000-78d25c02f000 rw-p 00028000 103:07 3960493                   /usr/lib/x86_64-linux-gnu/libxcb.so.1.1.0
78d25c02f000-78d25c033000 ---p 00000000 00:00 0 
78d25c033000-78d25c12f000 rw-p 00000000 00:00 0 
78d25c12f000-78d25c134000 r--p 00000000 103:07 17301658                  /usr/lib/jvm/java-21-openjdk-amd64/lib/libjsvml.so
78d25c134000-78d25c175000 r-xp 00005000 103:07 17301658                  /usr/lib/jvm/java-21-openjdk-amd64/lib/libjsvml.so
78d25c175000-78d25c1fe000 r--p 00046000 103:07 17301658                  /usr/lib/jvm/java-21-openjdk-amd64/lib/libjsvml.so
78d25c1fe000-78d25c1ff000 r--p 000ce000 103:07 17301658                  /usr/lib/jvm/java-21-openjdk-amd64/lib/libjsvml.so
78d25c1ff000-78d25c200000 rw-p 000cf000 103:07 17301658                  /usr/lib/jvm/java-21-openjdk-amd64/lib/libjsvml.so
78d25c200000-78d25c204000 ---p 00000000 00:00 0 
78d25c204000-78d25c300000 rw-p 00000000 00:00 0 
78d25c300000-78d25c304000 ---p 00000000 00:00 0 
78d25c304000-78d25c400000 rw-p 00000000 00:00 0 
78d25c400000-78d25c404000 ---p 00000000 00:00 0 
78d25c404000-78d25c500000 rw-p 00000000 00:00 0 
78d25c500000-78d25c504000 ---p 00000000 00:00 0 
78d25c504000-78d25c600000 rw-p 00000000 00:00 0 
78d25c600000-78d25c604000 ---p 00000000 00:00 0 
78d25c604000-78d25c700000 rw-p 00000000 00:00 0 
78d25c700000-78d25c704000 ---p 00000000 00:00 0 
78d25c704000-78d25c800000 rw-p 00000000 00:00 0 
78d25c800000-78d25cd73000 r--p 00000000 103:07 3932595                   /usr/lib/locale/locale-archive
78d25cd73000-78d25cd75000 r--p 00000000 103:07 3959542                   /usr/lib/x86_64-linux-gnu/libXdmcp.so.6.0.0
78d25cd75000-78d25cd77000 r-xp 00002000 103:07 3959542                   /usr/lib/x86_64-linux-gnu/libXdmcp.so.6.0.0
78d25cd77000-78d25cd79000 r--p 00004000 103:07 3959542                   /usr/lib/x86_64-linux-gnu/libXdmcp.so.6.0.0
78d25cd79000-78d25cd7a000 r--p 00005000 103:07 3959542                   /usr/lib/x86_64-linux-gnu/libXdmcp.so.6.0.0
78d25cd7a000-78d25cd7b000 rw-p 00006000 103:07 3959542                   /usr/lib/x86_64-linux-gnu/libXdmcp.so.6.0.0
78d25cd7b000-78d25cda4000 r--p 00000000 00:27 2040                       /tmp/lwjgl_ascend/3.3.3-snapshot/x64/liblwjgl.so
78d25cda4000-78d25cdd6000 r-xp 00029000 00:27 2040                       /tmp/lwjgl_ascend/3.3.3-snapshot/x64/liblwjgl.so
78d25cdd6000-78d25cdef000 r--p 0005b000 00:27 2040                       /tmp/lwjgl_ascend/3.3.3-snapshot/x64/liblwjgl.so
78d25cdef000-78d25cdf0000 r--p 00073000 00:27 2040                       /tmp/lwjgl_ascend/3.3.3-snapshot/x64/liblwjgl.so
78d25cdf0000-78d25cdf1000 rw-p 00074000 00:27 2040                       /tmp/lwjgl_ascend/3.3.3-snapshot/x64/liblwjgl.so
78d25cdf1000-78d25cdf5000 ---p 00000000 00:00 0 
78d25cdf5000-78d25cef1000 rw-p 00000000 00:00 0 
78d25cef1000-78d25cef2000 ---p 00000000 00:00 0 
78d25cef2000-78d25cff2000 rw-p 00000000 00:00 0 
78d25cff2000-78d25cff3000 ---p 00000000 00:00 0 
78d25cff3000-78d25d0f3000 rw-p 00000000 00:00 0 
78d25d0f3000-78d25d0f4000 ---p 00000000 00:00 0 
78d25d0f4000-78d25d1f4000 rw-p 00000000 00:00 0 
78d25d1f4000-78d25d1f5000 ---p 00000000 00:00 0 
78d25d1f5000-78d25d2f5000 rw-p 00000000 00:00 0 
78d25d2f5000-78d263ff0000 rw-p 00000000 00:00 0 
78d263ff0000-78d265ea0000 ---p 00000000 00:00 0 
78d265ea0000-78d267800000 rw-p 00000000 00:00 0 
78d267800000-78d267801000 rw-s 00000000 00:05 1137                       /dev/nvidiactl
78d267801000-78d267802000 rw-s 00000000 00:05 1138                       /dev/nvidia0
78d267802000-78d267804000 rw-s 00000000 00:05 1137                       /dev/nvidiactl
78d267804000-78d267808000 rw-s 00000000 00:05 1137                       /dev/nvidiactl
78d267808000-78d267809000 rw-s 00000000 00:05 1137                       /dev/nvidiactl
78d267809000-78d26780a000 rw-s 00000000 00:05 1137                       /dev/nvidiactl
78d26780a000-78d26780d000 r--p 00000000 103:07 3942168                   /usr/lib/x86_64-linux-gnu/libcap.so.2.44
78d26780d000-78d267811000 r-xp 00003000 103:07 3942168                   /usr/lib/x86_64-linux-gnu/libcap.so.2.44
78d267811000-78d267813000 r--p 00007000 103:07 3942168                   /usr/lib/x86_64-linux-gnu/libcap.so.2.44
78d267813000-78d267814000 r--p 00008000 103:07 3942168                   /usr/lib/x86_64-linux-gnu/libcap.so.2.44
78d267814000-78d267815000 rw-p 00009000 103:07 3942168                   /usr/lib/x86_64-linux-gnu/libcap.so.2.44
78d267815000-78d267825000 rw-s 00000000 00:05 1138                       /dev/nvidia0
78d267825000-78d267828000 r--p 00000000 103:07 3934668                   /usr/lib/x86_64-linux-gnu/libnss_resolve.so.2
78d267828000-78d26783d000 r-xp 00003000 103:07 3934668                   /usr/lib/x86_64-linux-gnu/libnss_resolve.so.2
78d26783d000-78d267844000 r--p 00018000 103:07 3934668                   /usr/lib/x86_64-linux-gnu/libnss_resolve.so.2
78d267844000-78d267845000 r--p 0001e000 103:07 3934668                   /usr/lib/x86_64-linux-gnu/libnss_resolve.so.2
78d267845000-78d267846000 rw-p 0001f000 103:07 3934668                   /usr/lib/x86_64-linux-gnu/libnss_resolve.so.2
78d267846000-78d26784a000 r--p 00000000 103:07 3935095                   /usr/lib/x86_64-linux-gnu/libudev.so.1.7.2
78d26784a000-78d267864000 r-xp 00004000 103:07 3935095                   /usr/lib/x86_64-linux-gnu/libudev.so.1.7.2
78d267864000-78d26786d000 r--p 0001e000 103:07 3935095                   /usr/lib/x86_64-linux-gnu/libudev.so.1.7.2
78d26786d000-78d26786e000 ---p 00027000 103:07 3935095                   /usr/lib/x86_64-linux-gnu/libudev.so.1.7.2
78d26786e000-78d26786f000 r--p 00027000 103:07 3935095                   /usr/lib/x86_64-linux-gnu/libudev.so.1.7.2
78d26786f000-78d267870000 rw-p 00028000 103:07 3935095                   /usr/lib/x86_64-linux-gnu/libudev.so.1.7.2
78d267870000-78d267871000 r--p 00000000 103:07 3959559                   /usr/lib/x86_64-linux-gnu/libXxf86vm.so.1.0.0
78d267871000-78d267874000 r-xp 00001000 103:07 3959559                   /usr/lib/x86_64-linux-gnu/libXxf86vm.so.1.0.0
78d267874000-78d267875000 r--p 00004000 103:07 3959559                   /usr/lib/x86_64-linux-gnu/libXxf86vm.so.1.0.0
78d267875000-78d267876000 r--p 00004000 103:07 3959559                   /usr/lib/x86_64-linux-gnu/libXxf86vm.so.1.0.0
78d267876000-78d267877000 rw-p 00005000 103:07 3959559                   /usr/lib/x86_64-linux-gnu/libXxf86vm.so.1.0.0
78d267877000-78d267878000 r--p 00000000 103:07 3959537                   /usr/lib/x86_64-linux-gnu/libXau.so.6.0.0
78d267878000-78d26787a000 r-xp 00001000 103:07 3959537                   /usr/lib/x86_64-linux-gnu/libXau.so.6.0.0
78d26787a000-78d26787b000 r--p 00003000 103:07 3959537                   /usr/lib/x86_64-linux-gnu/libXau.so.6.0.0
78d26787b000-78d26787c000 r--p 00003000 103:07 3959537                   /usr/lib/x86_64-linux-gnu/libXau.so.6.0.0
78d26787c000-78d26787d000 rw-p 00004000 103:07 3959537                   /usr/lib/x86_64-linux-gnu/libXau.so.6.0.0
78d26787d000-78d26787e000 r--p 00000000 103:07 3935941                   /usr/lib/x86_64-linux-gnu/librt.so.1
78d26787e000-78d26787f000 r-xp 00001000 103:07 3935941                   /usr/lib/x86_64-linux-gnu/librt.so.1
78d26787f000-78d267880000 r--p 00002000 103:07 3935941                   /usr/lib/x86_64-linux-gnu/librt.so.1
78d267880000-78d267881000 r--p 00002000 103:07 3935941                   /usr/lib/x86_64-linux-gnu/librt.so.1
78d267881000-78d267882000 rw-p 00003000 103:07 3935941                   /usr/lib/x86_64-linux-gnu/librt.so.1
78d267882000-78d267883000 r--p 00000000 103:07 3933585                   /usr/lib/x86_64-linux-gnu/libdl.so.2
78d267883000-78d267884000 r-xp 00001000 103:07 3933585                   /usr/lib/x86_64-linux-gnu/libdl.so.2
78d267884000-78d267885000 r--p 00002000 103:07 3933585                   /usr/lib/x86_64-linux-gnu/libdl.so.2
78d267885000-78d267886000 r--p 00002000 103:07 3933585                   /usr/lib/x86_64-linux-gnu/libdl.so.2
78d267886000-78d267887000 rw-p 00003000 103:07 3933585                   /usr/lib/x86_64-linux-gnu/libdl.so.2
78d267887000-78d26788a000 r--p 00000000 103:07 17301642                  /usr/lib/jvm/java-21-openjdk-amd64/lib/libawt_headless.so
78d26788a000-78d26788e000 r-xp 00003000 103:07 17301642                  /usr/lib/jvm/java-21-openjdk-amd64/lib/libawt_headless.so
78d26788e000-78d267890000 r--p 00007000 103:07 17301642                  /usr/lib/jvm/java-21-openjdk-amd64/lib/libawt_headless.so
78d267890000-78d267891000 r--p 00008000 103:07 17301642                  /usr/lib/jvm/java-21-openjdk-amd64/lib/libawt_headless.so
78d267891000-78d267892000 rw-p 00009000 103:07 17301642                  /usr/lib/jvm/java-21-openjdk-amd64/lib/libawt_headless.so
78d2678c0000-78d2680fe000 rw-p 00000000 00:00 0 
78d2680fe000-78d2684d4000 ---p 00000000 00:00 0 
78d2684d4000-78d268800000 rw-p 00000000 00:00 0 
78d268800000-78d26bb20000 rwxp 00000000 00:00 0 
78d26bb20000-78d26fc5f000 ---p 00000000 00:00 0 
78d26fc5f000-78d2702ef000 rwxp 00000000 00:00 0 
78d2702ef000-78d2703a0000 ---p 00000000 00:00 0 
78d2703a0000-78d2730e0000 rwxp 00000000 00:00 0 
78d2730e0000-78d277800000 ---p 00000000 00:00 0 
78d277800000-78d27fe57000 r--s 00000000 103:07 17301676                  /usr/lib/jvm/java-21-openjdk-amd64/lib/modules
78d27fe57000-78d27fe58000 r--p 00000000 103:07 3935934                   /usr/lib/x86_64-linux-gnu/libpthread.so.0
78d27fe58000-78d27fe59000 r-xp 00001000 103:07 3935934                   /usr/lib/x86_64-linux-gnu/libpthread.so.0
78d27fe59000-78d27fe5a000 r--p 00002000 103:07 3935934                   /usr/lib/x86_64-linux-gnu/libpthread.so.0
78d27fe5a000-78d27fe5b000 r--p 00002000 103:07 3935934                   /usr/lib/x86_64-linux-gnu/libpthread.so.0
78d27fe5b000-78d27fe5c000 rw-p 00003000 103:07 3935934                   /usr/lib/x86_64-linux-gnu/libpthread.so.0
78d27fe5c000-78d27fe5d000 r--p 00000000 103:07 17301644                  /usr/lib/jvm/java-21-openjdk-amd64/lib/libextnet.so
78d27fe5d000-78d27fe5e000 r-xp 00001000 103:07 17301644                  /usr/lib/jvm/java-21-openjdk-amd64/lib/libextnet.so
78d27fe5e000-78d27fe5f000 r--p 00002000 103:07 17301644                  /usr/lib/jvm/java-21-openjdk-amd64/lib/libextnet.so
78d27fe5f000-78d27fe60000 r--p 00002000 103:07 17301644                  /usr/lib/jvm/java-21-openjdk-amd64/lib/libextnet.so
78d27fe60000-78d27fe61000 rw-p 00003000 103:07 17301644                  /usr/lib/jvm/java-21-openjdk-amd64/lib/libextnet.so
78d27fe61000-78d27fe62000 r--p 00000000 103:07 3960162                   /usr/lib/x86_64-linux-gnu/libnss_mdns4_minimal.so.2
78d27fe62000-78d27fe64000 r-xp 00001000 103:07 3960162                   /usr/lib/x86_64-linux-gnu/libnss_mdns4_minimal.so.2
78d27fe64000-78d27fe65000 r--p 00003000 103:07 3960162                   /usr/lib/x86_64-linux-gnu/libnss_mdns4_minimal.so.2
78d27fe65000-78d27fe66000 r--p 00003000 103:07 3960162                   /usr/lib/x86_64-linux-gnu/libnss_mdns4_minimal.so.2
78d27fe66000-78d27fe67000 rw-p 00004000 103:07 3960162                   /usr/lib/x86_64-linux-gnu/libnss_mdns4_minimal.so.2
78d27fe67000-78d27fe6e000 r--s 00000000 103:07 3977271                   /usr/lib/x86_64-linux-gnu/gconv/gconv-modules.cache
78d27fe6e000-78d27fe72000 r--p 00000000 103:07 17301672                  /usr/lib/jvm/java-21-openjdk-amd64/lib/libverify.so
78d27fe72000-78d27fe79000 r-xp 00004000 103:07 17301672                  /usr/lib/jvm/java-21-openjdk-amd64/lib/libverify.so
78d27fe79000-78d27fe7b000 r--p 0000b000 103:07 17301672                  /usr/lib/jvm/java-21-openjdk-amd64/lib/libverify.so
78d27fe7b000-78d27fe7d000 r--p 0000c000 103:07 17301672                  /usr/lib/jvm/java-21-openjdk-amd64/lib/libverify.so
78d27fe7d000-78d27fe7e000 rw-p 0000e000 103:07 17301672                  /usr/lib/jvm/java-21-openjdk-amd64/lib/libverify.so
78d27fe7e000-78d280000000 rw-p 00000000 00:00 0 
78d280000000-78d283e62000 rw-p 00000000 00:00 0 
78d283e62000-78d284000000 ---p 00000000 00:00 0 
78d284000000-78d284002000 r--p 00000000 103:07 17301663                  /usr/lib/jvm/java-21-openjdk-amd64/lib/libmanagement_ext.so
78d284002000-78d284005000 r-xp 00002000 103:07 17301663                  /usr/lib/jvm/java-21-openjdk-amd64/lib/libmanagement_ext.so
78d284005000-78d284006000 r--p 00005000 103:07 17301663                  /usr/lib/jvm/java-21-openjdk-amd64/lib/libmanagement_ext.so
78d284006000-78d284007000 ---p 00006000 103:07 17301663                  /usr/lib/jvm/java-21-openjdk-amd64/lib/libmanagement_ext.so
78d284007000-78d284008000 r--p 00006000 103:07 17301663                  /usr/lib/jvm/java-21-openjdk-amd64/lib/libmanagement_ext.so
78d284008000-78d284009000 rw-p 00007000 103:07 17301663                  /usr/lib/jvm/java-21-openjdk-amd64/lib/libmanagement_ext.so
78d284009000-78d28400b000 r--p 00000000 103:07 17301661                  /usr/lib/jvm/java-21-openjdk-amd64/lib/libmanagement.so
78d28400b000-78d28400c000 r-xp 00002000 103:07 17301661                  /usr/lib/jvm/java-21-openjdk-amd64/lib/libmanagement.so
78d28400c000-78d28400d000 r--p 00003000 103:07 17301661                  /usr/lib/jvm/java-21-openjdk-amd64/lib/libmanagement.so
78d28400d000-78d28400e000 r--p 00003000 103:07 17301661                  /usr/lib/jvm/java-21-openjdk-amd64/lib/libmanagement.so
78d28400e000-78d28400f000 rw-p 00004000 103:07 17301661                  /usr/lib/jvm/java-21-openjdk-amd64/lib/libmanagement.so
78d28400f000-78d284011000 r--p 00000000 103:07 17301674                  /usr/lib/jvm/java-21-openjdk-amd64/lib/libzip.so
78d284011000-78d284016000 r-xp 00002000 103:07 17301674                  /usr/lib/jvm/java-21-openjdk-amd64/lib/libzip.so
78d284016000-78d284018000 r--p 00007000 103:07 17301674                  /usr/lib/jvm/java-21-openjdk-amd64/lib/libzip.so
78d284018000-78d284019000 r--p 00008000 103:07 17301674                  /usr/lib/jvm/java-21-openjdk-amd64/lib/libzip.so
78d284019000-78d28401a000 rw-p 00009000 103:07 17301674                  /usr/lib/jvm/java-21-openjdk-amd64/lib/libzip.so
78d28401a000-78d284021000 r--p 00000000 103:07 17301666                  /usr/lib/jvm/java-21-openjdk-amd64/lib/libnio.so
78d284021000-78d28402a000 r-xp 00007000 103:07 17301666                  /usr/lib/jvm/java-21-openjdk-amd64/lib/libnio.so
78d28402a000-78d28402e000 r--p 00010000 103:07 17301666                  /usr/lib/jvm/java-21-openjdk-amd64/lib/libnio.so
78d28402e000-78d28402f000 ---p 00014000 103:07 17301666                  /usr/lib/jvm/java-21-openjdk-amd64/lib/libnio.so
78d28402f000-78d284030000 r--p 00014000 103:07 17301666                  /usr/lib/jvm/java-21-openjdk-amd64/lib/libnio.so
78d284030000-78d284031000 rw-p 00015000 103:07 17301666                  /usr/lib/jvm/java-21-openjdk-amd64/lib/libnio.so
78d284031000-78d28408c000 rw-p 00000000 00:00 0 
78d2840c5000-78d2840cd000 rw-s 00000000 103:07 11944131                  /home/ascend/randomBullshit/mcBenchmarkCore/run/saves/fpstest-arena/data/DistantHorizons.sqlite-shm
78d2840cd000-78d2841ce000 rw-p 00000000 00:00 0 
78d2841ce000-78d2841cf000 ---p 00000000 00:00 0 
78d2841cf000-78d2842cf000 rw-p 00000000 00:00 0 
78d2842cf000-78d2842d0000 ---p 00000000 00:00 0 
78d2842d0000-78d2843d0000 rw-p 00000000 00:00 0 
78d2843d0000-78d2843d1000 ---p 00000000 00:00 0 
78d2843d1000-78d2844d1000 rw-p 00000000 00:00 0 
78d2844d1000-78d284e08000 rw-p 00000000 00:00 0 
78d284e08000-78d2851de000 ---p 00000000 00:00 0 
78d2851de000-78d286272000 rw-p 00000000 00:00 0 
78d286272000-78d286300000 ---p 00000000 00:00 0 
78d286300000-78d286304000 ---p 00000000 00:00 0 
78d286304000-78d286400000 rw-p 00000000 00:00 0 
78d286400000-78d28649a000 r--p 00000000 103:07 3941310                   /usr/lib/x86_64-linux-gnu/libstdc++.so.6.0.30
78d28649a000-78d2865ab000 r-xp 0009a000 103:07 3941310                   /usr/lib/x86_64-linux-gnu/libstdc++.so.6.0.30
78d2865ab000-78d28661a000 r--p 001ab000 103:07 3941310                   /usr/lib/x86_64-linux-gnu/libstdc++.so.6.0.30
78d28661a000-78d28661b000 ---p 0021a000 103:07 3941310                   /usr/lib/x86_64-linux-gnu/libstdc++.so.6.0.30
78d28661b000-78d286626000 r--p 0021a000 103:07 3941310                   /usr/lib/x86_64-linux-gnu/libstdc++.so.6.0.30
78d286626000-78d286629000 rw-p 00225000 103:07 3941310                   /usr/lib/x86_64-linux-gnu/libstdc++.so.6.0.30
78d286629000-78d28662c000 rw-p 00000000 00:00 0 
78d28662c000-78d28662d000 rw-s 00000000 00:05 1137                       /dev/nvidiactl
78d28662d000-78d28662e000 rw-s 00000000 00:05 1137                       /dev/nvidiactl
78d28662e000-78d28662f000 rw-s 00045000 00:01 3073                       /memfd:/.nvidia_drv.XXXXXX (deleted)
78d28662f000-78d286630000 r--s 00000000 00:05 1137                       /dev/nvidiactl
78d286630000-78d286697000 rw-p 00000000 00:00 0 
78d286697000-78d286719000 ---p 00000000 00:00 0 
78d286719000-78d286727000 r--p 00000000 103:07 3933610                   /usr/lib/x86_64-linux-gnu/libm.so.6
78d286727000-78d2867a3000 r-xp 0000e000 103:07 3933610                   /usr/lib/x86_64-linux-gnu/libm.so.6
78d2867a3000-78d2867fe000 r--p 0008a000 103:07 3933610                   /usr/lib/x86_64-linux-gnu/libm.so.6
78d2867fe000-78d2867ff000 r--p 000e4000 103:07 3933610                   /usr/lib/x86_64-linux-gnu/libm.so.6
78d2867ff000-78d286800000 rw-p 000e5000 103:07 3933610                   /usr/lib/x86_64-linux-gnu/libm.so.6
78d286800000-78d286aa3000 r--p 00000000 103:07 17301683                  /usr/lib/jvm/java-21-openjdk-amd64/lib/server/libjvm.so
78d286aa3000-78d287924000 r-xp 002a3000 103:07 17301683                  /usr/lib/jvm/java-21-openjdk-amd64/lib/server/libjvm.so
78d287924000-78d287bff000 r--p 01124000 103:07 17301683                  /usr/lib/jvm/java-21-openjdk-amd64/lib/server/libjvm.so
78d287bff000-78d287cd3000 r--p 013fe000 103:07 17301683                  /usr/lib/jvm/java-21-openjdk-amd64/lib/server/libjvm.so
78d287cd3000-78d287d03000 rw-p 014d2000 103:07 17301683                  /usr/lib/jvm/java-21-openjdk-amd64/lib/server/libjvm.so
78d287d03000-78d287d6a000 rw-p 00000000 00:00 0 
78d287d6a000-78d287d6b000 r-xp 00059000 00:27 2040                       /tmp/lwjgl_ascend/3.3.3-snapshot/x64/liblwjgl.so
78d287d6b000-78d287d6c000 rw-p 00000000 00:00 0 
78d287d6c000-78d287d6d000 r--p 00000000 103:07 4344320                   /usr/share/locale-langpack/en_AU/LC_MESSAGES/libc.mo
78d287d6d000-78d287d70000 r--p 00000000 103:07 17301665                  /usr/lib/jvm/java-21-openjdk-amd64/lib/libnet.so
78d287d70000-78d287d78000 r-xp 00003000 103:07 17301665                  /usr/lib/jvm/java-21-openjdk-amd64/lib/libnet.so
78d287d78000-78d287d7a000 r--p 0000b000 103:07 17301665                  /usr/lib/jvm/java-21-openjdk-amd64/lib/libnet.so
78d287d7a000-78d287d7b000 r--p 0000c000 103:07 17301665                  /usr/lib/jvm/java-21-openjdk-amd64/lib/libnet.so
78d287d7b000-78d287d7c000 rw-p 0000d000 103:07 17301665                  /usr/lib/jvm/java-21-openjdk-amd64/lib/libnet.so
78d287d7c000-78d287dba000 rw-p 00000000 00:00 0 
78d287dba000-78d287dc7000 r--p 00000000 103:07 17301651                  /usr/lib/jvm/java-21-openjdk-amd64/lib/libjava.so
78d287dc7000-78d287dd5000 r-xp 0000d000 103:07 17301651                  /usr/lib/jvm/java-21-openjdk-amd64/lib/libjava.so
78d287dd5000-78d287dda000 r--p 0001b000 103:07 17301651                  /usr/lib/jvm/java-21-openjdk-amd64/lib/libjava.so
78d287dda000-78d287ddb000 ---p 00020000 103:07 17301651                  /usr/lib/jvm/java-21-openjdk-amd64/lib/libjava.so
78d287ddb000-78d287ddc000 r--p 00020000 103:07 17301651                  /usr/lib/jvm/java-21-openjdk-amd64/lib/libjava.so
78d287ddc000-78d287ddd000 rw-p 00021000 103:07 17301651                  /usr/lib/jvm/java-21-openjdk-amd64/lib/libjava.so
78d287ddd000-78d287dde000 rw-p 00000000 00:00 0 
78d287dde000-78d287de1000 r--p 00000000 103:07 3932292                   /usr/lib/x86_64-linux-gnu/libgcc_s.so.1
78d287de1000-78d287df8000 r-xp 00003000 103:07 3932292                   /usr/lib/x86_64-linux-gnu/libgcc_s.so.1
78d287df8000-78d287dfc000 r--p 0001a000 103:07 3932292                   /usr/lib/x86_64-linux-gnu/libgcc_s.so.1
78d287dfc000-78d287dfd000 r--p 0001d000 103:07 3932292                   /usr/lib/x86_64-linux-gnu/libgcc_s.so.1
78d287dfd000-78d287dfe000 rw-p 0001e000 103:07 3932292                   /usr/lib/x86_64-linux-gnu/libgcc_s.so.1
78d287dfe000-78d287e00000 rw-p 00000000 00:00 0 
78d287e00000-78d287e28000 r--p 00000000 103:07 3933539                   /usr/lib/x86_64-linux-gnu/libc.so.6
78d287e28000-78d287fbd000 r-xp 00028000 103:07 3933539                   /usr/lib/x86_64-linux-gnu/libc.so.6
78d287fbd000-78d288015000 r--p 001bd000 103:07 3933539                   /usr/lib/x86_64-linux-gnu/libc.so.6
78d288015000-78d288016000 ---p 00215000 103:07 3933539                   /usr/lib/x86_64-linux-gnu/libc.so.6
78d288016000-78d28801a000 r--p 00215000 103:07 3933539                   /usr/lib/x86_64-linux-gnu/libc.so.6
78d28801a000-78d28801c000 rw-p 00219000 103:07 3933539                   /usr/lib/x86_64-linux-gnu/libc.so.6
78d28801c000-78d288029000 rw-p 00000000 00:00 0 
78d288029000-78d28802b000 r--p 00000000 103:07 17301655                  /usr/lib/jvm/java-21-openjdk-amd64/lib/libjli.so
78d28802b000-78d288035000 r-xp 00002000 103:07 17301655                  /usr/lib/jvm/java-21-openjdk-amd64/lib/libjli.so
78d288035000-78d288038000 r--p 0000c000 103:07 17301655                  /usr/lib/jvm/java-21-openjdk-amd64/lib/libjli.so
78d288038000-78d288039000 ---p 0000f000 103:07 17301655                  /usr/lib/jvm/java-21-openjdk-amd64/lib/libjli.so
78d288039000-78d28803a000 r--p 0000f000 103:07 17301655                  /usr/lib/jvm/java-21-openjdk-amd64/lib/libjli.so
78d28803a000-78d28803b000 rw-p 00010000 103:07 17301655                  /usr/lib/jvm/java-21-openjdk-amd64/lib/libjli.so
78d28803b000-78d28803d000 r--p 00000000 103:07 3960515                   /usr/lib/x86_64-linux-gnu/libz.so.1.2.11
78d28803d000-78d28804e000 r-xp 00002000 103:07 3960515                   /usr/lib/x86_64-linux-gnu/libz.so.1.2.11
78d28804e000-78d288054000 r--p 00013000 103:07 3960515                   /usr/lib/x86_64-linux-gnu/libz.so.1.2.11
78d288054000-78d288055000 ---p 00019000 103:07 3960515                   /usr/lib/x86_64-linux-gnu/libz.so.1.2.11
78d288055000-78d288056000 r--p 00019000 103:07 3960515                   /usr/lib/x86_64-linux-gnu/libz.so.1.2.11
78d288056000-78d288057000 rw-p 0001a000 103:07 3960515                   /usr/lib/x86_64-linux-gnu/libz.so.1.2.11
78d288057000-78d288065000 rw-p 00000000 00:00 0 
78d288065000-78d288066000 ---p 00000000 00:00 0 
78d288066000-78d28806e000 rw-s 00000000 00:27 123589                     /tmp/hsperfdata_ascend/3496578
78d28806e000-78d28806f000 ---p 00000000 00:00 0 
78d28806f000-78d288070000 r--p 00000000 00:00 0 
78d288070000-78d288072000 r--p 00000000 103:07 17301654                  /usr/lib/jvm/java-21-openjdk-amd64/lib/libjimage.so
78d288072000-78d288075000 r-xp 00002000 103:07 17301654                  /usr/lib/jvm/java-21-openjdk-amd64/lib/libjimage.so
78d288075000-78d288076000 r--p 00005000 103:07 17301654                  /usr/lib/jvm/java-21-openjdk-amd64/lib/libjimage.so
78d288076000-78d288077000 ---p 00006000 103:07 17301654                  /usr/lib/jvm/java-21-openjdk-amd64/lib/libjimage.so
78d288077000-78d288078000 r--p 00006000 103:07 17301654                  /usr/lib/jvm/java-21-openjdk-amd64/lib/libjimage.so
78d288078000-78d288079000 rw-p 00007000 103:07 17301654                  /usr/lib/jvm/java-21-openjdk-amd64/lib/libjimage.so
78d288079000-78d28807b000 rw-p 00000000 00:00 0 
78d28807b000-78d28807d000 r--p 00000000 103:07 3933196                   /usr/lib/x86_64-linux-gnu/ld-linux-x86-64.so.2
78d28807d000-78d2880a7000 r-xp 00002000 103:07 3933196                   /usr/lib/x86_64-linux-gnu/ld-linux-x86-64.so.2
78d2880a7000-78d2880b2000 r--p 0002c000 103:07 3933196                   /usr/lib/x86_64-linux-gnu/ld-linux-x86-64.so.2
78d2880b2000-78d2880b3000 ---p 00000000 00:00 0 
78d2880b3000-78d2880b5000 r--p 00037000 103:07 3933196                   /usr/lib/x86_64-linux-gnu/ld-linux-x86-64.so.2
78d2880b5000-78d2880b7000 rw-p 00039000 103:07 3933196                   /usr/lib/x86_64-linux-gnu/ld-linux-x86-64.so.2
7fff16d32000-7fff16d54000 rw-p 00000000 00:00 0                          [stack]
7fff16d8e000-7fff16d92000 r--p 00000000 00:00 0                          [vvar]
7fff16d92000-7fff16d94000 r-xp 00000000 00:00 0                          [vdso]
ffffffffff600000-ffffffffff601000 --xp 00000000 00:00 0                  [vsyscall]
Total number of mappings: 1588

JVMTI agents: none


VM Arguments:
jvm_args: -Dfabric.dli.config=/home/ascend/randomBullshit/mcBenchmarkCore/.gradle/loom-cache/launch.cfg -Dfabric.dli.env=client -Dfabric.dli.main=net.fabricmc.loader.impl.launch.knot.KnotClient -XX:StackShadowPages=32 -Dfile.encoding=UTF-8 -Duser.country=AU -Duser.language=en -Duser.variant 
java_command: net.fabricmc.devlaunchinjector.Main
java_class_path (initial): /home/ascend/randomBullshit/mcBenchmarkCore/build/classes/java/main:/home/ascend/randomBullshit/mcBenchmarkCore/build/resources/main:/home/ascend/.gradle/caches/fabric-loom/1.21.11/loom.mappings.1_21_11.layered+hash.2198-v2/mappings.jar:/home/ascend/.gradle/caches/modules-2/files-2.1/org.ow2.asm/asm/9.10.1/ada2141c0cc52ee8f5c48cd5fa4ce0e794f22236/asm-9.10.1.jar:/home/ascend/.gradle/caches/modules-2/files-2.1/org.ow2.asm/asm-analysis/9.10.1/8d49f14d51f632cb1d87c88d1ceaf50db0d8af1b/asm-analysis-9.10.1.jar:/home/ascend/.gradle/caches/modules-2/files-2.1/org.ow2.asm/asm-commons/9.10.1/4229e4c55fd8e01c23f9fe9884075cc628aacc50/asm-commons-9.10.1.jar:/home/ascend/.gradle/caches/modules-2/files-2.1/org.ow2.asm/asm-tree/9.10.1/e244332a17564c1d1572449399a842de35881be2/asm-tree-9.10.1.jar:/home/ascend/.gradle/caches/modules-2/files-2.1/org.ow2.asm/asm-util/9.10.1/7bb9d450e8d4cbf9f9e04096c44bbfe7fba80b15/asm-util-9.10.1.jar:/home/ascend/.gradle/caches/modules-2/files-2.1/net.fabricmc/sponge-mixin/0.17.3+mixin.0.8.7/41c4a3984a80f4679e759fb9f495587acc5cdac7/sponge-mixin-0.17.3+mixin.0.8.7.jar:/home/ascend/.gradle/caches/modules-2/files-2.1/io.github.llamalad7/mixinextras-fabric/0.5.4/5e167154bcb9942111313a5e186e16cd7265f858/mixinextras-fabric-0.5.4.jar:/home/ascend/.gradle/caches/modules-2/files-2.1/net.fabricmc/dev-launch-injector/0.2.1+build.8/da8bef7e6e2f952da707f282bdb46882a0fce5e3/dev-launch-injector-0.2.1+build.8.jar:/home/ascend/.gradle/caches/modules-2/files-2.1/net.fabricmc/fabric-log4j-util/1.0.2/ef0b3fb613356feb75a67d54f2fad6f03a006648/fabric-log4j-util-1.0.2.jar:/home/ascend/.gradle/caches/modules-2/files-2.1/at.yawk.lz4/lz4-java/1.8.1/1f30a180ee04ccd53339a716aec13cae60a013b5/lz4-java-1.8.1.jar:/home/ascend/.gradle/caches/modules-2/files-2.1/com.azure/azure-json/1.4.0/fcc1d354dbc3e0300e5276b1bf124d0247799cd8/azure-json-1.4.0.jar:/home/ascend/.gradle/caches/modules-2/files-2.1/com.github.oshi/oshi-core/6.9.0/3224870731860cfcd7744581a05b559e94291e7/oshi-core-6.9.0.jar:/home/ascend/.gradle/caches/modules-2/files-2.1/com.google.code.gson/gson/2.13.2/48b8230771e573b54ce6e867a9001e75977fe78e/gson-2.13.2.jar:/home/ascend/.gradle/caches/modules-2/files-2.1/com.google.guava/failureaccess/1.0.3/aeaffd00d57023a2c947393ed251f0354f0985fc/failureaccess-1.0.3.jar:/home/ascend/.gradle/caches/modules-2/files-2.1/com.google.guava/guava/33.5.0-jre/8699de25f2f979108d6c1b804a7ba38cda1116bc/guava-33.5.0-jre.jar:/home/ascend/.gradle/caches/modules-2/files-2.1/com.ibm.icu/icu4j/77.1/38693cf0b1d7362a8b726af74dc06026a7c23809/icu4j-77.1.jar:/home/ascend/.gradle/caches/modules-2/files-2.1/com.microsoft.azure/msal4j/1.23.1/6c722b514873b24a4e1ce9c22dca36ea3c22bdbe/msal4j-1.23.1.jar:/home/ascend/.gradle/caches/modules-2/files-2.1/com.mojang/authlib/7.0.61/efee1e6b54e863108576eb3b3ae71144626aaefc/authlib-7.0.61.jar:/home/ascend/.gradle/caches/modules-2/files-2.1/com.mojang/blocklist/1.0.10/5c685c5ffa94c4cd39496c7184c1d122e515ecef/blocklist-1.0.10.jar:/home/ascend/.gradle/caches/modules-2/files-2.1/com.mojang/brigadier/1.3.10/d15b53a14cf20fdcaa98f731af5dda654452c010/brigadier-1.3.10.jar:/home/ascend/.gradle/caches/modules-2/files-2.1/com.mojang/datafixerupper/9.0.19/4e91f9712fa1e83231d1501625381b0210a977da/datafixerupper-9.0.19.jar:/home/ascend/.gradle/caches/modules-2/files-2.1/com.mojang/jtracy/1.0.37/a3fb649b2e2b2288d2978f0b0bc3d83f62809d1e/jtracy-1.0.37.jar:/home/ascend/.gradle/caches/modules-2/files-2.1/com.mojang/jtracy/1.0.37/e1b4395227af41195da9e2ead13c48ee0b7d31cd/jtracy-1.0.37-natives-linux.jar:/home/ascend/.gradle/caches/modules-2/files-2.1/com.mojang/logging/1.6.11/fd147240733010c158249d986323f9ef98977fe/logging-1.6.11.jar:/home/ascend/.gradle/caches/modules-2/files-2.1/com.mojang/patchy/2.2.10/da05971b07cbb379d002cf7eaec6a2048211fefc/patchy-2.2.10.jar:/home/ascend/.gradle/caches/modules-2/files-2.1/com.mojang/text2speech/1.18.11/e853a12cdd6ba4f4836e8f4bf3b37844a13482b6/text2speech-1.18.11.jar:/home/ascend/.gradle/caches/modules-2/files-2.1/commons-codec/commons-codec/1.19.0/8c0dbe3ae883fceda9b50a6c76e745e548073388/commons-codec-1.19.0.jar:/home/ascend/.gradle/caches/modules-2/files-2.1/commons-io/commons-io/2.20.0/36f3474daec2849c149e877614e7f979b2082cd2/commons-io-2.20.0.jar:/home/ascend/.gradle/caches/modules-2/files-2.1/io.netty/netty-buffer/4.2.7.Final/5555ff561643bf2f8430fb57c24403c0efe15994/netty-buffer-4.2.7.Final.jar:/home/ascend/.gradle/caches/modules-2/files-2.1/io.netty/netty-codec-base/4.2.7.Final/915e381ebabcf115f1c7ff7032d55c48afb50210/netty-codec-base-4.2.7.Final.jar:/home/ascend/.gradle/caches/modules-2/files-2.1/io.netty/netty-codec-compression/4.2.7.Final/572341bc1ca90fd9d6e47f1d2694aab5258566e9/netty-codec-compression-4.2.7.Final.jar:/home/ascend/.gradle/caches/modules-2/files-2.1/io.netty/netty-codec-http/4.2.7.Final/b734c108854099c421fd94d92d9f865e4d4da853/netty-codec-http-4.2.7.Final.jar:/home/ascend/.gradle/caches/modules-2/files-2.1/io.netty/netty-common/4.2.7.Final/11aa30df26af4fca3239ac1917f303a280f301e1/netty-common-4.2.7.Final.jar:/home/ascend/.gradle/caches/modules-2/files-2.1/io.netty/netty-handler/4.2.7.Final/7ad8a1f851e2e6fe93cdd091871fda2b81c03b5b/netty-handler-4.2.7.Final.jar:/home/ascend/.gradle/caches/modules-2/files-2.1/io.netty/netty-resolver/4.2.7.Final/5f3e5ef8de03992cd4fb46960dc0085ec1a12a12/netty-resolver-4.2.7.Final.jar:/home/ascend/.gradle/caches/modules-2/files-2.1/io.netty/netty-transport-classes-epoll/4.2.7.Final/1075c09f48a78eef9d819fbfd9096b903fdd362a/netty-transport-classes-epoll-4.2.7.Final.jar:/home/ascend/.gradle/caches/modules-2/files-2.1/io.netty/netty-transport-classes-kqueue/4.2.7.Final/bdec7c23c75caabd848426d073c09568e8d5f94e/netty-transport-classes-kqueue-4.2.7.Final.jar:/home/ascend/.gradle/caches/modules-2/files-2.1/io.netty/netty-transport-native-epoll/4.2.7.Final/98d02251c98c8f07a23ac5ea27657d9e0ef57614/netty-transport-native-epoll-4.2.7.Final-linux-aarch_64.jar:/home/ascend/.gradle/caches/modules-2/files-2.1/io.netty/netty-transport-native-epoll/4.2.7.Final/e83998bfc10b5289d9bcbe807c4079ef0eed8e6f/netty-transport-native-epoll-4.2.7.Final-linux-x86_64.jar:/home/ascend/.gradle/caches/modules-2/files-2.1/io.netty/netty-transport-native-unix-common/4.2.7.Final/89953f04259ea7502cffb313630dd51e00e60669/netty-transport-native-unix-common-4.2.7.Final.jar:/home/ascend/.gradle/caches/modules-2/files-2.1/io.netty/netty-transport/4.2.7.Final/83ea548981d0d8c4a98027cc1a6f9624f902e142/netty-transport-4.2.7.Final.jar:/home/ascend/.gradle/caches/modules-2/files-2.1/it.unimi.dsi/fastutil/8.5.18/a6cff377eecc19c2037bf31568a6d7106b50ba1f/fastutil-8.5.18.jar:/home/ascend/.gradle/caches/modules-2/files-2.1/net.java.dev.jna/jna-platform/5.17.0/a4934c44d25a9d8c2ddf4203affd20330cb3426f/jna-platform-5.17.0.jar:/home/ascend/.gradle/caches/modules-2/files-2.1/net.java.dev.jna/jna/5.17.0/33d12735bef894440780fce64f9758d420c7bae2/jna-5.17.0.jar:/home/ascend/.gradle/caches/modules-2/files-2.1/net.sf.jopt-simple/jopt-simple/5.0.4/4fdac2fbe92dfad86aa6e9301736f6b4342a3f5c/jopt-simple-5.0.4.jar:/home/ascend/.gradle/caches/modules-2/files-2.1/org.apache.commons/commons-compress/1.28.0/e482f2c7a88dac3c497e96aa420b6a769f59c8d7/commons-compress-1.28.0.jar:/home/ascend/.gradle/caches/modules-2/files-2.1/org.apache.commons/commons-lang3/3.19.0/d6524b169a6574cd253760c472d419b47bfd37e6/commons-lang3-3.19.0.jar:/home/ascend/.gradle/caches/modules-2/files-2.1/org.apache.logging.log4j/log4j-api/2.25.2/292c1a2b1702f1e1e3adb13e1c57e5bff60335ff/log4j-api-2.25.2.jar:/home/ascend/.gradle/caches/modules-2/files-2.1/org.apache.logging.log4j/log4j-core/2.25.2/d4d0ad2e51e03e531f784891fbfff1bae1e13a12/log4j-core-2.25.2.jar:/home/ascend/.gradle/caches/modules-2/files-2.1/org.apache.logging.log4j/log4j-slf4j2-impl/2.25.2/5eec0c392661dee8a366baec17e8896900dd978f/log4j-slf4j2-impl-2.25.2.jar:/home/ascend/.gradle/caches/modules-2/files-2.1/org.jcraft/jorbis/0.0.17/8872d22b293e8f5d7d56ff92be966e6dc28ebdc6/jorbis-0.0.17.jar:/home/ascend/.gradle/caches/modules-2/files-2.1/org.joml/joml/1.10.8/fc0a71dad90a2cf41d82a76156a0e700af8e4f8d/joml-1.10.8.jar:/home/ascend/.gradle/caches/modules-2/files-2.1/org.jspecify/jspecify/1.0.0/7425a601c1c7ec76645a78d22b8c6a627edee507/jspecify-1.0.0.jar:/home/ascend/.gradle/caches/modules-2/files-2.1/org.lwjgl/lwjgl-freetype/3.3.3/a0db6c84a8becc8ca05f9dbfa985edc348a824c7/lwjgl-freetype-3.3.3.jar:/home/ascend/.gradle/caches/modules-2/files-2.1/org.lwjgl/lwjgl-freetype/3.3.3/149070a5480900347071b7074779531f25a6e3dc/lwjgl-freetype-3.3.3-natives-linux.jar:/home/ascend/.gradle/caches/modules-2/files-2.1/org.lwjgl/lwjgl-glfw/3.3.3/efa1eb78c5ccd840e9f329717109b5e892d72f8e/lwjgl-glfw-3.3.3.jar:/home/ascend/.gradle/caches/modules-2/files-2.1/org.lwjgl/lwjgl-glfw/3.3.3/a03684c5e4b1b1dbbe0d29dbbdc27b985b6840f2/lwjgl-glfw-3.3.3-natives-linux.jar:/home/ascend/.gradle/caches/modules-2/files-2.1/org.lwjgl/lwjgl-jemalloc/3.3.3/b543467b7ff3c6920539a88ee602d34098628be5/lwjgl-jemalloc-3.3.3.jar:/home/ascend/.gradle/caches/modules-2/files-2.1/org.lwjgl/lwjgl-jemalloc/3.3.3/4f86728bf449b1dd61251c4e0ac01df1389cb51e/lwjgl-jemalloc-3.3.3-natives-linux.jar:/home/ascend/.gradle/caches/modules-2/files-2.1/org.lwjgl/lwjgl-openal/3.3.3/daada81ceb5fc0c291fbfdd4433cb8d9423577f2/lwjgl-openal-3.3.3.jar:/home/ascend/.gradle/caches/modules-2/files-2.1/org.lwjgl/lwjgl-openal/3.3.3/3037360cc4595079bea240af250b6d1a527e0905/lwjgl-openal-3.3.3-natives-linux.jar:/home/ascend/.gradle/caches/modules-2/files-2.1/org.lwjgl/lwjgl-opengl/3.3.3/2f6b0147078396a58979125a4c947664e98293a/lwjgl-opengl-3.3.3.jar:/home/ascend/.gradle/caches/modules-2/files-2.1/org.lwjgl/lwjgl-opengl/3.3.3/62c70a4b00ca5391882b0f4b787c1588d24f1c86/lwjgl-opengl-3.3.3-natives-linux.jar:/home/ascend/.gradle/caches/modules-2/files-2.1/org.lwjgl/lwjgl-stb/3.3.3/25dd6161988d7e65f71d5065c99902402ee32746/lwjgl-stb-3.3.3.jar:/home/ascend/.gradle/caches/modules-2/files-2.1/org.lwjgl/lwjgl-stb/3.3.3/fd1271ccd9d85eff2fa31f3fd543e02ccfaf5041/lwjgl-stb-3.3.3-natives-linux.jar:/home/ascend/.gradle/caches/modules-2/files-2.1/org.lwjgl/lwjgl-tinyfd/3.3.3/82d755ca94b102e9ca77283b9e2dc46d1b15fbe5/lwjgl-tinyfd-3.3.3.jar:/home/ascend/.gradle/caches/modules-2/files-2.1/org.lwjgl/lwjgl-tinyfd/3.3.3/d8d58daa0c3e5fd906fee96f5fddbcbc07cc308b/lwjgl-tinyfd-3.3.3-natives-linux.jar:/home/ascend/.gradle/caches/modules-2/files-2.1/org.lwjgl/lwjgl/3.3.3/29589b5f87ed335a6c7e7ee6a5775f81f97ecb84/lwjgl-3.3.3.jar:/home/ascend/.gradle/caches/modules-2/files-2.1/org.lwjgl/lwjgl/3.3.3/1713758e3660ba66e1e954396fd18126038b33c0/lwjgl-3.3.3-natives-linux.jar:/home/ascend/.gradle/caches/modules-2/files-2.1/org.slf4j/slf4j-api/2.0.17/d9e58ac9c7779ba3bf8142aff6c830617a7fe60f/slf4j-api-2.0.17.jar:/home/ascend/randomBullshit/mcBenchmarkCore/.gradle/loom-cache/minecraftMaven/net/minecraft/minecraft-merged-2ae02fda0f/1.21.11-loom.mappings.1_21_11.layered+hash.2198-v2/minecraft-merged-2ae02fda0f-1.21.11-loom.mappings.1_21_11.layered+hash.2198-v2.jar:/home/ascend/.gradle/caches/modules-2/files-2.1/io.netty/netty-transport-native-kqueue/4.2.7.Final/40868fd4e43bce2798245f790624b58803dc26b6/netty-transport-native-kqueue-4.2.7.Final-osx-x86_64.jar:/home/ascend/.gradle/caches/modules-2/files-2.1/io.netty/netty-transport-native-kqueue/4.2.7.Final/e5a0feef41410c8a5ae00c6cb4e0c99bd0aded6a/netty-transport-native-kqueue-4.2.7.Final-osx-aarch_64.jar:/home/ascend/.gradle/caches/modules-2/files-2.1/net.fabricmc/fabric-loader/0.19.3/354dfaa02d0552e11867f85dff7cdbfaf813ba3e/fabric-loader-0.19.3.jar:/home/ascend/randomBullshit/mcBenchmarkCore/.gradle/loom-cache/remapped_mods/remapped/net/fabricmc/fabric-api/fabric-api-4abd26ae/0.141.6+1.21.11/fabric-api-4abd26ae-0.141.6+1.21.11.jar:/home/ascend/randomBullshit/mcBenchmarkCore/.gradle/loom-cache/remapped_mods/remapped/net/fabricmc/fabric-api/fabric-transfer-api-v1-4abd26ae/6.0.25+4fc5413f3e/fabric-transfer-api-v1-4abd26ae-6.0.25+4fc5413f3e.jar:/home/ascend/randomBullshit/mcBenchmarkCore/.gradle/loom-cache/remapped_mods/remapped/net/fabricmc/fabric-api/fabric-api-lookup-api-v1-4abd26ae/1.6.114+20dc27073e/fabric-api-lookup-api-v1-4abd26ae-1.6.114+20dc27073e.jar:/home/ascend/randomBullshit/mcBenchmarkCore/.gradle/loom-cache/remapped_mods/remapped/net/fabricmc/fabric-api/fabric-command-api-v2-4abd26ae/2.4.7+6b42a6003e/fabric-command-api-v2-4abd26ae-2.4.7+6b42a6003e.jar:/home/ascend/randomBullshit/mcBenchmarkCore/.gradle/loom-cache/remapped_mods/remapped/net/fabricmc/fabric-api/fabric-content-registries-v0-4abd26ae/10.2.14+4fc5413f3e/fabric-content-registries-v0-4abd26ae-10.2.14+4fc5413f3e.jar:/home/ascend/randomBullshit/mcBenchmarkCore/.gradle/loom-cache/remapped_mods/remapped/net/fabricmc/fabric-api/fabric-data-generation-api-v1-4abd26ae/23.5.0+88d7da613e/fabric-data-generation-api-v1-4abd26ae-23.5.0+88d7da613e.jar:/home/ascend/randomBullshit/mcBenchmarkCore/.gradle/loom-cache/remapped_mods/remapped/net/fabricmc/fabric-api/fabric-convention-tags-v1-4abd26ae/2.1.55+7f945d5b3e/fabric-convention-tags-v1-4abd26ae-2.1.55+7f945d5b3e.jar:/home/ascend/randomBullshit/mcBenchmarkCore/.gradle/loom-cache/remapped_mods/remapped/net/fabricmc/fabric-api/fabric-convention-tags-v2-4abd26ae/2.17.3+8ef948ba3e/fabric-convention-tags-v2-4abd26ae-2.17.3+8ef948ba3e.jar:/home/ascend/randomBullshit/mcBenchmarkCore/.gradle/loom-cache/remapped_mods/remapped/net/fabricmc/fabric-api/fabric-data-attachment-api-v1-4abd26ae/1.8.48+eed0806f3e/fabric-data-attachment-api-v1-4abd26ae-1.8.48+eed0806f3e.jar:/home/ascend/randomBullshit/mcBenchmarkCore/.gradle/loom-cache/remapped_mods/remapped/net/fabricmc/fabric-api/fabric-entity-events-v1-4abd26ae/3.1.1+1d0ab4303e/fabric-entity-events-v1-4abd26ae-3.1.1+1d0ab4303e.jar:/home/ascend/randomBullshit/mcBenchmarkCore/.gradle/loom-cache/remapped_mods/remapped/net/fabricmc/fabric-api/fabric-events-interaction-v0-4abd26ae/4.1.1+3b89ecf63e/fabric-events-interaction-v0-4abd26ae-4.1.1+3b89ecf63e.jar:/home/ascend/randomBullshit/mcBenchmarkCore/.gradle/loom-cache/remapped_mods/remapped/net/fabricmc/fabric-api/fabric-game-rule-api-v1-4abd26ae/2.0.3+4fc5413f3e/fabric-game-rule-api-v1-4abd26ae-2.0.3+4fc5413f3e.jar:/home/ascend/randomBullshit/mcBenchmarkCore/.gradle/loom-cache/remapped_mods/remapped/net/fabricmc/fabric-api/fabric-gametest-api-v1-4abd26ae/3.1.27+4fc5413f3e/fabric-gametest-api-v1-4abd26ae-3.1.27+4fc5413f3e.jar:/home/ascend/randomBullshit/mcBenchmarkCore/.gradle/loom-cache/remapped_mods/remapped/net/fabricmc/fabric-api/fabric-item-api-v1-4abd26ae/11.6.0+67f17bb43e/fabric-item-api-v1-4abd26ae-11.6.0+67f17bb43e.jar:/home/ascend/randomBullshit/mcBenchmarkCore/.gradle/loom-cache/remapped_mods/remapped/net/fabricmc/fabric-api/fabric-item-group-api-v1-4abd26ae/4.2.36+4fc5413f3e/fabric-item-group-api-v1-4abd26ae-4.2.36+4fc5413f3e.jar:/home/ascend/randomBullshit/mcBenchmarkCore/.gradle/loom-cache/remapped_mods/remapped/net/fabricmc/fabric-api/fabric-recipe-api-v1-4abd26ae/8.2.4+4ebb5c083e/fabric-recipe-api-v1-4abd26ae-8.2.4+4ebb5c083e.jar:/home/ascend/randomBullshit/mcBenchmarkCore/.gradle/loom-cache/remapped_mods/remapped/net/fabricmc/fabric-api/fabric-model-loading-api-v1-4abd26ae/6.0.15+4fc5413f3e/fabric-model-loading-api-v1-4abd26ae-6.0.15+4fc5413f3e.jar:/home/ascend/randomBullshit/mcBenchmarkCore/.gradle/loom-cache/remapped_mods/remapped/net/fabricmc/fabric-api/fabric-renderer-indigo-4abd26ae/5.0.3+f4ffd2e53e/fabric-renderer-indigo-4abd26ae-5.0.3+f4ffd2e53e.jar:/home/ascend/randomBullshit/mcBenchmarkCore/.gradle/loom-cache/remapped_mods/remapped/net/fabricmc/fabric-api/fabric-renderer-api-v1-4abd26ae/8.0.3+f4ffd2e53e/fabric-renderer-api-v1-4abd26ae-8.0.3+f4ffd2e53e.jar:/home/ascend/randomBullshit/mcBenchmarkCore/.gradle/loom-cache/remapped_mods/remapped/net/fabricmc/fabric-api/fabric-rendering-v1-4abd26ae/16.2.10+0290ad933e/fabric-rendering-v1-4abd26ae-16.2.10+0290ad933e.jar:/home/ascend/randomBullshit/mcBenchmarkCore/.gradle/loom-cache/remapped_mods/remapped/net/fabricmc/fabric-api/fabric-lifecycle-events-v1-4abd26ae/2.6.15+4ebb5c083e/fabric-lifecycle-events-v1-4abd26ae-2.6.15+4ebb5c083e.jar:/home/ascend/randomBullshit/mcBenchmarkCore/.gradle/loom-cache/remapped_mods/remapped/net/fabricmc/fabric-api/fabric-loot-api-v2-4abd26ae/3.0.73+3f89f5a53e/fabric-loot-api-v2-4abd26ae-3.0.73+3f89f5a53e.jar:/home/ascend/randomBullshit/mcBenchmarkCore/.gradle/loom-cache/remapped_mods/remapped/net/fabricmc/fabric-api/fabric-loot-api-v3-4abd26ae/2.0.20+78c8b4663e/fabric-loot-api-v3-4abd26ae-2.0.20+78c8b4663e.jar:/home/ascend/randomBullshit/mcBenchmarkCore/.gradle/loom-cache/remapped_mods/remapped/net/fabricmc/fabric-api/fabric-message-api-v1-4abd26ae/6.1.12+4ebb5c083e/fabric-message-api-v1-4abd26ae-6.1.12+4ebb5c083e.jar:/home/ascend/randomBullshit/mcBenchmarkCore/.gradle/loom-cache/remapped_mods/remapped/net/fabricmc/fabric-api/fabric-particles-v1-4abd26ae/4.2.12+4fc5413f3e/fabric-particles-v1-4abd26ae-4.2.12+4fc5413f3e.jar:/home/ascend/randomBullshit/mcBenchmarkCore/.gradle/loom-cache/remapped_mods/remapped/net/fabricmc/fabric-api/fabric-object-builder-api-v1-4abd26ae/21.1.40+4fc5413f3e/fabric-object-builder-api-v1-4abd26ae-21.1.40+4fc5413f3e.jar:/home/ascend/randomBullshit/mcBenchmarkCore/.gradle/loom-cache/remapped_mods/remapped/net/fabricmc/fabric-api/fabric-screen-handler-api-v1-4abd26ae/1.3.162+4fc5413f3e/fabric-screen-handler-api-v1-4abd26ae-1.3.162+4fc5413f3e.jar:/home/ascend/randomBullshit/mcBenchmarkCore/.gradle/loom-cache/remapped_mods/remapped/net/fabricmc/fabric-api/fabric-registry-sync-v0-4abd26ae/6.2.6+1718722b3e/fabric-registry-sync-v0-4abd26ae-6.2.6+1718722b3e.jar:/home/ascend/randomBullshit/mcBenchmarkCore/.gradle/loom-cache/remapped_mods/remapped/net/fabricmc/fabric-api/fabric-networking-api-v1-4abd26ae/5.1.6+6b6d71a53e/fabric-networking-api-v1-4abd26ae-5.1.6+6b6d71a53e.jar:/home/ascend/randomBullshit/mcBenchmarkCore/.gradle/loom-cache/remapped_mods/remapped/net/fabricmc/fabric-api/fabric-rendering-fluids-v1-4abd26ae/3.1.43+4ebb5c083e/fabric-rendering-fluids-v1-4abd26ae-3.1.43+4ebb5c083e.jar:/home/ascend/randomBullshit/mcBenchmarkCore/.gradle/loom-cache/remapped_mods/remapped/net/fabricmc/fabric-api/fabric-tag-api-v1-4abd26ae/1.3.0+88d7da613e/fabric-tag-api-v1-4abd26ae-1.3.0+88d7da613e.jar:/home/ascend/randomBullshit/mcBenchmarkCore/.gradle/loom-cache/remapped_mods/remapped/net/fabricmc/fabric-api/fabric-resource-loader-v0-4abd26ae/3.3.4+4fc5413f3e/fabric-resource-loader-v0-4abd26ae-3.3.4+4fc5413f3e.jar:/home/ascend/randomBullshit/mcBenchmarkCore/.gradle/loom-cache/remapped_mods/remapped/net/fabricmc/fabric-api/fabric-resource-loader-v1-4abd26ae/1.0.10+78c8b4663e/fabric-resource-loader-v1-4abd26ae-1.0.10+78c8b4663e.jar:/home/ascend/randomBullshit/mcBenchmarkCore/.gradle/loom-cache/remapped_mods/remapped/net/fabricmc/fabric-api/fabric-screen-api-v1-4abd26ae/3.1.7+4ebb5c083e/fabric-screen-api-v1-4abd26ae-3.1.7+4ebb5c083e.jar:/home/ascend/randomBullshit/mcBenchmarkCore/.gradle/loom-cache/remapped_mods/remapped/net/fabricmc/fabric-api/fabric-api-base-4abd26ae/1.0.5+4ebb5c083e/fabric-api-base-4abd26ae-1.0.5+4ebb5c083e.jar:/home/ascend/randomBullshit/mcBenchmarkCore/.gradle/loom-cache/remapped_mods/remapped/net/fabricmc/fabric-api/fabric-biome-api-v1-4abd26ae/17.1.1+4fc5413f3e/fabric-biome-api-v1-4abd26ae-17.1.1+4fc5413f3e.jar:/home/ascend/randomBullshit/mcBenchmarkCore/.gradle/loom-cache/remapped_mods/remapped/net/fabricmc/fabric-api/fabric-block-api-v1-4abd26ae/1.1.10+4ebb5c083e/fabric-block-api-v1-4abd26ae-1.1.10+4ebb5c083e.jar:/home/ascend/randomBullshit/mcBenchmarkCore/.gradle/loom-cache/remapped_mods/remapped/net/fabricmc/fabric-api/fabric-block-view-api-v2-4abd26ae/1.0.39+4ebb5c083e/fabric-block-view-api-v2-4abd26ae-1.0.39+4ebb5c083e.jar:/home/ascend/randomBullshit/mcBenchmarkCore/.gradle/loom-cache/remapped_mods/remapped/net/fabricmc/fabric-api/fabric-client-gametest-api-v1-4abd26ae/4.3.5+bfe9fcf43e/fabric-client-gametest-api-v1-4abd26ae-4.3.5+bfe9fcf43e.jar:/home/ascend/randomBullshit/mcBenchmarkCore/.gradle/loom-cache/remapped_mods/remapped/net/fabricmc/fabric-api/fabric-crash-report-info-v1-4abd26ae/0.3.23+4ebb5c083e/fabric-crash-report-info-v1-4abd26ae-0.3.23+4ebb5c083e.jar:/home/ascend/randomBullshit/mcBenchmarkCore/.gradle/loom-cache/remapped_mods/remapped/net/fabricmc/fabric-api/fabric-dimensions-v1-4abd26ae/4.0.28+4fc5413f3e/fabric-dimensions-v1-4abd26ae-4.0.28+4fc5413f3e.jar:/home/ascend/randomBullshit/mcBenchmarkCore/.gradle/loom-cache/remapped_mods/remapped/net/fabricmc/fabric-api/fabric-key-binding-api-v1-4abd26ae/1.1.7+4fc5413f3e/fabric-key-binding-api-v1-4abd26ae-1.1.7+4fc5413f3e.jar:/home/ascend/randomBullshit/mcBenchmarkCore/.gradle/loom-cache/remapped_mods/remapped/net/fabricmc/fabric-api/fabric-resource-conditions-api-v1-4abd26ae/5.0.35+4fc5413f3e/fabric-resource-conditions-api-v1-4abd26ae-5.0.35+4fc5413f3e.jar:/home/ascend/randomBullshit/mcBenchmarkCore/.gradle/loom-cache/remapped_mods/remapped/net/fabricmc/fabric-api/fabric-serialization-api-v1-4abd26ae/1.0.5+4ebb5c083e/fabric-serialization-api-v1-4abd26ae-1.0.5+4ebb5c083e.jar:/home/ascend/randomBullshit/mcBenchmarkCore/.gradle/loom-cache/remapped_mods/remapped/net/fabricmc/fabric-api/fabric-sound-api-v1-4abd26ae/1.0.51+4fc5413f3e/fabric-sound-api-v1-4abd26ae-1.0.51+4fc5413f3e.jar:/home/ascend/randomBullshit/mcBenchmarkCore/.gradle/loom-cache/remapped_mods/remapped/net/fabricmc/fabric-api/fabric-transitive-access-wideners-v1-4abd26ae/7.1.0+014c8cec3e/fabric-transitive-access-wideners-v1-4abd26ae-7.1.0+014c8cec3e.jar
Launcher Type: SUN_STANDARD

[Global flags]
     intx CICompilerCount                          = 12                                        {product} {ergonomic}
     uint ConcGCThreads                            = 3                                         {product} {ergonomic}
     uint G1ConcRefinementThreads                  = 13                                        {product} {ergonomic}
   size_t G1HeapRegionSize                         = 4194304                                   {product} {ergonomic}
    uintx GCDrainStackTargetSize                   = 64                                        {product} {ergonomic}
   size_t InitialHeapSize                          = 511705088                                 {product} {ergonomic}
   size_t MarkStackSize                            = 4194304                                   {product} {ergonomic}
   size_t MaxHeapSize                              = 8187281408                                {product} {ergonomic}
   size_t MaxNewSize                               = 4911529984                                {product} {ergonomic}
   size_t MinHeapDeltaBytes                        = 4194304                                   {product} {ergonomic}
   size_t MinHeapSize                              = 8388608                                   {product} {ergonomic}
    uintx NonNMethodCodeHeapSize                   = 7602480                                {pd product} {ergonomic}
    uintx NonProfiledCodeHeapSize                  = 122027880                              {pd product} {ergonomic}
    uintx ProfiledCodeHeapSize                     = 122027880                              {pd product} {ergonomic}
    uintx ReservedCodeCacheSize                    = 251658240                              {pd product} {ergonomic}
     bool SegmentedCodeCache                       = true                                      {product} {ergonomic}
   size_t SoftMaxHeapSize                          = 8187281408                             {manageable} {ergonomic}
     intx StackShadowPages                         = 32                                     {pd product} {command line}
     bool UseCompressedOops                        = true                           {product lp64_product} {ergonomic}
     bool UseG1GC                                  = true                                      {product} {ergonomic}

Logging:
Log output configuration:
 #0: stdout all=warning uptime,level,tags foldmultilines=false
 #1: stderr all=off uptime,level,tags foldmultilines=false

Release file:
IMPLEMENTOR="Ubuntu"
JAVA_RUNTIME_VERSION="21.0.12.1+1-1-22.04.4-Ubuntu"
JAVA_VERSION="21.0.12.1"
JAVA_VERSION_DATE="2026-08-18"
LIBC="gnu"
MODULES="java.base java.compiler java.datatransfer java.xml java.prefs java.desktop java.instrument java.logging java.management java.security.sasl java.naming java.rmi java.management.rmi java.net.http java.scripting java.security.jgss java.transaction.xa java.sql java.sql.rowset java.xml.crypto java.se java.smartcardio jdk.accessibility jdk.internal.jvmstat jdk.attach jdk.charsets jdk.internal.opt jdk.zipfs jdk.compiler jdk.crypto.ec jdk.crypto.cryptoki jdk.dynalink jdk.internal.ed jdk.editpad jdk.hotspot.agent jdk.httpserver jdk.incubator.vector jdk.internal.le jdk.internal.vm.ci jdk.internal.vm.compiler jdk.internal.vm.compiler.management jdk.jartool jdk.javadoc jdk.jcmd jdk.management jdk.management.agent jdk.jconsole jdk.jdeps jdk.jdwp.agent jdk.jdi jdk.jfr jdk.jlink jdk.jpackage jdk.jshell jdk.jsobject jdk.jstatd jdk.localedata jdk.management.jfr jdk.naming.dns jdk.naming.rmi jdk.net jdk.nio.mapmode jdk.random jdk.sctp jdk.security.auth jdk.security.jgss jdk.unsupported jdk.unsupported.desktop jdk.xml.dom"
OS_ARCH="x86_64"
OS_NAME="Linux"
SOURCE=""

Environment Variables:
PATH=/home/ascend/.opencode/bin:/home/ascend/.pyenv/shims:/home/ascend/.pyenv/bin:/home/username/miniconda/bin:/home/ascend/.nvm/versions/node/v24.15.0/bin:/home/ascend/.opencode/bin:/home/ascend/.pyenv/bin:/home/username/miniconda/bin:/home/ascend/.nvm/versions/node/v24.15.0/bin:/home/ascend/.config/Code/User/globalStorage/github.copilot-chat/debugCommand:/home/ascend/.config/Code/User/globalStorage/github.copilot-chat/copilotCli:/home/ascend/.local/bin:/home/ascend/.local/share/pnpm/bin:/home/ascend/.sdkman/candidates/gradle/current/bin:/home/ascend/.opencode/bin:/home/ascend/.pyenv/bin:/home/username/miniconda/bin:/home/ascend/.nvm/versions/node/v24.15.0/bin:/home/ascend/.cargo/bin:/home/ascend/.local/bin:/usr/local/sbin:/usr/local/bin:/usr/sbin:/usr/bin:/sbin:/bin:/usr/games:/usr/local/games:/snap/bin:/home/ascend/.dotnet/tools:/home/ascend/.local/share/yabridge:/home/ascend/.vscode/extensions/vscjava.vscode-java-debug-0.59.0/bundled/scripts/noConfigScripts:/home/ascend/.vscode/extensions/ms-python.debugpy-2026.6.0-linux-x64/bundled/scripts/noConfigScripts:/home/ascend/.local/share/yabridge:/home/ascend/.local/share/yabridge
SHELL=/bin/bash
DISPLAY=:0
LANG=en_AU.UTF-8
LC_NUMERIC=en_AU.UTF-8
LC_TIME=en_AU.UTF-8
TERM=xterm-256color

Active Locale:
LC_ALL=en_AU.UTF-8
LC_COLLATE=en_AU.UTF-8
LC_CTYPE=en_AU.UTF-8
LC_MESSAGES=en_AU.UTF-8
LC_MONETARY=en_AU.UTF-8
LC_NUMERIC=en_AU.UTF-8
LC_TIME=en_AU.UTF-8

Signal Handlers:
   SIGSEGV: crash_handler in libjvm.so, mask=11100100010111111101111111111110, flags=SA_RESTART|SA_SIGINFO, unblocked
    SIGBUS: crash_handler in libjvm.so, mask=11100100010111111101111111111110, flags=SA_RESTART|SA_SIGINFO, unblocked
    SIGFPE: crash_handler in libjvm.so, mask=11100100010111111101111111111110, flags=SA_RESTART|SA_SIGINFO, unblocked
   SIGPIPE: javaSignalHandler in libjvm.so, mask=11100100010111111101111111111110, flags=SA_RESTART|SA_SIGINFO, blocked
   SIGXFSZ: javaSignalHandler in libjvm.so, mask=11100100010111111101111111111110, flags=SA_RESTART|SA_SIGINFO, blocked
    SIGILL: crash_handler in libjvm.so, mask=11100100010111111101111111111110, flags=SA_RESTART|SA_SIGINFO, unblocked
   SIGUSR2: SR_handler in libjvm.so, mask=00000000000000000000000000000000, flags=SA_RESTART|SA_SIGINFO, blocked
    SIGHUP: UserHandler in libjvm.so, mask=11100100010111111101111111111110, flags=SA_RESTART|SA_SIGINFO, blocked
    SIGINT: UserHandler in libjvm.so, mask=11100100010111111101111111111110, flags=SA_RESTART|SA_SIGINFO, blocked
   SIGTERM: UserHandler in libjvm.so, mask=11100100010111111101111111111110, flags=SA_RESTART|SA_SIGINFO, blocked
   SIGQUIT: UserHandler in libjvm.so, mask=11100100010111111101111111111110, flags=SA_RESTART|SA_SIGINFO, blocked
   SIGTRAP: crash_handler in libjvm.so, mask=11100100010111111101111111111110, flags=SA_RESTART|SA_SIGINFO, unblocked


Periodic native trim disabled

---------------  S Y S T E M  ---------------

OS:
DISTRIB_ID="Feren OS"
DISTRIB_RELEASE=2025.03
DISTRIB_CODENAME=osmium
DISTRIB_DESCRIPTION="Feren OS"
uname: Linux 6.8.0-60-generic #63~22.04.1-Ubuntu SMP PREEMPT_DYNAMIC Tue Apr 22 19:00:15 UTC 2 x86_64
OS uptime: 3 days 11:21 hours
libc: glibc 2.35 NPTL 2.35 
rlimit (soft/hard): STACK 8192k/infinity , CORE 0k/infinity , NPROC 124355/124355 , NOFILE 1048576/1048576 , AS infinity/infinity , CPU infinity/infinity , DATA infinity/infinity , FSIZE infinity/infinity , MEMLOCK infinity/infinity
load average: 15.62 16.32 12.72

/proc/meminfo:
MemTotal:       31973980 kB
MemFree:         4538636 kB
MemAvailable:    8209940 kB
Buffers:          656308 kB
Cached:          3097312 kB
SwapCached:        49760 kB
Active:         18372684 kB
Inactive:        6414428 kB
Active(anon):   17127788 kB
Inactive(anon):  4010108 kB
Active(file):    1244896 kB
Inactive(file):  2404320 kB
Unevictable:         352 kB
Mlocked:             352 kB
SwapTotal:      37748732 kB
SwapFree:         143616 kB
Zswap:                 0 kB
Zswapped:              0 kB
Dirty:             70760 kB
Writeback:             0 kB
AnonPages:      20988164 kB
Mapped:          2468412 kB
Shmem:            104400 kB
KReclaimable:     518740 kB
Slab:            1014900 kB
SReclaimable:     518740 kB
SUnreclaim:       496160 kB
KernelStack:       56768 kB
PageTables:       293916 kB
SecPageTables:         0 kB
NFS_Unstable:          0 kB
Bounce:                0 kB
WritebackTmp:          0 kB
CommitLimit:    53735720 kB
Committed_AS:   96578024 kB
VmallocTotal:   34359738367 kB
VmallocUsed:      301696 kB
VmallocChunk:          0 kB
Percpu:            19648 kB
HardwareCorrupted:     0 kB
AnonHugePages:         0 kB
ShmemHugePages:        0 kB
ShmemPmdMapped:        0 kB
FileHugePages:         0 kB
FilePmdMapped:         0 kB
Unaccepted:            0 kB
HugePages_Total:       0
HugePages_Free:        0
HugePages_Rsvd:        0
HugePages_Surp:        0
Hugepagesize:       2048 kB
Hugetlb:               0 kB
DirectMap4k:    22614216 kB
DirectMap2M:    10041344 kB
DirectMap1G:     1048576 kB

/sys/kernel/mm/transparent_hugepage/enabled: always [madvise] never
/sys/kernel/mm/transparent_hugepage/hpage_pmd_size: 2097152
/sys/kernel/mm/transparent_hugepage/defrag (defrag/compaction efforts parameter): always defer defer+madvise [madvise] never

Process Memory:
Virtual Size: 24196000K (peak: 24679164K)
Resident Set Size: 8917580K (peak: 8924336K) (anon: 8625904K, file: 287068K, shmem: 4608K)
Swapped out: 0K
C-Heap outstanding allocations: 3753751K, retained: 1610820K
glibc malloc tunables: (default)

/proc/sys/kernel/threads-max (system-wide limit on the number of threads): 248710
/proc/sys/vm/max_map_count (maximum number of memory map areas a process may have): 65530
/proc/sys/vm/swappiness (control to define how aggressively the kernel swaps out anonymous memory): 10
/proc/sys/kernel/pid_max (system-wide limit on number of process identifiers): 4194304

container information not found.
Steal ticks since vm start: 0
Steal ticks percentage since vm start:  0.000

CPU: total 16 (initial active 16) (16 cores per cpu, 2 threads per core) family 25 model 97 stepping 2 microcode 0xa601206, cx8, cmov, fxsr, ht, mmx, 3dnowpref, sse, sse2, sse3, ssse3, sse4a, sse4.1, sse4.2, popcnt, lzcnt, tsc, tscinvbit, avx, avx2, aes, erms, clmul, bmi1, bmi2, adx, avx512f, avx512dq, avx512cd, avx512bw, avx512vl, sha, fma, vzeroupper, avx512_vpopcntdq, avx512_vpclmulqdq, avx512_vaes, avx512_vnni, clflush, clflushopt, avx512_vbmi2, avx512_vbmi, rdtscp, rdpid, fsrm, gfni, avx512_bitalg, f16c, pku, ospke, cet_ss, avx512_ifma
CPU Model and flags from /proc/cpuinfo:
model name	: AMD Ryzen 7 7700 8-Core Processor
flags		: fpu vme de pse tsc msr pae mce cx8 apic sep mtrr pge mca cmov pat pse36 clflush mmx fxsr sse sse2 ht syscall nx mmxext fxsr_opt pdpe1gb rdtscp lm constant_tsc rep_good amd_lbr_v2 nopl nonstop_tsc cpuid extd_apicid aperfmperf rapl pni pclmulqdq monitor ssse3 fma cx16 sse4_1 sse4_2 movbe popcnt aes xsave avx f16c rdrand lahf_lm cmp_legacy svm extapic cr8_legacy abm sse4a misalignsse 3dnowprefetch osvw ibs skinit wdt tce topoext perfctr_core perfctr_nb bpext perfctr_llc mwaitx cpb cat_l3 cdp_l3 hw_pstate ssbd mba perfmon_v2 ibrs ibpb stibp ibrs_enhanced vmmcall fsgsbase bmi1 avx2 smep bmi2 erms invpcid cqm rdt_a avx512f avx512dq rdseed adx smap avx512ifma clflushopt clwb avx512cd sha_ni avx512bw avx512vl xsaveopt xsavec xgetbv1 xsaves cqm_llc cqm_occup_llc cqm_mbm_total cqm_mbm_local user_shstk avx512_bf16 clzero irperf xsaveerptr rdpru wbnoinvd cppc amd_ibpb_ret arat npt lbrv svm_lock nrip_save tsc_scale vmcb_clean flushbyasid decodeassists pausefilter pfthreshold avic vgif x2avic v_spec_ctrl vnmi avx512vbmi umip pku ospke avx512_vbmi2 gfni vaes vpclmulqdq avx512_vnni avx512_bitalg avx512_vpopcntdq rdpid overflow_recov succor smca fsrm flush_l1d

Online cpus: 0-15
Offline cpus: 
BIOS frequency limitation: <Not Available>
Frequency switch latency (ns): 0
Available cpu frequencies: <Not Available>
Current governor: powersave
Core performance/turbo boost: <Not Available>

Memory: 4k page, physical 31973980k(8209448k free), swap 37748732k(143616k free)
Page Sizes: 4k

vm_info: OpenJDK 64-Bit Server VM (21.0.12.1+1-1-22.04.4-Ubuntu) for linux-amd64 JRE (21.0.12.1+1-1-22.04.4-Ubuntu), built on 2026-09-04T06:16:42Z by "buildd" with gcc 12.3.0

END.
