[16:35:37] [main/INFO] (FabricLoader/GameProvider) Loading Minecraft 1.21.11 with Fabric Loader 0.19.3
[16:35:38] [main/INFO] (FabricLoader) Loading 56 mods:
	- fabric-api 0.141.6+1.21.11
	- fabric-api-base 1.0.5+4ebb5c083e
	- fabric-api-lookup-api-v1 1.6.114+20dc27073e
	- fabric-biome-api-v1 17.1.1+4fc5413f3e
	- fabric-block-api-v1 1.1.10+4ebb5c083e
	- fabric-block-view-api-v2 1.0.39+4ebb5c083e
	- fabric-client-gametest-api-v1 4.3.5+bfe9fcf43e
	- fabric-command-api-v2 2.4.7+6b42a6003e
	- fabric-content-registries-v0 10.2.14+4fc5413f3e
	- fabric-convention-tags-v1 2.1.55+7f945d5b3e
	- fabric-convention-tags-v2 2.17.3+8ef948ba3e
	- fabric-crash-report-info-v1 0.3.23+4ebb5c083e
	- fabric-data-attachment-api-v1 1.8.48+eed0806f3e
	- fabric-data-generation-api-v1 23.5.0+88d7da613e
	- fabric-dimensions-v1 4.0.28+4fc5413f3e
	- fabric-entity-events-v1 3.1.1+1d0ab4303e
	- fabric-events-interaction-v0 4.1.1+3b89ecf63e
	- fabric-game-rule-api-v1 2.0.3+4fc5413f3e
	- fabric-gametest-api-v1 3.1.27+4fc5413f3e
	- fabric-item-api-v1 11.6.0+67f17bb43e
	- fabric-item-group-api-v1 4.2.36+4fc5413f3e
	- fabric-key-binding-api-v1 1.1.7+4fc5413f3e
	- fabric-lifecycle-events-v1 2.6.15+4ebb5c083e
	- fabric-loot-api-v2 3.0.73+3f89f5a53e
	- fabric-loot-api-v3 2.0.20+78c8b4663e
	- fabric-message-api-v1 6.1.12+4ebb5c083e
	- fabric-model-loading-api-v1 6.0.15+4fc5413f3e
	- fabric-networking-api-v1 5.1.6+6b6d71a53e
	- fabric-object-builder-api-v1 21.1.40+4fc5413f3e
	- fabric-particles-v1 4.2.12+4fc5413f3e
	- fabric-recipe-api-v1 8.2.4+4ebb5c083e
	- fabric-registry-sync-v0 6.2.6+1718722b3e
	- fabric-renderer-api-v1 8.0.3+f4ffd2e53e
	- fabric-renderer-indigo 5.0.3+f4ffd2e53e
	- fabric-rendering-fluids-v1 3.1.43+4ebb5c083e
	- fabric-rendering-v1 16.2.10+0290ad933e
	- fabric-resource-conditions-api-v1 5.0.35+4fc5413f3e
	- fabric-resource-loader-v0 3.3.4+4fc5413f3e
	- fabric-resource-loader-v1 1.0.10+78c8b4663e
	- fabric-screen-api-v1 3.1.7+4ebb5c083e
	- fabric-screen-handler-api-v1 1.3.162+4fc5413f3e
	- fabric-serialization-api-v1 1.0.5+4ebb5c083e
	- fabric-sound-api-v1 1.0.51+4fc5413f3e
	- fabric-tag-api-v1 1.3.0+88d7da613e
	- fabric-transfer-api-v1 6.0.25+4fc5413f3e
	- fabric-transitive-access-wideners-v1 7.1.0+014c8cec3e
	- fabricloader 0.19.3
	- fpstest 1.0
	- iris 1.10.7+mc1.21.11
	   |-- io_github_douira_glsl-transformer 3.0.0-pre3
	   |-- org_anarres_jcpp 1.4.14
	   \-- org_antlr_antlr4-runtime 4.13.1
	- java 21
	- minecraft 1.21.11
	- mixinextras 0.5.4
	- sodium 0.8.7+mc1.21.11
[16:35:40] [pool-2-thread-9/WARN] (FabricLoader/ModRemap) Cannot remap renderSingleBlock(Lnet/minecraft/world/level/block/state/BlockState;Lcom/mojang/blaze3d/vertex/PoseStack;Lnet/minecraft/client/renderer/MultiBufferSource;IILnet/minecraft/world/level/BlockAndTintGetter;Lnet/minecraft/core/BlockPos;)V because it does not exist in any of the targets [net/minecraft/class_776]
[16:35:40] [pool-2-thread-10/WARN] (FabricLoader/ModRemap) Cannot remap push because it does not exist in any of the targets [net/minecraft/class_287]
[16:35:40] [pool-2-thread-5/WARN] (FabricLoader/ModRemap) Cannot remap lambda$submit$0 because it does not exist in any of the targets [net/minecraft/class_840]
[16:35:40] [pool-2-thread-3/WARN] (FabricLoader/ModRemap) Cannot remap lambda$addMainPass$1 because it does not exist in any of the targets [net/minecraft/class_761]
[16:35:40] [pool-2-thread-7/WARN] (FabricLoader/ModRemap) Cannot remap lambda$addSkyPass$8 because it does not exist in any of the targets [net/minecraft/class_761]
[16:35:40] [pool-2-thread-7/WARN] (FabricLoader/ModRemap) Cannot remap lambda$addSkyPass$8 because it does not exist in any of the targets [net/minecraft/class_761]
[16:35:40] [pool-2-thread-7/WARN] (FabricLoader/ModRemap) Cannot remap lambda$addCloudsPass$3 because it does not exist in any of the targets [net/minecraft/class_761]
[16:35:40] [pool-2-thread-3/WARN] (FabricLoader/ModRemap) Cannot remap lambda$addParticlesPass$2 because it does not exist in any of the targets [net/minecraft/class_761]
[16:35:40] [pool-2-thread-7/WARN] (FabricLoader/ModRemap) Cannot remap lambda$addCloudsPass$3 because it does not exist in any of the targets [net/minecraft/class_761]
[16:35:40] [pool-2-thread-7/WARN] (FabricLoader/ModRemap) Cannot remap lambda$addMainPass$1 because it does not exist in any of the targets [net/minecraft/class_761]
[16:35:40] [pool-2-thread-7/WARN] (FabricLoader/ModRemap) Cannot remap lambda$addWeatherPass$4 because it does not exist in any of the targets [net/minecraft/class_761]
[16:35:40] [pool-2-thread-3/WARN] (FabricLoader/ModRemap) Cannot remap lambda$addParticlesPass$2 because it does not exist in any of the targets [net/minecraft/class_761]
[16:35:40] [pool-2-thread-7/WARN] (FabricLoader/ModRemap) Cannot remap lambda$addWeatherPass$4 because it does not exist in any of the targets [net/minecraft/class_761]
[16:35:40] [pool-2-thread-7/WARN] (FabricLoader/ModRemap) Cannot remap lambda$addWeatherPass$4 because it does not exist in any of the targets [net/minecraft/class_761]
[16:35:40] [pool-2-thread-7/WARN] (FabricLoader/ModRemap) Cannot remap lambda$addMainPass$1 because it does not exist in any of the targets [net/minecraft/class_761]
[16:35:40] [pool-2-thread-9/WARN] (FabricLoader/ModRemap) Cannot remap lambda$reload$3 because it does not exist in any of the targets [net/minecraft/class_1060]
[16:35:40] [pool-2-thread-10/WARN] (FabricLoader/ModRemap) Cannot remap iterateVisibleBlockEntities because it does not exist in any of the targets [net/minecraft/class_761]
[16:35:40] [pool-2-thread-5/WARN] (FabricLoader/ModRemap) Cannot remap lambda$addSkyPass$8 because it does not exist in any of the targets [net/minecraft/class_761]
[16:35:40] [pool-2-thread-15/WARN] (FabricLoader/ModRemap) Cannot remap lambda$addMainPass$1 because it does not exist in any of the targets [net/minecraft/class_761]
[16:35:40] [pool-2-thread-9/WARN] (FabricLoader/ModRemap) Cannot remap lambda$init$2 because it does not exist in any of the targets [net/minecraft/class_429]
[16:35:40] [pool-2-thread-10/WARN] (FabricLoader/ModRemap) Cannot remap lambda$tick$1 because it does not exist in any of the targets [net/minecraft/class_4897]
[16:35:40] [pool-2-thread-1/WARN] (FabricLoader/ModRemap) Cannot remap sodium$setActive(Z)V because it does not exist in any of the targets [net/minecraft/class_7764]
[16:35:41] [main/INFO] (FabricLoader/Mixin) SpongePowered MIXIN Subsystem Version=0.8.7 Source=file:/home/ascend/.gradle/caches/modules-2/files-2.1/net.fabricmc/sponge-mixin/0.17.3+mixin.0.8.7/41c4a3984a80f4679e759fb9f495587acc5cdac7/sponge-mixin-0.17.3+mixin.0.8.7.jar Service=Knot/Fabric Env=CLIENT
[16:35:41] [main/INFO] (FabricLoader/Mixin) Loaded Fabric development mappings for mixin remapper!
[16:35:41] [main/INFO] (FabricLoader/Mixin) Compatibility level set to JAVA_21
[16:35:41] [main/INFO] (Sodium) Loaded configuration file for Sodium: 35 options available, 1 override(s) found
[16:35:41] [main/WARN] (FabricLoader/Mixin) Reference map 'client-fpstest-refmap.json' for fpstest.client.mixins.json could not be read. If this is a development environment you can ignore this message
[16:35:41] [main/WARN] (FabricLoader/Mixin) Reference map 'iris.refmap.json' for mixins.iris.json could not be read. If this is a development environment you can ignore this message
[16:35:41] [main/WARN] (FabricLoader/Mixin) Reference map 'iris-fabric.refmap.json' for mixins.iris.fabric.json could not be read. If this is a development environment you can ignore this message
[16:35:41] [main/WARN] (FabricLoader/Mixin) Reference map 'iris.refmap.json' for mixins.iris.fantastic.json could not be read. If this is a development environment you can ignore this message
[16:35:41] [main/WARN] (FabricLoader/Mixin) Reference map 'iris.refmap.json' for mixins.iris.vertexformat.json could not be read. If this is a development environment you can ignore this message
[16:35:41] [main/WARN] (FabricLoader/Mixin) Reference map 'iris.refmap.json' for mixins.iris.bettermipmaps.json could not be read. If this is a development environment you can ignore this message
[16:35:41] [main/WARN] (FabricLoader/Mixin) Reference map 'iris.refmap.json' for mixins.iris.compat.sodium.json could not be read. If this is a development environment you can ignore this message
[16:35:41] [main/WARN] (FabricLoader/Mixin) Reference map 'iris.refmap.json' for mixins.iris.fixes.maxfpscrash.json could not be read. If this is a development environment you can ignore this message
[16:35:41] [main/WARN] (Sodium) Force-disabling mixin 'features.render.world.sky.LevelRendererMixin' as rule 'mixin.features.render.world.sky' (added by mods [iris]) disables it and children
[16:35:41] [main/INFO] (Sodium-GraphicsAdapterProbe) Searching for graphics cards...
[16:35:41] [main/INFO] (Sodium-GraphicsAdapterProbe) Found graphics adapter: LinuxPciAdapterInfo[vendor=AMD, name=Device 164e, pciVendorId=0x1002, pciDeviceId=0x164e]
[16:35:41] [main/INFO] (Sodium-GraphicsAdapterProbe) Found graphics adapter: LinuxPciAdapterInfo[vendor=NVIDIA, name=Device 2783, pciVendorId=0x10de, pciDeviceId=0x2783]
[16:35:41] [main/INFO] (Sodium-GraphicsAdapterProbe) Found graphics adapter: LinuxPciAdapterInfo[vendor=AMD, name=Baffin [Radeon RX 460/560D / Pro 450/455/460/555/555X/560/560X], pciVendorId=0x1002, pciDeviceId=0x67ef]
[16:35:41] [main/WARN] (Sodium-Workarounds) Sodium has applied one or more workarounds to prevent crashes or other issues on your system: [NVIDIA_THREADED_OPTIMIZATIONS_BROKEN, NO_ERROR_CONTEXT_UNSUPPORTED, AMD_GAME_OPTIMIZATION_BROKEN]
[16:35:41] [main/WARN] (Sodium-Workarounds) This is not necessarily an issue, but it may result in certain features or optimizations being disabled. You can sometimes fix these issues by upgrading your graphics driver.
[16:35:41] [main/INFO] (FabricLoader/MixinExtras|Service) Initializing MixinExtras via com.llamalad7.mixinextras.service.MixinExtrasServiceImpl(version=0.5.4).
[16:35:42] [Datafixer Bootstrap/INFO] (Minecraft) 287 Datafixer optimizations took 184 milliseconds
[16:35:44] [Render thread/INFO] (Minecraft) Environment: Environment[sessionHost=https://sessionserver.mojang.com, servicesHost=https://api.minecraftservices.com, profilesHost=https://api.mojang.com, name=PROD]
[16:35:44] [Render thread/INFO] (Minecraft) Setting user: Player773
[16:35:45] [Render thread/INFO] (fpstest) MC Benchmark Core loaded — 43 benchmarks registered
[16:35:45] [Render thread/INFO] (Indigo) [Indigo] Different rendering plugin detected; not applying Indigo.
[16:35:45] [Render thread/INFO] (Minecraft) Backend library: LWJGL version 3.3.3-snapshot
[16:35:45] [Render thread/INFO] (Sodium-NvidiaWorkarounds) Modifying process environment to apply workarounds for the NVIDIA graphics driver...
[16:35:45] [Download-2/ERROR] (Minecraft) Failed to fetch user properties
com.mojang.authlib.exceptions.InvalidCredentialsException: Status: 401
	at knot//com.mojang.authlib.exceptions.MinecraftClientHttpException.toAuthenticationException(MinecraftClientHttpException.java:59)
	at knot//com.mojang.authlib.yggdrasil.YggdrasilUserApiService.fetchProperties(YggdrasilUserApiService.java:150)
	at knot//net.minecraft.client.Minecraft.method_55608(Minecraft.java:457)
	at java.base/java.util.concurrent.CompletableFuture$AsyncSupply.run(CompletableFuture.java:1768)
	at java.base/java.util.concurrent.ThreadPoolExecutor.runWorker(ThreadPoolExecutor.java:1144)
	at java.base/java.util.concurrent.ThreadPoolExecutor$Worker.run(ThreadPoolExecutor.java:642)
	at java.base/java.lang.Thread.run(Thread.java:1583)
Caused by: com.mojang.authlib.exceptions.MinecraftClientHttpException: Status: 401
	at knot//com.mojang.authlib.minecraft.client.MinecraftClient.readInputStream(MinecraftClient.java:103)
	at knot//com.mojang.authlib.minecraft.client.MinecraftClient.get(MinecraftClient.java:56)
	at knot//com.mojang.authlib.yggdrasil.YggdrasilUserApiService.fetchProperties(YggdrasilUserApiService.java:121)
	... 5 more
[16:35:45] [ForkJoinPool.commonPool-worker-1/WARN] (Iris) [Iris Update Check] This version doesn't have an update index, skipping.
[16:35:45] [Render thread/INFO] (Minecraft) OpenGL Vendor: NVIDIA Corporation
[16:35:45] [Render thread/INFO] (Minecraft) OpenGL Renderer: NVIDIA GeForce RTX 4070 SUPER/PCIe/SSE2
[16:35:45] [Render thread/INFO] (Minecraft) OpenGL Version: 3.3.0 NVIDIA 580.178.04
[16:35:45] [Render thread/INFO] (Sodium-NvidiaWorkarounds) Modifying OpenGL context to apply workarounds for the NVIDIA graphics driver...
[16:35:45] [Render thread/INFO] (Iris) Debug functionality is disabled.
[16:35:45] [Render thread/INFO] (Iris) ARB_direct_state_access detected, enabling DSA.
[16:35:45] [Render thread/INFO] (Iris) Shaders are disabled because enableShaders is set to false in iris.properties
[16:35:45] [Render thread/INFO] (Minecraft) Using optional rendering extensions: GL_ARB_buffer_storage, GL_KHR_debug, GL_ARB_vertex_attrib_binding, GL_ARB_direct_state_access, GL_EXT_texture_filter_anisotropic
[16:35:46] [Render thread/INFO] (Iris) Hardware information:
[16:35:46] [Render thread/INFO] (Iris) CPU: 16x AMD Ryzen 7 7700 8-Core Processor
[16:35:46] [Render thread/INFO] (Iris) GPU: NVIDIA GeForce RTX 4070 SUPER/PCIe/SSE2 (Supports OpenGL 3.3.0 NVIDIA 580.178.04)
[16:35:46] [Render thread/INFO] (Iris) OS: Linux (6.8.0-60-generic)
[16:35:46] [Render thread/INFO] (Minecraft) Reloading ResourceManager: vanilla, fabric-api, fabric-api-base, fabric-api-lookup-api-v1, fabric-biome-api-v1, fabric-block-api-v1, fabric-block-view-api-v2, fabric-client-gametest-api-v1, fabric-command-api-v2, fabric-content-registries-v0, fabric-convention-tags-v1, fabric-convention-tags-v2, fabric-crash-report-info-v1, fabric-data-attachment-api-v1, fabric-data-generation-api-v1, fabric-dimensions-v1, fabric-entity-events-v1, fabric-events-interaction-v0, fabric-game-rule-api-v1, fabric-gametest-api-v1, fabric-item-api-v1, fabric-item-group-api-v1, fabric-key-binding-api-v1, fabric-lifecycle-events-v1, fabric-loot-api-v2, fabric-loot-api-v3, fabric-message-api-v1, fabric-model-loading-api-v1, fabric-networking-api-v1, fabric-object-builder-api-v1, fabric-particles-v1, fabric-recipe-api-v1, fabric-registry-sync-v0, fabric-renderer-api-v1, fabric-renderer-indigo, fabric-rendering-fluids-v1, fabric-rendering-v1, fabric-resource-conditions-api-v1, fabric-resource-loader-v0, fabric-resource-loader-v1, fabric-screen-api-v1, fabric-screen-handler-api-v1, fabric-serialization-api-v1, fabric-sound-api-v1, fabric-tag-api-v1, fabric-transfer-api-v1, fabric-transitive-access-wideners-v1, fabricloader, fpstest, iris, sodium
[16:35:46] [Worker-Main-4/INFO] (Minecraft) Found unifont_all_no_pua-17.0.01.hex, loading
[16:35:46] [Worker-Main-6/INFO] (Minecraft) Found unifont_pua-17.0.01.hex, loading
[16:35:46] [Worker-Main-13/INFO] (Minecraft) Found unifont_jp_patch-17.0.01.hex, loading
[16:35:46] [Download-1/INFO] (Minecraft) Could not authorize you against Realms server: java.lang.RuntimeException: Failed to parse into SignedJWT: FabricMC
[16:35:46] [Download-1/ERROR] (Minecraft) Failed to fetch Realms feature flags
com.mojang.realmsclient.exception.RealmsServiceException: Realms authentication error with message 'java.lang.RuntimeException: Failed to parse into SignedJWT: FabricMC'
	at knot//com.mojang.realmsclient.client.RealmsClient.execute(RealmsClient.java:526)
	at knot//com.mojang.realmsclient.client.RealmsClient.fetchFeatureFlags(RealmsClient.java:186)
	at java.base/java.util.concurrent.CompletableFuture$AsyncSupply.run(CompletableFuture.java:1768)
	at java.base/java.util.concurrent.ThreadPoolExecutor.runWorker(ThreadPoolExecutor.java:1144)
	at java.base/java.util.concurrent.ThreadPoolExecutor$Worker.run(ThreadPoolExecutor.java:642)
	at java.base/java.lang.Thread.run(Thread.java:1583)
[16:35:47] [Render thread/INFO] (Minecraft) OpenAL initialized on device 1MORE SonoFlow
[16:35:47] [Render thread/INFO] (Minecraft) Sound engine started
[16:35:47] [Render thread/INFO] (Minecraft) Created: 512x256x0 minecraft:textures/atlas/particles.png-atlas
[16:35:47] [Render thread/INFO] (Minecraft) Created: 128x128x0 minecraft:textures/atlas/decorated_pot.png-atlas
[16:35:47] [Render thread/INFO] (Minecraft) Created: 2048x1024x0 minecraft:textures/atlas/armor_trims.png-atlas
[16:35:47] [Render thread/INFO] (Minecraft) Created: 512x256x0 minecraft:textures/atlas/paintings.png-atlas
[16:35:47] [Render thread/INFO] (Minecraft) Created: 1024x512x0 minecraft:textures/atlas/shield_patterns.png-atlas
[16:35:47] [Render thread/INFO] (Minecraft) Created: 4096x2048x4 minecraft:textures/atlas/blocks.png-atlas
[16:35:47] [Render thread/INFO] (Minecraft) Created: 512x512x0 minecraft:textures/atlas/chest.png-atlas
[16:35:47] [Render thread/INFO] (Minecraft) Created: 256x128x0 minecraft:textures/atlas/celestials.png-atlas
[16:35:47] [Render thread/INFO] (Minecraft) Created: 1024x512x0 minecraft:textures/atlas/banner_patterns.png-atlas
[16:35:47] [Render thread/INFO] (Minecraft) Created: 512x512x0 minecraft:textures/atlas/beds.png-atlas
[16:35:47] [Render thread/INFO] (Minecraft) Created: 1024x512x0 minecraft:textures/atlas/items.png-atlas
[16:35:47] [Render thread/INFO] (Minecraft) Created: 1024x1024x0 minecraft:textures/atlas/gui.png-atlas
[16:35:47] [Render thread/INFO] (Minecraft) Created: 128x64x0 minecraft:textures/atlas/map_decorations.png-atlas
[16:35:47] [Render thread/INFO] (Minecraft) Created: 512x256x0 minecraft:textures/atlas/signs.png-atlas
[16:35:47] [Render thread/INFO] (Minecraft) Created: 512x512x0 minecraft:textures/atlas/shulker_boxes.png-atlas
[16:35:47] [Render thread/INFO] (Iris) Creating pipeline for dimension minecraft:overworld
[16:35:47] [IO-Worker-1/INFO] (Minecraft) Could not authorize you against Realms server: java.lang.RuntimeException: Failed to parse into SignedJWT: FabricMC
[16:35:47] [IO-Worker-1/ERROR] (Minecraft) Couldn't connect to realms
com.mojang.realmsclient.exception.RealmsServiceException: Realms authentication error with message 'java.lang.RuntimeException: Failed to parse into SignedJWT: FabricMC'
	at knot//com.mojang.realmsclient.client.RealmsClient.execute(RealmsClient.java:526)
	at knot//com.mojang.realmsclient.client.RealmsClient.clientCompatible(RealmsClient.java:307)
	at knot//com.mojang.realmsclient.RealmsAvailability.method_52627(RealmsAvailability.java:48)
	at java.base/java.util.concurrent.CompletableFuture$AsyncSupply.run(CompletableFuture.java:1768)
	at java.base/java.util.concurrent.ThreadPoolExecutor.runWorker(ThreadPoolExecutor.java:1144)
	at java.base/java.util.concurrent.ThreadPoolExecutor$Worker.run(ThreadPoolExecutor.java:642)
	at java.base/java.lang.Thread.run(Thread.java:1583)
[16:36:12] [Render thread/INFO] (CinematicRunner) [MC Benchmark Core] saved original render distance: 16 chunks
[16:36:12] [Render thread/INFO] (Minecraft) Reloading ResourceManager: vanilla, fabric-api, fabric-api-base, fabric-api-lookup-api-v1, fabric-biome-api-v1, fabric-block-api-v1, fabric-block-view-api-v2, fabric-client-gametest-api-v1, fabric-command-api-v2, fabric-content-registries-v0, fabric-convention-tags-v1, fabric-convention-tags-v2, fabric-crash-report-info-v1, fabric-data-attachment-api-v1, fabric-data-generation-api-v1, fabric-dimensions-v1, fabric-entity-events-v1, fabric-events-interaction-v0, fabric-game-rule-api-v1, fabric-gametest-api-v1, fabric-item-api-v1, fabric-item-group-api-v1, fabric-key-binding-api-v1, fabric-lifecycle-events-v1, fabric-loot-api-v2, fabric-loot-api-v3, fabric-message-api-v1, fabric-model-loading-api-v1, fabric-networking-api-v1, fabric-object-builder-api-v1, fabric-particles-v1, fabric-recipe-api-v1, fabric-registry-sync-v0, fabric-renderer-api-v1, fabric-renderer-indigo, fabric-rendering-fluids-v1, fabric-rendering-v1, fabric-resource-conditions-api-v1, fabric-resource-loader-v0, fabric-resource-loader-v1, fabric-screen-api-v1, fabric-screen-handler-api-v1, fabric-serialization-api-v1, fabric-sound-api-v1, fabric-tag-api-v1, fabric-transfer-api-v1, fabric-transitive-access-wideners-v1, fabricloader, fpstest, iris, sodium
[16:36:12] [Render thread/INFO] (Iris) Destroying pipeline minecraft:overworld
[16:36:12] [Render thread/INFO] (Iris) Shaders are disabled because enableShaders is set to false in iris.properties
[16:36:12] [Render thread/INFO] (FullBenchmarkConfig) [Minecraft Benchmark Core] FULL BENCHMARK baseline: shaders OFF, benchmark resource packs OFF
[16:36:12] [Render thread/INFO] (CinematicRunner) [MC Benchmark Core] render distance set to 6 chunks for benchmark particle_cycle
[16:36:12] [Render thread/INFO] (CinematicRunner) [MC Benchmark Core] starting benchmark: particle_cycle (preset=quick)
[16:36:12] [Render thread/INFO] (fpstest) [MC Benchmark Core] creating ephemeral world seed=2503, type=FLAT, levelId=fpstest-arena
[16:36:12] [Worker-Main-12/INFO] (Minecraft) Found unifont_pua-17.0.01.hex, loading
[16:36:12] [Worker-Main-5/INFO] (Minecraft) Found unifont_all_no_pua-17.0.01.hex, loading
[16:36:12] [Worker-Main-4/INFO] (Minecraft) Found unifont_jp_patch-17.0.01.hex, loading
[16:36:12] [Render thread/INFO] (Minecraft) Found new data pack fabric-convention-tags-v2, loading it automatically
[16:36:12] [Render thread/INFO] (Minecraft) Found new data pack fabric-gametest-api-v1, loading it automatically
[16:36:13] [Render thread/INFO] (Minecraft) OpenAL initialized on device 1MORE SonoFlow
[16:36:13] [Render thread/INFO] (Minecraft) Sound engine started
[16:36:13] [Render thread/INFO] (Minecraft) Created: 512x256x0 minecraft:textures/atlas/particles.png-atlas
[16:36:13] [Render thread/INFO] (Minecraft) Created: 128x128x0 minecraft:textures/atlas/decorated_pot.png-atlas
[16:36:13] [Render thread/INFO] (Minecraft) Created: 2048x1024x0 minecraft:textures/atlas/armor_trims.png-atlas
[16:36:13] [Render thread/INFO] (Minecraft) Created: 512x256x0 minecraft:textures/atlas/paintings.png-atlas
[16:36:13] [Render thread/INFO] (Minecraft) Created: 1024x512x0 minecraft:textures/atlas/shield_patterns.png-atlas
[16:36:13] [Render thread/INFO] (Minecraft) Created: 4096x2048x4 minecraft:textures/atlas/blocks.png-atlas
[16:36:13] [Render thread/INFO] (Minecraft) Created: 512x512x0 minecraft:textures/atlas/chest.png-atlas
[16:36:13] [Render thread/INFO] (Minecraft) Created: 256x128x0 minecraft:textures/atlas/celestials.png-atlas
[16:36:13] [Render thread/INFO] (Minecraft) Created: 1024x512x0 minecraft:textures/atlas/banner_patterns.png-atlas
[16:36:13] [Render thread/INFO] (Minecraft) Created: 512x512x0 minecraft:textures/atlas/beds.png-atlas
[16:36:13] [Render thread/INFO] (Minecraft) Created: 1024x512x0 minecraft:textures/atlas/items.png-atlas
[16:36:13] [Render thread/INFO] (Minecraft) Created: 1024x1024x0 minecraft:textures/atlas/gui.png-atlas
[16:36:13] [Render thread/INFO] (Minecraft) Created: 128x64x0 minecraft:textures/atlas/map_decorations.png-atlas
[16:36:13] [Render thread/INFO] (Minecraft) Created: 512x256x0 minecraft:textures/atlas/signs.png-atlas
[16:36:13] [Render thread/INFO] (Minecraft) Created: 512x512x0 minecraft:textures/atlas/shulker_boxes.png-atlas
[16:36:13] [Render thread/INFO] (Minecraft) Loaded 1470 recipes
[16:36:13] [Render thread/INFO] (Minecraft) Loaded 1584 advancements
[16:36:13] [Render thread/INFO] (BiomeModificationImpl) Applied 0 biome modifications to 0 of 65 new biomes in 817.9 μs
[16:36:13] [Server thread/INFO] (Minecraft) Starting integrated minecraft server version 1.21.11
[16:36:13] [Server thread/INFO] (Minecraft) Generating keypair
[16:36:13] [Server thread/INFO] (Minecraft) Selecting global world spawn...
[16:36:13] [Server thread/INFO] (Minecraft) Loading 0 persistent chunks...
[16:36:13] [Server thread/INFO] (Minecraft) Preparing spawn area: 16%
[16:36:15] [Render thread/INFO] (fpstest) [MC Benchmark Core] created ephemeral world seed=2503, type=FLAT, levelId=fpstest-arena
[16:36:15] [Server thread/INFO] (Minecraft) Loading 48 chunks for player spawn...
[16:36:15] [Server thread/INFO] (Minecraft) Preparing spawn area: 16%
[16:36:15] [Server thread/INFO] (Minecraft) Preparing spawn area: 16%
[16:36:15] [Server thread/INFO] (Minecraft) Preparing spawn area: 58%
[16:36:15] [Server thread/INFO] (Minecraft) Preparing spawn area: 100%
[16:36:15] [Server thread/INFO] (Minecraft) Time elapsed: 2398 ms
[16:36:16] [Server thread/INFO] (Minecraft) Player773[local:E:d63cdd29] logged in with entity id 1 at (5.5, -60.0, 7.5)
[16:36:16] [Server thread/INFO] (Minecraft) Player773 joined the game
[16:36:16] [Server thread/INFO] (Minecraft) Changing view distance to 6, from 10
[16:36:16] [Server thread/INFO] (Minecraft) Changing simulation distance to 12, from 0
[16:36:16] [Render thread/INFO] (ChunkBuilder) Started 10 worker threads
[16:36:16] [Render thread/INFO] (Minecraft) Loaded 2 advancements
[16:36:16] [Render thread/INFO] (Iris) Creating pipeline for dimension minecraft:overworld
[16:36:16] [Render thread/INFO] (Minecraft) Resizing Dynamic Transforms UBO, capacity limit of 2 reached during a single frame. New capacity will be 4.
[16:36:16] [Render thread/INFO] (Minecraft) Resizing Dynamic Transforms UBO, capacity limit of 4 reached during a single frame. New capacity will be 8.
[16:36:16] [Render thread/INFO] (fpstest) [HUD] usage column — CPU 4% GPU --% RAM 6% (tickY=74 heapY=84 entitiesY=94)
[16:36:18] [Render thread/WARN] (CinematicRunner) [MC Benchmark Core] abort current: user pressed ESC
[16:36:18] [Server thread/INFO] (Minecraft) Saving and pausing game...
[16:36:18] [Server thread/INFO] (Minecraft) Saving chunks for level 'ServerLevel[MC Benchmark Core Arena]'/minecraft:overworld
[16:36:18] [Server thread/INFO] (Minecraft) Player773 lost connection: Disconnected
[16:36:18] [Server thread/INFO] (Minecraft) Player773 left the game
[16:36:18] [Server thread/INFO] (Minecraft) Stopping singleplayer server as player logged out
[16:36:18] [Server thread/INFO] (Minecraft) Stopping server
[16:36:18] [Server thread/INFO] (Minecraft) Saving players
[16:36:18] [Server thread/INFO] (Minecraft) Saving worlds
[16:36:18] [Server thread/INFO] (Minecraft) Saving chunks for level 'ServerLevel[MC Benchmark Core Arena]'/minecraft:overworld
[16:36:18] [Server thread/INFO] (Minecraft) ThreadedAnvilChunkStorage (fpstest-arena): All chunks are saved
[16:36:18] [Server thread/INFO] (Minecraft) ThreadedAnvilChunkStorage: All dimensions are saved
[16:36:19] [Render thread/INFO] (CinematicRunner) [MC Benchmark Core] render distance set to 6 chunks for benchmark entity_cows
[16:36:19] [Render thread/INFO] (CinematicRunner) [MC Benchmark Core] starting benchmark: entity_cows (preset=quick)
[16:36:19] [Render thread/INFO] (fpstest) [MC Benchmark Core] creating ephemeral world seed=6121, type=FLAT, levelId=fpstest-arena
[16:36:19] [Render thread/INFO] (Minecraft) Found new data pack fabric-convention-tags-v2, loading it automatically
[16:36:19] [Render thread/INFO] (Minecraft) Found new data pack fabric-gametest-api-v1, loading it automatically
[16:36:19] [Render thread/INFO] (Minecraft) Loaded 1470 recipes
[16:36:19] [Render thread/INFO] (Minecraft) Loaded 1584 advancements
[16:36:19] [Render thread/INFO] (ChunkBuilder) Stopping worker threads
[16:36:19] [Render thread/INFO] (BiomeModificationImpl) Applied 0 biome modifications to 0 of 65 new biomes in 202.6 μs
[16:36:19] [Server thread/INFO] (Minecraft) Starting integrated minecraft server version 1.21.11
[16:36:19] [Server thread/INFO] (Minecraft) Generating keypair
[16:36:19] [Server thread/INFO] (Minecraft) Selecting global world spawn...
[16:36:19] [Server thread/INFO] (Minecraft) Loading 0 persistent chunks...
[16:36:19] [Server thread/INFO] (Minecraft) Preparing spawn area: 16%
[16:36:19] [Render thread/INFO] (fpstest) [MC Benchmark Core] created ephemeral world seed=6121, type=FLAT, levelId=fpstest-arena
[16:36:19] [Server thread/INFO] (Minecraft) Loading 47 chunks for player spawn...
[16:36:19] [Server thread/INFO] (Minecraft) Time elapsed: 441 ms
[16:36:20] [Server thread/INFO] (Minecraft) Player773[local:E:15c44104] logged in with entity id 3 at (-2.5, -60.0, 6.5)
[16:36:20] [Server thread/INFO] (Minecraft) Player773 joined the game
[16:36:20] [Server thread/INFO] (Minecraft) Changing view distance to 6, from 10
[16:36:20] [Server thread/INFO] (Minecraft) Changing simulation distance to 12, from 0
[16:36:20] [Render thread/INFO] (ChunkBuilder) Started 10 worker threads
[16:36:20] [Render thread/INFO] (Minecraft) Loaded 2 advancements
[16:36:20] [Render thread/WARN] (CinematicRunner) [MC Benchmark Core] abort current: user pressed ESC
[16:36:20] [Server thread/INFO] (Minecraft) Saving and pausing game...
[16:36:20] [Server thread/INFO] (Minecraft) Saving chunks for level 'ServerLevel[MC Benchmark Core Arena]'/minecraft:overworld
[16:36:20] [Server thread/INFO] (Minecraft) Player773 lost connection: Disconnected
[16:36:20] [Server thread/INFO] (Minecraft) Player773 left the game
[16:36:20] [Server thread/INFO] (Minecraft) Stopping singleplayer server as player logged out
[16:36:20] [Server thread/INFO] (Minecraft) Stopping server
[16:36:20] [Server thread/INFO] (Minecraft) Saving players
[16:36:20] [Server thread/INFO] (Minecraft) Saving worlds
[16:36:21] [Server thread/INFO] (Minecraft) Saving chunks for level 'ServerLevel[MC Benchmark Core Arena]'/minecraft:overworld
[16:36:21] [Server thread/INFO] (Minecraft) ThreadedAnvilChunkStorage (fpstest-arena): All chunks are saved
[16:36:21] [Server thread/INFO] (Minecraft) ThreadedAnvilChunkStorage: All dimensions are saved
[16:36:21] [Render thread/INFO] (CinematicRunner) [MC Benchmark Core] render distance set to 6 chunks for benchmark entity_sheep
[16:36:21] [Render thread/INFO] (CinematicRunner) [MC Benchmark Core] starting benchmark: entity_sheep (preset=quick)
[16:36:21] [Render thread/INFO] (fpstest) [MC Benchmark Core] creating ephemeral world seed=6133, type=FLAT, levelId=fpstest-arena
[16:36:21] [Render thread/INFO] (Minecraft) Found new data pack fabric-convention-tags-v2, loading it automatically
[16:36:21] [Render thread/INFO] (Minecraft) Found new data pack fabric-gametest-api-v1, loading it automatically
[16:36:21] [Render thread/INFO] (Minecraft) Loaded 1470 recipes
[16:36:21] [Render thread/INFO] (Minecraft) Loaded 1584 advancements
[16:36:21] [Render thread/INFO] (ChunkBuilder) Stopping worker threads
[16:36:21] [Render thread/INFO] (BiomeModificationImpl) Applied 0 biome modifications to 0 of 65 new biomes in 144.1 μs
[16:36:21] [Server thread/INFO] (Minecraft) Starting integrated minecraft server version 1.21.11
[16:36:21] [Server thread/INFO] (Minecraft) Generating keypair
[16:36:21] [Server thread/INFO] (Minecraft) Selecting global world spawn...
[16:36:21] [Server thread/INFO] (Minecraft) Loading 0 persistent chunks...
[16:36:21] [Server thread/INFO] (Minecraft) Preparing spawn area: 16%
[16:36:21] [Render thread/INFO] (fpstest) [MC Benchmark Core] created ephemeral world seed=6133, type=FLAT, levelId=fpstest-arena
[16:36:22] [Server thread/INFO] (Minecraft) Loading 47 chunks for player spawn...
[16:36:22] [Server thread/INFO] (Minecraft) Time elapsed: 431 ms
[16:36:22] [Server thread/INFO] (Minecraft) Player773[local:E:25dada8d] logged in with entity id 5 at (-9.5, -60.0, -1.5)
[16:36:22] [Server thread/INFO] (Minecraft) Player773 joined the game
[16:36:22] [Render thread/INFO] (ChunkBuilder) Started 10 worker threads
[16:36:22] [Server thread/INFO] (Minecraft) Changing view distance to 6, from 10
[16:36:22] [Server thread/INFO] (Minecraft) Changing simulation distance to 12, from 0
[16:36:22] [Render thread/INFO] (Minecraft) Loaded 2 advancements
[16:36:23] [Render thread/WARN] (CinematicRunner) [MC Benchmark Core] abort current: user pressed ESC
[16:36:23] [Server thread/INFO] (Minecraft) Saving and pausing game...
[16:36:23] [Server thread/INFO] (Minecraft) Saving chunks for level 'ServerLevel[MC Benchmark Core Arena]'/minecraft:overworld
[16:36:23] [Server thread/INFO] (Minecraft) Player773 lost connection: Disconnected
[16:36:23] [Server thread/INFO] (Minecraft) Player773 left the game
[16:36:23] [Server thread/INFO] (Minecraft) Stopping singleplayer server as player logged out
[16:36:23] [Server thread/INFO] (Minecraft) Stopping server
[16:36:23] [Server thread/INFO] (Minecraft) Saving players
[16:36:23] [Server thread/INFO] (Minecraft) Saving worlds
[16:36:23] [Server thread/INFO] (Minecraft) Saving chunks for level 'ServerLevel[MC Benchmark Core Arena]'/minecraft:overworld
[16:36:23] [Server thread/INFO] (Minecraft) ThreadedAnvilChunkStorage (fpstest-arena): All chunks are saved
[16:36:23] [Server thread/INFO] (Minecraft) ThreadedAnvilChunkStorage: All dimensions are saved
[16:36:23] [Render thread/INFO] (CinematicRunner) [MC Benchmark Core] render distance set to 6 chunks for benchmark entity_zombies
[16:36:23] [Render thread/INFO] (CinematicRunner) [MC Benchmark Core] starting benchmark: entity_zombies (preset=quick)
[16:36:23] [Render thread/INFO] (fpstest) [MC Benchmark Core] creating ephemeral world seed=6151, type=FLAT, levelId=fpstest-arena
[16:36:23] [Render thread/INFO] (Minecraft) Found new data pack fabric-convention-tags-v2, loading it automatically
[16:36:23] [Render thread/INFO] (Minecraft) Found new data pack fabric-gametest-api-v1, loading it automatically
[16:36:24] [Render thread/INFO] (Minecraft) Loaded 1470 recipes
[16:36:24] [Render thread/INFO] (Minecraft) Loaded 1584 advancements
[16:36:24] [Render thread/INFO] (ChunkBuilder) Stopping worker threads
[16:36:24] [Render thread/INFO] (BiomeModificationImpl) Applied 0 biome modifications to 0 of 65 new biomes in 438.5 μs
[16:36:24] [Server thread/INFO] (Minecraft) Starting integrated minecraft server version 1.21.11
[16:36:24] [Server thread/INFO] (Minecraft) Generating keypair
[16:36:24] [Server thread/INFO] (Minecraft) Selecting global world spawn...
[16:36:24] [Server thread/INFO] (Minecraft) Loading 0 persistent chunks...
[16:36:24] [Server thread/INFO] (Minecraft) Preparing spawn area: 16%
[16:36:24] [Render thread/INFO] (fpstest) [MC Benchmark Core] created ephemeral world seed=6151, type=FLAT, levelId=fpstest-arena
[16:36:24] [Server thread/INFO] (Minecraft) Loading 48 chunks for player spawn...
[16:36:24] [Server thread/INFO] (Minecraft) Time elapsed: 345 ms
[16:36:24] [Server thread/INFO] (Minecraft) Player773[local:E:57fd820f] logged in with entity id 7 at (10.5, -60.0, 7.5)
[16:36:24] [Server thread/INFO] (Minecraft) Player773 joined the game
[16:36:24] [Server thread/INFO] (Minecraft) Changing view distance to 6, from 10
[16:36:24] [Server thread/INFO] (Minecraft) Changing simulation distance to 12, from 0
[16:36:24] [Render thread/INFO] (ChunkBuilder) Started 10 worker threads
[16:36:24] [Render thread/INFO] (Minecraft) Loaded 2 advancements
[16:36:25] [Render thread/WARN] (CinematicRunner) [MC Benchmark Core] abort current: user pressed ESC
[16:36:25] [Server thread/INFO] (Minecraft) Saving and pausing game...
[16:36:25] [Server thread/INFO] (Minecraft) Saving chunks for level 'ServerLevel[MC Benchmark Core Arena]'/minecraft:overworld
[16:36:25] [Server thread/INFO] (Minecraft) Player773 lost connection: Disconnected
[16:36:25] [Server thread/INFO] (Minecraft) Player773 left the game
[16:36:25] [Server thread/INFO] (Minecraft) Stopping singleplayer server as player logged out
[16:36:25] [Server thread/INFO] (Minecraft) Stopping server
[16:36:25] [Server thread/INFO] (Minecraft) Saving players
[16:36:25] [Server thread/INFO] (Minecraft) Saving worlds
[16:36:25] [Server thread/INFO] (Minecraft) Saving chunks for level 'ServerLevel[MC Benchmark Core Arena]'/minecraft:overworld
[16:36:25] [Server thread/INFO] (Minecraft) ThreadedAnvilChunkStorage (fpstest-arena): All chunks are saved
[16:36:25] [Server thread/INFO] (Minecraft) ThreadedAnvilChunkStorage: All dimensions are saved
[16:36:25] [Render thread/INFO] (CinematicRunner) [MC Benchmark Core] render distance set to 6 chunks for benchmark entity_pigs
[16:36:25] [Render thread/INFO] (CinematicRunner) [MC Benchmark Core] starting benchmark: entity_pigs (preset=quick)
[16:36:25] [Render thread/INFO] (fpstest) [MC Benchmark Core] creating ephemeral world seed=6163, type=FLAT, levelId=fpstest-arena
[16:36:25] [Render thread/INFO] (Minecraft) Found new data pack fabric-convention-tags-v2, loading it automatically
[16:36:25] [Render thread/INFO] (Minecraft) Found new data pack fabric-gametest-api-v1, loading it automatically
[16:36:26] [Render thread/INFO] (Minecraft) Loaded 1470 recipes
[16:36:26] [Render thread/INFO] (Minecraft) Loaded 1584 advancements
[16:36:26] [Render thread/INFO] (ChunkBuilder) Stopping worker threads
[16:36:26] [Render thread/INFO] (BiomeModificationImpl) Applied 0 biome modifications to 0 of 65 new biomes in 146.7 μs
[16:36:26] [Server thread/INFO] (Minecraft) Starting integrated minecraft server version 1.21.11
[16:36:26] [Server thread/INFO] (Minecraft) Generating keypair
[16:36:26] [Server thread/INFO] (Minecraft) Selecting global world spawn...
[16:36:26] [Server thread/INFO] (Minecraft) Loading 0 persistent chunks...
[16:36:26] [Server thread/INFO] (Minecraft) Preparing spawn area: 16%
[16:36:26] [Render thread/INFO] (fpstest) [MC Benchmark Core] created ephemeral world seed=6163, type=FLAT, levelId=fpstest-arena
[16:36:26] [Server thread/INFO] (Minecraft) Loading 47 chunks for player spawn...
[16:36:26] [Server thread/INFO] (Minecraft) Time elapsed: 426 ms
[16:36:26] [Server thread/INFO] (Minecraft) Player773[local:E:7ab843d3] logged in with entity id 9 at (2.5, -60.0, -8.5)
[16:36:26] [Server thread/INFO] (Minecraft) Player773 joined the game
[16:36:26] [Server thread/INFO] (Minecraft) Changing view distance to 6, from 10
[16:36:26] [Server thread/INFO] (Minecraft) Changing simulation distance to 12, from 0
[16:36:26] [Render thread/INFO] (ChunkBuilder) Started 10 worker threads
[16:36:26] [Render thread/INFO] (Minecraft) Loaded 2 advancements
[16:36:27] [Render thread/INFO] (fpstest) [HUD] usage column — CPU 11% GPU 6% RAM 9% (tickY=74 heapY=84 entitiesY=94)
[16:36:27] [Render thread/WARN] (CinematicRunner) [MC Benchmark Core] abort current: user pressed ESC
[16:36:27] [Server thread/INFO] (Minecraft) Saving and pausing game...
[16:36:27] [Server thread/INFO] (Minecraft) Saving chunks for level 'ServerLevel[MC Benchmark Core Arena]'/minecraft:overworld
[16:36:27] [Server thread/INFO] (Minecraft) Player773 lost connection: Disconnected
[16:36:27] [Server thread/INFO] (Minecraft) Player773 left the game
[16:36:27] [Server thread/INFO] (Minecraft) Stopping singleplayer server as player logged out
[16:36:27] [Server thread/INFO] (Minecraft) Stopping server
[16:36:27] [Server thread/INFO] (Minecraft) Saving players
[16:36:27] [Server thread/INFO] (Minecraft) Saving worlds
[16:36:27] [Server thread/INFO] (Minecraft) Saving chunks for level 'ServerLevel[MC Benchmark Core Arena]'/minecraft:overworld
[16:36:27] [Server thread/INFO] (Minecraft) ThreadedAnvilChunkStorage (fpstest-arena): All chunks are saved
[16:36:27] [Server thread/INFO] (Minecraft) ThreadedAnvilChunkStorage: All dimensions are saved
[16:36:28] [Render thread/INFO] (CinematicRunner) [MC Benchmark Core] render distance set to 6 chunks for benchmark entity_villagers
[16:36:28] [Render thread/INFO] (CinematicRunner) [MC Benchmark Core] starting benchmark: entity_villagers (preset=quick)
[16:36:28] [Render thread/INFO] (fpstest) [MC Benchmark Core] creating ephemeral world seed=6173, type=FLAT, levelId=fpstest-arena
[16:36:28] [Render thread/INFO] (Minecraft) Found new data pack fabric-convention-tags-v2, loading it automatically
[16:36:28] [Render thread/INFO] (Minecraft) Found new data pack fabric-gametest-api-v1, loading it automatically
[16:36:28] [Render thread/INFO] (Minecraft) Loaded 1470 recipes
[16:36:28] [Render thread/INFO] (Minecraft) Loaded 1584 advancements
[16:36:28] [Render thread/INFO] (ChunkBuilder) Stopping worker threads
[16:36:28] [Render thread/INFO] (BiomeModificationImpl) Applied 0 biome modifications to 0 of 65 new biomes in 131.4 μs
[16:36:28] [Server thread/INFO] (Minecraft) Starting integrated minecraft server version 1.21.11
[16:36:28] [Server thread/INFO] (Minecraft) Generating keypair
[16:36:28] [Server thread/INFO] (Minecraft) Selecting global world spawn...
[16:36:28] [Server thread/INFO] (Minecraft) Loading 0 persistent chunks...
[16:36:28] [Server thread/INFO] (Minecraft) Preparing spawn area: 16%
[16:36:28] [Render thread/INFO] (fpstest) [MC Benchmark Core] created ephemeral world seed=6173, type=FLAT, levelId=fpstest-arena
[16:36:28] [Server thread/INFO] (Minecraft) Loading 47 chunks for player spawn...
[16:36:28] [Server thread/INFO] (Minecraft) Time elapsed: 425 ms
[16:36:28] [Server thread/INFO] (Minecraft) Player773[local:E:3ea33cc7] logged in with entity id 11 at (8.5, -60.0, -6.5)
[16:36:28] [Server thread/INFO] (Minecraft) Player773 joined the game
[16:36:28] [Server thread/INFO] (Minecraft) Changing view distance to 6, from 10
[16:36:28] [Server thread/INFO] (Minecraft) Changing simulation distance to 12, from 0
[16:36:28] [Render thread/INFO] (ChunkBuilder) Started 10 worker threads
[16:36:28] [Render thread/INFO] (Minecraft) Loaded 2 advancements
[16:36:29] [Render thread/WARN] (CinematicRunner) [MC Benchmark Core] abort current: user pressed ESC
[16:36:29] [Server thread/INFO] (Minecraft) Saving and pausing game...
[16:36:29] [Server thread/INFO] (Minecraft) Saving chunks for level 'ServerLevel[MC Benchmark Core Arena]'/minecraft:overworld
[16:36:29] [Server thread/INFO] (Minecraft) Player773 lost connection: Disconnected
[16:36:29] [Server thread/INFO] (Minecraft) Player773 left the game
[16:36:29] [Server thread/INFO] (Minecraft) Stopping singleplayer server as player logged out
[16:36:29] [Server thread/INFO] (Minecraft) Stopping server
[16:36:29] [Server thread/INFO] (Minecraft) Saving players
[16:36:29] [Server thread/INFO] (Minecraft) Saving worlds
[16:36:29] [Server thread/INFO] (Minecraft) Saving chunks for level 'ServerLevel[MC Benchmark Core Arena]'/minecraft:overworld
[16:36:29] [Server thread/INFO] (Minecraft) ThreadedAnvilChunkStorage (fpstest-arena): All chunks are saved
[16:36:29] [Server thread/INFO] (Minecraft) ThreadedAnvilChunkStorage: All dimensions are saved
[16:36:30] [Render thread/INFO] (CinematicRunner) [MC Benchmark Core] render distance set to 6 chunks for benchmark entity_chickens
[16:36:30] [Render thread/INFO] (CinematicRunner) [MC Benchmark Core] starting benchmark: entity_chickens (preset=quick)
[16:36:30] [Render thread/INFO] (fpstest) [MC Benchmark Core] creating ephemeral world seed=6197, type=FLAT, levelId=fpstest-arena
[16:36:30] [Render thread/INFO] (Minecraft) Found new data pack fabric-convention-tags-v2, loading it automatically
[16:36:30] [Render thread/INFO] (Minecraft) Found new data pack fabric-gametest-api-v1, loading it automatically
[16:36:30] [Render thread/INFO] (Minecraft) Loaded 1470 recipes
[16:36:30] [Render thread/INFO] (Minecraft) Loaded 1584 advancements
[16:36:30] [Render thread/INFO] (ChunkBuilder) Stopping worker threads
[16:36:30] [Render thread/INFO] (BiomeModificationImpl) Applied 0 biome modifications to 0 of 65 new biomes in 124.2 μs
[16:36:30] [Server thread/INFO] (Minecraft) Starting integrated minecraft server version 1.21.11
[16:36:30] [Server thread/INFO] (Minecraft) Generating keypair
[16:36:30] [Server thread/INFO] (Minecraft) Selecting global world spawn...
[16:36:30] [Server thread/INFO] (Minecraft) Loading 0 persistent chunks...
[16:36:30] [Server thread/INFO] (Minecraft) Preparing spawn area: 16%
[16:36:30] [Render thread/INFO] (fpstest) [MC Benchmark Core] created ephemeral world seed=6197, type=FLAT, levelId=fpstest-arena
[16:36:30] [Server thread/INFO] (Minecraft) Loading 47 chunks for player spawn...
[16:36:31] [Server thread/INFO] (Minecraft) Time elapsed: 425 ms
[16:36:31] [Server thread/INFO] (Minecraft) Player773[local:E:e739cab3] logged in with entity id 13 at (-0.5, -60.0, -0.5)
[16:36:31] [Server thread/INFO] (Minecraft) Player773 joined the game
[16:36:31] [Server thread/INFO] (Minecraft) Changing view distance to 6, from 10
[16:36:31] [Server thread/INFO] (Minecraft) Changing simulation distance to 12, from 0
[16:36:31] [Render thread/INFO] (ChunkBuilder) Started 10 worker threads
[16:36:31] [Render thread/INFO] (Minecraft) Loaded 2 advancements
[16:36:31] [Render thread/WARN] (CinematicRunner) [MC Benchmark Core] abort current: user pressed ESC
[16:36:31] [Server thread/INFO] (Minecraft) Player773 lost connection: Disconnected
[16:36:31] [Server thread/INFO] (Minecraft) Player773 left the game
[16:36:31] [Server thread/INFO] (Minecraft) Stopping singleplayer server as player logged out
[16:36:31] [Server thread/INFO] (Minecraft) Stopping server
[16:36:31] [Server thread/INFO] (Minecraft) Saving players
[16:36:31] [Server thread/INFO] (Minecraft) Saving worlds
[16:36:31] [Server thread/INFO] (Minecraft) Saving chunks for level 'ServerLevel[MC Benchmark Core Arena]'/minecraft:overworld
[16:36:32] [Server thread/INFO] (Minecraft) ThreadedAnvilChunkStorage (fpstest-arena): All chunks are saved
[16:36:32] [Server thread/INFO] (Minecraft) ThreadedAnvilChunkStorage: All dimensions are saved
[16:36:32] [Render thread/INFO] (CinematicRunner) [MC Benchmark Core] render distance set to 6 chunks for benchmark entity_items
[16:36:32] [Render thread/INFO] (CinematicRunner) [MC Benchmark Core] starting benchmark: entity_items (preset=quick)
[16:36:32] [Render thread/INFO] (fpstest) [MC Benchmark Core] creating ephemeral world seed=6203, type=FLAT, levelId=fpstest-arena
[16:36:32] [Render thread/INFO] (Minecraft) Found new data pack fabric-convention-tags-v2, loading it automatically
[16:36:32] [Render thread/INFO] (Minecraft) Found new data pack fabric-gametest-api-v1, loading it automatically
[16:36:32] [Render thread/INFO] (Minecraft) Loaded 1470 recipes
[16:36:32] [Render thread/INFO] (Minecraft) Loaded 1584 advancements
[16:36:32] [Render thread/INFO] (ChunkBuilder) Stopping worker threads
[16:36:32] [Render thread/INFO] (BiomeModificationImpl) Applied 0 biome modifications to 0 of 65 new biomes in 132.6 μs
[16:36:32] [Server thread/INFO] (Minecraft) Starting integrated minecraft server version 1.21.11
[16:36:32] [Server thread/INFO] (Minecraft) Generating keypair
[16:36:32] [Server thread/INFO] (Minecraft) Selecting global world spawn...
[16:36:32] [Server thread/INFO] (Minecraft) Loading 0 persistent chunks...
[16:36:32] [Server thread/INFO] (Minecraft) Preparing spawn area: 16%
[16:36:32] [Render thread/INFO] (fpstest) [MC Benchmark Core] created ephemeral world seed=6203, type=FLAT, levelId=fpstest-arena
[16:36:32] [Server thread/INFO] (Minecraft) Loading 48 chunks for player spawn...
[16:36:32] [Server thread/INFO] (Minecraft) Time elapsed: 279 ms
[16:36:33] [Server thread/INFO] (Minecraft) Player773[local:E:fa6831af] logged in with entity id 15 at (7.5, -60.0, 9.5)
[16:36:33] [Server thread/INFO] (Minecraft) Player773 joined the game
[16:36:33] [Server thread/INFO] (Minecraft) Changing view distance to 6, from 10
[16:36:33] [Server thread/INFO] (Minecraft) Changing simulation distance to 12, from 0
[16:36:33] [Render thread/INFO] (ChunkBuilder) Started 10 worker threads
[16:36:33] [Render thread/INFO] (Minecraft) Loaded 2 advancements
[16:36:33] [Render thread/WARN] (CinematicRunner) [MC Benchmark Core] abort current: user pressed ESC
[16:36:33] [Server thread/INFO] (Minecraft) Saving and pausing game...
[16:36:33] [Server thread/INFO] (Minecraft) Saving chunks for level 'ServerLevel[MC Benchmark Core Arena]'/minecraft:overworld
[16:36:34] [Server thread/INFO] (Minecraft) Player773 lost connection: Disconnected
[16:36:34] [Server thread/INFO] (Minecraft) Player773 left the game
[16:36:34] [Server thread/INFO] (Minecraft) Stopping singleplayer server as player logged out
[16:36:34] [Server thread/INFO] (Minecraft) Stopping server
[16:36:34] [Server thread/INFO] (Minecraft) Saving players
[16:36:34] [Server thread/INFO] (Minecraft) Saving worlds
[16:36:34] [Server thread/INFO] (Minecraft) Saving chunks for level 'ServerLevel[MC Benchmark Core Arena]'/minecraft:overworld
[16:36:34] [Server thread/INFO] (Minecraft) ThreadedAnvilChunkStorage (fpstest-arena): All chunks are saved
[16:36:34] [Server thread/INFO] (Minecraft) ThreadedAnvilChunkStorage: All dimensions are saved
[16:36:34] [Render thread/INFO] (CinematicRunner) [MC Benchmark Core] render distance set to 6 chunks for benchmark entity_xp
[16:36:34] [Render thread/INFO] (CinematicRunner) [MC Benchmark Core] starting benchmark: entity_xp (preset=quick)
[16:36:34] [Render thread/INFO] (fpstest) [MC Benchmark Core] creating ephemeral world seed=6217, type=FLAT, levelId=fpstest-arena
[16:36:34] [Render thread/INFO] (Minecraft) Found new data pack fabric-convention-tags-v2, loading it automatically
[16:36:34] [Render thread/INFO] (Minecraft) Found new data pack fabric-gametest-api-v1, loading it automatically
[16:36:34] [Render thread/INFO] (Minecraft) Loaded 1470 recipes
[16:36:34] [Render thread/INFO] (Minecraft) Loaded 1584 advancements
[16:36:34] [Render thread/INFO] (ChunkBuilder) Stopping worker threads
[16:36:34] [Render thread/INFO] (BiomeModificationImpl) Applied 0 biome modifications to 0 of 65 new biomes in 131.0 μs
[16:36:34] [Server thread/INFO] (Minecraft) Starting integrated minecraft server version 1.21.11
[16:36:34] [Server thread/INFO] (Minecraft) Generating keypair
[16:36:34] [Server thread/INFO] (Minecraft) Selecting global world spawn...
[16:36:34] [Server thread/INFO] (Minecraft) Loading 0 persistent chunks...
[16:36:34] [Server thread/INFO] (Minecraft) Preparing spawn area: 16%
[16:36:34] [Render thread/INFO] (fpstest) [MC Benchmark Core] created ephemeral world seed=6217, type=FLAT, levelId=fpstest-arena
[16:36:35] [Server thread/INFO] (Minecraft) Loading 47 chunks for player spawn...
[16:36:35] [Server thread/INFO] (Minecraft) Time elapsed: 425 ms
[16:36:35] [Server thread/INFO] (Minecraft) Player773[local:E:73bb85b5] logged in with entity id 17 at (0.5, -60.0, -4.5)
[16:36:35] [Server thread/INFO] (Minecraft) Player773 joined the game
[16:36:35] [Server thread/INFO] (Minecraft) Changing view distance to 6, from 10
[16:36:35] [Server thread/INFO] (Minecraft) Changing simulation distance to 12, from 0
[16:36:35] [Render thread/INFO] (ChunkBuilder) Started 10 worker threads
[16:36:35] [Render thread/INFO] (Minecraft) Loaded 2 advancements
[16:36:36] [Render thread/WARN] (CinematicRunner) [MC Benchmark Core] abort current: user pressed ESC
[16:36:36] [Server thread/INFO] (Minecraft) Saving and pausing game...
[16:36:36] [Server thread/INFO] (Minecraft) Saving chunks for level 'ServerLevel[MC Benchmark Core Arena]'/minecraft:overworld
[16:36:36] [Server thread/INFO] (Minecraft) Player773 lost connection: Disconnected
[16:36:36] [Server thread/INFO] (Minecraft) Player773 left the game
[16:36:36] [Server thread/INFO] (Minecraft) Stopping singleplayer server as player logged out
[16:36:36] [Server thread/INFO] (Minecraft) Stopping server
[16:36:36] [Server thread/INFO] (Minecraft) Saving players
[16:36:36] [Server thread/INFO] (Minecraft) Saving worlds
[16:36:36] [Server thread/INFO] (Minecraft) Saving chunks for level 'ServerLevel[MC Benchmark Core Arena]'/minecraft:overworld
[16:36:36] [Server thread/INFO] (Minecraft) ThreadedAnvilChunkStorage (fpstest-arena): All chunks are saved
[16:36:36] [Server thread/INFO] (Minecraft) ThreadedAnvilChunkStorage: All dimensions are saved
[16:36:36] [Render thread/INFO] (CinematicRunner) [MC Benchmark Core] render distance set to 6 chunks for benchmark entity_items_merge_storm
[16:36:36] [Render thread/INFO] (CinematicRunner) [MC Benchmark Core] starting benchmark: entity_items_merge_storm (preset=quick)
[16:36:36] [Render thread/INFO] (fpstest) [MC Benchmark Core] creating ephemeral world seed=6287, type=FLAT, levelId=fpstest-arena
[16:36:36] [Render thread/INFO] (Minecraft) Found new data pack fabric-convention-tags-v2, loading it automatically
[16:36:36] [Render thread/INFO] (Minecraft) Found new data pack fabric-gametest-api-v1, loading it automatically
[16:36:37] [Render thread/INFO] (Minecraft) Loaded 1470 recipes
[16:36:37] [Render thread/INFO] (Minecraft) Loaded 1584 advancements
[16:36:37] [Render thread/INFO] (ChunkBuilder) Stopping worker threads
[16:36:37] [Render thread/INFO] (BiomeModificationImpl) Applied 0 biome modifications to 0 of 65 new biomes in 121.3 μs
[16:36:37] [Server thread/INFO] (Minecraft) Starting integrated minecraft server version 1.21.11
[16:36:37] [Server thread/INFO] (Minecraft) Generating keypair
[16:36:37] [Server thread/INFO] (Minecraft) Selecting global world spawn...
[16:36:37] [Server thread/INFO] (Minecraft) Loading 0 persistent chunks...
[16:36:37] [Server thread/INFO] (Minecraft) Preparing spawn area: 16%
[16:36:37] [Render thread/INFO] (fpstest) [MC Benchmark Core] created ephemeral world seed=6287, type=FLAT, levelId=fpstest-arena
[16:36:37] [Server thread/INFO] (Minecraft) Loading 48 chunks for player spawn...
[16:36:37] [Server thread/INFO] (Minecraft) Time elapsed: 274 ms
[16:36:37] [Server thread/INFO] (Minecraft) Player773[local:E:433054f3] logged in with entity id 19 at (10.5, -60.0, 1.5)
[16:36:37] [Server thread/INFO] (Minecraft) Player773 joined the game
[16:36:37] [Server thread/INFO] (Minecraft) Changing view distance to 6, from 10
[16:36:37] [Server thread/INFO] (Minecraft) Changing simulation distance to 12, from 0
[16:36:37] [Render thread/INFO] (ChunkBuilder) Started 10 worker threads
[16:36:37] [Render thread/INFO] (Minecraft) Loaded 2 advancements
[16:36:38] [Render thread/INFO] (fpstest) [HUD] usage column — CPU 12% GPU 5% RAM 6% (tickY=74 heapY=84 entitiesY=94)
[16:36:38] [Render thread/WARN] (CinematicRunner) [MC Benchmark Core] abort current: user pressed ESC
[16:36:38] [Server thread/INFO] (Minecraft) Saving and pausing game...
[16:36:38] [Server thread/INFO] (Minecraft) Saving chunks for level 'ServerLevel[MC Benchmark Core Arena]'/minecraft:overworld
[16:36:38] [Server thread/INFO] (Minecraft) Player773 lost connection: Disconnected
[16:36:38] [Server thread/INFO] (Minecraft) Player773 left the game
[16:36:38] [Server thread/INFO] (Minecraft) Stopping singleplayer server as player logged out
[16:36:38] [Server thread/INFO] (Minecraft) Stopping server
[16:36:38] [Server thread/INFO] (Minecraft) Saving players
[16:36:38] [Server thread/INFO] (Minecraft) Saving worlds
[16:36:38] [Server thread/INFO] (Minecraft) Saving chunks for level 'ServerLevel[MC Benchmark Core Arena]'/minecraft:overworld
[16:36:38] [Server thread/INFO] (Minecraft) ThreadedAnvilChunkStorage (fpstest-arena): All chunks are saved
[16:36:38] [Server thread/INFO] (Minecraft) ThreadedAnvilChunkStorage: All dimensions are saved
[16:36:39] [Render thread/INFO] (CinematicRunner) [MC Benchmark Core] render distance set to 6 chunks for benchmark entity_zombies_obstacle_pathfinding
[16:36:39] [Render thread/INFO] (CinematicRunner) [MC Benchmark Core] starting benchmark: entity_zombies_obstacle_pathfinding (preset=quick)
[16:36:39] [Render thread/INFO] (fpstest) [MC Benchmark Core] creating ephemeral world seed=6271, type=FLAT, levelId=fpstest-arena
[16:36:39] [Render thread/INFO] (Minecraft) Found new data pack fabric-convention-tags-v2, loading it automatically
[16:36:39] [Render thread/INFO] (Minecraft) Found new data pack fabric-gametest-api-v1, loading it automatically
[16:36:39] [Render thread/INFO] (Minecraft) Loaded 1470 recipes
[16:36:39] [Render thread/INFO] (Minecraft) Loaded 1584 advancements
[16:36:39] [Render thread/INFO] (ChunkBuilder) Stopping worker threads
[16:36:39] [Render thread/INFO] (BiomeModificationImpl) Applied 0 biome modifications to 0 of 65 new biomes in 160.2 μs
[16:36:39] [Server thread/INFO] (Minecraft) Starting integrated minecraft server version 1.21.11
[16:36:39] [Server thread/INFO] (Minecraft) Generating keypair
[16:36:39] [Server thread/INFO] (Minecraft) Selecting global world spawn...
[16:36:39] [Server thread/INFO] (Minecraft) Loading 0 persistent chunks...
[16:36:39] [Server thread/INFO] (Minecraft) Preparing spawn area: 16%
[16:36:39] [Render thread/INFO] (fpstest) [MC Benchmark Core] created ephemeral world seed=6271, type=FLAT, levelId=fpstest-arena
[16:36:39] [Server thread/INFO] (Minecraft) Loading 47 chunks for player spawn...
[16:36:39] [Server thread/INFO] (Minecraft) Time elapsed: 426 ms
[16:36:39] [Server thread/INFO] (Minecraft) Player773[local:E:9e18f7a4] logged in with entity id 21 at (-2.5, -60.0, -4.5)
[16:36:39] [Server thread/INFO] (Minecraft) Player773 joined the game
[16:36:39] [Server thread/INFO] (Minecraft) Changing view distance to 6, from 10
[16:36:39] [Render thread/INFO] (ChunkBuilder) Started 10 worker threads
[16:36:39] [Server thread/INFO] (Minecraft) Changing simulation distance to 12, from 0
[16:36:39] [Render thread/INFO] (Minecraft) Loaded 2 advancements
[16:36:40] [Render thread/WARN] (CinematicRunner) [MC Benchmark Core] abort current: user pressed ESC
[16:36:40] [Server thread/INFO] (Minecraft) Player773 lost connection: Disconnected
[16:36:40] [Server thread/INFO] (Minecraft) Player773 left the game
[16:36:40] [Server thread/INFO] (Minecraft) Stopping singleplayer server as player logged out
[16:36:40] [Server thread/INFO] (Minecraft) Stopping server
[16:36:40] [Server thread/INFO] (Minecraft) Saving players
[16:36:40] [Server thread/INFO] (Minecraft) Saving worlds
[16:36:40] [Server thread/INFO] (Minecraft) Saving chunks for level 'ServerLevel[MC Benchmark Core Arena]'/minecraft:overworld
[16:36:40] [Server thread/INFO] (Minecraft) ThreadedAnvilChunkStorage (fpstest-arena): All chunks are saved
[16:36:40] [Server thread/INFO] (Minecraft) ThreadedAnvilChunkStorage: All dimensions are saved
[16:36:41] [Render thread/INFO] (CinematicRunner) [MC Benchmark Core] render distance set to 6 chunks for benchmark villager_ai_village
[16:36:41] [Render thread/INFO] (CinematicRunner) [MC Benchmark Core] starting benchmark: villager_ai_village (preset=quick)
[16:36:41] [Render thread/INFO] (fpstest) [MC Benchmark Core] creating ephemeral world seed=6299, type=FLAT, levelId=fpstest-arena
[16:36:41] [Render thread/INFO] (Minecraft) Found new data pack fabric-convention-tags-v2, loading it automatically
[16:36:41] [Render thread/INFO] (Minecraft) Found new data pack fabric-gametest-api-v1, loading it automatically
[16:36:41] [Render thread/INFO] (Minecraft) Loaded 1470 recipes
[16:36:41] [Render thread/INFO] (Minecraft) Loaded 1584 advancements
[16:36:41] [Render thread/INFO] (ChunkBuilder) Stopping worker threads
[16:36:41] [Render thread/INFO] (BiomeModificationImpl) Applied 0 biome modifications to 0 of 65 new biomes in 131.9 μs
[16:36:41] [Server thread/INFO] (Minecraft) Starting integrated minecraft server version 1.21.11
[16:36:41] [Server thread/INFO] (Minecraft) Generating keypair
[16:36:41] [Server thread/INFO] (Minecraft) Selecting global world spawn...
[16:36:41] [Server thread/INFO] (Minecraft) Loading 0 persistent chunks...
[16:36:41] [Server thread/INFO] (Minecraft) Preparing spawn area: 16%
[16:36:41] [Render thread/INFO] (fpstest) [MC Benchmark Core] created ephemeral world seed=6299, type=FLAT, levelId=fpstest-arena
[16:36:41] [Server thread/INFO] (Minecraft) Loading 47 chunks for player spawn...
[16:36:41] [Server thread/INFO] (Minecraft) Time elapsed: 380 ms
[16:36:41] [Server thread/INFO] (Minecraft) Player773[local:E:db4835b3] logged in with entity id 23 at (-9.5, -60.0, -8.5)
[16:36:41] [Server thread/INFO] (Minecraft) Player773 joined the game
[16:36:41] [Server thread/INFO] (Minecraft) Changing view distance to 6, from 10
[16:36:41] [Server thread/INFO] (Minecraft) Changing simulation distance to 12, from 0
[16:36:41] [Render thread/INFO] (ChunkBuilder) Started 10 worker threads
[16:36:41] [Render thread/INFO] (Minecraft) Loaded 2 advancements
[16:36:42] [Render thread/WARN] (CinematicRunner) [MC Benchmark Core] abort current: user pressed ESC
[16:36:42] [Server thread/INFO] (Minecraft) Saving and pausing game...
[16:36:42] [Server thread/INFO] (Minecraft) Saving chunks for level 'ServerLevel[MC Benchmark Core Arena]'/minecraft:overworld
[16:36:42] [Server thread/INFO] (Minecraft) Player773 lost connection: Disconnected
[16:36:42] [Server thread/INFO] (Minecraft) Player773 left the game
[16:36:42] [Server thread/INFO] (Minecraft) Stopping singleplayer server as player logged out
[16:36:42] [Server thread/INFO] (Minecraft) Stopping server
[16:36:42] [Server thread/INFO] (Minecraft) Saving players
[16:36:42] [Server thread/INFO] (Minecraft) Saving worlds
[16:36:42] [Server thread/INFO] (Minecraft) Saving chunks for level 'ServerLevel[MC Benchmark Core Arena]'/minecraft:overworld
[16:36:42] [Server thread/INFO] (Minecraft) ThreadedAnvilChunkStorage (fpstest-arena): All chunks are saved
[16:36:42] [Server thread/INFO] (Minecraft) ThreadedAnvilChunkStorage: All dimensions are saved
[16:36:43] [Render thread/INFO] (CinematicRunner) [MC Benchmark Core] render distance set to 6 chunks for benchmark tnt_field
[16:36:43] [Render thread/INFO] (CinematicRunner) [MC Benchmark Core] starting benchmark: tnt_field (preset=quick)
[16:36:43] [Render thread/INFO] (fpstest) [MC Benchmark Core] creating ephemeral world seed=3539, type=FLAT, levelId=fpstest-arena
[16:36:43] [Render thread/INFO] (Minecraft) Found new data pack fabric-convention-tags-v2, loading it automatically
[16:36:43] [Render thread/INFO] (Minecraft) Found new data pack fabric-gametest-api-v1, loading it automatically
[16:36:43] [Render thread/INFO] (Minecraft) Loaded 1470 recipes
[16:36:43] [Render thread/INFO] (Minecraft) Loaded 1584 advancements
[16:36:43] [Render thread/INFO] (ChunkBuilder) Stopping worker threads
[16:36:43] [Render thread/INFO] (BiomeModificationImpl) Applied 0 biome modifications to 0 of 65 new biomes in 92.13 μs
[16:36:43] [Server thread/INFO] (Minecraft) Starting integrated minecraft server version 1.21.11
[16:36:43] [Server thread/INFO] (Minecraft) Generating keypair
[16:36:43] [Server thread/INFO] (Minecraft) Selecting global world spawn...
[16:36:43] [Server thread/INFO] (Minecraft) Loading 0 persistent chunks...
[16:36:43] [Server thread/INFO] (Minecraft) Preparing spawn area: 16%
[16:36:43] [Render thread/INFO] (fpstest) [MC Benchmark Core] created ephemeral world seed=3539, type=FLAT, levelId=fpstest-arena
[16:36:43] [Server thread/INFO] (Minecraft) Loading 48 chunks for player spawn...
[16:36:43] [Server thread/INFO] (Minecraft) Time elapsed: 282 ms
[16:36:43] [Server thread/INFO] (Minecraft) Player773[local:E:d68f5dfc] logged in with entity id 25 at (5.5, -60.0, 9.5)
[16:36:43] [Server thread/INFO] (Minecraft) Player773 joined the game
[16:36:43] [Server thread/INFO] (Minecraft) Changing view distance to 6, from 10
[16:36:43] [Server thread/INFO] (Minecraft) Changing simulation distance to 12, from 0
[16:36:43] [Render thread/INFO] (ChunkBuilder) Started 10 worker threads
[16:36:43] [Render thread/INFO] (Minecraft) Loaded 2 advancements
[16:36:44] [Render thread/WARN] (CinematicRunner) [MC Benchmark Core] abort current: user pressed ESC
[16:36:44] [Server thread/INFO] (Minecraft) Saving and pausing game...
[16:36:44] [Server thread/INFO] (Minecraft) Saving chunks for level 'ServerLevel[MC Benchmark Core Arena]'/minecraft:overworld
[16:36:44] [Server thread/INFO] (Minecraft) Player773 lost connection: Disconnected
[16:36:44] [Server thread/INFO] (Minecraft) Player773 left the game
[16:36:44] [Server thread/INFO] (Minecraft) Stopping singleplayer server as player logged out
[16:36:44] [Server thread/INFO] (Minecraft) Stopping server
[16:36:44] [Server thread/INFO] (Minecraft) Saving players
[16:36:44] [Server thread/INFO] (Minecraft) Saving worlds
[16:36:44] [Server thread/INFO] (Minecraft) Saving chunks for level 'ServerLevel[MC Benchmark Core Arena]'/minecraft:overworld
[16:36:44] [Server thread/INFO] (Minecraft) ThreadedAnvilChunkStorage (fpstest-arena): All chunks are saved
[16:36:44] [Server thread/INFO] (Minecraft) ThreadedAnvilChunkStorage: All dimensions are saved
[16:36:45] [Render thread/INFO] (CinematicRunner) [MC Benchmark Core] render distance set to 6 chunks for benchmark tnt_field_destructive
[16:36:45] [Render thread/INFO] (CinematicRunner) [MC Benchmark Core] starting benchmark: tnt_field_destructive (preset=quick)
[16:36:45] [Render thread/INFO] (fpstest) [MC Benchmark Core] creating ephemeral world seed=3541, type=FLAT, levelId=fpstest-arena
[16:36:45] [Render thread/INFO] (Minecraft) Found new data pack fabric-convention-tags-v2, loading it automatically
[16:36:45] [Render thread/INFO] (Minecraft) Found new data pack fabric-gametest-api-v1, loading it automatically
[16:36:45] [Render thread/INFO] (Minecraft) Loaded 1470 recipes
[16:36:45] [Render thread/INFO] (Minecraft) Loaded 1584 advancements
[16:36:45] [Render thread/INFO] (ChunkBuilder) Stopping worker threads
[16:36:45] [Render thread/INFO] (BiomeModificationImpl) Applied 0 biome modifications to 0 of 65 new biomes in 93.41 μs
[16:36:45] [Server thread/INFO] (Minecraft) Starting integrated minecraft server version 1.21.11
[16:36:45] [Server thread/INFO] (Minecraft) Generating keypair
[16:36:45] [Server thread/INFO] (Minecraft) Selecting global world spawn...
[16:36:45] [Server thread/INFO] (Minecraft) Loading 0 persistent chunks...
[16:36:45] [Server thread/INFO] (Minecraft) Preparing spawn area: 16%
[16:36:45] [Render thread/INFO] (fpstest) [MC Benchmark Core] created ephemeral world seed=3541, type=FLAT, levelId=fpstest-arena
[16:36:45] [Server thread/INFO] (Minecraft) Loading 47 chunks for player spawn...
[16:36:45] [Server thread/INFO] (Minecraft) Time elapsed: 425 ms
[16:36:46] [Server thread/INFO] (Minecraft) Player773[local:E:7e888614] logged in with entity id 27 at (8.5, -60.0, -4.5)
[16:36:46] [Server thread/INFO] (Minecraft) Player773 joined the game
[16:36:46] [Server thread/INFO] (Minecraft) Changing view distance to 6, from 10
[16:36:46] [Server thread/INFO] (Minecraft) Changing simulation distance to 12, from 0
[16:36:46] [Render thread/INFO] (ChunkBuilder) Started 10 worker threads
[16:36:46] [Render thread/INFO] (Minecraft) Loaded 2 advancements
[16:36:46] [Render thread/WARN] (CinematicRunner) [MC Benchmark Core] abort current: user pressed ESC
[16:36:46] [Server thread/INFO] (Minecraft) Saving and pausing game...
[16:36:46] [Server thread/INFO] (Minecraft) Saving chunks for level 'ServerLevel[MC Benchmark Core Arena]'/minecraft:overworld
[16:36:46] [Server thread/INFO] (Minecraft) Player773 lost connection: Disconnected
[16:36:46] [Server thread/INFO] (Minecraft) Player773 left the game
[16:36:46] [Server thread/INFO] (Minecraft) Stopping singleplayer server as player logged out
[16:36:46] [Server thread/INFO] (Minecraft) Stopping server
[16:36:46] [Server thread/INFO] (Minecraft) Saving players
[16:36:46] [Server thread/INFO] (Minecraft) Saving worlds
[16:36:46] [Server thread/INFO] (Minecraft) Saving chunks for level 'ServerLevel[MC Benchmark Core Arena]'/minecraft:overworld
[16:36:47] [Server thread/INFO] (Minecraft) ThreadedAnvilChunkStorage (fpstest-arena): All chunks are saved
[16:36:47] [Server thread/INFO] (Minecraft) ThreadedAnvilChunkStorage: All dimensions are saved
[16:36:47] [Render thread/INFO] (CinematicRunner) [MC Benchmark Core] render distance set to 6 chunks for benchmark falling_sand
[16:36:47] [Render thread/INFO] (CinematicRunner) [MC Benchmark Core] starting benchmark: falling_sand (preset=quick)
[16:36:47] [Render thread/INFO] (fpstest) [MC Benchmark Core] creating ephemeral world seed=5077, type=FLAT, levelId=fpstest-arena
[16:36:47] [Render thread/INFO] (Minecraft) Found new data pack fabric-convention-tags-v2, loading it automatically
[16:36:47] [Render thread/INFO] (Minecraft) Found new data pack fabric-gametest-api-v1, loading it automatically
[16:36:47] [Render thread/INFO] (Minecraft) Loaded 1470 recipes
[16:36:47] [Render thread/INFO] (Minecraft) Loaded 1584 advancements
[16:36:47] [Render thread/INFO] (ChunkBuilder) Stopping worker threads
[16:36:47] [Render thread/INFO] (BiomeModificationImpl) Applied 0 biome modifications to 0 of 65 new biomes in 114.0 μs
[16:36:47] [Server thread/INFO] (Minecraft) Starting integrated minecraft server version 1.21.11
[16:36:47] [Server thread/INFO] (Minecraft) Generating keypair
[16:36:47] [Server thread/INFO] (Minecraft) Selecting global world spawn...
[16:36:47] [Server thread/INFO] (Minecraft) Loading 0 persistent chunks...
[16:36:47] [Server thread/INFO] (Minecraft) Preparing spawn area: 16%
[16:36:47] [Render thread/INFO] (fpstest) [MC Benchmark Core] created ephemeral world seed=5077, type=FLAT, levelId=fpstest-arena
[16:36:48] [Server thread/INFO] (Minecraft) Loading 47 chunks for player spawn...
[16:36:48] [Server thread/INFO] (Minecraft) Time elapsed: 425 ms
[16:36:48] [Server thread/INFO] (Minecraft) Player773[local:E:15712384] logged in with entity id 29 at (7.5, -60.0, -0.5)
[16:36:48] [Server thread/INFO] (Minecraft) Player773 joined the game
[16:36:48] [Server thread/INFO] (Minecraft) Changing view distance to 6, from 10
[16:36:48] [Server thread/INFO] (Minecraft) Changing simulation distance to 12, from 0
[16:36:48] [Render thread/INFO] (ChunkBuilder) Started 10 worker threads
[16:36:48] [Render thread/INFO] (Minecraft) Loaded 2 advancements
[16:36:48] [Render thread/INFO] (fpstest) [HUD] usage column — CPU 10% GPU 5% RAM 10% (tickY=74 heapY=84 entitiesY=94)
[16:36:48] [Render thread/WARN] (CinematicRunner) [MC Benchmark Core] abort current: user pressed ESC
[16:36:48] [Server thread/INFO] (Minecraft) Saving and pausing game...
[16:36:48] [Server thread/INFO] (Minecraft) Saving chunks for level 'ServerLevel[MC Benchmark Core Arena]'/minecraft:overworld
[16:36:48] [Server thread/INFO] (Minecraft) Player773 lost connection: Disconnected
[16:36:48] [Server thread/INFO] (Minecraft) Player773 left the game
[16:36:48] [Server thread/INFO] (Minecraft) Stopping singleplayer server as player logged out
[16:36:48] [Server thread/INFO] (Minecraft) Stopping server
[16:36:48] [Server thread/INFO] (Minecraft) Saving players
[16:36:48] [Server thread/INFO] (Minecraft) Saving worlds
[16:36:48] [Server thread/INFO] (Minecraft) Saving chunks for level 'ServerLevel[MC Benchmark Core Arena]'/minecraft:overworld
[16:36:49] [Server thread/INFO] (Minecraft) ThreadedAnvilChunkStorage (fpstest-arena): All chunks are saved
[16:36:49] [Server thread/INFO] (Minecraft) ThreadedAnvilChunkStorage: All dimensions are saved
[16:36:49] [Render thread/INFO] (CinematicRunner) [MC Benchmark Core] render distance set to 6 chunks for benchmark falling_gravel_mixed
[16:36:49] [Render thread/INFO] (CinematicRunner) [MC Benchmark Core] starting benchmark: falling_gravel_mixed (preset=quick)
[16:36:49] [Render thread/INFO] (fpstest) [MC Benchmark Core] creating ephemeral world seed=5081, type=FLAT, levelId=fpstest-arena
[16:36:49] [Render thread/INFO] (Minecraft) Found new data pack fabric-convention-tags-v2, loading it automatically
[16:36:49] [Render thread/INFO] (Minecraft) Found new data pack fabric-gametest-api-v1, loading it automatically
[16:36:49] [Render thread/INFO] (Minecraft) Loaded 1470 recipes
[16:36:49] [Render thread/INFO] (Minecraft) Loaded 1584 advancements
[16:36:49] [Render thread/INFO] (ChunkBuilder) Stopping worker threads
[16:36:49] [Render thread/INFO] (BiomeModificationImpl) Applied 0 biome modifications to 0 of 65 new biomes in 119.1 μs
[16:36:49] [Server thread/INFO] (Minecraft) Starting integrated minecraft server version 1.21.11
[16:36:49] [Server thread/INFO] (Minecraft) Generating keypair
[16:36:49] [Server thread/INFO] (Minecraft) Selecting global world spawn...
[16:36:49] [Server thread/INFO] (Minecraft) Loading 0 persistent chunks...
[16:36:49] [Server thread/INFO] (Minecraft) Preparing spawn area: 16%
[16:36:49] [Render thread/INFO] (fpstest) [MC Benchmark Core] created ephemeral world seed=5081, type=FLAT, levelId=fpstest-arena
[16:36:50] [Server thread/INFO] (Minecraft) Loading 47 chunks for player spawn...
[16:36:50] [Server thread/INFO] (Minecraft) Time elapsed: 424 ms
[16:36:50] [Server thread/INFO] (Minecraft) Player773[local:E:d3aceda7] logged in with entity id 31 at (-6.5, -60.0, -3.5)
[16:36:50] [Server thread/INFO] (Minecraft) Player773 joined the game
[16:36:50] [Server thread/INFO] (Minecraft) Changing view distance to 6, from 10
[16:36:50] [Server thread/INFO] (Minecraft) Changing simulation distance to 12, from 0
[16:36:50] [Render thread/INFO] (ChunkBuilder) Started 10 worker threads
[16:36:50] [Render thread/INFO] (Minecraft) Loaded 2 advancements
[16:36:51] [Render thread/WARN] (CinematicRunner) [MC Benchmark Core] abort current: user pressed ESC
[16:36:51] [Server thread/INFO] (Minecraft) Saving and pausing game...
[16:36:51] [Server thread/INFO] (Minecraft) Saving chunks for level 'ServerLevel[MC Benchmark Core Arena]'/minecraft:overworld
[16:36:51] [Server thread/INFO] (Minecraft) Player773 lost connection: Disconnected
[16:36:51] [Server thread/INFO] (Minecraft) Player773 left the game
[16:36:51] [Server thread/INFO] (Minecraft) Stopping singleplayer server as player logged out
[16:36:51] [Server thread/INFO] (Minecraft) Stopping server
[16:36:51] [Server thread/INFO] (Minecraft) Saving players
[16:36:51] [Server thread/INFO] (Minecraft) Saving worlds
[16:36:51] [Server thread/INFO] (Minecraft) Saving chunks for level 'ServerLevel[MC Benchmark Core Arena]'/minecraft:overworld
[16:36:51] [Server thread/INFO] (Minecraft) ThreadedAnvilChunkStorage (fpstest-arena): All chunks are saved
[16:36:51] [Server thread/INFO] (Minecraft) ThreadedAnvilChunkStorage: All dimensions are saved
[16:36:51] [Render thread/INFO] (CinematicRunner) [MC Benchmark Core] render distance set to 6 chunks for benchmark falling_sand_lite
[16:36:51] [Render thread/INFO] (CinematicRunner) [MC Benchmark Core] starting benchmark: falling_sand_lite (preset=quick)
[16:36:51] [Render thread/INFO] (fpstest) [MC Benchmark Core] creating ephemeral world seed=5101, type=FLAT, levelId=fpstest-arena
[16:36:51] [Render thread/INFO] (Minecraft) Found new data pack fabric-convention-tags-v2, loading it automatically
[16:36:51] [Render thread/INFO] (Minecraft) Found new data pack fabric-gametest-api-v1, loading it automatically
[16:36:51] [Render thread/INFO] (Minecraft) Loaded 1470 recipes
[16:36:51] [Render thread/INFO] (Minecraft) Loaded 1584 advancements
[16:36:51] [Render thread/INFO] (ChunkBuilder) Stopping worker threads
[16:36:51] [Render thread/INFO] (BiomeModificationImpl) Applied 0 biome modifications to 0 of 65 new biomes in 92.43 μs
[16:36:51] [Server thread/INFO] (Minecraft) Starting integrated minecraft server version 1.21.11
[16:36:51] [Server thread/INFO] (Minecraft) Generating keypair
[16:36:51] [Server thread/INFO] (Minecraft) Selecting global world spawn...
[16:36:51] [Server thread/INFO] (Minecraft) Loading 0 persistent chunks...
[16:36:51] [Server thread/INFO] (Minecraft) Preparing spawn area: 16%
[16:36:51] [Render thread/INFO] (fpstest) [MC Benchmark Core] created ephemeral world seed=5101, type=FLAT, levelId=fpstest-arena
[16:36:52] [Server thread/INFO] (Minecraft) Loading 48 chunks for player spawn...
[16:36:52] [Server thread/INFO] (Minecraft) Time elapsed: 224 ms
[16:36:52] [Server thread/INFO] (Minecraft) Player773[local:E:f85a0933] logged in with entity id 33 at (3.5, -60.0, 8.5)
[16:36:52] [Server thread/INFO] (Minecraft) Player773 joined the game
[16:36:52] [Server thread/INFO] (Minecraft) Changing view distance to 6, from 10
[16:36:52] [Server thread/INFO] (Minecraft) Changing simulation distance to 12, from 0
[16:36:52] [Render thread/INFO] (ChunkBuilder) Started 10 worker threads
[16:36:52] [Render thread/INFO] (Minecraft) Loaded 2 advancements
[16:36:52] [Render thread/WARN] (CinematicRunner) [MC Benchmark Core] abort current: user pressed ESC
[16:36:52] [Server thread/INFO] (Minecraft) Player773 lost connection: Disconnected
[16:36:52] [Server thread/INFO] (Minecraft) Player773 left the game
[16:36:52] [Server thread/INFO] (Minecraft) Stopping singleplayer server as player logged out
[16:36:52] [Server thread/INFO] (Minecraft) Stopping server
[16:36:52] [Server thread/INFO] (Minecraft) Saving players
[16:36:52] [Server thread/INFO] (Minecraft) Saving worlds
[16:36:53] [Server thread/INFO] (Minecraft) Saving chunks for level 'ServerLevel[MC Benchmark Core Arena]'/minecraft:overworld
[16:36:53] [Server thread/INFO] (Minecraft) ThreadedAnvilChunkStorage (fpstest-arena): All chunks are saved
[16:36:53] [Server thread/INFO] (Minecraft) ThreadedAnvilChunkStorage: All dimensions are saved
[16:36:53] [Render thread/INFO] (CinematicRunner) [MC Benchmark Core] render distance set to 6 chunks for benchmark falling_gravel_mixed_lite
[16:36:53] [Render thread/INFO] (CinematicRunner) [MC Benchmark Core] starting benchmark: falling_gravel_mixed_lite (preset=quick)
[16:36:53] [Render thread/INFO] (fpstest) [MC Benchmark Core] creating ephemeral world seed=5113, type=FLAT, levelId=fpstest-arena
[16:36:53] [Render thread/INFO] (Minecraft) Found new data pack fabric-convention-tags-v2, loading it automatically
[16:36:53] [Render thread/INFO] (Minecraft) Found new data pack fabric-gametest-api-v1, loading it automatically
[16:36:53] [Render thread/INFO] (Minecraft) Loaded 1470 recipes
[16:36:53] [Render thread/INFO] (Minecraft) Loaded 1584 advancements
[16:36:53] [Render thread/INFO] (ChunkBuilder) Stopping worker threads
[16:36:53] [Render thread/INFO] (BiomeModificationImpl) Applied 0 biome modifications to 0 of 65 new biomes in 82.56 μs
[16:36:53] [Server thread/INFO] (Minecraft) Starting integrated minecraft server version 1.21.11
[16:36:53] [Server thread/INFO] (Minecraft) Generating keypair
[16:36:53] [Server thread/INFO] (Minecraft) Selecting global world spawn...
[16:36:53] [Server thread/INFO] (Minecraft) Loading 0 persistent chunks...
[16:36:53] [Server thread/INFO] (Minecraft) Preparing spawn area: 16%
[16:36:53] [Render thread/INFO] (fpstest) [MC Benchmark Core] created ephemeral world seed=5113, type=FLAT, levelId=fpstest-arena
[16:36:54] [Server thread/INFO] (Minecraft) Loading 47 chunks for player spawn...
[16:36:54] [Server thread/INFO] (Minecraft) Time elapsed: 427 ms
[16:36:54] [Server thread/INFO] (Minecraft) Player773[local:E:4e0f808f] logged in with entity id 35 at (-0.5, -60.0, -0.5)
[16:36:54] [Server thread/INFO] (Minecraft) Player773 joined the game
[16:36:54] [Server thread/INFO] (Minecraft) Changing view distance to 6, from 10
[16:36:54] [Server thread/INFO] (Minecraft) Changing simulation distance to 12, from 0
[16:36:54] [Render thread/INFO] (ChunkBuilder) Started 10 worker threads
[16:36:54] [Render thread/INFO] (Minecraft) Loaded 2 advancements
[16:36:54] [Render thread/WARN] (CinematicRunner) [MC Benchmark Core] abort current: user pressed ESC
[16:36:55] [Server thread/INFO] (Minecraft) Saving and pausing game...
[16:36:55] [Server thread/INFO] (Minecraft) Saving chunks for level 'ServerLevel[MC Benchmark Core Arena]'/minecraft:overworld
[16:36:55] [Server thread/INFO] (Minecraft) Player773 lost connection: Disconnected
[16:36:55] [Server thread/INFO] (Minecraft) Player773 left the game
[16:36:55] [Server thread/INFO] (Minecraft) Stopping singleplayer server as player logged out
[16:36:55] [Server thread/INFO] (Minecraft) Stopping server
[16:36:55] [Server thread/INFO] (Minecraft) Saving players
[16:36:55] [Server thread/INFO] (Minecraft) Saving worlds
[16:36:55] [Server thread/INFO] (Minecraft) Saving chunks for level 'ServerLevel[MC Benchmark Core Arena]'/minecraft:overworld
[16:36:55] [Server thread/INFO] (Minecraft) ThreadedAnvilChunkStorage (fpstest-arena): All chunks are saved
[16:36:55] [Server thread/INFO] (Minecraft) ThreadedAnvilChunkStorage: All dimensions are saved
[16:36:55] [Render thread/INFO] (CinematicRunner) [MC Benchmark Core] render distance set to 6 chunks for benchmark projectile_storm
[16:36:55] [Render thread/INFO] (CinematicRunner) [MC Benchmark Core] starting benchmark: projectile_storm (preset=quick)
[16:36:55] [Render thread/INFO] (fpstest) [MC Benchmark Core] creating ephemeral world seed=5099, type=FLAT, levelId=fpstest-arena
[16:36:55] [Render thread/INFO] (Minecraft) Found new data pack fabric-convention-tags-v2, loading it automatically
[16:36:55] [Render thread/INFO] (Minecraft) Found new data pack fabric-gametest-api-v1, loading it automatically
[16:36:55] [Render thread/INFO] (Minecraft) Loaded 1470 recipes
[16:36:55] [Render thread/INFO] (Minecraft) Loaded 1584 advancements
[16:36:55] [Render thread/INFO] (ChunkBuilder) Stopping worker threads
[16:36:55] [Render thread/INFO] (BiomeModificationImpl) Applied 0 biome modifications to 0 of 65 new biomes in 83.26 μs
[16:36:55] [Server thread/INFO] (Minecraft) Starting integrated minecraft server version 1.21.11
[16:36:55] [Server thread/INFO] (Minecraft) Generating keypair
[16:36:55] [Server thread/INFO] (Minecraft) Selecting global world spawn...
[16:36:55] [Server thread/INFO] (Minecraft) Loading 0 persistent chunks...
[16:36:55] [Server thread/INFO] (Minecraft) Preparing spawn area: 16%
[16:36:55] [Render thread/INFO] (fpstest) [MC Benchmark Core] created ephemeral world seed=5099, type=FLAT, levelId=fpstest-arena
[16:36:56] [Server thread/INFO] (Minecraft) Loading 47 chunks for player spawn...
[16:36:56] [Server thread/INFO] (Minecraft) Time elapsed: 425 ms
[16:36:56] [Server thread/INFO] (Minecraft) Player773[local:E:21adb7ad] logged in with entity id 37 at (-0.5, -60.0, 1.5)
[16:36:56] [Server thread/INFO] (Minecraft) Player773 joined the game
[16:36:56] [Render thread/INFO] (ChunkBuilder) Started 10 worker threads
[16:36:56] [Server thread/INFO] (Minecraft) Changing view distance to 6, from 10
[16:36:56] [Server thread/INFO] (Minecraft) Changing simulation distance to 12, from 0
[16:36:56] [Render thread/INFO] (Minecraft) Loaded 2 advancements
[16:36:57] [Render thread/WARN] (CinematicRunner) [MC Benchmark Core] abort current: user pressed ESC
[16:36:57] [Server thread/INFO] (Minecraft) Saving and pausing game...
[16:36:57] [Server thread/INFO] (Minecraft) Saving chunks for level 'ServerLevel[MC Benchmark Core Arena]'/minecraft:overworld
[16:36:57] [Server thread/INFO] (Minecraft) Player773 lost connection: Disconnected
[16:36:57] [Server thread/INFO] (Minecraft) Player773 left the game
[16:36:57] [Server thread/INFO] (Minecraft) Stopping singleplayer server as player logged out
[16:36:57] [Server thread/INFO] (Minecraft) Stopping server
[16:36:57] [Server thread/INFO] (Minecraft) Saving players
[16:36:57] [Server thread/INFO] (Minecraft) Saving worlds
[16:36:57] [Server thread/INFO] (Minecraft) Saving chunks for level 'ServerLevel[MC Benchmark Core Arena]'/minecraft:overworld
[16:36:57] [Server thread/INFO] (Minecraft) ThreadedAnvilChunkStorage (fpstest-arena): All chunks are saved
[16:36:57] [Server thread/INFO] (Minecraft) ThreadedAnvilChunkStorage: All dimensions are saved
[16:36:57] [Render thread/INFO] (CinematicRunner) [MC Benchmark Core] render distance set to 6 chunks for benchmark redstone_clocks
[16:36:57] [Render thread/INFO] (CinematicRunner) [MC Benchmark Core] starting benchmark: redstone_clocks (preset=quick)
[16:36:57] [Render thread/INFO] (fpstest) [MC Benchmark Core] creating ephemeral world seed=4001, type=FLAT, levelId=fpstest-arena
[16:36:57] [Render thread/INFO] (Minecraft) Found new data pack fabric-convention-tags-v2, loading it automatically
[16:36:57] [Render thread/INFO] (Minecraft) Found new data pack fabric-gametest-api-v1, loading it automatically
[16:36:57] [Render thread/INFO] (Minecraft) Loaded 1470 recipes
[16:36:57] [Render thread/INFO] (Minecraft) Loaded 1584 advancements
[16:36:57] [Render thread/INFO] (ChunkBuilder) Stopping worker threads
[16:36:57] [Render thread/INFO] (BiomeModificationImpl) Applied 0 biome modifications to 0 of 65 new biomes in 150.8 μs
[16:36:57] [Server thread/INFO] (Minecraft) Starting integrated minecraft server version 1.21.11
[16:36:57] [Server thread/INFO] (Minecraft) Generating keypair
[16:36:57] [Server thread/INFO] (Minecraft) Selecting global world spawn...
[16:36:57] [Server thread/INFO] (Minecraft) Loading 0 persistent chunks...
[16:36:57] [Server thread/INFO] (Minecraft) Preparing spawn area: 16%
[16:36:58] [Render thread/INFO] (fpstest) [MC Benchmark Core] created ephemeral world seed=4001, type=FLAT, levelId=fpstest-arena
[16:36:58] [Server thread/INFO] (Minecraft) Loading 48 chunks for player spawn...
[16:36:58] [Server thread/INFO] (Minecraft) Time elapsed: 274 ms
[16:36:58] [Server thread/INFO] (Minecraft) Player773[local:E:fa1cf545] logged in with entity id 39 at (2.5, -60.0, 8.5)
[16:36:58] [Server thread/INFO] (Minecraft) Player773 joined the game
[16:36:58] [Server thread/INFO] (Minecraft) Changing view distance to 6, from 10
[16:36:58] [Server thread/INFO] (Minecraft) Changing simulation distance to 12, from 0
[16:36:58] [Render thread/INFO] (ChunkBuilder) Started 10 worker threads
[16:36:58] [Render thread/INFO] (Minecraft) Loaded 2 advancements
[16:36:58] [Render thread/INFO] (fpstest) [HUD] usage column — CPU 9% GPU 5% RAM 7% (tickY=74 heapY=84 entitiesY=94)
[16:36:59] [Render thread/WARN] (CinematicRunner) [MC Benchmark Core] abort current: user pressed ESC
[16:36:59] [Server thread/INFO] (Minecraft) Saving and pausing game...
[16:36:59] [Server thread/INFO] (Minecraft) Saving chunks for level 'ServerLevel[MC Benchmark Core Arena]'/minecraft:overworld
[16:36:59] [Server thread/INFO] (Minecraft) Player773 lost connection: Disconnected
[16:36:59] [Server thread/INFO] (Minecraft) Player773 left the game
[16:36:59] [Server thread/INFO] (Minecraft) Stopping singleplayer server as player logged out
[16:36:59] [Server thread/INFO] (Minecraft) Stopping server
[16:36:59] [Server thread/INFO] (Minecraft) Saving players
[16:36:59] [Server thread/INFO] (Minecraft) Saving worlds
[16:36:59] [Server thread/INFO] (Minecraft) Saving chunks for level 'ServerLevel[MC Benchmark Core Arena]'/minecraft:overworld
[16:36:59] [Server thread/INFO] (Minecraft) ThreadedAnvilChunkStorage (fpstest-arena): All chunks are saved
[16:36:59] [Server thread/INFO] (Minecraft) ThreadedAnvilChunkStorage: All dimensions are saved
[16:36:59] [Render thread/INFO] (CinematicRunner) [MC Benchmark Core] render distance set to 6 chunks for benchmark redstone_dust_grid
[16:36:59] [Render thread/INFO] (CinematicRunner) [MC Benchmark Core] starting benchmark: redstone_dust_grid (preset=quick)
[16:36:59] [Render thread/INFO] (fpstest) [MC Benchmark Core] creating ephemeral world seed=4019, type=FLAT, levelId=fpstest-arena
[16:36:59] [Render thread/INFO] (Minecraft) Found new data pack fabric-convention-tags-v2, loading it automatically
[16:36:59] [Render thread/INFO] (Minecraft) Found new data pack fabric-gametest-api-v1, loading it automatically
[16:37:00] [Render thread/INFO] (Minecraft) Loaded 1470 recipes
[16:37:00] [Render thread/INFO] (Minecraft) Loaded 1584 advancements
[16:37:00] [Render thread/INFO] (ChunkBuilder) Stopping worker threads
[16:37:00] [Render thread/INFO] (BiomeModificationImpl) Applied 0 biome modifications to 0 of 65 new biomes in 111.3 μs
[16:37:00] [Server thread/INFO] (Minecraft) Starting integrated minecraft server version 1.21.11
[16:37:00] [Server thread/INFO] (Minecraft) Generating keypair
[16:37:00] [Server thread/INFO] (Minecraft) Selecting global world spawn...
[16:37:00] [Server thread/INFO] (Minecraft) Loading 0 persistent chunks...
[16:37:00] [Server thread/INFO] (Minecraft) Preparing spawn area: 16%
[16:37:00] [Render thread/INFO] (fpstest) [MC Benchmark Core] created ephemeral world seed=4019, type=FLAT, levelId=fpstest-arena
[16:37:00] [Server thread/INFO] (Minecraft) Loading 47 chunks for player spawn...
[16:37:00] [Server thread/INFO] (Minecraft) Time elapsed: 424 ms
[16:37:00] [Server thread/INFO] (Minecraft) Player773[local:E:9ec0f191] logged in with entity id 41 at (10.5, -60.0, -6.5)
[16:37:00] [Server thread/INFO] (Minecraft) Player773 joined the game
[16:37:00] [Render thread/INFO] (ChunkBuilder) Started 10 worker threads
[16:37:00] [Server thread/INFO] (Minecraft) Changing view distance to 6, from 10
[16:37:00] [Server thread/INFO] (Minecraft) Changing simulation distance to 12, from 0
[16:37:00] [Render thread/INFO] (Minecraft) Loaded 2 advancements
[16:37:01] [Render thread/WARN] (CinematicRunner) [MC Benchmark Core] abort current: user pressed ESC
[16:37:01] [Server thread/INFO] (Minecraft) Saving and pausing game...
[16:37:01] [Server thread/INFO] (Minecraft) Saving chunks for level 'ServerLevel[MC Benchmark Core Arena]'/minecraft:overworld
[16:37:01] [Server thread/INFO] (Minecraft) Player773 lost connection: Disconnected
[16:37:01] [Server thread/INFO] (Minecraft) Player773 left the game
[16:37:01] [Server thread/INFO] (Minecraft) Stopping singleplayer server as player logged out
[16:37:01] [Server thread/INFO] (Minecraft) Stopping server
[16:37:01] [Server thread/INFO] (Minecraft) Saving players
[16:37:01] [Server thread/INFO] (Minecraft) Saving worlds
[16:37:01] [Server thread/INFO] (Minecraft) Saving chunks for level 'ServerLevel[MC Benchmark Core Arena]'/minecraft:overworld
[16:37:01] [Server thread/INFO] (Minecraft) ThreadedAnvilChunkStorage (fpstest-arena): All chunks are saved
[16:37:01] [Server thread/INFO] (Minecraft) ThreadedAnvilChunkStorage: All dimensions are saved
[16:37:01] [Render thread/INFO] (CinematicRunner) [MC Benchmark Core] render distance set to 6 chunks for benchmark piston_slime_array
[16:37:01] [Render thread/INFO] (CinematicRunner) [MC Benchmark Core] starting benchmark: piston_slime_array (preset=quick)
[16:37:01] [Render thread/INFO] (fpstest) [MC Benchmark Core] creating ephemeral world seed=4027, type=FLAT, levelId=fpstest-arena
[16:37:01] [Render thread/INFO] (Minecraft) Found new data pack fabric-convention-tags-v2, loading it automatically
[16:37:01] [Render thread/INFO] (Minecraft) Found new data pack fabric-gametest-api-v1, loading it automatically
[16:37:02] [Render thread/INFO] (Minecraft) Loaded 1470 recipes
[16:37:02] [Render thread/INFO] (Minecraft) Loaded 1584 advancements
[16:37:02] [Render thread/INFO] (ChunkBuilder) Stopping worker threads
[16:37:02] [Render thread/INFO] (BiomeModificationImpl) Applied 0 biome modifications to 0 of 65 new biomes in 132.8 μs
[16:37:02] [Server thread/INFO] (Minecraft) Starting integrated minecraft server version 1.21.11
[16:37:02] [Server thread/INFO] (Minecraft) Generating keypair
[16:37:02] [Server thread/INFO] (Minecraft) Selecting global world spawn...
[16:37:02] [Server thread/INFO] (Minecraft) Loading 0 persistent chunks...
[16:37:02] [Server thread/INFO] (Minecraft) Preparing spawn area: 16%
[16:37:02] [Render thread/INFO] (fpstest) [MC Benchmark Core] created ephemeral world seed=4027, type=FLAT, levelId=fpstest-arena
[16:37:02] [Server thread/INFO] (Minecraft) Loading 47 chunks for player spawn...
[16:37:02] [Server thread/INFO] (Minecraft) Time elapsed: 430 ms
[16:37:02] [Server thread/INFO] (Minecraft) Player773[local:E:08b6e11f] logged in with entity id 43 at (8.5, -60.0, -2.5)
[16:37:02] [Server thread/INFO] (Minecraft) Player773 joined the game
[16:37:02] [Server thread/INFO] (Minecraft) Changing view distance to 6, from 10
[16:37:02] [Server thread/INFO] (Minecraft) Changing simulation distance to 12, from 0
[16:37:02] [Render thread/INFO] (ChunkBuilder) Started 10 worker threads
[16:37:02] [Render thread/INFO] (Minecraft) Loaded 2 advancements
[16:37:03] [Render thread/WARN] (CinematicRunner) [MC Benchmark Core] abort current: user pressed ESC
[16:37:03] [Server thread/INFO] (Minecraft) Saving and pausing game...
[16:37:03] [Server thread/INFO] (Minecraft) Saving chunks for level 'ServerLevel[MC Benchmark Core Arena]'/minecraft:overworld
[16:37:03] [Server thread/INFO] (Minecraft) Player773 lost connection: Disconnected
[16:37:03] [Server thread/INFO] (Minecraft) Player773 left the game
[16:37:03] [Server thread/INFO] (Minecraft) Stopping singleplayer server as player logged out
[16:37:03] [Server thread/INFO] (Minecraft) Stopping server
[16:37:03] [Server thread/INFO] (Minecraft) Saving players
[16:37:03] [Server thread/INFO] (Minecraft) Saving worlds
[16:37:03] [Server thread/INFO] (Minecraft) Saving chunks for level 'ServerLevel[MC Benchmark Core Arena]'/minecraft:overworld
[16:37:03] [Server thread/INFO] (Minecraft) ThreadedAnvilChunkStorage (fpstest-arena): All chunks are saved
[16:37:03] [Server thread/INFO] (Minecraft) ThreadedAnvilChunkStorage: All dimensions are saved
[16:37:04] [Render thread/INFO] (CinematicRunner) [MC Benchmark Core] render distance set to 6 chunks for benchmark static_dense_forest
[16:37:04] [Render thread/INFO] (CinematicRunner) [MC Benchmark Core] starting benchmark: static_dense_forest (preset=quick)
[16:37:04] [Render thread/INFO] (fpstest) [MC Benchmark Core] creating ephemeral world seed=7039, type=FLAT, levelId=fpstest-arena
[16:37:04] [Render thread/INFO] (Minecraft) Found new data pack fabric-convention-tags-v2, loading it automatically
[16:37:04] [Render thread/INFO] (Minecraft) Found new data pack fabric-gametest-api-v1, loading it automatically
[16:37:04] [Render thread/INFO] (Minecraft) Loaded 1470 recipes
[16:37:04] [Render thread/INFO] (Minecraft) Loaded 1584 advancements
[16:37:04] [Render thread/INFO] (ChunkBuilder) Stopping worker threads
[16:37:04] [Render thread/INFO] (BiomeModificationImpl) Applied 0 biome modifications to 0 of 65 new biomes in 95.64 μs
[16:37:04] [Server thread/INFO] (Minecraft) Starting integrated minecraft server version 1.21.11
[16:37:04] [Server thread/INFO] (Minecraft) Generating keypair
[16:37:04] [Server thread/INFO] (Minecraft) Selecting global world spawn...
[16:37:04] [Server thread/INFO] (Minecraft) Loading 0 persistent chunks...
[16:37:04] [Server thread/INFO] (Minecraft) Preparing spawn area: 16%
[16:37:04] [Render thread/INFO] (fpstest) [MC Benchmark Core] created ephemeral world seed=7039, type=FLAT, levelId=fpstest-arena
[16:37:04] [Server thread/INFO] (Minecraft) Loading 48 chunks for player spawn...
[16:37:04] [Server thread/INFO] (Minecraft) Time elapsed: 276 ms
[16:37:04] [Server thread/INFO] (Minecraft) Player773[local:E:6e15d783] logged in with entity id 45 at (2.5, -60.0, 10.5)
[16:37:04] [Server thread/INFO] (Minecraft) Player773 joined the game
[16:37:04] [Server thread/INFO] (Minecraft) Changing view distance to 6, from 10
[16:37:04] [Server thread/INFO] (Minecraft) Changing simulation distance to 12, from 0
[16:37:04] [Render thread/INFO] (ChunkBuilder) Started 10 worker threads
[16:37:04] [Render thread/INFO] (Minecraft) Loaded 2 advancements
[16:37:05] [Render thread/WARN] (CinematicRunner) [MC Benchmark Core] abort current: user pressed ESC
[16:37:05] [Server thread/INFO] (Minecraft) Saving and pausing game...
[16:37:05] [Server thread/INFO] (Minecraft) Saving chunks for level 'ServerLevel[MC Benchmark Core Arena]'/minecraft:overworld
[16:37:05] [Server thread/INFO] (Minecraft) Player773 lost connection: Disconnected
[16:37:05] [Server thread/INFO] (Minecraft) Player773 left the game
[16:37:05] [Server thread/INFO] (Minecraft) Stopping singleplayer server as player logged out
[16:37:05] [Server thread/INFO] (Minecraft) Stopping server
[16:37:05] [Server thread/INFO] (Minecraft) Saving players
[16:37:05] [Server thread/INFO] (Minecraft) Saving worlds
[16:37:05] [Server thread/INFO] (Minecraft) Saving chunks for level 'ServerLevel[MC Benchmark Core Arena]'/minecraft:overworld
[16:37:05] [Server thread/INFO] (Minecraft) ThreadedAnvilChunkStorage (fpstest-arena): All chunks are saved
[16:37:05] [Server thread/INFO] (Minecraft) ThreadedAnvilChunkStorage: All dimensions are saved
[16:37:06] [Render thread/INFO] (CinematicRunner) [MC Benchmark Core] render distance set to 32 chunks for benchmark chunk_plains
[16:37:06] [Render thread/INFO] (CinematicRunner) [MC Benchmark Core] starting benchmark: chunk_plains (preset=quick)
[16:37:06] [Render thread/INFO] (fpstest) [MC Benchmark Core] creating ephemeral world seed=7411, type=FIXED_BIOME, levelId=fpstest-arena
[16:37:06] [Render thread/INFO] (Minecraft) Found new data pack fabric-convention-tags-v2, loading it automatically
[16:37:06] [Render thread/INFO] (Minecraft) Found new data pack fabric-gametest-api-v1, loading it automatically
[16:37:06] [Render thread/INFO] (Minecraft) Loaded 1470 recipes
[16:37:06] [Render thread/INFO] (Minecraft) Loaded 1584 advancements
[16:37:06] [Render thread/INFO] (ChunkBuilder) Stopping worker threads
[16:37:06] [Render thread/INFO] (BiomeModificationImpl) Applied 0 biome modifications to 0 of 65 new biomes in 105.1 μs
[16:37:06] [Server thread/INFO] (Minecraft) Starting integrated minecraft server version 1.21.11
[16:37:06] [Server thread/INFO] (Minecraft) Generating keypair
[16:37:06] [Server thread/INFO] (Minecraft) Selecting global world spawn...
[16:37:07] [Server thread/INFO] (Minecraft) Loading 0 persistent chunks...
[16:37:07] [Server thread/INFO] (Minecraft) Preparing spawn area: 16%
[16:37:07] [Render thread/INFO] (fpstest) [MC Benchmark Core] created ephemeral world seed=7411, type=FIXED_BIOME, levelId=fpstest-arena
[16:37:07] [Server thread/INFO] (Minecraft) Loading 47 chunks for player spawn...
[16:37:07] [Server thread/INFO] (Minecraft) Preparing spawn area: 16%
[16:37:07] [Server thread/INFO] (Minecraft) Preparing spawn area: 16%
[16:37:07] [Server thread/INFO] (Minecraft) Preparing spawn area: 29%
[16:37:08] [Server thread/INFO] (Minecraft) Preparing spawn area: 57%
[16:37:08] [Server thread/INFO] (Minecraft) Time elapsed: 2180 ms
[16:37:08] [Server thread/INFO] (Minecraft) Player773[local:E:23bd0552] logged in with entity id 47 at (26.5, 64.0, -4.5)
[16:37:08] [Server thread/INFO] (Minecraft) Player773 joined the game
[16:37:08] [Server thread/INFO] (Minecraft) Changing view distance to 32, from 10
[16:37:08] [Server thread/INFO] (Minecraft) Changing simulation distance to 12, from 0
[16:37:08] [Render thread/INFO] (ChunkBuilder) Started 10 worker threads
[16:37:08] [Render thread/INFO] (Minecraft) Loaded 2 advancements
[16:37:08] [Render thread/INFO] (ChunkBuilder) Stopping worker threads
[16:37:08] [Render thread/INFO] (ChunkBuilder) Started 10 worker threads
[16:37:09] [Render thread/INFO] (fpstest) [HUD] usage column — CPU 12% GPU 5% RAM 7% (tickY=74 heapY=84 entitiesY=94)
[16:37:09] [Render thread/WARN] (CinematicRunner) [MC Benchmark Core] abort current: user pressed ESC
[16:37:09] [Server thread/INFO] (Minecraft) Player773 lost connection: Disconnected
[16:37:09] [Server thread/INFO] (Minecraft) Player773 left the game
[16:37:09] [Server thread/INFO] (Minecraft) Stopping singleplayer server as player logged out
[16:37:09] [Server thread/INFO] (Minecraft) Stopping server
[16:37:09] [Server thread/INFO] (Minecraft) Saving players
[16:37:09] [Server thread/INFO] (Minecraft) Saving worlds
[16:37:09] [Server thread/INFO] (Minecraft) Saving chunks for level 'ServerLevel[MC Benchmark Core Arena]'/minecraft:overworld
[16:37:09] [Server thread/INFO] (Minecraft) ThreadedAnvilChunkStorage (fpstest-arena): All chunks are saved
[16:37:09] [Server thread/INFO] (Minecraft) ThreadedAnvilChunkStorage: All dimensions are saved
[16:37:10] [Render thread/INFO] (CinematicRunner) [MC Benchmark Core] render distance set to 32 chunks for benchmark chunk_jungle
[16:37:10] [Render thread/INFO] (CinematicRunner) [MC Benchmark Core] starting benchmark: chunk_jungle (preset=quick)
[16:37:10] [Render thread/INFO] (fpstest) [MC Benchmark Core] creating ephemeral world seed=7417, type=FIXED_BIOME, levelId=fpstest-arena
[16:37:10] [Render thread/INFO] (Minecraft) Found new data pack fabric-convention-tags-v2, loading it automatically
[16:37:10] [Render thread/INFO] (Minecraft) Found new data pack fabric-gametest-api-v1, loading it automatically
[16:37:10] [Render thread/INFO] (Minecraft) Loaded 1470 recipes
[16:37:10] [Render thread/INFO] (Minecraft) Loaded 1584 advancements
[16:37:10] [Render thread/INFO] (ChunkBuilder) Stopping worker threads
[16:37:10] [Render thread/INFO] (BiomeModificationImpl) Applied 0 biome modifications to 0 of 65 new biomes in 88.46 μs
[16:37:10] [Server thread/INFO] (Minecraft) Starting integrated minecraft server version 1.21.11
[16:37:10] [Server thread/INFO] (Minecraft) Generating keypair
[16:37:10] [Server thread/INFO] (Minecraft) Selecting global world spawn...
[16:37:10] [Server thread/INFO] (Minecraft) Loading 0 persistent chunks...
[16:37:10] [Server thread/INFO] (Minecraft) Preparing spawn area: 16%
[16:37:10] [Render thread/INFO] (fpstest) [MC Benchmark Core] created ephemeral world seed=7417, type=FIXED_BIOME, levelId=fpstest-arena
[16:37:10] [Server thread/INFO] (Minecraft) Loading 47 chunks for player spawn...
[16:37:10] [Server thread/INFO] (Minecraft) Preparing spawn area: 16%
[16:37:11] [Server thread/INFO] (Minecraft) Preparing spawn area: 29%
[16:37:11] [Server thread/INFO] (Minecraft) Preparing spawn area: 100%
[16:37:11] [Server thread/INFO] (Minecraft) Time elapsed: 1501 ms
[16:37:11] [Server thread/INFO] (Minecraft) Player773[local:E:6e775d64] logged in with entity id 49 at (-8.5, 71.0, -56.5)
[16:37:11] [Server thread/INFO] (Minecraft) Player773 joined the game
[16:37:12] [Server thread/INFO] (Minecraft) Changing view distance to 32, from 10
[16:37:12] [Server thread/INFO] (Minecraft) Changing simulation distance to 12, from 0
[16:37:12] [Render thread/INFO] (ChunkBuilder) Started 10 worker threads
[16:37:12] [Render thread/INFO] (Minecraft) Loaded 2 advancements
[16:37:13] [Render thread/WARN] (CinematicRunner) [MC Benchmark Core] abort current: user pressed ESC
[16:37:13] [Server thread/INFO] (Minecraft) Player773 lost connection: Disconnected
[16:37:13] [Server thread/INFO] (Minecraft) Player773 left the game
[16:37:13] [Server thread/INFO] (Minecraft) Stopping singleplayer server as player logged out
[16:37:13] [Server thread/INFO] (Minecraft) Stopping server
[16:37:13] [Server thread/INFO] (Minecraft) Saving players
[16:37:13] [Server thread/INFO] (Minecraft) Saving worlds
[16:37:13] [Server thread/INFO] (Minecraft) Saving chunks for level 'ServerLevel[MC Benchmark Core Arena]'/minecraft:overworld
[16:37:13] [Server thread/INFO] (Minecraft) ThreadedAnvilChunkStorage (fpstest-arena): All chunks are saved
[16:37:13] [Server thread/INFO] (Minecraft) ThreadedAnvilChunkStorage: All dimensions are saved
[16:37:13] [Render thread/INFO] (CinematicRunner) [MC Benchmark Core] render distance set to 32 chunks for benchmark chunk_desert
[16:37:13] [Render thread/INFO] (CinematicRunner) [MC Benchmark Core] starting benchmark: chunk_desert (preset=quick)
[16:37:13] [Render thread/INFO] (fpstest) [MC Benchmark Core] creating ephemeral world seed=7433, type=FIXED_BIOME, levelId=fpstest-arena
[16:37:13] [Render thread/INFO] (Minecraft) Found new data pack fabric-convention-tags-v2, loading it automatically
[16:37:13] [Render thread/INFO] (Minecraft) Found new data pack fabric-gametest-api-v1, loading it automatically
[16:37:13] [Render thread/INFO] (Minecraft) Loaded 1470 recipes
[16:37:13] [Render thread/INFO] (Minecraft) Loaded 1584 advancements
[16:37:13] [Render thread/INFO] (ChunkBuilder) Stopping worker threads
[16:37:13] [Render thread/INFO] (BiomeModificationImpl) Applied 0 biome modifications to 0 of 65 new biomes in 75.60 μs
[16:37:13] [Server thread/INFO] (Minecraft) Starting integrated minecraft server version 1.21.11
[16:37:13] [Server thread/INFO] (Minecraft) Generating keypair
[16:37:13] [Server thread/INFO] (Minecraft) Selecting global world spawn...
[16:37:14] [Server thread/INFO] (Minecraft) Loading 0 persistent chunks...
[16:37:14] [Server thread/INFO] (Minecraft) Preparing spawn area: 16%
[16:37:14] [Render thread/INFO] (fpstest) [MC Benchmark Core] created ephemeral world seed=7433, type=FIXED_BIOME, levelId=fpstest-arena
[16:37:14] [Server thread/INFO] (Minecraft) Loading 47 chunks for player spawn...
[16:37:14] [Server thread/INFO] (Minecraft) Preparing spawn area: 16%
[16:37:14] [Server thread/INFO] (Minecraft) Preparing spawn area: 57%
[16:37:15] [Server thread/INFO] (Minecraft) Time elapsed: 1182 ms
[16:37:15] [Server thread/INFO] (Minecraft) Player773[local:E:fd16877d] logged in with entity id 55 at (-4.5, 70.0, 6.5)
[16:37:15] [Server thread/INFO] (Minecraft) Player773 joined the game
[16:37:15] [Server thread/INFO] (Minecraft) Changing view distance to 32, from 10
[16:37:15] [Server thread/INFO] (Minecraft) Changing simulation distance to 12, from 0
[16:37:15] [Render thread/INFO] (ChunkBuilder) Started 10 worker threads
[16:37:15] [Render thread/INFO] (Minecraft) Loaded 2 advancements
[16:37:15] [Render thread/INFO] (Minecraft) Resizing Dynamic Transforms UBO, capacity limit of 8 reached during a single frame. New capacity will be 16.
[16:37:16] [Render thread/WARN] (CinematicRunner) [MC Benchmark Core] abort current: user pressed ESC
[16:37:16] [Server thread/INFO] (Minecraft) Saving and pausing game...
[16:37:16] [Server thread/INFO] (Minecraft) Saving chunks for level 'ServerLevel[MC Benchmark Core Arena]'/minecraft:overworld
[16:37:16] [Server thread/INFO] (Minecraft) Player773 lost connection: Disconnected
[16:37:16] [Server thread/INFO] (Minecraft) Player773 left the game
[16:37:16] [Server thread/INFO] (Minecraft) Stopping singleplayer server as player logged out
[16:37:16] [Server thread/INFO] (Minecraft) Stopping server
[16:37:16] [Server thread/INFO] (Minecraft) Saving players
[16:37:16] [Server thread/INFO] (Minecraft) Saving worlds
[16:37:16] [Server thread/INFO] (Minecraft) Saving chunks for level 'ServerLevel[MC Benchmark Core Arena]'/minecraft:overworld
[16:37:16] [Server thread/INFO] (Minecraft) ThreadedAnvilChunkStorage (fpstest-arena): All chunks are saved
[16:37:16] [Server thread/INFO] (Minecraft) ThreadedAnvilChunkStorage: All dimensions are saved
[16:37:16] [Render thread/INFO] (CinematicRunner) [MC Benchmark Core] render distance set to 32 chunks for benchmark chunk_taiga
[16:37:16] [Render thread/INFO] (CinematicRunner) [MC Benchmark Core] starting benchmark: chunk_taiga (preset=quick)
[16:37:16] [Render thread/INFO] (fpstest) [MC Benchmark Core] creating ephemeral world seed=7451, type=FIXED_BIOME, levelId=fpstest-arena
[16:37:16] [Render thread/INFO] (Minecraft) Found new data pack fabric-convention-tags-v2, loading it automatically
[16:37:16] [Render thread/INFO] (Minecraft) Found new data pack fabric-gametest-api-v1, loading it automatically
[16:37:17] [Render thread/INFO] (Minecraft) Loaded 1470 recipes
[16:37:17] [Render thread/INFO] (Minecraft) Loaded 1584 advancements
[16:37:17] [Render thread/INFO] (ChunkBuilder) Stopping worker threads
[16:37:17] [Render thread/INFO] (BiomeModificationImpl) Applied 0 biome modifications to 0 of 65 new biomes in 104.2 μs
[16:37:17] [Server thread/INFO] (Minecraft) Starting integrated minecraft server version 1.21.11
[16:37:17] [Server thread/INFO] (Minecraft) Generating keypair
[16:37:17] [Server thread/INFO] (Minecraft) Selecting global world spawn...
[16:37:17] [Server thread/INFO] (Minecraft) Loading 0 persistent chunks...
[16:37:17] [Server thread/INFO] (Minecraft) Preparing spawn area: 16%
[16:37:17] [Render thread/INFO] (fpstest) [MC Benchmark Core] created ephemeral world seed=7451, type=FIXED_BIOME, levelId=fpstest-arena
[16:37:17] [Server thread/INFO] (Minecraft) Loading 47 chunks for player spawn...
[16:37:17] [Server thread/INFO] (Minecraft) Preparing spawn area: 16%
[16:37:18] [Server thread/INFO] (Minecraft) Preparing spawn area: 57%
[16:37:18] [Server thread/INFO] (Minecraft) Time elapsed: 1372 ms
[16:37:18] [Server thread/INFO] (Minecraft) Player773[local:E:4a163b30] logged in with entity id 57 at (-9.5, 84.0, -4.5)
[16:37:18] [Server thread/INFO] (Minecraft) Player773 joined the game
[16:37:18] [Server thread/INFO] (Minecraft) Changing view distance to 32, from 10
[16:37:18] [Server thread/INFO] (Minecraft) Changing simulation distance to 12, from 0
[16:37:18] [Render thread/INFO] (ChunkBuilder) Started 10 worker threads
[16:37:18] [Render thread/INFO] (Minecraft) Loaded 2 advancements
[16:37:19] [Render thread/INFO] (fpstest) [HUD] usage column — CPU 19% GPU 5% RAM 8% (tickY=74 heapY=84 entitiesY=94)
[16:37:19] [Render thread/WARN] (CinematicRunner) [MC Benchmark Core] abort current: user pressed ESC
[16:37:19] [Server thread/INFO] (Minecraft) Player773 lost connection: Disconnected
[16:37:19] [Server thread/INFO] (Minecraft) Player773 left the game
[16:37:19] [Server thread/INFO] (Minecraft) Stopping singleplayer server as player logged out
[16:37:19] [Server thread/INFO] (Minecraft) Stopping server
[16:37:19] [Server thread/INFO] (Minecraft) Saving players
[16:37:19] [Server thread/INFO] (Minecraft) Saving worlds
[16:37:19] [Server thread/INFO] (Minecraft) Saving chunks for level 'ServerLevel[MC Benchmark Core Arena]'/minecraft:overworld
[16:37:19] [Server thread/INFO] (Minecraft) ThreadedAnvilChunkStorage (fpstest-arena): All chunks are saved
[16:37:19] [Server thread/INFO] (Minecraft) ThreadedAnvilChunkStorage: All dimensions are saved
[16:37:20] [Render thread/INFO] (CinematicRunner) [MC Benchmark Core] render distance set to 32 chunks for benchmark chunk_snowy
[16:37:20] [Render thread/INFO] (CinematicRunner) [MC Benchmark Core] starting benchmark: chunk_snowy (preset=quick)
[16:37:20] [Render thread/INFO] (fpstest) [MC Benchmark Core] creating ephemeral world seed=7457, type=FIXED_BIOME, levelId=fpstest-arena
[16:37:20] [Render thread/INFO] (Minecraft) Found new data pack fabric-convention-tags-v2, loading it automatically
[16:37:20] [Render thread/INFO] (Minecraft) Found new data pack fabric-gametest-api-v1, loading it automatically
[16:37:20] [Render thread/INFO] (Minecraft) Loaded 1470 recipes
[16:37:20] [Render thread/INFO] (Minecraft) Loaded 1584 advancements
[16:37:20] [Render thread/INFO] (ChunkBuilder) Stopping worker threads
[16:37:20] [Render thread/INFO] (BiomeModificationImpl) Applied 0 biome modifications to 0 of 65 new biomes in 87.76 μs
[16:37:20] [Server thread/INFO] (Minecraft) Starting integrated minecraft server version 1.21.11
[16:37:20] [Server thread/INFO] (Minecraft) Generating keypair
[16:37:20] [Server thread/INFO] (Minecraft) Selecting global world spawn...
[16:37:20] [Server thread/INFO] (Minecraft) Loading 0 persistent chunks...
[16:37:20] [Server thread/INFO] (Minecraft) Preparing spawn area: 16%
[16:37:20] [Render thread/INFO] (fpstest) [MC Benchmark Core] created ephemeral world seed=7457, type=FIXED_BIOME, levelId=fpstest-arena
[16:37:20] [Server thread/INFO] (Minecraft) Loading 48 chunks for player spawn...
[16:37:20] [Server thread/INFO] (Minecraft) Preparing spawn area: 16%
[16:37:21] [Server thread/INFO] (Minecraft) Preparing spawn area: 58%
[16:37:21] [Server thread/INFO] (Minecraft) Time elapsed: 1053 ms
[16:37:21] [Server thread/INFO] (Minecraft) Player773[local:E:3a8ab622] logged in with entity id 59 at (57.5, 69.0, 8.5)
[16:37:21] [Server thread/INFO] (Minecraft) Player773 joined the game
[16:37:21] [Server thread/INFO] (Minecraft) Changing view distance to 32, from 10
[16:37:21] [Server thread/INFO] (Minecraft) Changing simulation distance to 12, from 0
[16:37:21] [Render thread/INFO] (ChunkBuilder) Started 10 worker threads
[16:37:21] [Render thread/INFO] (Minecraft) Loaded 2 advancements
[16:37:22] [Render thread/WARN] (CinematicRunner) [MC Benchmark Core] abort current: user pressed ESC
[16:37:22] [Server thread/INFO] (Minecraft) Saving and pausing game...
[16:37:22] [Server thread/INFO] (Minecraft) Saving chunks for level 'ServerLevel[MC Benchmark Core Arena]'/minecraft:overworld
[16:37:22] [Server thread/INFO] (Minecraft) Player773 lost connection: Disconnected
[16:37:22] [Server thread/INFO] (Minecraft) Player773 left the game
[16:37:22] [Server thread/INFO] (Minecraft) Stopping singleplayer server as player logged out
[16:37:22] [Server thread/INFO] (Minecraft) Stopping server
[16:37:22] [Server thread/INFO] (Minecraft) Saving players
[16:37:22] [Server thread/INFO] (Minecraft) Saving worlds
[16:37:22] [Server thread/INFO] (Minecraft) Saving chunks for level 'ServerLevel[MC Benchmark Core Arena]'/minecraft:overworld
[16:37:22] [Server thread/INFO] (Minecraft) ThreadedAnvilChunkStorage (fpstest-arena): All chunks are saved
[16:37:22] [Server thread/INFO] (Minecraft) ThreadedAnvilChunkStorage: All dimensions are saved
[16:37:23] [Render thread/INFO] (CinematicRunner) [MC Benchmark Core] render distance set to 32 chunks for benchmark chunk_forest
[16:37:23] [Render thread/INFO] (CinematicRunner) [MC Benchmark Core] starting benchmark: chunk_forest (preset=quick)
[16:37:23] [Render thread/INFO] (fpstest) [MC Benchmark Core] creating ephemeral world seed=7477, type=FIXED_BIOME, levelId=fpstest-arena
[16:37:23] [Render thread/INFO] (Minecraft) Found new data pack fabric-convention-tags-v2, loading it automatically
[16:37:23] [Render thread/INFO] (Minecraft) Found new data pack fabric-gametest-api-v1, loading it automatically
[16:37:23] [Render thread/INFO] (Minecraft) Loaded 1470 recipes
[16:37:23] [Render thread/INFO] (Minecraft) Loaded 1584 advancements
[16:37:23] [Render thread/INFO] (ChunkBuilder) Stopping worker threads
[16:37:23] [Render thread/INFO] (BiomeModificationImpl) Applied 0 biome modifications to 0 of 65 new biomes in 81.34 μs
[16:37:23] [Server thread/INFO] (Minecraft) Starting integrated minecraft server version 1.21.11
[16:37:23] [Server thread/INFO] (Minecraft) Generating keypair
[16:37:23] [Server thread/INFO] (Minecraft) Selecting global world spawn...
[16:37:23] [Server thread/INFO] (Minecraft) Loading 0 persistent chunks...
[16:37:23] [Server thread/INFO] (Minecraft) Preparing spawn area: 16%
[16:37:23] [Render thread/INFO] (fpstest) [MC Benchmark Core] created ephemeral world seed=7477, type=FIXED_BIOME, levelId=fpstest-arena
[16:37:24] [Server thread/INFO] (Minecraft) Loading 47 chunks for player spawn...
[16:37:24] [Server thread/INFO] (Minecraft) Preparing spawn area: 16%
[16:37:24] [Server thread/INFO] (Minecraft) Preparing spawn area: 29%
[16:37:24] [Server thread/INFO] (Minecraft) Preparing spawn area: 100%
[16:37:24] [Server thread/INFO] (Minecraft) Time elapsed: 1518 ms
[16:37:25] [Server thread/INFO] (Minecraft) Player773[local:E:42b0f7df] logged in with entity id 61 at (12.5, 114.0, 184.5)
[16:37:25] [Server thread/INFO] (Minecraft) Player773 joined the game
[16:37:25] [Server thread/INFO] (Minecraft) Changing view distance to 32, from 10
[16:37:25] [Server thread/INFO] (Minecraft) Changing simulation distance to 12, from 0
[16:37:25] [Render thread/INFO] (ChunkBuilder) Started 10 worker threads
[16:37:25] [Render thread/INFO] (Minecraft) Loaded 2 advancements
[16:37:25] [Render thread/WARN] (CinematicRunner) [MC Benchmark Core] abort current: user pressed ESC
[16:37:25] [Server thread/INFO] (Minecraft) Saving and pausing game...
[16:37:25] [Server thread/INFO] (Minecraft) Saving chunks for level 'ServerLevel[MC Benchmark Core Arena]'/minecraft:overworld
[16:37:25] [Server thread/INFO] (Minecraft) Player773 lost connection: Disconnected
[16:37:25] [Server thread/INFO] (Minecraft) Player773 left the game
[16:37:25] [Server thread/INFO] (Minecraft) Stopping singleplayer server as player logged out
[16:37:25] [Server thread/INFO] (Minecraft) Stopping server
[16:37:25] [Server thread/INFO] (Minecraft) Saving players
[16:37:25] [Server thread/INFO] (Minecraft) Saving worlds
[16:37:26] [Server thread/INFO] (Minecraft) Saving chunks for level 'ServerLevel[MC Benchmark Core Arena]'/minecraft:overworld
[16:37:26] [Server thread/INFO] (Minecraft) ThreadedAnvilChunkStorage (fpstest-arena): All chunks are saved
[16:37:26] [Server thread/INFO] (Minecraft) ThreadedAnvilChunkStorage: All dimensions are saved
[16:37:26] [Render thread/INFO] (CinematicRunner) [MC Benchmark Core] render distance set to 32 chunks for benchmark chunk_savanna
[16:37:26] [Render thread/INFO] (CinematicRunner) [MC Benchmark Core] starting benchmark: chunk_savanna (preset=quick)
[16:37:26] [Render thread/INFO] (fpstest) [MC Benchmark Core] creating ephemeral world seed=7481, type=FIXED_BIOME, levelId=fpstest-arena
[16:37:26] [Render thread/INFO] (Minecraft) Found new data pack fabric-convention-tags-v2, loading it automatically
[16:37:26] [Render thread/INFO] (Minecraft) Found new data pack fabric-gametest-api-v1, loading it automatically
[16:37:26] [Render thread/INFO] (Minecraft) Loaded 1470 recipes
[16:37:26] [Render thread/INFO] (Minecraft) Loaded 1584 advancements
[16:37:26] [Render thread/INFO] (ChunkBuilder) Stopping worker threads
[16:37:26] [Render thread/INFO] (BiomeModificationImpl) Applied 0 biome modifications to 0 of 65 new biomes in 127.1 μs
[16:37:26] [Server thread/INFO] (Minecraft) Starting integrated minecraft server version 1.21.11
[16:37:26] [Server thread/INFO] (Minecraft) Generating keypair
[16:37:26] [Server thread/INFO] (Minecraft) Selecting global world spawn...
[16:37:27] [Server thread/INFO] (Minecraft) Loading 0 persistent chunks...
[16:37:27] [Server thread/INFO] (Minecraft) Preparing spawn area: 16%
[16:37:27] [Render thread/INFO] (fpstest) [MC Benchmark Core] created ephemeral world seed=7481, type=FIXED_BIOME, levelId=fpstest-arena
[16:37:27] [Server thread/INFO] (Minecraft) Loading 47 chunks for player spawn...
[16:37:27] [Server thread/INFO] (Minecraft) Preparing spawn area: 16%
[16:37:27] [Server thread/INFO] (Minecraft) Preparing spawn area: 57%
[16:37:28] [Server thread/INFO] (Minecraft) Time elapsed: 1323 ms
[16:37:28] [Server thread/INFO] (Minecraft) Player773[local:E:1f47e2df] logged in with entity id 63 at (-0.5, 80.0, 10.5)
[16:37:28] [Server thread/INFO] (Minecraft) Player773 joined the game
[16:37:28] [Server thread/INFO] (Minecraft) Changing view distance to 32, from 10
[16:37:28] [Server thread/INFO] (Minecraft) Changing simulation distance to 12, from 0
[16:37:28] [Render thread/INFO] (ChunkBuilder) Started 10 worker threads
[16:37:28] [Render thread/INFO] (Minecraft) Loaded 2 advancements
[16:37:29] [Render thread/WARN] (CinematicRunner) [MC Benchmark Core] abort current: user pressed ESC
[16:37:29] [Server thread/INFO] (Minecraft) Player773 lost connection: Disconnected
[16:37:29] [Server thread/INFO] (Minecraft) Player773 left the game
[16:37:29] [Server thread/INFO] (Minecraft) Stopping singleplayer server as player logged out
[16:37:29] [Server thread/INFO] (Minecraft) Stopping server
[16:37:29] [Server thread/INFO] (Minecraft) Saving players
[16:37:29] [Server thread/INFO] (Minecraft) Saving worlds
[16:37:29] [Server thread/INFO] (Minecraft) Saving chunks for level 'ServerLevel[MC Benchmark Core Arena]'/minecraft:overworld
[16:37:29] [Render thread/INFO] (fpstest) [HUD] usage column — CPU 24% GPU 6% RAM 8% (tickY=74 heapY=84 entitiesY=94)
[16:37:29] [Server thread/INFO] (Minecraft) ThreadedAnvilChunkStorage (fpstest-arena): All chunks are saved
[16:37:29] [Server thread/INFO] (Minecraft) ThreadedAnvilChunkStorage: All dimensions are saved
[16:37:29] [Render thread/INFO] (CinematicRunner) [MC Benchmark Core] render distance set to 32 chunks for benchmark chunk_swamp
[16:37:29] [Render thread/INFO] (CinematicRunner) [MC Benchmark Core] starting benchmark: chunk_swamp (preset=quick)
[16:37:29] [Render thread/INFO] (fpstest) [MC Benchmark Core] creating ephemeral world seed=7487, type=FIXED_BIOME, levelId=fpstest-arena
[16:37:29] [Render thread/INFO] (Minecraft) Found new data pack fabric-convention-tags-v2, loading it automatically
[16:37:29] [Render thread/INFO] (Minecraft) Found new data pack fabric-gametest-api-v1, loading it automatically
[16:37:29] [Render thread/INFO] (Minecraft) Loaded 1470 recipes
[16:37:29] [Render thread/INFO] (Minecraft) Loaded 1584 advancements
[16:37:29] [Render thread/INFO] (ChunkBuilder) Stopping worker threads
[16:37:29] [Render thread/INFO] (BiomeModificationImpl) Applied 0 biome modifications to 0 of 65 new biomes in 84.27 μs
[16:37:29] [Server thread/INFO] (Minecraft) Starting integrated minecraft server version 1.21.11
[16:37:29] [Server thread/INFO] (Minecraft) Generating keypair
[16:37:29] [Server thread/INFO] (Minecraft) Selecting global world spawn...
[16:37:30] [Server thread/INFO] (Minecraft) Loading 0 persistent chunks...
[16:37:30] [Server thread/INFO] (Minecraft) Preparing spawn area: 16%
[16:37:30] [Render thread/INFO] (fpstest) [MC Benchmark Core] created ephemeral world seed=7487, type=FIXED_BIOME, levelId=fpstest-arena
[16:37:30] [Server thread/INFO] (Minecraft) Loading 47 chunks for player spawn...
[16:37:30] [Server thread/INFO] (Minecraft) Preparing spawn area: 16%
[16:37:30] [Server thread/INFO] (Minecraft) Preparing spawn area: 57%
[16:37:31] [Server thread/INFO] (Minecraft) Time elapsed: 1258 ms
[16:37:31] [Server thread/INFO] (Minecraft) Player773[local:E:6fca765c] logged in with entity id 65 at (324.5, 73.0, -72.5)
[16:37:31] [Server thread/INFO] (Minecraft) Player773 joined the game
[16:37:31] [Render thread/INFO] (ChunkBuilder) Started 10 worker threads
[16:37:31] [Server thread/INFO] (Minecraft) Changing view distance to 32, from 10
[16:37:31] [Server thread/INFO] (Minecraft) Changing simulation distance to 12, from 0
[16:37:31] [Render thread/INFO] (ChunkBuilder) Stopping worker threads
[16:37:31] [Render thread/INFO] (ChunkBuilder) Started 10 worker threads
[16:37:31] [Render thread/INFO] (Minecraft) Loaded 2 advancements
[16:37:31] [Render thread/INFO] (ChunkBuilder) Stopping worker threads
[16:37:31] [Render thread/INFO] (ChunkBuilder) Started 10 worker threads
[16:37:32] [Render thread/WARN] (CinematicRunner) [MC Benchmark Core] abort current: user pressed ESC
[16:37:32] [Server thread/INFO] (Minecraft) Saving and pausing game...
[16:37:32] [Server thread/INFO] (Minecraft) Saving chunks for level 'ServerLevel[MC Benchmark Core Arena]'/minecraft:overworld
[16:37:32] [Server thread/INFO] (Minecraft) Player773 lost connection: Disconnected
[16:37:32] [Server thread/INFO] (Minecraft) Player773 left the game
[16:37:32] [Server thread/INFO] (Minecraft) Stopping singleplayer server as player logged out
[16:37:32] [Server thread/INFO] (Minecraft) Stopping server
[16:37:32] [Server thread/INFO] (Minecraft) Saving players
[16:37:32] [Server thread/INFO] (Minecraft) Saving worlds
[16:37:32] [Server thread/INFO] (Minecraft) Saving chunks for level 'ServerLevel[MC Benchmark Core Arena]'/minecraft:overworld
[16:37:32] [Server thread/INFO] (Minecraft) ThreadedAnvilChunkStorage (fpstest-arena): All chunks are saved
[16:37:32] [Server thread/INFO] (Minecraft) ThreadedAnvilChunkStorage: All dimensions are saved
[16:37:32] [Render thread/INFO] (CinematicRunner) [MC Benchmark Core] render distance set to 32 chunks for benchmark chunk_cherry
[16:37:32] [Render thread/INFO] (CinematicRunner) [MC Benchmark Core] starting benchmark: chunk_cherry (preset=quick)
[16:37:32] [Render thread/INFO] (fpstest) [MC Benchmark Core] creating ephemeral world seed=7499, type=FIXED_BIOME, levelId=fpstest-arena
[16:37:32] [Render thread/INFO] (Minecraft) Found new data pack fabric-convention-tags-v2, loading it automatically
[16:37:32] [Render thread/INFO] (Minecraft) Found new data pack fabric-gametest-api-v1, loading it automatically
[16:37:33] [Render thread/INFO] (Minecraft) Loaded 1470 recipes
[16:37:33] [Render thread/INFO] (Minecraft) Loaded 1584 advancements
[16:37:33] [Render thread/INFO] (ChunkBuilder) Stopping worker threads
[16:37:33] [Render thread/INFO] (BiomeModificationImpl) Applied 0 biome modifications to 0 of 65 new biomes in 108.4 μs
[16:37:33] [Server thread/INFO] (Minecraft) Starting integrated minecraft server version 1.21.11
[16:37:33] [Server thread/INFO] (Minecraft) Generating keypair
[16:37:33] [Server thread/INFO] (Minecraft) Selecting global world spawn...
[16:37:33] [Server thread/INFO] (Minecraft) Loading 0 persistent chunks...
[16:37:33] [Server thread/INFO] (Minecraft) Preparing spawn area: 16%
[16:37:33] [Render thread/INFO] (fpstest) [MC Benchmark Core] created ephemeral world seed=7499, type=FIXED_BIOME, levelId=fpstest-arena
[16:37:33] [Server thread/INFO] (Minecraft) Loading 47 chunks for player spawn...
[16:37:33] [Server thread/INFO] (Minecraft) Preparing spawn area: 16%
[16:37:34] [Server thread/INFO] (Minecraft) Preparing spawn area: 57%
[16:37:34] [Server thread/INFO] (Minecraft) Time elapsed: 1309 ms
[16:37:34] [Server thread/INFO] (Minecraft) Player773[local:E:14dd5ecc] logged in with entity id 67 at (1.5, 95.0, -1.5)
[16:37:34] [Server thread/INFO] (Minecraft) Player773 joined the game
[16:37:34] [Render thread/INFO] (ChunkBuilder) Started 10 worker threads
[16:37:34] [Server thread/INFO] (Minecraft) Changing view distance to 32, from 10
[16:37:34] [Server thread/INFO] (Minecraft) Changing simulation distance to 12, from 0
[16:37:34] [Render thread/INFO] (Minecraft) Loaded 2 advancements
[16:37:35] [Render thread/WARN] (CinematicRunner) [MC Benchmark Core] abort current: user pressed ESC
[16:37:35] [Server thread/INFO] (Minecraft) Saving and pausing game...
[16:37:35] [Server thread/INFO] (Minecraft) Saving chunks for level 'ServerLevel[MC Benchmark Core Arena]'/minecraft:overworld
[16:37:35] [Server thread/INFO] (Minecraft) Player773 lost connection: Disconnected
[16:37:35] [Server thread/INFO] (Minecraft) Player773 left the game
[16:37:35] [Server thread/INFO] (Minecraft) Stopping singleplayer server as player logged out
[16:37:35] [Server thread/INFO] (Minecraft) Stopping server
[16:37:35] [Server thread/INFO] (Minecraft) Saving players
[16:37:35] [Server thread/INFO] (Minecraft) Saving worlds
[16:37:35] [Server thread/INFO] (Minecraft) Saving chunks for level 'ServerLevel[MC Benchmark Core Arena]'/minecraft:overworld
[16:37:35] [Server thread/INFO] (Minecraft) ThreadedAnvilChunkStorage (fpstest-arena): All chunks are saved
[16:37:35] [Server thread/INFO] (Minecraft) ThreadedAnvilChunkStorage: All dimensions are saved
[16:37:35] [Render thread/INFO] (CinematicRunner) [MC Benchmark Core] render distance set to 32 chunks for benchmark chunk_badlands
[16:37:35] [Render thread/INFO] (CinematicRunner) [MC Benchmark Core] starting benchmark: chunk_badlands (preset=quick)
[16:37:35] [Render thread/INFO] (fpstest) [MC Benchmark Core] creating ephemeral world seed=7507, type=FIXED_BIOME, levelId=fpstest-arena
[16:37:35] [Render thread/INFO] (Minecraft) Found new data pack fabric-convention-tags-v2, loading it automatically
[16:37:35] [Render thread/INFO] (Minecraft) Found new data pack fabric-gametest-api-v1, loading it automatically
[16:37:35] [Render thread/INFO] (Minecraft) Loaded 1470 recipes
[16:37:35] [Render thread/INFO] (Minecraft) Loaded 1584 advancements
[16:37:36] [Render thread/INFO] (ChunkBuilder) Stopping worker threads
[16:37:36] [Render thread/INFO] (BiomeModificationImpl) Applied 0 biome modifications to 0 of 65 new biomes in 86.40 μs
[16:37:36] [Server thread/INFO] (Minecraft) Starting integrated minecraft server version 1.21.11
[16:37:36] [Server thread/INFO] (Minecraft) Generating keypair
[16:37:36] [Server thread/INFO] (Minecraft) Selecting global world spawn...
[16:37:36] [Server thread/INFO] (Minecraft) Loading 0 persistent chunks...
[16:37:36] [Server thread/INFO] (Minecraft) Preparing spawn area: 16%
[16:37:36] [Render thread/INFO] (fpstest) [MC Benchmark Core] created ephemeral world seed=7507, type=FIXED_BIOME, levelId=fpstest-arena
[16:37:36] [Server thread/INFO] (Minecraft) Loading 47 chunks for player spawn...
[16:37:36] [Server thread/INFO] (Minecraft) Preparing spawn area: 16%
[16:37:37] [Server thread/INFO] (Minecraft) Preparing spawn area: 57%
[16:37:37] [Server thread/INFO] (Minecraft) Time elapsed: 1140 ms
[16:37:37] [Server thread/INFO] (Minecraft) Player773[local:E:7980d5d6] logged in with entity id 69 at (-38.5, 71.0, 45.5)
[16:37:37] [Server thread/INFO] (Minecraft) Player773 joined the game
[16:37:37] [Server thread/INFO] (Minecraft) Changing view distance to 32, from 10
[16:37:37] [Server thread/INFO] (Minecraft) Changing simulation distance to 12, from 0
[16:37:37] [Render thread/INFO] (ChunkBuilder) Started 10 worker threads
[16:37:37] [Render thread/INFO] (Minecraft) Loaded 2 advancements
[16:37:38] [Render thread/WARN] (CinematicRunner) [MC Benchmark Core] abort current: user pressed ESC
[16:37:38] [Server thread/INFO] (Minecraft) Saving and pausing game...
[16:37:38] [Server thread/INFO] (Minecraft) Saving chunks for level 'ServerLevel[MC Benchmark Core Arena]'/minecraft:overworld
[16:37:38] [Server thread/INFO] (Minecraft) Player773 lost connection: Disconnected
[16:37:38] [Server thread/INFO] (Minecraft) Player773 left the game
[16:37:38] [Server thread/INFO] (Minecraft) Stopping singleplayer server as player logged out
[16:37:38] [Server thread/INFO] (Minecraft) Stopping server
[16:37:38] [Server thread/INFO] (Minecraft) Saving players
[16:37:38] [Server thread/INFO] (Minecraft) Saving worlds
[16:37:38] [Server thread/INFO] (Minecraft) Saving chunks for level 'ServerLevel[MC Benchmark Core Arena]'/minecraft:overworld
[16:37:38] [Server thread/INFO] (Minecraft) ThreadedAnvilChunkStorage (fpstest-arena): All chunks are saved
[16:37:38] [Server thread/INFO] (Minecraft) ThreadedAnvilChunkStorage: All dimensions are saved
[16:37:38] [Render thread/INFO] (CinematicRunner) [MC Benchmark Core] render distance set to 32 chunks for benchmark chunk_dark_forest
[16:37:38] [Render thread/INFO] (CinematicRunner) [MC Benchmark Core] starting benchmark: chunk_dark_forest (preset=quick)
[16:37:38] [Render thread/INFO] (fpstest) [MC Benchmark Core] creating ephemeral world seed=7517, type=FIXED_BIOME, levelId=fpstest-arena
[16:37:38] [Render thread/INFO] (Minecraft) Found new data pack fabric-convention-tags-v2, loading it automatically
[16:37:38] [Render thread/INFO] (Minecraft) Found new data pack fabric-gametest-api-v1, loading it automatically
[16:37:38] [Render thread/INFO] (Minecraft) Loaded 1470 recipes
[16:37:38] [Render thread/INFO] (Minecraft) Loaded 1584 advancements
[16:37:38] [Render thread/INFO] (ChunkBuilder) Stopping worker threads
[16:37:38] [Render thread/INFO] (BiomeModificationImpl) Applied 0 biome modifications to 0 of 65 new biomes in 185.0 μs
[16:37:38] [Server thread/INFO] (Minecraft) Starting integrated minecraft server version 1.21.11
[16:37:38] [Server thread/INFO] (Minecraft) Generating keypair
[16:37:38] [Server thread/INFO] (Minecraft) Selecting global world spawn...
[16:37:39] [Server thread/INFO] (Minecraft) Loading 0 persistent chunks...
[16:37:39] [Server thread/INFO] (Minecraft) Preparing spawn area: 16%
[16:37:39] [Render thread/INFO] (fpstest) [MC Benchmark Core] created ephemeral world seed=7517, type=FIXED_BIOME, levelId=fpstest-arena
[16:37:39] [Server thread/INFO] (Minecraft) Loading 47 chunks for player spawn...
[16:37:39] [Server thread/INFO] (Minecraft) Preparing spawn area: 16%
[16:37:39] [Server thread/INFO] (Minecraft) Preparing spawn area: 57%
[16:37:40] [Server thread/INFO] (Minecraft) Time elapsed: 1319 ms
[16:37:40] [Server thread/INFO] (Minecraft) Player773[local:E:c0fd50bb] logged in with entity id 71 at (-9.5, 90.0, -2.5)
[16:37:40] [Server thread/INFO] (Minecraft) Player773 joined the game
[16:37:40] [Server thread/INFO] (Minecraft) Changing view distance to 32, from 10
[16:37:40] [Server thread/INFO] (Minecraft) Changing simulation distance to 12, from 0
[16:37:40] [Render thread/INFO] (ChunkBuilder) Started 10 worker threads
[16:37:40] [Render thread/INFO] (Minecraft) Loaded 2 advancements
[16:37:40] [Render thread/INFO] (fpstest) [HUD] usage column — CPU 20% GPU 6% RAM 10% (tickY=74 heapY=84 entitiesY=94)
[16:37:41] [Render thread/WARN] (CinematicRunner) [MC Benchmark Core] abort current: user pressed ESC
[16:37:41] [Server thread/INFO] (Minecraft) Player773 lost connection: Disconnected
[16:37:41] [Server thread/INFO] (Minecraft) Player773 left the game
[16:37:41] [Server thread/INFO] (Minecraft) Stopping singleplayer server as player logged out
[16:37:41] [Server thread/INFO] (Minecraft) Stopping server
[16:37:41] [Server thread/INFO] (Minecraft) Saving players
[16:37:41] [Server thread/INFO] (Minecraft) Saving worlds
[16:37:41] [Server thread/INFO] (Minecraft) Saving chunks for level 'ServerLevel[MC Benchmark Core Arena]'/minecraft:overworld
[16:37:41] [Server thread/INFO] (Minecraft) ThreadedAnvilChunkStorage (fpstest-arena): All chunks are saved
[16:37:41] [Server thread/INFO] (Minecraft) ThreadedAnvilChunkStorage: All dimensions are saved
[16:37:41] [Render thread/INFO] (CinematicRunner) [MC Benchmark Core] render distance set to 32 chunks for benchmark chunk_mountain
[16:37:41] [Render thread/INFO] (CinematicRunner) [MC Benchmark Core] starting benchmark: chunk_mountain (preset=quick)
[16:37:41] [Render thread/INFO] (fpstest) [MC Benchmark Core] creating ephemeral world seed=7523, type=FIXED_BIOME, levelId=fpstest-arena
[16:37:41] [Render thread/INFO] (Minecraft) Found new data pack fabric-convention-tags-v2, loading it automatically
[16:37:41] [Render thread/INFO] (Minecraft) Found new data pack fabric-gametest-api-v1, loading it automatically
[16:37:42] [Render thread/INFO] (Minecraft) Loaded 1470 recipes
[16:37:42] [Render thread/INFO] (Minecraft) Loaded 1584 advancements
[16:37:42] [Render thread/INFO] (ChunkBuilder) Stopping worker threads
[16:37:42] [Render thread/INFO] (BiomeModificationImpl) Applied 0 biome modifications to 0 of 65 new biomes in 93.24 μs
[16:37:42] [Server thread/INFO] (Minecraft) Starting integrated minecraft server version 1.21.11
[16:37:42] [Server thread/INFO] (Minecraft) Generating keypair
[16:37:42] [Server thread/INFO] (Minecraft) Selecting global world spawn...
[16:37:42] [Server thread/INFO] (Minecraft) Loading 0 persistent chunks...
[16:37:42] [Server thread/INFO] (Minecraft) Preparing spawn area: 16%
[16:37:42] [Render thread/INFO] (fpstest) [MC Benchmark Core] created ephemeral world seed=7523, type=FIXED_BIOME, levelId=fpstest-arena
[16:37:42] [Server thread/INFO] (Minecraft) Loading 47 chunks for player spawn...
[16:37:42] [Server thread/INFO] (Minecraft) Preparing spawn area: 16%
[16:37:43] [Server thread/INFO] (Minecraft) Preparing spawn area: 57%
[16:37:43] [Server thread/INFO] (Minecraft) Time elapsed: 1242 ms
[16:37:43] [Server thread/INFO] (Minecraft) Player773[local:E:b47d4083] logged in with entity id 81 at (-1.5, 69.0, -8.5)
[16:37:43] [Server thread/INFO] (Minecraft) Player773 joined the game
[16:37:43] [Server thread/INFO] (Minecraft) Changing view distance to 32, from 10
[16:37:43] [Server thread/INFO] (Minecraft) Changing simulation distance to 12, from 0
[16:37:43] [Render thread/INFO] (ChunkBuilder) Started 10 worker threads
[16:37:43] [Render thread/INFO] (Minecraft) Loaded 2 advancements
[16:37:44] [Render thread/WARN] (CinematicRunner) [MC Benchmark Core] abort current: user pressed ESC
[16:37:44] [Server thread/INFO] (Minecraft) Player773 lost connection: Disconnected
[16:37:44] [Server thread/INFO] (Minecraft) Player773 left the game
[16:37:44] [Server thread/INFO] (Minecraft) Stopping singleplayer server as player logged out
[16:37:44] [Server thread/INFO] (Minecraft) Stopping server
[16:37:44] [Server thread/INFO] (Minecraft) Saving players
[16:37:44] [Server thread/INFO] (Minecraft) Saving worlds
[16:37:44] [Server thread/INFO] (Minecraft) Saving chunks for level 'ServerLevel[MC Benchmark Core Arena]'/minecraft:overworld
[16:37:44] [Server thread/INFO] (Minecraft) ThreadedAnvilChunkStorage (fpstest-arena): All chunks are saved
[16:37:44] [Server thread/INFO] (Minecraft) ThreadedAnvilChunkStorage: All dimensions are saved
[16:37:44] [Render thread/INFO] (CinematicRunner) [MC Benchmark Core] render distance set to 6 chunks for benchmark idle_baseline
[16:37:44] [Render thread/INFO] (CinematicRunner) [MC Benchmark Core] starting benchmark: idle_baseline (preset=quick)
[16:37:44] [Render thread/INFO] (fpstest) [MC Benchmark Core] creating ephemeral world seed=1923, type=FLAT, levelId=fpstest-arena
[16:37:44] [Render thread/INFO] (Minecraft) Found new data pack fabric-convention-tags-v2, loading it automatically
[16:37:44] [Render thread/INFO] (Minecraft) Found new data pack fabric-gametest-api-v1, loading it automatically
[16:37:45] [Render thread/INFO] (Minecraft) Loaded 1470 recipes
[16:37:45] [Render thread/INFO] (Minecraft) Loaded 1584 advancements
[16:37:45] [Render thread/INFO] (ChunkBuilder) Stopping worker threads
[16:37:45] [Render thread/INFO] (BiomeModificationImpl) Applied 0 biome modifications to 0 of 65 new biomes in 91.15 μs
[16:37:45] [Server thread/INFO] (Minecraft) Starting integrated minecraft server version 1.21.11
[16:37:45] [Server thread/INFO] (Minecraft) Generating keypair
[16:37:45] [Server thread/INFO] (Minecraft) Selecting global world spawn...
[16:37:45] [Server thread/INFO] (Minecraft) Loading 0 persistent chunks...
[16:37:45] [Server thread/INFO] (Minecraft) Preparing spawn area: 16%
[16:37:45] [Render thread/INFO] (fpstest) [MC Benchmark Core] created ephemeral world seed=1923, type=FLAT, levelId=fpstest-arena
[16:37:45] [Server thread/INFO] (Minecraft) Loading 48 chunks for player spawn...
[16:37:45] [Server thread/INFO] (Minecraft) Time elapsed: 278 ms
[16:37:45] [Server thread/INFO] (Minecraft) Player773[local:E:17f077e4] logged in with entity id 135 at (8.5, -60.0, 8.5)
[16:37:45] [Server thread/INFO] (Minecraft) Player773 joined the game
[16:37:45] [Server thread/INFO] (Minecraft) Changing view distance to 6, from 10
[16:37:45] [Server thread/INFO] (Minecraft) Changing simulation distance to 12, from 0
[16:37:45] [Render thread/INFO] (ChunkBuilder) Started 10 worker threads
[16:37:45] [Render thread/INFO] (Minecraft) Loaded 2 advancements
[16:37:46] [Render thread/WARN] (CinematicRunner) [MC Benchmark Core] abort current: user pressed ESC
[16:37:46] [Server thread/INFO] (Minecraft) Saving and pausing game...
[16:37:46] [Server thread/INFO] (Minecraft) Saving chunks for level 'ServerLevel[MC Benchmark Core Arena]'/minecraft:overworld
[16:37:46] [Server thread/INFO] (Minecraft) Player773 lost connection: Disconnected
[16:37:46] [Server thread/INFO] (Minecraft) Player773 left the game
[16:37:46] [Server thread/INFO] (Minecraft) Stopping singleplayer server as player logged out
[16:37:46] [Server thread/INFO] (Minecraft) Stopping server
[16:37:46] [Server thread/INFO] (Minecraft) Saving players
[16:37:46] [Server thread/INFO] (Minecraft) Saving worlds
[16:37:46] [Server thread/INFO] (Minecraft) Saving chunks for level 'ServerLevel[MC Benchmark Core Arena]'/minecraft:overworld
[16:37:46] [Server thread/INFO] (Minecraft) ThreadedAnvilChunkStorage (fpstest-arena): All chunks are saved
[16:37:46] [Server thread/INFO] (Minecraft) ThreadedAnvilChunkStorage: All dimensions are saved
[16:37:47] [Render thread/INFO] (CinematicRunner) [MC Benchmark Core] render distance set to 6 chunks for benchmark particle_diversity_stress
[16:37:47] [Render thread/INFO] (CinematicRunner) [MC Benchmark Core] starting benchmark: particle_diversity_stress (preset=quick)
[16:37:47] [Render thread/INFO] (fpstest) [MC Benchmark Core] creating ephemeral world seed=2521, type=FLAT, levelId=fpstest-arena
[16:37:47] [Render thread/INFO] (Minecraft) Found new data pack fabric-convention-tags-v2, loading it automatically
[16:37:47] [Render thread/INFO] (Minecraft) Found new data pack fabric-gametest-api-v1, loading it automatically
[16:37:47] [Render thread/INFO] (Minecraft) Loaded 1470 recipes
[16:37:47] [Render thread/INFO] (Minecraft) Loaded 1584 advancements
[16:37:47] [Render thread/INFO] (ChunkBuilder) Stopping worker threads
[16:37:47] [Render thread/INFO] (BiomeModificationImpl) Applied 0 biome modifications to 0 of 65 new biomes in 77.68 μs
[16:37:47] [Server thread/INFO] (Minecraft) Starting integrated minecraft server version 1.21.11
[16:37:47] [Server thread/INFO] (Minecraft) Generating keypair
[16:37:47] [Server thread/INFO] (Minecraft) Selecting global world spawn...
[16:37:47] [Server thread/INFO] (Minecraft) Loading 0 persistent chunks...
[16:37:47] [Server thread/INFO] (Minecraft) Preparing spawn area: 16%
[16:37:47] [Render thread/INFO] (fpstest) [MC Benchmark Core] created ephemeral world seed=2521, type=FLAT, levelId=fpstest-arena
[16:37:47] [Server thread/INFO] (Minecraft) Loading 48 chunks for player spawn...
[16:37:47] [Server thread/INFO] (Minecraft) Time elapsed: 225 ms
[16:37:47] [Server thread/INFO] (Minecraft) Player773[local:E:dd649849] logged in with entity id 137 at (7.5, -60.0, 8.5)
[16:37:47] [Server thread/INFO] (Minecraft) Player773 joined the game
[16:37:47] [Server thread/INFO] (Minecraft) Changing view distance to 6, from 10
[16:37:47] [Server thread/INFO] (Minecraft) Changing simulation distance to 12, from 0
[16:37:47] [Render thread/INFO] (ChunkBuilder) Started 10 worker threads
[16:37:47] [Render thread/INFO] (Minecraft) Loaded 2 advancements
[16:37:48] [Render thread/WARN] (CinematicRunner) [MC Benchmark Core] abort current: user pressed ESC
[16:37:48] [Server thread/INFO] (Minecraft) Saving and pausing game...
[16:37:48] [Server thread/INFO] (Minecraft) Saving chunks for level 'ServerLevel[MC Benchmark Core Arena]'/minecraft:overworld
[16:37:48] [Server thread/INFO] (Minecraft) Player773 lost connection: Disconnected
[16:37:48] [Server thread/INFO] (Minecraft) Player773 left the game
[16:37:48] [Server thread/INFO] (Minecraft) Stopping singleplayer server as player logged out
[16:37:49] [Server thread/INFO] (Minecraft) Stopping server
[16:37:49] [Server thread/INFO] (Minecraft) Saving players
[16:37:49] [Server thread/INFO] (Minecraft) Saving worlds
[16:37:49] [Server thread/INFO] (Minecraft) Saving chunks for level 'ServerLevel[MC Benchmark Core Arena]'/minecraft:overworld
[16:37:49] [Server thread/INFO] (Minecraft) ThreadedAnvilChunkStorage (fpstest-arena): All chunks are saved
[16:37:49] [Server thread/INFO] (Minecraft) ThreadedAnvilChunkStorage: All dimensions are saved
[16:37:49] [Render thread/INFO] (CinematicRunner) [MC Benchmark Core] render distance set to 6 chunks for benchmark fluid_spread
[16:37:49] [Render thread/INFO] (CinematicRunner) [MC Benchmark Core] starting benchmark: fluid_spread (preset=quick)
[16:37:49] [Render thread/INFO] (fpstest) [MC Benchmark Core] creating ephemeral world seed=9043, type=FLAT, levelId=fpstest-arena
[16:37:49] [Render thread/INFO] (Minecraft) Found new data pack fabric-convention-tags-v2, loading it automatically
[16:37:49] [Render thread/INFO] (Minecraft) Found new data pack fabric-gametest-api-v1, loading it automatically
[16:37:49] [Render thread/INFO] (Minecraft) Loaded 1470 recipes
[16:37:49] [Render thread/INFO] (Minecraft) Loaded 1584 advancements
[16:37:49] [Render thread/INFO] (ChunkBuilder) Stopping worker threads
[16:37:49] [Render thread/INFO] (BiomeModificationImpl) Applied 0 biome modifications to 0 of 65 new biomes in 93.35 μs
[16:37:49] [Server thread/INFO] (Minecraft) Starting integrated minecraft server version 1.21.11
[16:37:49] [Server thread/INFO] (Minecraft) Generating keypair
[16:37:49] [Server thread/INFO] (Minecraft) Selecting global world spawn...
[16:37:49] [Server thread/INFO] (Minecraft) Loading 0 persistent chunks...
[16:37:49] [Server thread/INFO] (Minecraft) Preparing spawn area: 16%
[16:37:49] [Render thread/INFO] (fpstest) [MC Benchmark Core] created ephemeral world seed=9043, type=FLAT, levelId=fpstest-arena
[16:37:50] [Server thread/INFO] (Minecraft) Loading 47 chunks for player spawn...
[16:37:50] [Server thread/INFO] (Minecraft) Time elapsed: 426 ms
[16:37:50] [Server thread/INFO] (Minecraft) Player773[local:E:e1785f3e] logged in with entity id 139 at (4.5, -60.0, -5.5)
[16:37:50] [Server thread/INFO] (Minecraft) Player773 joined the game
[16:37:50] [Server thread/INFO] (Minecraft) Changing view distance to 6, from 10
[16:37:50] [Server thread/INFO] (Minecraft) Changing simulation distance to 12, from 0
[16:37:50] [Render thread/INFO] (ChunkBuilder) Started 10 worker threads
[16:37:50] [Render thread/INFO] (Minecraft) Loaded 2 advancements
[16:37:50] [Render thread/INFO] (fpstest) [HUD] usage column — CPU 16% GPU 6% RAM 13% (tickY=74 heapY=84 entitiesY=94)
[16:38:00] [Render thread/INFO] (fpstest) [HUD] usage column — CPU 8% GPU 10% RAM 9% (tickY=74 heapY=84 entitiesY=94)
[16:38:10] [Render thread/INFO] (fpstest) [HUD] usage column — CPU 3% GPU 10% RAM 13% (tickY=74 heapY=84 entitiesY=94)
[16:38:14] [Render thread/INFO] (CinematicRunner) [MC Benchmark Core] fluid_spread done — avg 346 fps, 1%low 45 fps, tick 0 ms
[16:38:14] [Render thread/WARN] (CinematicRunner) [MC Benchmark Core] abort current: user pressed ESC
[16:38:14] [Server thread/INFO] (Minecraft) Saving and pausing game...
[16:38:14] [Server thread/INFO] (Minecraft) Saving chunks for level 'ServerLevel[MC Benchmark Core Arena]'/minecraft:overworld
[16:38:14] [Server thread/INFO] (Minecraft) Player773 lost connection: Disconnected
[16:38:14] [Server thread/INFO] (Minecraft) Player773 left the game
[16:38:14] [Server thread/INFO] (Minecraft) Stopping singleplayer server as player logged out
[16:38:14] [Server thread/INFO] (Minecraft) Stopping server
[16:38:14] [Server thread/INFO] (Minecraft) Saving players
[16:38:14] [Server thread/INFO] (Minecraft) Saving worlds
[16:38:14] [Server thread/INFO] (Minecraft) Saving chunks for level 'ServerLevel[MC Benchmark Core Arena]'/minecraft:overworld
[16:38:15] [Server thread/INFO] (Minecraft) ThreadedAnvilChunkStorage (fpstest-arena): All chunks are saved
[16:38:15] [Server thread/INFO] (Minecraft) ThreadedAnvilChunkStorage: All dimensions are saved
[16:38:15] [Render thread/INFO] (CinematicRunner) [MC Benchmark Core] render distance set to 6 chunks for benchmark lighting_update
[16:38:15] [Render thread/INFO] (CinematicRunner) [MC Benchmark Core] starting benchmark: lighting_update (preset=quick)
[16:38:15] [Render thread/INFO] (fpstest) [MC Benchmark Core] creating ephemeral world seed=9007, type=FLAT, levelId=fpstest-arena
[16:38:15] [Render thread/INFO] (Minecraft) Found new data pack fabric-convention-tags-v2, loading it automatically
[16:38:15] [Render thread/INFO] (Minecraft) Found new data pack fabric-gametest-api-v1, loading it automatically
[16:38:15] [Render thread/INFO] (Minecraft) Loaded 1470 recipes
[16:38:15] [Render thread/INFO] (Minecraft) Loaded 1584 advancements
[16:38:15] [Render thread/INFO] (ChunkBuilder) Stopping worker threads
[16:38:15] [Render thread/INFO] (BiomeModificationImpl) Applied 0 biome modifications to 0 of 65 new biomes in 78.73 μs
[16:38:15] [Server thread/INFO] (Minecraft) Starting integrated minecraft server version 1.21.11
[16:38:15] [Server thread/INFO] (Minecraft) Generating keypair
[16:38:15] [Server thread/INFO] (Minecraft) Selecting global world spawn...
[16:38:15] [Server thread/INFO] (Minecraft) Loading 0 persistent chunks...
[16:38:15] [Server thread/INFO] (Minecraft) Preparing spawn area: 16%
[16:38:15] [Render thread/INFO] (fpstest) [MC Benchmark Core] created ephemeral world seed=9007, type=FLAT, levelId=fpstest-arena
[16:38:15] [Server thread/INFO] (Minecraft) Loading 47 chunks for player spawn...
[16:38:15] [Server thread/INFO] (Minecraft) Time elapsed: 425 ms
[16:38:15] [Server thread/INFO] (Minecraft) Player773[local:E:0921bffe] logged in with entity id 141 at (8.5, -60.0, -5.5)
[16:38:15] [Server thread/INFO] (Minecraft) Player773 joined the game
[16:38:15] [Server thread/INFO] (Minecraft) Changing view distance to 6, from 10
[16:38:15] [Server thread/INFO] (Minecraft) Changing simulation distance to 12, from 0
[16:38:15] [Render thread/INFO] (ChunkBuilder) Started 10 worker threads
[16:38:15] [Render thread/INFO] (Minecraft) Loaded 2 advancements
[16:38:17] [Render thread/WARN] (CinematicRunner) [MC Benchmark Core] abort current: user pressed ESC
[16:38:17] [Server thread/INFO] (Minecraft) Saving and pausing game...
[16:38:17] [Server thread/INFO] (Minecraft) Saving chunks for level 'ServerLevel[MC Benchmark Core Arena]'/minecraft:overworld
[16:38:17] [Server thread/INFO] (Minecraft) Player773 lost connection: Disconnected
[16:38:17] [Server thread/INFO] (Minecraft) Player773 left the game
[16:38:17] [Server thread/INFO] (Minecraft) Stopping singleplayer server as player logged out
[16:38:17] [Server thread/INFO] (Minecraft) Stopping server
[16:38:17] [Server thread/INFO] (Minecraft) Saving players
[16:38:17] [Server thread/INFO] (Minecraft) Saving worlds
[16:38:17] [Server thread/INFO] (Minecraft) Saving chunks for level 'ServerLevel[MC Benchmark Core Arena]'/minecraft:overworld
[16:38:17] [Server thread/INFO] (Minecraft) ThreadedAnvilChunkStorage (fpstest-arena): All chunks are saved
[16:38:17] [Server thread/INFO] (Minecraft) ThreadedAnvilChunkStorage: All dimensions are saved
[16:38:17] [Render thread/INFO] (CinematicRunner) [MC Benchmark Core] render distance set to 6 chunks for benchmark hopper_grid
[16:38:17] [Render thread/INFO] (CinematicRunner) [MC Benchmark Core] starting benchmark: hopper_grid (preset=quick)
[16:38:17] [Render thread/INFO] (fpstest) [MC Benchmark Core] creating ephemeral world seed=8011, type=FLAT, levelId=fpstest-arena
[16:38:17] [Render thread/INFO] (Minecraft) Found new data pack fabric-convention-tags-v2, loading it automatically
[16:38:17] [Render thread/INFO] (Minecraft) Found new data pack fabric-gametest-api-v1, loading it automatically
[16:38:17] [Render thread/INFO] (Minecraft) Loaded 1470 recipes
[16:38:17] [Render thread/INFO] (Minecraft) Loaded 1584 advancements
[16:38:17] [Render thread/INFO] (ChunkBuilder) Stopping worker threads
[16:38:17] [Render thread/INFO] (BiomeModificationImpl) Applied 0 biome modifications to 0 of 65 new biomes in 97.93 μs
[16:38:17] [Server thread/INFO] (Minecraft) Starting integrated minecraft server version 1.21.11
[16:38:17] [Server thread/INFO] (Minecraft) Generating keypair
[16:38:17] [Server thread/INFO] (Minecraft) Selecting global world spawn...
[16:38:17] [Server thread/INFO] (Minecraft) Loading 0 persistent chunks...
[16:38:17] [Server thread/INFO] (Minecraft) Preparing spawn area: 16%
[16:38:17] [Render thread/INFO] (fpstest) [MC Benchmark Core] created ephemeral world seed=8011, type=FLAT, levelId=fpstest-arena
[16:38:18] [Server thread/INFO] (Minecraft) Loading 48 chunks for player spawn...
[16:38:18] [Server thread/INFO] (Minecraft) Time elapsed: 276 ms
[16:38:18] [Server thread/INFO] (Minecraft) Player773[local:E:dd621216] logged in with entity id 143 at (6.5, -60.0, 9.5)
[16:38:18] [Server thread/INFO] (Minecraft) Player773 joined the game
[16:38:18] [Render thread/INFO] (ChunkBuilder) Started 10 worker threads
[16:38:18] [Server thread/INFO] (Minecraft) Changing view distance to 6, from 10
[16:38:18] [Server thread/INFO] (Minecraft) Changing simulation distance to 12, from 0
[16:38:18] [Render thread/INFO] (Minecraft) Loaded 2 advancements
[16:38:19] [Render thread/WARN] (CinematicRunner) [MC Benchmark Core] abort current: user pressed ESC
[16:38:19] [Server thread/INFO] (Minecraft) Saving and pausing game...
[16:38:19] [Server thread/INFO] (Minecraft) Saving chunks for level 'ServerLevel[MC Benchmark Core Arena]'/minecraft:overworld
[16:38:19] [Server thread/INFO] (Minecraft) Player773 lost connection: Disconnected
[16:38:19] [Server thread/INFO] (Minecraft) Player773 left the game
[16:38:19] [Server thread/INFO] (Minecraft) Stopping singleplayer server as player logged out
[16:38:19] [Server thread/INFO] (Minecraft) Stopping server
[16:38:19] [Server thread/INFO] (Minecraft) Saving players
[16:38:19] [Server thread/INFO] (Minecraft) Saving worlds
[16:38:19] [Server thread/INFO] (Minecraft) Saving chunks for level 'ServerLevel[MC Benchmark Core Arena]'/minecraft:overworld
[16:38:19] [Server thread/INFO] (Minecraft) ThreadedAnvilChunkStorage (fpstest-arena): All chunks are saved
[16:38:19] [Server thread/INFO] (Minecraft) ThreadedAnvilChunkStorage: All dimensions are saved
[16:38:19] [Render thread/INFO] (CinematicRunner) [MC Benchmark Core] render distance set to 6 chunks for benchmark comparator_storage
[16:38:19] [Render thread/INFO] (CinematicRunner) [MC Benchmark Core] starting benchmark: comparator_storage (preset=quick)
[16:38:19] [Render thread/INFO] (fpstest) [MC Benchmark Core] creating ephemeral world seed=8053, type=FLAT, levelId=fpstest-arena
[16:38:19] [Render thread/INFO] (Minecraft) Found new data pack fabric-convention-tags-v2, loading it automatically
[16:38:19] [Render thread/INFO] (Minecraft) Found new data pack fabric-gametest-api-v1, loading it automatically
[16:38:20] [Render thread/INFO] (Minecraft) Loaded 1470 recipes
[16:38:20] [Render thread/INFO] (Minecraft) Loaded 1584 advancements
[16:38:20] [Render thread/INFO] (ChunkBuilder) Stopping worker threads
[16:38:20] [Render thread/INFO] (BiomeModificationImpl) Applied 0 biome modifications to 0 of 65 new biomes in 169.1 μs
[16:38:20] [Server thread/INFO] (Minecraft) Starting integrated minecraft server version 1.21.11
[16:38:20] [Server thread/INFO] (Minecraft) Generating keypair
[16:38:20] [Server thread/INFO] (Minecraft) Selecting global world spawn...
[16:38:20] [Server thread/INFO] (Minecraft) Loading 0 persistent chunks...
[16:38:20] [Server thread/INFO] (Minecraft) Preparing spawn area: 16%
[16:38:20] [Render thread/INFO] (fpstest) [MC Benchmark Core] created ephemeral world seed=8053, type=FLAT, levelId=fpstest-arena
[16:38:20] [Server thread/INFO] (Minecraft) Loading 47 chunks for player spawn...
[16:38:20] [Server thread/INFO] (Minecraft) Time elapsed: 485 ms
[16:38:20] [Server thread/INFO] (Minecraft) Player773[local:E:073c7352] logged in with entity id 145 at (7.5, -60.0, -7.5)
[16:38:20] [Server thread/INFO] (Minecraft) Player773 joined the game
[16:38:20] [Server thread/INFO] (Minecraft) Changing view distance to 6, from 10
[16:38:20] [Server thread/INFO] (Minecraft) Changing simulation distance to 12, from 0
[16:38:20] [Render thread/INFO] (ChunkBuilder) Started 10 worker threads
[16:38:20] [Render thread/INFO] (Minecraft) Loaded 2 advancements
[16:38:21] [Render thread/INFO] (fpstest) [HUD] usage column — CPU 5% GPU 5% RAM 11% (tickY=74 heapY=84 entitiesY=94)
[16:38:21] [Render thread/WARN] (CinematicRunner) [MC Benchmark Core] abort current: user pressed ESC
[16:38:21] [Server thread/INFO] (Minecraft) Player773 lost connection: Disconnected
[16:38:21] [Server thread/INFO] (Minecraft) Player773 left the game
[16:38:21] [Server thread/INFO] (Minecraft) Stopping singleplayer server as player logged out
[16:38:21] [Server thread/INFO] (Minecraft) Stopping server
[16:38:21] [Server thread/INFO] (Minecraft) Saving players
[16:38:21] [Server thread/INFO] (Minecraft) Saving worlds
[16:38:21] [Server thread/INFO] (Minecraft) Saving chunks for level 'ServerLevel[MC Benchmark Core Arena]'/minecraft:overworld
[16:38:21] [Server thread/INFO] (Minecraft) ThreadedAnvilChunkStorage (fpstest-arena): All chunks are saved
[16:38:21] [Server thread/INFO] (Minecraft) ThreadedAnvilChunkStorage: All dimensions are saved
[16:38:22] [Render thread/INFO] (CinematicRunner) [MC Benchmark Core] render distance set to 16 chunks for benchmark pack_shader_showcase
[16:38:22] [Render thread/INFO] (CinematicRunner) [MC Benchmark Core] starting benchmark: pack_shader_showcase (preset=default)
[16:38:22] [Render thread/INFO] (fpstest) [MC Benchmark Core] creating ephemeral world seed=27182, type=FLAT, levelId=fpstest-arena
[16:38:22] [Render thread/INFO] (Minecraft) Found new data pack fabric-convention-tags-v2, loading it automatically
[16:38:22] [Render thread/INFO] (Minecraft) Found new data pack fabric-gametest-api-v1, loading it automatically
[16:38:22] [Render thread/INFO] (Minecraft) Loaded 1470 recipes
[16:38:22] [Render thread/INFO] (Minecraft) Loaded 1584 advancements
[16:38:22] [Render thread/INFO] (ChunkBuilder) Stopping worker threads
[16:38:22] [Render thread/INFO] (BiomeModificationImpl) Applied 0 biome modifications to 0 of 65 new biomes in 76.25 μs
[16:38:22] [Server thread/INFO] (Minecraft) Starting integrated minecraft server version 1.21.11
[16:38:22] [Server thread/INFO] (Minecraft) Generating keypair
[16:38:22] [Server thread/INFO] (Minecraft) Selecting global world spawn...
[16:38:22] [Server thread/INFO] (Minecraft) Loading 0 persistent chunks...
[16:38:22] [Server thread/INFO] (Minecraft) Preparing spawn area: 16%
[16:38:22] [Render thread/INFO] (fpstest) [MC Benchmark Core] created ephemeral world seed=27182, type=FLAT, levelId=fpstest-arena
[16:38:22] [Server thread/INFO] (Minecraft) Loading 47 chunks for player spawn...
[16:38:22] [Server thread/INFO] (Minecraft) Time elapsed: 427 ms
[16:38:23] [Server thread/INFO] (Minecraft) Player773[local:E:22a453b9] logged in with entity id 147 at (-8.5, -60.0, 10.5)
[16:38:23] [Server thread/INFO] (Minecraft) Player773 joined the game
[16:38:23] [Server thread/INFO] (Minecraft) Changing view distance to 16, from 10
[16:38:23] [Server thread/INFO] (Minecraft) Changing simulation distance to 12, from 0
[16:38:23] [Render thread/INFO] (ChunkBuilder) Started 10 worker threads
[16:38:23] [Render thread/INFO] (Minecraft) Loaded 2 advancements
[16:38:23] [Render thread/INFO] (ChunkBuilder) Stopping worker threads
[16:38:23] [Render thread/INFO] (ChunkBuilder) Started 10 worker threads
[16:38:23] [Render thread/WARN] (CinematicRunner) [MC Benchmark Core] abort current: user pressed ESC
[16:38:23] [Render thread/INFO] (Minecraft) Reloading ResourceManager: vanilla, fabric-api, fabric-api-base, fabric-api-lookup-api-v1, fabric-biome-api-v1, fabric-block-api-v1, fabric-block-view-api-v2, fabric-client-gametest-api-v1, fabric-command-api-v2, fabric-content-registries-v0, fabric-convention-tags-v1, fabric-convention-tags-v2, fabric-crash-report-info-v1, fabric-data-attachment-api-v1, fabric-data-generation-api-v1, fabric-dimensions-v1, fabric-entity-events-v1, fabric-events-interaction-v0, fabric-game-rule-api-v1, fabric-gametest-api-v1, fabric-item-api-v1, fabric-item-group-api-v1, fabric-key-binding-api-v1, fabric-lifecycle-events-v1, fabric-loot-api-v2, fabric-loot-api-v3, fabric-message-api-v1, fabric-model-loading-api-v1, fabric-networking-api-v1, fabric-object-builder-api-v1, fabric-particles-v1, fabric-recipe-api-v1, fabric-registry-sync-v0, fabric-renderer-api-v1, fabric-renderer-indigo, fabric-rendering-fluids-v1, fabric-rendering-v1, fabric-resource-conditions-api-v1, fabric-resource-loader-v0, fabric-resource-loader-v1, fabric-screen-api-v1, fabric-screen-handler-api-v1, fabric-serialization-api-v1, fabric-sound-api-v1, fabric-tag-api-v1, fabric-transfer-api-v1, fabric-transitive-access-wideners-v1, fabricloader, fpstest, iris, sodium
[16:38:23] [Server thread/INFO] (Minecraft) Saving and pausing game...
[16:38:23] [Worker-Main-1/INFO] (Minecraft) Found unifont_all_no_pua-17.0.01.hex, loading
[16:38:23] [Worker-Main-4/INFO] (Minecraft) Found unifont_pua-17.0.01.hex, loading
[16:38:23] [Server thread/INFO] (Minecraft) Saving chunks for level 'ServerLevel[MC Benchmark Core Arena]'/minecraft:overworld
[16:38:24] [Worker-Main-10/INFO] (Minecraft) Found unifont_jp_patch-17.0.01.hex, loading
[16:38:24] [Server thread/INFO] (Minecraft) Player773 lost connection: Disconnected
[16:38:24] [Server thread/INFO] (Minecraft) Player773 left the game
[16:38:24] [Server thread/INFO] (Minecraft) Stopping singleplayer server as player logged out
[16:38:24] [Server thread/INFO] (Minecraft) Stopping server
[16:38:24] [Server thread/INFO] (Minecraft) Saving players
[16:38:24] [Server thread/INFO] (Minecraft) Saving worlds
[16:38:24] [Server thread/INFO] (Minecraft) Saving chunks for level 'ServerLevel[MC Benchmark Core Arena]'/minecraft:overworld
[16:38:24] [Server thread/INFO] (Minecraft) ThreadedAnvilChunkStorage (fpstest-arena): All chunks are saved
[16:38:24] [Server thread/INFO] (Minecraft) ThreadedAnvilChunkStorage: All dimensions are saved
[16:38:24] [Render thread/INFO] (CinematicRunner) [MC Benchmark Core] session report written to /home/ascend/randomBullshit/mcBenchmarkCore/run/fpstest-reports/2026-09-15T16-36-12.490219435
[16:38:24] [Render thread/INFO] (Iris) Destroying pipeline minecraft:overworld
[16:38:24] [Render thread/INFO] (Iris) Shaders are disabled because enableShaders is set to false in iris.properties
[16:38:24] [Render thread/INFO] (Iris) Creating pipeline for dimension minecraft:overworld
[16:38:24] [Render thread/INFO] (FullBenchmarkConfig) [Minecraft Benchmark Core] FULL BENCHMARK restored user config: shaders=false, pack=(internal), resourcePacks=[vanilla, fabric-api, fabric-api-base, fabric-api-lookup-api-v1, fabric-biome-api-v1, fabric-block-api-v1, fabric-block-view-api-v2, fabric-client-gametest-api-v1, fabric-command-api-v2, fabric-content-registries-v0, fabric-convention-tags-v1, fabric-convention-tags-v2, fabric-crash-report-info-v1, fabric-data-attachment-api-v1, fabric-data-generation-api-v1, fabric-dimensions-v1, fabric-entity-events-v1, fabric-events-interaction-v0, fabric-game-rule-api-v1, fabric-gametest-api-v1, fabric-item-api-v1, fabric-item-group-api-v1, fabric-key-binding-api-v1, fabric-lifecycle-events-v1, fabric-loot-api-v2, fabric-loot-api-v3, fabric-message-api-v1, fabric-model-loading-api-v1, fabric-networking-api-v1, fabric-object-builder-api-v1, fabric-particles-v1, fabric-recipe-api-v1, fabric-registry-sync-v0, fabric-renderer-api-v1, fabric-renderer-indigo, fabric-rendering-fluids-v1, fabric-rendering-v1, fabric-resource-conditions-api-v1, fabric-resource-loader-v0, fabric-resource-loader-v1, fabric-screen-api-v1, fabric-screen-handler-api-v1, fabric-serialization-api-v1, fabric-sound-api-v1, fabric-tag-api-v1, fabric-transfer-api-v1, fabric-transitive-access-wideners-v1, fabricloader, fpstest, iris, sodium]
[16:38:24] [Render thread/INFO] (CinematicRunner) [MC Benchmark Core] restored render distance to 16 chunks
[16:38:24] [Render thread/WARN] (Minecraft) Reload already ongoing, replacing
[16:38:24] [Render thread/INFO] (Minecraft) Reloading ResourceManager: vanilla, fabric-api, fabric-api-base, fabric-api-lookup-api-v1, fabric-biome-api-v1, fabric-block-api-v1, fabric-block-view-api-v2, fabric-client-gametest-api-v1, fabric-command-api-v2, fabric-content-registries-v0, fabric-convention-tags-v1, fabric-convention-tags-v2, fabric-crash-report-info-v1, fabric-data-attachment-api-v1, fabric-data-generation-api-v1, fabric-dimensions-v1, fabric-entity-events-v1, fabric-events-interaction-v0, fabric-game-rule-api-v1, fabric-gametest-api-v1, fabric-item-api-v1, fabric-item-group-api-v1, fabric-key-binding-api-v1, fabric-lifecycle-events-v1, fabric-loot-api-v2, fabric-loot-api-v3, fabric-message-api-v1, fabric-model-loading-api-v1, fabric-networking-api-v1, fabric-object-builder-api-v1, fabric-particles-v1, fabric-recipe-api-v1, fabric-registry-sync-v0, fabric-renderer-api-v1, fabric-renderer-indigo, fabric-rendering-fluids-v1, fabric-rendering-v1, fabric-resource-conditions-api-v1, fabric-resource-loader-v0, fabric-resource-loader-v1, fabric-screen-api-v1, fabric-screen-handler-api-v1, fabric-serialization-api-v1, fabric-sound-api-v1, fabric-tag-api-v1, fabric-transfer-api-v1, fabric-transitive-access-wideners-v1, fabricloader, fpstest, iris, sodium
[16:38:24] [Worker-Main-6/INFO] (Minecraft) Found unifont_pua-17.0.01.hex, loading
[16:38:24] [Worker-Main-14/INFO] (Minecraft) Found unifont_all_no_pua-17.0.01.hex, loading
[16:38:24] [Worker-Main-9/INFO] (Minecraft) Found unifont_jp_patch-17.0.01.hex, loading
[16:38:24] [Render thread/INFO] (Minecraft) OpenAL initialized on device 1MORE SonoFlow
[16:38:24] [Render thread/INFO] (Minecraft) Sound engine started
[16:38:24] [Render thread/INFO] (Minecraft) Created: 512x256x0 minecraft:textures/atlas/particles.png-atlas
[16:38:24] [Render thread/INFO] (Minecraft) Created: 128x128x0 minecraft:textures/atlas/decorated_pot.png-atlas
[16:38:24] [Render thread/INFO] (Minecraft) Created: 2048x1024x0 minecraft:textures/atlas/armor_trims.png-atlas
[16:38:24] [Render thread/INFO] (Minecraft) Created: 512x256x0 minecraft:textures/atlas/paintings.png-atlas
[16:38:24] [Render thread/INFO] (Minecraft) Created: 1024x512x0 minecraft:textures/atlas/shield_patterns.png-atlas
[16:38:24] [Render thread/INFO] (Minecraft) Created: 4096x2048x4 minecraft:textures/atlas/blocks.png-atlas
[16:38:24] [Render thread/INFO] (Minecraft) Created: 512x512x0 minecraft:textures/atlas/chest.png-atlas
[16:38:24] [Render thread/INFO] (Minecraft) Created: 256x128x0 minecraft:textures/atlas/celestials.png-atlas
[16:38:24] [Render thread/INFO] (Minecraft) Created: 1024x512x0 minecraft:textures/atlas/banner_patterns.png-atlas
[16:38:24] [Render thread/INFO] (Minecraft) Created: 512x512x0 minecraft:textures/atlas/beds.png-atlas
[16:38:24] [Render thread/INFO] (Minecraft) Created: 1024x512x0 minecraft:textures/atlas/items.png-atlas
[16:38:24] [Render thread/INFO] (Minecraft) Created: 1024x1024x0 minecraft:textures/atlas/gui.png-atlas
[16:38:24] [Render thread/INFO] (Minecraft) Created: 128x64x0 minecraft:textures/atlas/map_decorations.png-atlas
[16:38:24] [Render thread/INFO] (Minecraft) Created: 512x256x0 minecraft:textures/atlas/signs.png-atlas
[16:38:24] [Render thread/INFO] (Minecraft) Created: 512x512x0 minecraft:textures/atlas/shulker_boxes.png-atlas
[16:38:25] [Render thread/INFO] (Minecraft) OpenAL initialized on device 1MORE SonoFlow
[16:38:25] [Render thread/INFO] (Minecraft) Sound engine started
[16:38:25] [Render thread/INFO] (Minecraft) Created: 512x256x0 minecraft:textures/atlas/particles.png-atlas
[16:38:25] [Render thread/INFO] (Minecraft) Created: 128x128x0 minecraft:textures/atlas/decorated_pot.png-atlas
[16:38:25] [Render thread/INFO] (Minecraft) Created: 2048x1024x0 minecraft:textures/atlas/armor_trims.png-atlas
[16:38:25] [Render thread/INFO] (Minecraft) Created: 512x256x0 minecraft:textures/atlas/paintings.png-atlas
[16:38:25] [Render thread/INFO] (Minecraft) Created: 1024x512x0 minecraft:textures/atlas/shield_patterns.png-atlas
[16:38:25] [Render thread/INFO] (Minecraft) Created: 4096x2048x4 minecraft:textures/atlas/blocks.png-atlas
[16:38:25] [Render thread/INFO] (Minecraft) Created: 512x512x0 minecraft:textures/atlas/chest.png-atlas
[16:38:25] [Render thread/INFO] (Minecraft) Created: 256x128x0 minecraft:textures/atlas/celestials.png-atlas
[16:38:25] [Render thread/INFO] (Minecraft) Created: 1024x512x0 minecraft:textures/atlas/banner_patterns.png-atlas
[16:38:25] [Render thread/INFO] (Minecraft) Created: 512x512x0 minecraft:textures/atlas/beds.png-atlas
[16:38:25] [Render thread/INFO] (Minecraft) Created: 1024x512x0 minecraft:textures/atlas/items.png-atlas
[16:38:25] [Render thread/INFO] (Minecraft) Created: 1024x1024x0 minecraft:textures/atlas/gui.png-atlas
[16:38:25] [Render thread/INFO] (Minecraft) Created: 128x64x0 minecraft:textures/atlas/map_decorations.png-atlas
[16:38:25] [Render thread/INFO] (Minecraft) Created: 512x256x0 minecraft:textures/atlas/signs.png-atlas
[16:38:25] [Render thread/INFO] (Minecraft) Created: 512x512x0 minecraft:textures/atlas/shulker_boxes.png-atlas
[16:38:26] [Render thread/INFO] (ChunkBuilder) Stopping worker threads
[16:38:26] [Render thread/INFO] (ChunkBuilder) Started 10 worker threads
[16:38:26] [Render thread/INFO] (FullBenchmarkConfig) [Minecraft Benchmark Core] restored resource pack selection and reloaded: before=[vanilla, fabric-api, fabric-api-base, fabric-api-lookup-api-v1, fabric-biome-api-v1, fabric-block-api-v1, fabric-block-view-api-v2, fabric-client-gametest-api-v1, fabric-command-api-v2, fabric-content-registries-v0, fabric-convention-tags-v1, fabric-convention-tags-v2, fabric-crash-report-info-v1, fabric-data-attachment-api-v1, fabric-data-generation-api-v1, fabric-dimensions-v1, fabric-entity-events-v1, fabric-events-interaction-v0, fabric-game-rule-api-v1, fabric-gametest-api-v1, fabric-item-api-v1, fabric-item-group-api-v1, fabric-key-binding-api-v1, fabric-lifecycle-events-v1, fabric-loot-api-v2, fabric-loot-api-v3, fabric-message-api-v1, fabric-model-loading-api-v1, fabric-networking-api-v1, fabric-object-builder-api-v1, fabric-particles-v1, fabric-recipe-api-v1, fabric-registry-sync-v0, fabric-renderer-api-v1, fabric-renderer-indigo, fabric-rendering-fluids-v1, fabric-rendering-v1, fabric-resource-conditions-api-v1, fabric-resource-loader-v0, fabric-resource-loader-v1, fabric-screen-api-v1, fabric-screen-handler-api-v1, fabric-serialization-api-v1, fabric-sound-api-v1, fabric-tag-api-v1, fabric-transfer-api-v1, fabric-transitive-access-wideners-v1, fabricloader, fpstest, iris, sodium], after=[vanilla, fabric-api, fabric-api-base, fabric-api-lookup-api-v1, fabric-biome-api-v1, fabric-block-api-v1, fabric-block-view-api-v2, fabric-client-gametest-api-v1, fabric-command-api-v2, fabric-content-registries-v0, fabric-convention-tags-v1, fabric-convention-tags-v2, fabric-crash-report-info-v1, fabric-data-attachment-api-v1, fabric-data-generation-api-v1, fabric-dimensions-v1, fabric-entity-events-v1, fabric-events-interaction-v0, fabric-game-rule-api-v1, fabric-gametest-api-v1, fabric-item-api-v1, fabric-item-group-api-v1, fabric-key-binding-api-v1, fabric-lifecycle-events-v1, fabric-loot-api-v2, fabric-loot-api-v3, fabric-message-api-v1, fabric-model-loading-api-v1, fabric-networking-api-v1, fabric-object-builder-api-v1, fabric-particles-v1, fabric-recipe-api-v1, fabric-registry-sync-v0, fabric-renderer-api-v1, fabric-renderer-indigo, fabric-rendering-fluids-v1, fabric-rendering-v1, fabric-resource-conditions-api-v1, fabric-resource-loader-v0, fabric-resource-loader-v1, fabric-screen-api-v1, fabric-screen-handler-api-v1, fabric-serialization-api-v1, fabric-sound-api-v1, fabric-tag-api-v1, fabric-transfer-api-v1, fabric-transitive-access-wideners-v1, fabricloader, fpstest, iris, sodium], pbr.zip present=false
[16:38:28] [Render thread/INFO] (ChunkBuilder) Stopping worker threads
[16:38:28] [Render thread/WARN] (Minecraft) Client disconnected with reason: MC Benchmark Core — aborted
[16:38:30] [Render thread/INFO] (CinematicRunner) [MC Benchmark Core] saved original render distance: 16 chunks
[16:38:30] [Render thread/INFO] (Minecraft) Reloading ResourceManager: vanilla, fabric-api, fabric-api-base, fabric-api-lookup-api-v1, fabric-biome-api-v1, fabric-block-api-v1, fabric-block-view-api-v2, fabric-client-gametest-api-v1, fabric-command-api-v2, fabric-content-registries-v0, fabric-convention-tags-v1, fabric-convention-tags-v2, fabric-crash-report-info-v1, fabric-data-attachment-api-v1, fabric-data-generation-api-v1, fabric-dimensions-v1, fabric-entity-events-v1, fabric-events-interaction-v0, fabric-game-rule-api-v1, fabric-gametest-api-v1, fabric-item-api-v1, fabric-item-group-api-v1, fabric-key-binding-api-v1, fabric-lifecycle-events-v1, fabric-loot-api-v2, fabric-loot-api-v3, fabric-message-api-v1, fabric-model-loading-api-v1, fabric-networking-api-v1, fabric-object-builder-api-v1, fabric-particles-v1, fabric-recipe-api-v1, fabric-registry-sync-v0, fabric-renderer-api-v1, fabric-renderer-indigo, fabric-rendering-fluids-v1, fabric-rendering-v1, fabric-resource-conditions-api-v1, fabric-resource-loader-v0, fabric-resource-loader-v1, fabric-screen-api-v1, fabric-screen-handler-api-v1, fabric-serialization-api-v1, fabric-sound-api-v1, fabric-tag-api-v1, fabric-transfer-api-v1, fabric-transitive-access-wideners-v1, fabricloader, fpstest, iris, sodium
[16:38:30] [Render thread/INFO] (Iris) Destroying pipeline minecraft:overworld
[16:38:30] [Render thread/INFO] (Iris) Shaders are disabled because enableShaders is set to false in iris.properties
[16:38:30] [Render thread/INFO] (FullBenchmarkConfig) [Minecraft Benchmark Core] FULL BENCHMARK baseline: shaders OFF, benchmark resource packs OFF
[16:38:30] [Render thread/INFO] (CinematicRunner) [MC Benchmark Core] render distance set to 6 chunks for benchmark particle_cycle
[16:38:30] [Render thread/INFO] (CinematicRunner) [MC Benchmark Core] starting benchmark: particle_cycle (preset=quick)
[16:38:30] [Render thread/INFO] (fpstest) [MC Benchmark Core] creating ephemeral world seed=2503, type=FLAT, levelId=fpstest-arena
[16:38:30] [Worker-Main-10/INFO] (Minecraft) Found unifont_all_no_pua-17.0.01.hex, loading
[16:38:30] [Worker-Main-13/INFO] (Minecraft) Found unifont_pua-17.0.01.hex, loading
[16:38:30] [Worker-Main-8/INFO] (Minecraft) Found unifont_jp_patch-17.0.01.hex, loading
[16:38:30] [Render thread/INFO] (Minecraft) Found new data pack fabric-convention-tags-v2, loading it automatically
[16:38:30] [Render thread/INFO] (Minecraft) Found new data pack fabric-gametest-api-v1, loading it automatically
[16:38:31] [Render thread/INFO] (Minecraft) OpenAL initialized on device 1MORE SonoFlow
[16:38:31] [Render thread/INFO] (Minecraft) Sound engine started
[16:38:31] [Render thread/INFO] (Minecraft) Created: 512x256x0 minecraft:textures/atlas/particles.png-atlas
[16:38:31] [Render thread/INFO] (Minecraft) Created: 128x128x0 minecraft:textures/atlas/decorated_pot.png-atlas
[16:38:31] [Render thread/INFO] (Minecraft) Created: 2048x1024x0 minecraft:textures/atlas/armor_trims.png-atlas
[16:38:31] [Render thread/INFO] (Minecraft) Created: 512x256x0 minecraft:textures/atlas/paintings.png-atlas
[16:38:31] [Render thread/INFO] (Minecraft) Created: 1024x512x0 minecraft:textures/atlas/shield_patterns.png-atlas
[16:38:31] [Render thread/INFO] (Minecraft) Created: 4096x2048x4 minecraft:textures/atlas/blocks.png-atlas
[16:38:31] [Render thread/INFO] (Minecraft) Created: 512x512x0 minecraft:textures/atlas/chest.png-atlas
[16:38:31] [Render thread/INFO] (Minecraft) Created: 256x128x0 minecraft:textures/atlas/celestials.png-atlas
[16:38:31] [Render thread/INFO] (Minecraft) Created: 1024x512x0 minecraft:textures/atlas/banner_patterns.png-atlas
[16:38:31] [Render thread/INFO] (Minecraft) Created: 512x512x0 minecraft:textures/atlas/beds.png-atlas
[16:38:31] [Render thread/INFO] (Minecraft) Created: 1024x512x0 minecraft:textures/atlas/items.png-atlas
[16:38:31] [Render thread/INFO] (Minecraft) Created: 1024x1024x0 minecraft:textures/atlas/gui.png-atlas
[16:38:31] [Render thread/INFO] (Minecraft) Created: 128x64x0 minecraft:textures/atlas/map_decorations.png-atlas
[16:38:31] [Render thread/INFO] (Minecraft) Created: 512x256x0 minecraft:textures/atlas/signs.png-atlas
[16:38:31] [Render thread/INFO] (Minecraft) Created: 512x512x0 minecraft:textures/atlas/shulker_boxes.png-atlas
[16:38:31] [Render thread/INFO] (Minecraft) Loaded 1470 recipes
[16:38:31] [Render thread/INFO] (Minecraft) Loaded 1584 advancements
[16:38:31] [Render thread/INFO] (BiomeModificationImpl) Applied 0 biome modifications to 0 of 65 new biomes in 92.79 μs
[16:38:31] [Server thread/INFO] (Minecraft) Starting integrated minecraft server version 1.21.11
[16:38:31] [Server thread/INFO] (Minecraft) Generating keypair
[16:38:31] [Server thread/INFO] (Minecraft) Selecting global world spawn...
[16:38:31] [Server thread/INFO] (Minecraft) Loading 0 persistent chunks...
[16:38:31] [Server thread/INFO] (Minecraft) Preparing spawn area: 16%
[16:38:33] [Render thread/INFO] (fpstest) [MC Benchmark Core] created ephemeral world seed=2503, type=FLAT, levelId=fpstest-arena
[16:38:34] [Server thread/INFO] (Minecraft) Loading 47 chunks for player spawn...
[16:38:34] [Server thread/INFO] (Minecraft) Preparing spawn area: 16%
[16:38:34] [Server thread/INFO] (Minecraft) Preparing spawn area: 57%
[16:38:34] [Server thread/INFO] (Minecraft) Preparing spawn area: 57%
[16:38:34] [Server thread/INFO] (Minecraft) Preparing spawn area: 100%
[16:38:34] [Server thread/INFO] (Minecraft) Time elapsed: 2928 ms
[16:38:34] [Server thread/INFO] (Minecraft) Player773[local:E:f6a0c44e] logged in with entity id 149 at (-7.5, -60.0, 6.5)
[16:38:34] [Server thread/INFO] (Minecraft) Player773 joined the game
[16:38:34] [Server thread/INFO] (Minecraft) Changing view distance to 6, from 10
[16:38:34] [Server thread/INFO] (Minecraft) Changing simulation distance to 12, from 0
[16:38:34] [Render thread/INFO] (ChunkBuilder) Started 10 worker threads
[16:38:34] [Render thread/INFO] (Minecraft) Loaded 2 advancements
[16:38:34] [Render thread/INFO] (Iris) Creating pipeline for dimension minecraft:overworld
[16:38:34] [Render thread/INFO] (fpstest) [HUD] usage column — CPU 8% GPU 3% RAM 13% (tickY=74 heapY=84 entitiesY=94)
[16:38:44] [Render thread/INFO] (fpstest) [HUD] usage column — CPU 6% GPU 4% RAM 11% (tickY=74 heapY=84 entitiesY=94)
[16:38:54] [Render thread/INFO] (fpstest) [HUD] usage column — CPU 2% GPU 5% RAM 13% (tickY=74 heapY=84 entitiesY=94)
[16:38:58] [Render thread/INFO] (CinematicRunner) [MC Benchmark Core] particle_cycle done — avg 109 fps, 1%low 46 fps, tick 0 ms
[16:39:00] [Server thread/INFO] (Minecraft) Saving and pausing game...
[16:39:00] [Server thread/INFO] (Minecraft) Saving chunks for level 'ServerLevel[MC Benchmark Core Arena]'/minecraft:overworld
[16:39:00] [Server thread/INFO] (Minecraft) Player773 lost connection: Disconnected
[16:39:00] [Server thread/INFO] (Minecraft) Player773 left the game
[16:39:00] [Server thread/INFO] (Minecraft) Stopping singleplayer server as player logged out
[16:39:00] [Server thread/INFO] (Minecraft) Stopping server
[16:39:00] [Server thread/INFO] (Minecraft) Saving players
[16:39:00] [Server thread/INFO] (Minecraft) Saving worlds
[16:39:00] [Server thread/INFO] (Minecraft) Saving chunks for level 'ServerLevel[MC Benchmark Core Arena]'/minecraft:overworld
[16:39:00] [Server thread/INFO] (Minecraft) ThreadedAnvilChunkStorage (fpstest-arena): All chunks are saved
[16:39:00] [Server thread/INFO] (Minecraft) ThreadedAnvilChunkStorage: All dimensions are saved
[16:39:04] [Render thread/INFO] (fpstest) [HUD] usage column — CPU 2% GPU 5% RAM 9% (tickY=74 heapY=84 entitiesY=94)
[16:39:05] [Render thread/INFO] (CinematicRunner) [MC Benchmark Core] render distance set to 6 chunks for benchmark entity_cows
[16:39:05] [Render thread/INFO] (CinematicRunner) [MC Benchmark Core] starting benchmark: entity_cows (preset=quick)
[16:39:05] [Render thread/INFO] (fpstest) [MC Benchmark Core] creating ephemeral world seed=6121, type=FLAT, levelId=fpstest-arena
[16:39:05] [Render thread/INFO] (Minecraft) Found new data pack fabric-convention-tags-v2, loading it automatically
[16:39:05] [Render thread/INFO] (Minecraft) Found new data pack fabric-gametest-api-v1, loading it automatically
[16:39:05] [Render thread/INFO] (Minecraft) Loaded 1470 recipes
[16:39:05] [Render thread/INFO] (Minecraft) Loaded 1584 advancements
[16:39:05] [Render thread/INFO] (ChunkBuilder) Stopping worker threads
[16:39:05] [Render thread/INFO] (BiomeModificationImpl) Applied 0 biome modifications to 0 of 65 new biomes in 93.14 μs
[16:39:05] [Server thread/INFO] (Minecraft) Starting integrated minecraft server version 1.21.11
[16:39:05] [Server thread/INFO] (Minecraft) Generating keypair
[16:39:05] [Server thread/INFO] (Minecraft) Selecting global world spawn...
[16:39:05] [Server thread/INFO] (Minecraft) Loading 0 persistent chunks...
[16:39:05] [Server thread/INFO] (Minecraft) Preparing spawn area: 16%
[16:39:06] [Render thread/INFO] (fpstest) [MC Benchmark Core] created ephemeral world seed=6121, type=FLAT, levelId=fpstest-arena
[16:39:06] [Server thread/INFO] (Minecraft) Loading 47 chunks for player spawn...
[16:39:06] [Server thread/INFO] (Minecraft) Time elapsed: 426 ms
[16:39:06] [Server thread/INFO] (Minecraft) Player773[local:E:1c76fccb] logged in with entity id 151 at (-6.5, -60.0, 6.5)
[16:39:06] [Server thread/INFO] (Minecraft) Player773 joined the game
[16:39:06] [Server thread/INFO] (Minecraft) Changing view distance to 6, from 10
[16:39:06] [Server thread/INFO] (Minecraft) Changing simulation distance to 12, from 0
[16:39:06] [Render thread/INFO] (ChunkBuilder) Started 10 worker threads
[16:39:06] [Render thread/INFO] (Minecraft) Loaded 2 advancements
[16:39:08] [Render thread/WARN] (CinematicRunner) [MC Benchmark Core] abort current: user pressed ESC
[16:39:08] [Server thread/INFO] (Minecraft) Saving and pausing game...
[16:39:08] [Server thread/INFO] (Minecraft) Saving chunks for level 'ServerLevel[MC Benchmark Core Arena]'/minecraft:overworld
[16:39:08] [Server thread/INFO] (Minecraft) Player773 lost connection: Disconnected
[16:39:08] [Server thread/INFO] (Minecraft) Player773 left the game
[16:39:08] [Server thread/INFO] (Minecraft) Stopping singleplayer server as player logged out
[16:39:08] [Server thread/INFO] (Minecraft) Stopping server
[16:39:08] [Server thread/INFO] (Minecraft) Saving players
[16:39:08] [Server thread/INFO] (Minecraft) Saving worlds
[16:39:08] [Server thread/INFO] (Minecraft) Saving chunks for level 'ServerLevel[MC Benchmark Core Arena]'/minecraft:overworld
[16:39:08] [Server thread/INFO] (Minecraft) ThreadedAnvilChunkStorage (fpstest-arena): All chunks are saved
[16:39:08] [Server thread/INFO] (Minecraft) ThreadedAnvilChunkStorage: All dimensions are saved
[16:39:08] [Render thread/INFO] (CinematicRunner) [MC Benchmark Core] render distance set to 6 chunks for benchmark entity_sheep
[16:39:08] [Render thread/INFO] (CinematicRunner) [MC Benchmark Core] starting benchmark: entity_sheep (preset=quick)
[16:39:08] [Render thread/INFO] (fpstest) [MC Benchmark Core] creating ephemeral world seed=6133, type=FLAT, levelId=fpstest-arena
[16:39:08] [Render thread/INFO] (Minecraft) Found new data pack fabric-convention-tags-v2, loading it automatically
[16:39:08] [Render thread/INFO] (Minecraft) Found new data pack fabric-gametest-api-v1, loading it automatically
[16:39:09] [Render thread/INFO] (Minecraft) Loaded 1470 recipes
[16:39:09] [Render thread/INFO] (Minecraft) Loaded 1584 advancements
[16:39:09] [Render thread/INFO] (ChunkBuilder) Stopping worker threads
[16:39:09] [Render thread/INFO] (BiomeModificationImpl) Applied 0 biome modifications to 0 of 65 new biomes in 117.6 μs
[16:39:09] [Server thread/INFO] (Minecraft) Starting integrated minecraft server version 1.21.11
[16:39:09] [Server thread/INFO] (Minecraft) Generating keypair
[16:39:09] [Server thread/INFO] (Minecraft) Selecting global world spawn...
[16:39:09] [Server thread/INFO] (Minecraft) Loading 0 persistent chunks...
[16:39:09] [Server thread/INFO] (Minecraft) Preparing spawn area: 16%
[16:39:09] [Render thread/INFO] (fpstest) [MC Benchmark Core] created ephemeral world seed=6133, type=FLAT, levelId=fpstest-arena
[16:39:09] [Server thread/INFO] (Minecraft) Loading 47 chunks for player spawn...
[16:39:09] [Server thread/INFO] (Minecraft) Time elapsed: 375 ms
[16:39:09] [Server thread/INFO] (Minecraft) Player773[local:E:063c1365] logged in with entity id 553 at (-1.5, -60.0, -4.5)
[16:39:09] [Server thread/INFO] (Minecraft) Player773 joined the game
[16:39:09] [Render thread/INFO] (ChunkBuilder) Started 10 worker threads
[16:39:09] [Server thread/INFO] (Minecraft) Changing view distance to 6, from 10
[16:39:09] [Server thread/INFO] (Minecraft) Changing simulation distance to 12, from 0
[16:39:09] [Render thread/INFO] (Minecraft) Loaded 2 advancements
[16:39:10] [Render thread/WARN] (CinematicRunner) [MC Benchmark Core] abort current: user pressed ESC
[16:39:10] [Server thread/INFO] (Minecraft) Saving and pausing game...
[16:39:10] [Server thread/INFO] (Minecraft) Saving chunks for level 'ServerLevel[MC Benchmark Core Arena]'/minecraft:overworld
[16:39:10] [Server thread/INFO] (Minecraft) Player773 lost connection: Disconnected
[16:39:10] [Server thread/INFO] (Minecraft) Player773 left the game
[16:39:10] [Server thread/INFO] (Minecraft) Stopping singleplayer server as player logged out
[16:39:10] [Server thread/INFO] (Minecraft) Stopping server
[16:39:10] [Server thread/INFO] (Minecraft) Saving players
[16:39:10] [Server thread/INFO] (Minecraft) Saving worlds
[16:39:10] [Server thread/INFO] (Minecraft) Saving chunks for level 'ServerLevel[MC Benchmark Core Arena]'/minecraft:overworld
[16:39:10] [Server thread/INFO] (Minecraft) ThreadedAnvilChunkStorage (fpstest-arena): All chunks are saved
[16:39:10] [Server thread/INFO] (Minecraft) ThreadedAnvilChunkStorage: All dimensions are saved
[16:39:11] [Render thread/INFO] (CinematicRunner) [MC Benchmark Core] render distance set to 6 chunks for benchmark entity_zombies
[16:39:11] [Render thread/INFO] (CinematicRunner) [MC Benchmark Core] starting benchmark: entity_zombies (preset=quick)
[16:39:11] [Render thread/INFO] (fpstest) [MC Benchmark Core] creating ephemeral world seed=6151, type=FLAT, levelId=fpstest-arena
[16:39:11] [Render thread/INFO] (Minecraft) Found new data pack fabric-convention-tags-v2, loading it automatically
[16:39:11] [Render thread/INFO] (Minecraft) Found new data pack fabric-gametest-api-v1, loading it automatically
[16:39:11] [Render thread/INFO] (Minecraft) Loaded 1470 recipes
[16:39:11] [Render thread/INFO] (Minecraft) Loaded 1584 advancements
[16:39:11] [Render thread/INFO] (ChunkBuilder) Stopping worker threads
[16:39:11] [Render thread/INFO] (BiomeModificationImpl) Applied 0 biome modifications to 0 of 65 new biomes in 82.95 μs
[16:39:11] [Server thread/INFO] (Minecraft) Starting integrated minecraft server version 1.21.11
[16:39:11] [Server thread/INFO] (Minecraft) Generating keypair
[16:39:11] [Server thread/INFO] (Minecraft) Selecting global world spawn...
[16:39:11] [Server thread/INFO] (Minecraft) Loading 0 persistent chunks...
[16:39:11] [Server thread/INFO] (Minecraft) Preparing spawn area: 16%
[16:39:11] [Render thread/INFO] (fpstest) [MC Benchmark Core] created ephemeral world seed=6151, type=FLAT, levelId=fpstest-arena
[16:39:11] [Server thread/INFO] (Minecraft) Loading 47 chunks for player spawn...
[16:39:11] [Server thread/INFO] (Minecraft) Time elapsed: 426 ms
[16:39:11] [Server thread/INFO] (Minecraft) Player773[local:E:85510100] logged in with entity id 555 at (-4.5, -60.0, -0.5)
[16:39:11] [Server thread/INFO] (Minecraft) Player773 joined the game
[16:39:11] [Server thread/INFO] (Minecraft) Changing view distance to 6, from 10
[16:39:11] [Server thread/INFO] (Minecraft) Changing simulation distance to 12, from 0
[16:39:11] [Render thread/INFO] (ChunkBuilder) Started 10 worker threads
[16:39:11] [Render thread/INFO] (Minecraft) Loaded 2 advancements
[16:39:12] [Render thread/WARN] (CinematicRunner) [MC Benchmark Core] abort current: user pressed ESC
[16:39:12] [Server thread/INFO] (Minecraft) Player773 lost connection: Disconnected
[16:39:12] [Server thread/INFO] (Minecraft) Player773 left the game
[16:39:12] [Server thread/INFO] (Minecraft) Stopping singleplayer server as player logged out
[16:39:12] [Server thread/INFO] (Minecraft) Stopping server
[16:39:12] [Server thread/INFO] (Minecraft) Saving players
[16:39:12] [Server thread/INFO] (Minecraft) Saving worlds
[16:39:12] [Server thread/INFO] (Minecraft) Saving chunks for level 'ServerLevel[MC Benchmark Core Arena]'/minecraft:overworld
[16:39:12] [Server thread/INFO] (Minecraft) ThreadedAnvilChunkStorage (fpstest-arena): All chunks are saved
[16:39:12] [Server thread/INFO] (Minecraft) ThreadedAnvilChunkStorage: All dimensions are saved
[16:39:13] [Render thread/INFO] (CinematicRunner) [MC Benchmark Core] render distance set to 6 chunks for benchmark entity_pigs
[16:39:13] [Render thread/INFO] (CinematicRunner) [MC Benchmark Core] starting benchmark: entity_pigs (preset=quick)
[16:39:13] [Render thread/INFO] (fpstest) [MC Benchmark Core] creating ephemeral world seed=6163, type=FLAT, levelId=fpstest-arena
[16:39:13] [Render thread/INFO] (Minecraft) Found new data pack fabric-convention-tags-v2, loading it automatically
[16:39:13] [Render thread/INFO] (Minecraft) Found new data pack fabric-gametest-api-v1, loading it automatically
[16:39:13] [Render thread/INFO] (Minecraft) Loaded 1470 recipes
[16:39:13] [Render thread/INFO] (Minecraft) Loaded 1584 advancements
[16:39:13] [Render thread/INFO] (ChunkBuilder) Stopping worker threads
[16:39:13] [Render thread/INFO] (BiomeModificationImpl) Applied 0 biome modifications to 0 of 65 new biomes in 98.17 μs
[16:39:13] [Server thread/INFO] (Minecraft) Starting integrated minecraft server version 1.21.11
[16:39:13] [Server thread/INFO] (Minecraft) Generating keypair
[16:39:13] [Server thread/INFO] (Minecraft) Selecting global world spawn...
[16:39:13] [Server thread/INFO] (Minecraft) Loading 0 persistent chunks...
[16:39:13] [Server thread/INFO] (Minecraft) Preparing spawn area: 16%
[16:39:13] [Render thread/INFO] (fpstest) [MC Benchmark Core] created ephemeral world seed=6163, type=FLAT, levelId=fpstest-arena
[16:39:13] [Server thread/INFO] (Minecraft) Loading 47 chunks for player spawn...
[16:39:13] [Server thread/INFO] (Minecraft) Time elapsed: 475 ms
[16:39:13] [Server thread/INFO] (Minecraft) Player773[local:E:9acff9cd] logged in with entity id 557 at (-8.5, -60.0, 2.5)
[16:39:13] [Server thread/INFO] (Minecraft) Player773 joined the game
[16:39:13] [Server thread/INFO] (Minecraft) Changing view distance to 6, from 10
[16:39:13] [Server thread/INFO] (Minecraft) Changing simulation distance to 12, from 0
[16:39:13] [Render thread/INFO] (ChunkBuilder) Started 10 worker threads
[16:39:13] [Render thread/INFO] (Minecraft) Loaded 2 advancements
[16:39:14] [Render thread/WARN] (CinematicRunner) [MC Benchmark Core] abort current: user pressed ESC
[16:39:14] [Server thread/INFO] (Minecraft) Saving and pausing game...
[16:39:14] [Server thread/INFO] (Minecraft) Saving chunks for level 'ServerLevel[MC Benchmark Core Arena]'/minecraft:overworld
[16:39:14] [Server thread/INFO] (Minecraft) Player773 lost connection: Disconnected
[16:39:14] [Server thread/INFO] (Minecraft) Player773 left the game
[16:39:14] [Server thread/INFO] (Minecraft) Stopping singleplayer server as player logged out
[16:39:14] [Server thread/INFO] (Minecraft) Stopping server
[16:39:14] [Server thread/INFO] (Minecraft) Saving players
[16:39:14] [Server thread/INFO] (Minecraft) Saving worlds
[16:39:14] [Server thread/INFO] (Minecraft) Saving chunks for level 'ServerLevel[MC Benchmark Core Arena]'/minecraft:overworld
[16:39:14] [Server thread/INFO] (Minecraft) ThreadedAnvilChunkStorage (fpstest-arena): All chunks are saved
[16:39:14] [Server thread/INFO] (Minecraft) ThreadedAnvilChunkStorage: All dimensions are saved
[16:39:14] [Render thread/INFO] (fpstest) [HUD] usage column — CPU 5% GPU 5% RAM 9% (tickY=74 heapY=84 entitiesY=94)
[16:39:15] [Render thread/INFO] (CinematicRunner) [MC Benchmark Core] render distance set to 6 chunks for benchmark entity_villagers
[16:39:15] [Render thread/INFO] (CinematicRunner) [MC Benchmark Core] starting benchmark: entity_villagers (preset=quick)
[16:39:15] [Render thread/INFO] (fpstest) [MC Benchmark Core] creating ephemeral world seed=6173, type=FLAT, levelId=fpstest-arena
[16:39:15] [Render thread/INFO] (Minecraft) Found new data pack fabric-convention-tags-v2, loading it automatically
[16:39:15] [Render thread/INFO] (Minecraft) Found new data pack fabric-gametest-api-v1, loading it automatically
[16:39:15] [Render thread/INFO] (Minecraft) Loaded 1470 recipes
[16:39:15] [Render thread/INFO] (Minecraft) Loaded 1584 advancements
[16:39:15] [Render thread/INFO] (ChunkBuilder) Stopping worker threads
[16:39:15] [Render thread/INFO] (BiomeModificationImpl) Applied 0 biome modifications to 0 of 65 new biomes in 120.3 μs
[16:39:15] [Server thread/INFO] (Minecraft) Starting integrated minecraft server version 1.21.11
[16:39:15] [Server thread/INFO] (Minecraft) Generating keypair
[16:39:15] [Server thread/INFO] (Minecraft) Selecting global world spawn...
[16:39:15] [Server thread/INFO] (Minecraft) Loading 0 persistent chunks...
[16:39:15] [Server thread/INFO] (Minecraft) Preparing spawn area: 16%
[16:39:15] [Render thread/INFO] (fpstest) [MC Benchmark Core] created ephemeral world seed=6173, type=FLAT, levelId=fpstest-arena
[16:39:15] [Server thread/INFO] (Minecraft) Loading 47 chunks for player spawn...
[16:39:15] [Server thread/INFO] (Minecraft) Time elapsed: 430 ms
[16:39:15] [Server thread/INFO] (Minecraft) Player773[local:E:c12167ac] logged in with entity id 559 at (-2.5, -60.0, -6.5)
[16:39:15] [Server thread/INFO] (Minecraft) Player773 joined the game
[16:39:15] [Server thread/INFO] (Minecraft) Changing view distance to 6, from 10
[16:39:15] [Server thread/INFO] (Minecraft) Changing simulation distance to 12, from 0
[16:39:15] [Render thread/INFO] (ChunkBuilder) Started 10 worker threads
[16:39:15] [Render thread/INFO] (Minecraft) Loaded 2 advancements
[16:39:16] [Render thread/WARN] (CinematicRunner) [MC Benchmark Core] abort current: user pressed ESC
[16:39:16] [Server thread/INFO] (Minecraft) Saving and pausing game...
[16:39:16] [Server thread/INFO] (Minecraft) Saving chunks for level 'ServerLevel[MC Benchmark Core Arena]'/minecraft:overworld
[16:39:16] [Server thread/INFO] (Minecraft) Player773 lost connection: Disconnected
[16:39:16] [Server thread/INFO] (Minecraft) Player773 left the game
[16:39:16] [Server thread/INFO] (Minecraft) Stopping singleplayer server as player logged out
[16:39:16] [Server thread/INFO] (Minecraft) Stopping server
[16:39:16] [Server thread/INFO] (Minecraft) Saving players
[16:39:16] [Server thread/INFO] (Minecraft) Saving worlds
[16:39:16] [Server thread/INFO] (Minecraft) Saving chunks for level 'ServerLevel[MC Benchmark Core Arena]'/minecraft:overworld
[16:39:17] [Server thread/INFO] (Minecraft) ThreadedAnvilChunkStorage (fpstest-arena): All chunks are saved
[16:39:17] [Server thread/INFO] (Minecraft) ThreadedAnvilChunkStorage: All dimensions are saved
[16:39:17] [Render thread/INFO] (CinematicRunner) [MC Benchmark Core] render distance set to 6 chunks for benchmark entity_chickens
[16:39:17] [Render thread/INFO] (CinematicRunner) [MC Benchmark Core] starting benchmark: entity_chickens (preset=quick)
[16:39:17] [Render thread/INFO] (fpstest) [MC Benchmark Core] creating ephemeral world seed=6197, type=FLAT, levelId=fpstest-arena
[16:39:17] [Render thread/INFO] (Minecraft) Found new data pack fabric-convention-tags-v2, loading it automatically
[16:39:17] [Render thread/INFO] (Minecraft) Found new data pack fabric-gametest-api-v1, loading it automatically
[16:39:17] [Render thread/INFO] (Minecraft) Loaded 1470 recipes
[16:39:17] [Render thread/INFO] (Minecraft) Loaded 1584 advancements
[16:39:17] [Render thread/INFO] (ChunkBuilder) Stopping worker threads
[16:39:17] [Render thread/INFO] (BiomeModificationImpl) Applied 0 biome modifications to 0 of 65 new biomes in 98.29 μs
[16:39:17] [Server thread/INFO] (Minecraft) Starting integrated minecraft server version 1.21.11
[16:39:17] [Server thread/INFO] (Minecraft) Generating keypair
[16:39:17] [Server thread/INFO] (Minecraft) Selecting global world spawn...
[16:39:17] [Server thread/INFO] (Minecraft) Loading 0 persistent chunks...
[16:39:17] [Server thread/INFO] (Minecraft) Preparing spawn area: 16%
[16:39:17] [Render thread/INFO] (fpstest) [MC Benchmark Core] created ephemeral world seed=6197, type=FLAT, levelId=fpstest-arena
[16:39:18] [Server thread/INFO] (Minecraft) Loading 47 chunks for player spawn...
[16:39:18] [Server thread/INFO] (Minecraft) Time elapsed: 426 ms
[16:39:18] [Server thread/INFO] (Minecraft) Player773[local:E:697561f6] logged in with entity id 561 at (-5.5, -60.0, 5.5)
[16:39:18] [Server thread/INFO] (Minecraft) Player773 joined the game
[16:39:18] [Server thread/INFO] (Minecraft) Changing view distance to 6, from 10
[16:39:18] [Server thread/INFO] (Minecraft) Changing simulation distance to 12, from 0
[16:39:18] [Render thread/INFO] (ChunkBuilder) Started 10 worker threads
[16:39:18] [Render thread/INFO] (Minecraft) Loaded 2 advancements
[16:39:19] [Render thread/WARN] (CinematicRunner) [MC Benchmark Core] abort current: user pressed ESC
[16:39:19] [Server thread/INFO] (Minecraft) Saving and pausing game...
[16:39:19] [Server thread/INFO] (Minecraft) Saving chunks for level 'ServerLevel[MC Benchmark Core Arena]'/minecraft:overworld
[16:39:19] [Server thread/INFO] (Minecraft) Player773 lost connection: Disconnected
[16:39:19] [Server thread/INFO] (Minecraft) Player773 left the game
[16:39:19] [Server thread/INFO] (Minecraft) Stopping singleplayer server as player logged out
[16:39:19] [Server thread/INFO] (Minecraft) Stopping server
[16:39:19] [Server thread/INFO] (Minecraft) Saving players
[16:39:19] [Server thread/INFO] (Minecraft) Saving worlds
[16:39:19] [Server thread/INFO] (Minecraft) Saving chunks for level 'ServerLevel[MC Benchmark Core Arena]'/minecraft:overworld
[16:39:19] [Server thread/INFO] (Minecraft) ThreadedAnvilChunkStorage (fpstest-arena): All chunks are saved
[16:39:19] [Server thread/INFO] (Minecraft) ThreadedAnvilChunkStorage: All dimensions are saved
[16:39:19] [Render thread/INFO] (CinematicRunner) [MC Benchmark Core] render distance set to 6 chunks for benchmark entity_items
[16:39:19] [Render thread/INFO] (CinematicRunner) [MC Benchmark Core] starting benchmark: entity_items (preset=quick)
[16:39:19] [Render thread/INFO] (fpstest) [MC Benchmark Core] creating ephemeral world seed=6203, type=FLAT, levelId=fpstest-arena
[16:39:19] [Render thread/INFO] (Minecraft) Found new data pack fabric-convention-tags-v2, loading it automatically
[16:39:19] [Render thread/INFO] (Minecraft) Found new data pack fabric-gametest-api-v1, loading it automatically
[16:39:19] [Render thread/INFO] (Minecraft) Loaded 1470 recipes
[16:39:19] [Render thread/INFO] (Minecraft) Loaded 1584 advancements
[16:39:19] [Render thread/INFO] (ChunkBuilder) Stopping worker threads
[16:39:19] [Render thread/INFO] (BiomeModificationImpl) Applied 0 biome modifications to 0 of 65 new biomes in 88.13 μs
[16:39:19] [Server thread/INFO] (Minecraft) Starting integrated minecraft server version 1.21.11
[16:39:19] [Server thread/INFO] (Minecraft) Generating keypair
[16:39:19] [Server thread/INFO] (Minecraft) Selecting global world spawn...
[16:39:19] [Server thread/INFO] (Minecraft) Loading 0 persistent chunks...
[16:39:19] [Server thread/INFO] (Minecraft) Preparing spawn area: 16%
[16:39:20] [Render thread/INFO] (fpstest) [MC Benchmark Core] created ephemeral world seed=6203, type=FLAT, levelId=fpstest-arena
[16:39:20] [Server thread/INFO] (Minecraft) Loading 47 chunks for player spawn...
[16:39:20] [Server thread/INFO] (Minecraft) Time elapsed: 425 ms
[16:39:20] [Server thread/INFO] (Minecraft) Player773[local:E:52337dc9] logged in with entity id 563 at (9.5, -60.0, -6.5)
[16:39:20] [Server thread/INFO] (Minecraft) Player773 joined the game
[16:39:20] [Server thread/INFO] (Minecraft) Changing view distance to 6, from 10
[16:39:20] [Server thread/INFO] (Minecraft) Changing simulation distance to 12, from 0
[16:39:20] [Render thread/INFO] (ChunkBuilder) Started 10 worker threads
[16:39:20] [Render thread/INFO] (Minecraft) Loaded 2 advancements
[16:39:21] [Render thread/WARN] (CinematicRunner) [MC Benchmark Core] abort current: user pressed ESC
[16:39:21] [Server thread/INFO] (Minecraft) Saving and pausing game...
[16:39:21] [Server thread/INFO] (Minecraft) Saving chunks for level 'ServerLevel[MC Benchmark Core Arena]'/minecraft:overworld
[16:39:21] [Server thread/INFO] (Minecraft) Player773 lost connection: Disconnected
[16:39:21] [Server thread/INFO] (Minecraft) Player773 left the game
[16:39:21] [Server thread/INFO] (Minecraft) Stopping singleplayer server as player logged out
[16:39:21] [Server thread/INFO] (Minecraft) Stopping server
[16:39:21] [Server thread/INFO] (Minecraft) Saving players
[16:39:21] [Server thread/INFO] (Minecraft) Saving worlds
[16:39:21] [Server thread/INFO] (Minecraft) Saving chunks for level 'ServerLevel[MC Benchmark Core Arena]'/minecraft:overworld
[16:39:21] [Server thread/INFO] (Minecraft) ThreadedAnvilChunkStorage (fpstest-arena): All chunks are saved
[16:39:21] [Server thread/INFO] (Minecraft) ThreadedAnvilChunkStorage: All dimensions are saved
[16:39:21] [Render thread/INFO] (CinematicRunner) [MC Benchmark Core] render distance set to 6 chunks for benchmark entity_xp
[16:39:21] [Render thread/INFO] (CinematicRunner) [MC Benchmark Core] starting benchmark: entity_xp (preset=quick)
[16:39:21] [Render thread/INFO] (fpstest) [MC Benchmark Core] creating ephemeral world seed=6217, type=FLAT, levelId=fpstest-arena
[16:39:21] [Render thread/INFO] (Minecraft) Found new data pack fabric-convention-tags-v2, loading it automatically
[16:39:21] [Render thread/INFO] (Minecraft) Found new data pack fabric-gametest-api-v1, loading it automatically
[16:39:21] [Render thread/INFO] (Minecraft) Loaded 1470 recipes
[16:39:21] [Render thread/INFO] (Minecraft) Loaded 1584 advancements
[16:39:21] [Render thread/INFO] (ChunkBuilder) Stopping worker threads
[16:39:21] [Render thread/INFO] (BiomeModificationImpl) Applied 0 biome modifications to 0 of 65 new biomes in 132.2 μs
[16:39:21] [Server thread/INFO] (Minecraft) Starting integrated minecraft server version 1.21.11
[16:39:21] [Server thread/INFO] (Minecraft) Generating keypair
[16:39:21] [Server thread/INFO] (Minecraft) Selecting global world spawn...
[16:39:21] [Server thread/INFO] (Minecraft) Loading 0 persistent chunks...
[16:39:21] [Server thread/INFO] (Minecraft) Preparing spawn area: 16%
[16:39:22] [Render thread/INFO] (fpstest) [MC Benchmark Core] created ephemeral world seed=6217, type=FLAT, levelId=fpstest-arena
[16:39:22] [Server thread/INFO] (Minecraft) Loading 47 chunks for player spawn...
[16:39:22] [Server thread/INFO] (Minecraft) Time elapsed: 430 ms
[16:39:22] [Server thread/INFO] (Minecraft) Player773[local:E:80f8a7e2] logged in with entity id 565 at (-7.5, -60.0, 6.5)
[16:39:22] [Server thread/INFO] (Minecraft) Player773 joined the game
[16:39:22] [Server thread/INFO] (Minecraft) Changing view distance to 6, from 10
[16:39:22] [Server thread/INFO] (Minecraft) Changing simulation distance to 12, from 0
[16:39:22] [Render thread/INFO] (ChunkBuilder) Started 10 worker threads
[16:39:22] [Render thread/INFO] (Minecraft) Loaded 2 advancements
[16:39:24] [Render thread/INFO] (fpstest) [HUD] usage column — CPU 8% GPU 4% RAM 9% (tickY=74 heapY=84 entitiesY=94)
[16:39:34] [Render thread/INFO] (fpstest) [HUD] usage column — CPU 5% GPU 4% RAM 14% (tickY=74 heapY=84 entitiesY=94)
[16:39:45] [Render thread/INFO] (fpstest) [HUD] usage column — CPU 2% GPU 4% RAM 8% (tickY=74 heapY=84 entitiesY=94)
[16:39:46] [Render thread/INFO] (CinematicRunner) [MC Benchmark Core] entity_xp done — avg 131 fps, 1%low 29 fps, tick 3 ms
[16:39:48] [Server thread/INFO] (Minecraft) Saving and pausing game...
[16:39:48] [Server thread/INFO] (Minecraft) Saving chunks for level 'ServerLevel[MC Benchmark Core Arena]'/minecraft:overworld
[16:39:48] [Server thread/INFO] (Minecraft) Player773 lost connection: Disconnected
[16:39:48] [Server thread/INFO] (Minecraft) Player773 left the game
[16:39:48] [Server thread/INFO] (Minecraft) Stopping singleplayer server as player logged out
[16:39:48] [Server thread/INFO] (Minecraft) Stopping server
[16:39:48] [Server thread/INFO] (Minecraft) Saving players
[16:39:48] [Server thread/INFO] (Minecraft) Saving worlds
[16:39:48] [Server thread/INFO] (Minecraft) Saving chunks for level 'ServerLevel[MC Benchmark Core Arena]'/minecraft:overworld
[16:39:48] [Server thread/INFO] (Minecraft) ThreadedAnvilChunkStorage (fpstest-arena): All chunks are saved
[16:39:48] [Server thread/INFO] (Minecraft) ThreadedAnvilChunkStorage: All dimensions are saved
[16:39:53] [Render thread/INFO] (CinematicRunner) [MC Benchmark Core] render distance set to 6 chunks for benchmark entity_items_merge_storm
[16:39:53] [Render thread/INFO] (CinematicRunner) [MC Benchmark Core] starting benchmark: entity_items_merge_storm (preset=quick)
[16:39:53] [Render thread/INFO] (fpstest) [MC Benchmark Core] creating ephemeral world seed=6287, type=FLAT, levelId=fpstest-arena
[16:39:53] [Render thread/INFO] (Minecraft) Found new data pack fabric-convention-tags-v2, loading it automatically
[16:39:53] [Render thread/INFO] (Minecraft) Found new data pack fabric-gametest-api-v1, loading it automatically
[16:39:54] [Render thread/INFO] (Minecraft) Loaded 1470 recipes
[16:39:54] [Render thread/INFO] (Minecraft) Loaded 1584 advancements
[16:39:54] [Render thread/INFO] (ChunkBuilder) Stopping worker threads
[16:39:54] [Render thread/INFO] (BiomeModificationImpl) Applied 0 biome modifications to 0 of 65 new biomes in 116.6 μs
[16:39:54] [Server thread/INFO] (Minecraft) Starting integrated minecraft server version 1.21.11
[16:39:54] [Server thread/INFO] (Minecraft) Generating keypair
[16:39:54] [Server thread/INFO] (Minecraft) Selecting global world spawn...
[16:39:54] [Server thread/INFO] (Minecraft) Loading 0 persistent chunks...
[16:39:54] [Server thread/INFO] (Minecraft) Preparing spawn area: 16%
[16:39:54] [Render thread/INFO] (fpstest) [MC Benchmark Core] created ephemeral world seed=6287, type=FLAT, levelId=fpstest-arena
[16:39:54] [Server thread/INFO] (Minecraft) Loading 48 chunks for player spawn...
[16:39:54] [Server thread/INFO] (Minecraft) Time elapsed: 274 ms
[16:39:54] [Server thread/INFO] (Minecraft) Player773[local:E:24bb0dae] logged in with entity id 1567 at (1.5, -60.0, 4.5)
[16:39:54] [Server thread/INFO] (Minecraft) Player773 joined the game
[16:39:54] [Server thread/INFO] (Minecraft) Changing view distance to 6, from 10
[16:39:54] [Server thread/INFO] (Minecraft) Changing simulation distance to 12, from 0
[16:39:54] [Render thread/INFO] (ChunkBuilder) Started 10 worker threads
[16:39:54] [Render thread/INFO] (Minecraft) Loaded 2 advancements
[16:39:55] [Render thread/INFO] (fpstest) [HUD] usage column — CPU 3% GPU 3% RAM 12% (tickY=74 heapY=84 entitiesY=94)
[16:40:05] [Render thread/INFO] (fpstest) [HUD] usage column — CPU 4% GPU 3% RAM 8% (tickY=74 heapY=84 entitiesY=94)
[16:40:15] [Render thread/INFO] (fpstest) [HUD] usage column — CPU 5% GPU 5% RAM 7% (tickY=74 heapY=84 entitiesY=94)
[16:40:18] [Render thread/INFO] (CinematicRunner) [MC Benchmark Core] entity_items_merge_storm done — avg 134 fps, 1%low 27 fps, tick 3 ms
[16:40:20] [Server thread/INFO] (Minecraft) Player773 lost connection: Disconnected
[16:40:20] [Server thread/INFO] (Minecraft) Player773 left the game
[16:40:20] [Server thread/INFO] (Minecraft) Stopping singleplayer server as player logged out
[16:40:20] [Server thread/INFO] (Minecraft) Stopping server
[16:40:20] [Server thread/INFO] (Minecraft) Saving players
[16:40:20] [Server thread/INFO] (Minecraft) Saving worlds
[16:40:20] [Server thread/INFO] (Minecraft) Saving chunks for level 'ServerLevel[MC Benchmark Core Arena]'/minecraft:overworld
[16:40:20] [Server thread/INFO] (Minecraft) ThreadedAnvilChunkStorage (fpstest-arena): All chunks are saved
[16:40:20] [Server thread/INFO] (Minecraft) ThreadedAnvilChunkStorage: All dimensions are saved
[16:40:25] [Render thread/INFO] (fpstest) [HUD] usage column — CPU 5% GPU 6% RAM 15% (tickY=74 heapY=84 entitiesY=94)
[16:40:25] [Render thread/INFO] (CinematicRunner) [MC Benchmark Core] render distance set to 6 chunks for benchmark entity_zombies_obstacle_pathfinding
[16:40:25] [Render thread/INFO] (CinematicRunner) [MC Benchmark Core] starting benchmark: entity_zombies_obstacle_pathfinding (preset=quick)
[16:40:25] [Render thread/INFO] (fpstest) [MC Benchmark Core] creating ephemeral world seed=6271, type=FLAT, levelId=fpstest-arena
[16:40:25] [Render thread/INFO] (Minecraft) Found new data pack fabric-convention-tags-v2, loading it automatically
[16:40:25] [Render thread/INFO] (Minecraft) Found new data pack fabric-gametest-api-v1, loading it automatically
[16:40:25] [Render thread/INFO] (Minecraft) Loaded 1470 recipes
[16:40:25] [Render thread/INFO] (Minecraft) Loaded 1584 advancements
[16:40:25] [Render thread/INFO] (ChunkBuilder) Stopping worker threads
[16:40:25] [Render thread/INFO] (BiomeModificationImpl) Applied 0 biome modifications to 0 of 65 new biomes in 94.06 μs
[16:40:25] [Server thread/INFO] (Minecraft) Starting integrated minecraft server version 1.21.11
[16:40:25] [Server thread/INFO] (Minecraft) Generating keypair
[16:40:25] [Server thread/INFO] (Minecraft) Selecting global world spawn...
[16:40:25] [Server thread/INFO] (Minecraft) Loading 0 persistent chunks...
[16:40:25] [Server thread/INFO] (Minecraft) Preparing spawn area: 16%
[16:40:26] [Render thread/INFO] (fpstest) [MC Benchmark Core] created ephemeral world seed=6271, type=FLAT, levelId=fpstest-arena
[16:40:26] [Server thread/INFO] (Minecraft) Loading 48 chunks for player spawn...
[16:40:26] [Server thread/INFO] (Minecraft) Time elapsed: 274 ms
[16:40:26] [Server thread/INFO] (Minecraft) Player773[local:E:71fd2226] logged in with entity id 4689 at (8.5, -60.0, 4.5)
[16:40:26] [Server thread/INFO] (Minecraft) Player773 joined the game
[16:40:26] [Server thread/INFO] (Minecraft) Changing view distance to 6, from 10
[16:40:26] [Server thread/INFO] (Minecraft) Changing simulation distance to 12, from 0
[16:40:26] [Render thread/INFO] (ChunkBuilder) Started 10 worker threads
[16:40:26] [Render thread/INFO] (Minecraft) Loaded 2 advancements
[16:40:35] [Render thread/INFO] (fpstest) [HUD] usage column — CPU 5% GPU 6% RAM 13% (tickY=74 heapY=84 entitiesY=94)
[16:40:45] [Render thread/INFO] (fpstest) [HUD] usage column — CPU 3% GPU 5% RAM 13% (tickY=74 heapY=84 entitiesY=94)
[16:40:50] [Render thread/INFO] (CinematicRunner) [MC Benchmark Core] entity_zombies_obstacle_pathfinding done — avg 28 fps, 1%low 20 fps, tick 0 ms
[16:40:51] [Server thread/INFO] (Minecraft) Player773 lost connection: Disconnected
[16:40:51] [Server thread/INFO] (Minecraft) Player773 left the game
[16:40:52] [Server thread/INFO] (Minecraft) Stopping singleplayer server as player logged out
[16:40:52] [Server thread/INFO] (Minecraft) Stopping server
[16:40:52] [Server thread/INFO] (Minecraft) Saving players
[16:40:52] [Server thread/INFO] (Minecraft) Saving worlds
[16:40:52] [Server thread/INFO] (Minecraft) Saving chunks for level 'ServerLevel[MC Benchmark Core Arena]'/minecraft:overworld
[16:40:52] [Server thread/INFO] (Minecraft) ThreadedAnvilChunkStorage (fpstest-arena): All chunks are saved
[16:40:52] [Server thread/INFO] (Minecraft) ThreadedAnvilChunkStorage: All dimensions are saved
[16:40:55] [Render thread/INFO] (fpstest) [HUD] usage column — CPU 2% GPU 4% RAM 8% (tickY=74 heapY=84 entitiesY=94)
[16:40:57] [Render thread/INFO] (CinematicRunner) [MC Benchmark Core] render distance set to 6 chunks for benchmark villager_ai_village
[16:40:57] [Render thread/INFO] (CinematicRunner) [MC Benchmark Core] starting benchmark: villager_ai_village (preset=quick)
[16:40:57] [Render thread/INFO] (fpstest) [MC Benchmark Core] creating ephemeral world seed=6299, type=FLAT, levelId=fpstest-arena
[16:40:57] [Render thread/INFO] (Minecraft) Found new data pack fabric-convention-tags-v2, loading it automatically
[16:40:57] [Render thread/INFO] (Minecraft) Found new data pack fabric-gametest-api-v1, loading it automatically
[16:40:57] [Render thread/INFO] (Minecraft) Loaded 1470 recipes
[16:40:57] [Render thread/INFO] (Minecraft) Loaded 1584 advancements
[16:40:57] [Render thread/INFO] (ChunkBuilder) Stopping worker threads
[16:40:57] [Render thread/INFO] (BiomeModificationImpl) Applied 0 biome modifications to 0 of 65 new biomes in 93.73 μs
[16:40:57] [Server thread/INFO] (Minecraft) Starting integrated minecraft server version 1.21.11
[16:40:57] [Server thread/INFO] (Minecraft) Generating keypair
[16:40:57] [Server thread/INFO] (Minecraft) Selecting global world spawn...
[16:40:57] [Server thread/INFO] (Minecraft) Loading 0 persistent chunks...
[16:40:57] [Server thread/INFO] (Minecraft) Preparing spawn area: 16%
[16:40:57] [Render thread/INFO] (fpstest) [MC Benchmark Core] created ephemeral world seed=6299, type=FLAT, levelId=fpstest-arena
[16:40:58] [Server thread/INFO] (Minecraft) Loading 47 chunks for player spawn...
[16:40:58] [Server thread/INFO] (Minecraft) Time elapsed: 424 ms
[16:40:58] [Server thread/INFO] (Minecraft) Player773[local:E:2aedea4e] logged in with entity id 4993 at (5.5, -60.0, -2.5)
[16:40:58] [Server thread/INFO] (Minecraft) Player773 joined the game
[16:40:58] [Server thread/INFO] (Minecraft) Changing view distance to 6, from 10
[16:40:58] [Server thread/INFO] (Minecraft) Changing simulation distance to 12, from 0
[16:40:58] [Render thread/INFO] (ChunkBuilder) Started 10 worker threads
[16:40:58] [Render thread/INFO] (Minecraft) Loaded 2 advancements
[16:41:05] [Render thread/INFO] (fpstest) [HUD] usage column — CPU 3% GPU 4% RAM 14% (tickY=74 heapY=84 entitiesY=94)
[16:41:15] [Render thread/INFO] (fpstest) [HUD] usage column — CPU 3% GPU 5% RAM 12% (tickY=74 heapY=84 entitiesY=94)
[16:41:22] [Render thread/INFO] (CinematicRunner) [MC Benchmark Core] villager_ai_village done — avg 28 fps, 1%low 20 fps, tick 0 ms
[16:41:24] [Server thread/INFO] (Minecraft) Player773 lost connection: Internal Exception: java.nio.channels.ClosedChannelException
[16:41:24] [Server thread/INFO] (Minecraft) Player773 left the game
[16:41:24] [Server thread/INFO] (Minecraft) Stopping singleplayer server as player logged out
[16:41:24] [Server thread/INFO] (Minecraft) Stopping server
[16:41:24] [Server thread/INFO] (Minecraft) Saving players
[16:41:24] [Server thread/INFO] (Minecraft) Saving worlds
[16:41:24] [Server thread/INFO] (Minecraft) Saving chunks for level 'ServerLevel[MC Benchmark Core Arena]'/minecraft:overworld
[16:41:24] [Server thread/INFO] (Minecraft) ThreadedAnvilChunkStorage (fpstest-arena): All chunks are saved
[16:41:24] [Server thread/INFO] (Minecraft) ThreadedAnvilChunkStorage: All dimensions are saved
[16:41:25] [Render thread/INFO] (fpstest) [HUD] usage column — CPU 2% GPU 5% RAM 6% (tickY=74 heapY=84 entitiesY=94)
[16:41:29] [Render thread/INFO] (CinematicRunner) [MC Benchmark Core] render distance set to 6 chunks for benchmark tnt_field
[16:41:29] [Render thread/INFO] (CinematicRunner) [MC Benchmark Core] starting benchmark: tnt_field (preset=quick)
[16:41:29] [Render thread/INFO] (fpstest) [MC Benchmark Core] creating ephemeral world seed=3539, type=FLAT, levelId=fpstest-arena
[16:41:29] [Render thread/INFO] (Minecraft) Found new data pack fabric-convention-tags-v2, loading it automatically
[16:41:29] [Render thread/INFO] (Minecraft) Found new data pack fabric-gametest-api-v1, loading it automatically
[16:41:29] [Render thread/INFO] (Minecraft) Loaded 1470 recipes
[16:41:29] [Render thread/INFO] (Minecraft) Loaded 1584 advancements
[16:41:29] [Render thread/INFO] (ChunkBuilder) Stopping worker threads
[16:41:29] [Render thread/INFO] (BiomeModificationImpl) Applied 0 biome modifications to 0 of 65 new biomes in 107.6 μs
[16:41:29] [Server thread/INFO] (Minecraft) Starting integrated minecraft server version 1.21.11
[16:41:29] [Server thread/INFO] (Minecraft) Generating keypair
[16:41:29] [Server thread/INFO] (Minecraft) Selecting global world spawn...
[16:41:29] [Server thread/INFO] (Minecraft) Loading 0 persistent chunks...
[16:41:29] [Server thread/INFO] (Minecraft) Preparing spawn area: 16%
[16:41:30] [Render thread/INFO] (fpstest) [MC Benchmark Core] created ephemeral world seed=3539, type=FLAT, levelId=fpstest-arena
[16:41:30] [Server thread/INFO] (Minecraft) Loading 47 chunks for player spawn...
[16:41:30] [Server thread/INFO] (Minecraft) Time elapsed: 425 ms
[16:41:30] [Server thread/INFO] (Minecraft) Player773[local:E:e6d4e91d] logged in with entity id 5155 at (0.5, -60.0, -4.5)
[16:41:30] [Server thread/INFO] (Minecraft) Player773 joined the game
[16:41:30] [Server thread/INFO] (Minecraft) Changing view distance to 6, from 10
[16:41:30] [Server thread/INFO] (Minecraft) Changing simulation distance to 12, from 0
[16:41:30] [Render thread/INFO] (ChunkBuilder) Started 10 worker threads
[16:41:30] [Render thread/INFO] (Minecraft) Loaded 2 advancements
[16:41:35] [Render thread/INFO] (fpstest) [HUD] usage column — CPU 3% GPU 3% RAM 13% (tickY=74 heapY=84 entitiesY=94)
[16:41:45] [Render thread/INFO] (fpstest) [HUD] usage column — CPU 3% GPU 5% RAM 15% (tickY=74 heapY=84 entitiesY=94)
[16:41:54] [Render thread/INFO] (CinematicRunner) [MC Benchmark Core] tnt_field done — avg 31 fps, 1%low 16 fps, tick 3 ms
[16:41:55] [Render thread/INFO] (fpstest) [HUD] usage column — CPU 2% GPU 6% RAM 13% (tickY=74 heapY=84 entitiesY=94)
[16:41:56] [Server thread/INFO] (Minecraft) Saving and pausing game...
[16:41:56] [Server thread/INFO] (Minecraft) Saving chunks for level 'ServerLevel[MC Benchmark Core Arena]'/minecraft:overworld
[16:41:56] [Server thread/INFO] (Minecraft) Player773 lost connection: Disconnected
[16:41:56] [Server thread/INFO] (Minecraft) Player773 left the game
[16:41:56] [Server thread/INFO] (Minecraft) Stopping singleplayer server as player logged out
[16:41:56] [Server thread/INFO] (Minecraft) Stopping server
[16:41:56] [Server thread/INFO] (Minecraft) Saving players
[16:41:56] [Server thread/INFO] (Minecraft) Saving worlds
[16:41:56] [Server thread/INFO] (Minecraft) Saving chunks for level 'ServerLevel[MC Benchmark Core Arena]'/minecraft:overworld
[16:41:56] [Server thread/INFO] (Minecraft) ThreadedAnvilChunkStorage (fpstest-arena): All chunks are saved
[16:41:56] [Server thread/INFO] (Minecraft) ThreadedAnvilChunkStorage: All dimensions are saved
[16:42:01] [Render thread/INFO] (CinematicRunner) [MC Benchmark Core] render distance set to 6 chunks for benchmark tnt_field_destructive
[16:42:01] [Render thread/INFO] (CinematicRunner) [MC Benchmark Core] starting benchmark: tnt_field_destructive (preset=quick)
[16:42:01] [Render thread/INFO] (fpstest) [MC Benchmark Core] creating ephemeral world seed=3541, type=FLAT, levelId=fpstest-arena
[16:42:01] [Render thread/INFO] (Minecraft) Found new data pack fabric-convention-tags-v2, loading it automatically
[16:42:01] [Render thread/INFO] (Minecraft) Found new data pack fabric-gametest-api-v1, loading it automatically
[16:42:01] [Render thread/INFO] (Minecraft) Loaded 1470 recipes
[16:42:01] [Render thread/INFO] (Minecraft) Loaded 1584 advancements
[16:42:01] [Render thread/INFO] (ChunkBuilder) Stopping worker threads
[16:42:01] [Render thread/INFO] (BiomeModificationImpl) Applied 0 biome modifications to 0 of 65 new biomes in 91.02 μs
[16:42:01] [Server thread/INFO] (Minecraft) Starting integrated minecraft server version 1.21.11
[16:42:01] [Server thread/INFO] (Minecraft) Generating keypair
[16:42:01] [Server thread/INFO] (Minecraft) Selecting global world spawn...
[16:42:01] [Server thread/INFO] (Minecraft) Loading 0 persistent chunks...
[16:42:01] [Server thread/INFO] (Minecraft) Preparing spawn area: 16%
[16:42:02] [Render thread/INFO] (fpstest) [MC Benchmark Core] created ephemeral world seed=3541, type=FLAT, levelId=fpstest-arena
[16:42:02] [Server thread/INFO] (Minecraft) Loading 47 chunks for player spawn...
[16:42:02] [Server thread/INFO] (Minecraft) Time elapsed: 423 ms
[16:42:02] [Server thread/INFO] (Minecraft) Player773[local:E:ba8bc5fb] logged in with entity id 6017 at (-6.5, -60.0, 0.5)
[16:42:02] [Server thread/INFO] (Minecraft) Player773 joined the game
[16:42:02] [Server thread/INFO] (Minecraft) Changing view distance to 6, from 10
[16:42:02] [Server thread/INFO] (Minecraft) Changing simulation distance to 12, from 0
[16:42:02] [Render thread/INFO] (ChunkBuilder) Started 10 worker threads
[16:42:02] [Render thread/INFO] (Minecraft) Loaded 2 advancements
[16:42:05] [Render thread/INFO] (fpstest) [HUD] usage column — CPU 2% GPU 2% RAM 9% (tickY=74 heapY=84 entitiesY=94)
[16:42:15] [Render thread/INFO] (fpstest) [HUD] usage column — CPU 3% GPU 6% RAM 11% (tickY=74 heapY=84 entitiesY=94)
[16:42:25] [Render thread/INFO] (fpstest) [HUD] usage column — CPU 2% GPU 9% RAM 8% (tickY=74 heapY=84 entitiesY=94)
[16:42:26] [Render thread/INFO] (CinematicRunner) [MC Benchmark Core] tnt_field_destructive done — avg 30 fps, 1%low 16 fps, tick 2 ms
[16:42:28] [Server thread/INFO] (Minecraft) Player773 lost connection: Disconnected
[16:42:28] [Server thread/INFO] (Minecraft) Player773 left the game
[16:42:28] [Server thread/INFO] (Minecraft) Stopping singleplayer server as player logged out
[16:42:28] [Server thread/INFO] (Minecraft) Stopping server
[16:42:28] [Server thread/INFO] (Minecraft) Saving players
[16:42:28] [Server thread/INFO] (Minecraft) Saving worlds
[16:42:28] [Server thread/INFO] (Minecraft) Saving chunks for level 'ServerLevel[MC Benchmark Core Arena]'/minecraft:overworld
[16:42:28] [Server thread/INFO] (Minecraft) ThreadedAnvilChunkStorage (fpstest-arena): All chunks are saved
[16:42:28] [Server thread/INFO] (Minecraft) ThreadedAnvilChunkStorage: All dimensions are saved
[16:42:33] [Render thread/INFO] (CinematicRunner) [MC Benchmark Core] render distance set to 6 chunks for benchmark falling_sand
[16:42:33] [Render thread/INFO] (CinematicRunner) [MC Benchmark Core] starting benchmark: falling_sand (preset=quick)
[16:42:33] [Render thread/INFO] (fpstest) [MC Benchmark Core] creating ephemeral world seed=5077, type=FLAT, levelId=fpstest-arena
[16:42:33] [Render thread/INFO] (Minecraft) Found new data pack fabric-convention-tags-v2, loading it automatically
[16:42:33] [Render thread/INFO] (Minecraft) Found new data pack fabric-gametest-api-v1, loading it automatically
[16:42:33] [Render thread/INFO] (Minecraft) Loaded 1470 recipes
[16:42:33] [Render thread/INFO] (Minecraft) Loaded 1584 advancements
[16:42:33] [Render thread/INFO] (ChunkBuilder) Stopping worker threads
[16:42:33] [Render thread/INFO] (BiomeModificationImpl) Applied 0 biome modifications to 0 of 65 new biomes in 92.94 μs
[16:42:33] [Server thread/INFO] (Minecraft) Starting integrated minecraft server version 1.21.11
[16:42:33] [Server thread/INFO] (Minecraft) Generating keypair
[16:42:33] [Server thread/INFO] (Minecraft) Selecting global world spawn...
[16:42:33] [Server thread/INFO] (Minecraft) Loading 0 persistent chunks...
[16:42:33] [Server thread/INFO] (Minecraft) Preparing spawn area: 16%
[16:42:34] [Render thread/INFO] (fpstest) [MC Benchmark Core] created ephemeral world seed=5077, type=FLAT, levelId=fpstest-arena
[16:42:34] [Server thread/INFO] (Minecraft) Loading 47 chunks for player spawn...
[16:42:34] [Server thread/INFO] (Minecraft) Time elapsed: 423 ms
[16:42:34] [Server thread/INFO] (Minecraft) Player773[local:E:6565ddb3] logged in with entity id 6879 at (-9.5, -60.0, -0.5)
[16:42:34] [Server thread/INFO] (Minecraft) Player773 joined the game
[16:42:34] [Server thread/INFO] (Minecraft) Changing view distance to 6, from 10
[16:42:34] [Server thread/INFO] (Minecraft) Changing simulation distance to 12, from 0
[16:42:34] [Render thread/INFO] (ChunkBuilder) Started 10 worker threads
[16:42:34] [Render thread/INFO] (Minecraft) Loaded 2 advancements
[16:42:35] [Render thread/INFO] (fpstest) [HUD] usage column — CPU 2% GPU 4% RAM 7% (tickY=74 heapY=84 entitiesY=94)
[16:42:45] [Render thread/INFO] (fpstest) [HUD] usage column — CPU 4% GPU 6% RAM 12% (tickY=74 heapY=84 entitiesY=94)
[16:42:55] [Render thread/INFO] (fpstest) [HUD] usage column — CPU 7% GPU 9% RAM 7% (tickY=74 heapY=84 entitiesY=94)
[16:42:58] [Render thread/INFO] (CinematicRunner) [MC Benchmark Core] falling_sand done — avg 36 fps, 1%low 13 fps, tick 14 ms
[16:43:00] [Server thread/INFO] (Minecraft) Player773 lost connection: Disconnected
[16:43:00] [Server thread/INFO] (Minecraft) Player773 left the game
[16:43:00] [Server thread/INFO] (Minecraft) Stopping singleplayer server as player logged out
[16:43:00] [Server thread/INFO] (Minecraft) Stopping server
[16:43:00] [Server thread/INFO] (Minecraft) Saving players
[16:43:00] [Server thread/INFO] (Minecraft) Saving worlds
[16:43:00] [Server thread/INFO] (Minecraft) Saving chunks for level 'ServerLevel[MC Benchmark Core Arena]'/minecraft:overworld
[16:43:00] [Server thread/INFO] (Minecraft) ThreadedAnvilChunkStorage (fpstest-arena): All chunks are saved
[16:43:00] [Server thread/INFO] (Minecraft) ThreadedAnvilChunkStorage: All dimensions are saved
[16:43:05] [Render thread/INFO] (fpstest) [HUD] usage column — CPU 5% GPU 7% RAM 8% (tickY=74 heapY=84 entitiesY=94)
[16:43:05] [Render thread/INFO] (CinematicRunner) [MC Benchmark Core] render distance set to 6 chunks for benchmark falling_gravel_mixed
[16:43:05] [Render thread/INFO] (CinematicRunner) [MC Benchmark Core] starting benchmark: falling_gravel_mixed (preset=quick)
[16:43:05] [Render thread/INFO] (fpstest) [MC Benchmark Core] creating ephemeral world seed=5081, type=FLAT, levelId=fpstest-arena
[16:43:05] [Render thread/INFO] (Minecraft) Found new data pack fabric-convention-tags-v2, loading it automatically
[16:43:05] [Render thread/INFO] (Minecraft) Found new data pack fabric-gametest-api-v1, loading it automatically
[16:43:06] [Render thread/INFO] (Minecraft) Loaded 1470 recipes
[16:43:06] [Render thread/INFO] (Minecraft) Loaded 1584 advancements
[16:43:06] [Render thread/INFO] (ChunkBuilder) Stopping worker threads
[16:43:06] [Render thread/INFO] (BiomeModificationImpl) Applied 0 biome modifications to 0 of 65 new biomes in 95.29 μs
[16:43:06] [Server thread/INFO] (Minecraft) Starting integrated minecraft server version 1.21.11
[16:43:06] [Server thread/INFO] (Minecraft) Generating keypair
[16:43:06] [Server thread/INFO] (Minecraft) Selecting global world spawn...
[16:43:06] [Server thread/INFO] (Minecraft) Loading 0 persistent chunks...
[16:43:06] [Server thread/INFO] (Minecraft) Preparing spawn area: 16%
[16:43:06] [Render thread/INFO] (fpstest) [MC Benchmark Core] created ephemeral world seed=5081, type=FLAT, levelId=fpstest-arena
[16:43:06] [Server thread/INFO] (Minecraft) Loading 47 chunks for player spawn...
[16:43:06] [Server thread/INFO] (Minecraft) Time elapsed: 424 ms
[16:43:06] [Server thread/INFO] (Minecraft) Player773[local:E:bcfe26fd] logged in with entity id 48481 at (-8.5, -60.0, 5.5)
[16:43:06] [Server thread/INFO] (Minecraft) Player773 joined the game
[16:43:06] [Server thread/INFO] (Minecraft) Changing view distance to 6, from 10
[16:43:06] [Server thread/INFO] (Minecraft) Changing simulation distance to 12, from 0
[16:43:06] [Render thread/INFO] (ChunkBuilder) Started 10 worker threads
[16:43:06] [Render thread/INFO] (Minecraft) Loaded 2 advancements
[16:43:15] [Render thread/INFO] (fpstest) [HUD] usage column — CPU 4% GPU 6% RAM 16% (tickY=74 heapY=84 entitiesY=94)
[16:43:25] [Render thread/INFO] (fpstest) [HUD] usage column — CPU 7% GPU 12% RAM 13% (tickY=74 heapY=84 entitiesY=94)
[16:43:30] [Render thread/INFO] (CinematicRunner) [MC Benchmark Core] falling_gravel_mixed done — avg 35 fps, 1%low 12 fps, tick 15 ms
[16:43:32] [Server thread/INFO] (Minecraft) Player773 lost connection: Disconnected
[16:43:32] [Server thread/INFO] (Minecraft) Player773 left the game
[16:43:32] [Server thread/INFO] (Minecraft) Stopping singleplayer server as player logged out
[16:43:32] [Server thread/INFO] (Minecraft) Stopping server
[16:43:32] [Server thread/INFO] (Minecraft) Saving players
[16:43:32] [Server thread/INFO] (Minecraft) Saving worlds
[16:43:32] [Server thread/INFO] (Minecraft) Saving chunks for level 'ServerLevel[MC Benchmark Core Arena]'/minecraft:overworld
[16:43:32] [Server thread/INFO] (Minecraft) ThreadedAnvilChunkStorage (fpstest-arena): All chunks are saved
[16:43:32] [Server thread/INFO] (Minecraft) ThreadedAnvilChunkStorage: All dimensions are saved
[16:43:35] [Render thread/INFO] (fpstest) [HUD] usage column — CPU 6% GPU 14% RAM 9% (tickY=74 heapY=84 entitiesY=94)
[16:43:37] [Render thread/INFO] (CinematicRunner) [MC Benchmark Core] render distance set to 6 chunks for benchmark falling_sand_lite
[16:43:37] [Render thread/INFO] (CinematicRunner) [MC Benchmark Core] starting benchmark: falling_sand_lite (preset=quick)
[16:43:37] [Render thread/INFO] (fpstest) [MC Benchmark Core] creating ephemeral world seed=5101, type=FLAT, levelId=fpstest-arena
[16:43:37] [Render thread/INFO] (Minecraft) Found new data pack fabric-convention-tags-v2, loading it automatically
[16:43:37] [Render thread/INFO] (Minecraft) Found new data pack fabric-gametest-api-v1, loading it automatically
[16:43:38] [Render thread/INFO] (Minecraft) Loaded 1470 recipes
[16:43:38] [Render thread/INFO] (Minecraft) Loaded 1584 advancements
[16:43:38] [Render thread/INFO] (ChunkBuilder) Stopping worker threads
[16:43:38] [Render thread/INFO] (BiomeModificationImpl) Applied 0 biome modifications to 0 of 65 new biomes in 93.77 μs
[16:43:38] [Server thread/INFO] (Minecraft) Starting integrated minecraft server version 1.21.11
[16:43:38] [Server thread/INFO] (Minecraft) Generating keypair
[16:43:38] [Server thread/INFO] (Minecraft) Selecting global world spawn...
[16:43:38] [Server thread/INFO] (Minecraft) Loading 0 persistent chunks...
[16:43:38] [Server thread/INFO] (Minecraft) Preparing spawn area: 16%
[16:43:38] [Render thread/INFO] (fpstest) [MC Benchmark Core] created ephemeral world seed=5101, type=FLAT, levelId=fpstest-arena
[16:43:38] [Server thread/INFO] (Minecraft) Loading 47 chunks for player spawn...
[16:43:38] [Server thread/INFO] (Minecraft) Time elapsed: 425 ms
[16:43:38] [Server thread/INFO] (Minecraft) Player773[local:E:c955337c] logged in with entity id 90083 at (10.5, -60.0, -5.5)
[16:43:38] [Server thread/INFO] (Minecraft) Player773 joined the game
[16:43:38] [Render thread/INFO] (ChunkBuilder) Started 10 worker threads
[16:43:38] [Server thread/INFO] (Minecraft) Changing view distance to 6, from 10
[16:43:38] [Server thread/INFO] (Minecraft) Changing simulation distance to 12, from 0
[16:43:38] [Render thread/INFO] (Minecraft) Loaded 2 advancements
[16:43:45] [Render thread/INFO] (fpstest) [HUD] usage column — CPU 3% GPU 8% RAM 13% (tickY=74 heapY=84 entitiesY=94)
[16:43:55] [Render thread/INFO] (fpstest) [HUD] usage column — CPU 2% GPU 4% RAM 16% (tickY=74 heapY=84 entitiesY=94)
[16:44:02] [Render thread/INFO] (CinematicRunner) [MC Benchmark Core] falling_sand_lite done — avg 28 fps, 1%low 19 fps, tick 1 ms
[16:44:04] [Server thread/INFO] (Minecraft) Player773 lost connection: Disconnected
[16:44:04] [Server thread/INFO] (Minecraft) Player773 left the game
[16:44:04] [Server thread/INFO] (Minecraft) Stopping singleplayer server as player logged out
[16:44:04] [Server thread/INFO] (Minecraft) Stopping server
[16:44:04] [Server thread/INFO] (Minecraft) Saving players
[16:44:04] [Server thread/INFO] (Minecraft) Saving worlds
[16:44:04] [Server thread/INFO] (Minecraft) Saving chunks for level 'ServerLevel[MC Benchmark Core Arena]'/minecraft:overworld
[16:44:05] [Server thread/INFO] (Minecraft) ThreadedAnvilChunkStorage (fpstest-arena): All chunks are saved
[16:44:05] [Server thread/INFO] (Minecraft) ThreadedAnvilChunkStorage: All dimensions are saved
[16:44:05] [Render thread/INFO] (fpstest) [HUD] usage column — CPU 2% GPU 2% RAM 9% (tickY=74 heapY=84 entitiesY=94)
[16:44:09] [Render thread/INFO] (CinematicRunner) [MC Benchmark Core] render distance set to 6 chunks for benchmark falling_gravel_mixed_lite
[16:44:09] [Render thread/INFO] (CinematicRunner) [MC Benchmark Core] starting benchmark: falling_gravel_mixed_lite (preset=quick)
[16:44:09] [Render thread/INFO] (fpstest) [MC Benchmark Core] creating ephemeral world seed=5113, type=FLAT, levelId=fpstest-arena
[16:44:09] [Render thread/INFO] (Minecraft) Found new data pack fabric-convention-tags-v2, loading it automatically
[16:44:09] [Render thread/INFO] (Minecraft) Found new data pack fabric-gametest-api-v1, loading it automatically
[16:44:10] [Render thread/INFO] (Minecraft) Loaded 1470 recipes
[16:44:10] [Render thread/INFO] (Minecraft) Loaded 1584 advancements
[16:44:10] [Render thread/INFO] (ChunkBuilder) Stopping worker threads
[16:44:10] [Render thread/INFO] (BiomeModificationImpl) Applied 0 biome modifications to 0 of 65 new biomes in 99.97 μs
[16:44:10] [Server thread/INFO] (Minecraft) Starting integrated minecraft server version 1.21.11
[16:44:10] [Server thread/INFO] (Minecraft) Generating keypair
[16:44:10] [Server thread/INFO] (Minecraft) Selecting global world spawn...
[16:44:10] [Server thread/INFO] (Minecraft) Loading 0 persistent chunks...
[16:44:10] [Server thread/INFO] (Minecraft) Preparing spawn area: 16%
[16:44:10] [Render thread/INFO] (fpstest) [MC Benchmark Core] created ephemeral world seed=5113, type=FLAT, levelId=fpstest-arena
[16:44:10] [Server thread/INFO] (Minecraft) Loading 47 chunks for player spawn...
[16:44:10] [Server thread/INFO] (Minecraft) Time elapsed: 425 ms
[16:44:10] [Server thread/INFO] (Minecraft) Player773[local:E:169933ef] logged in with entity id 96259 at (-9.5, -60.0, 0.5)
[16:44:10] [Server thread/INFO] (Minecraft) Player773 joined the game
[16:44:10] [Server thread/INFO] (Minecraft) Changing view distance to 6, from 10
[16:44:10] [Server thread/INFO] (Minecraft) Changing simulation distance to 12, from 0
[16:44:10] [Render thread/INFO] (ChunkBuilder) Started 10 worker threads
[16:44:10] [Render thread/INFO] (Minecraft) Loaded 2 advancements
[16:44:15] [Render thread/INFO] (fpstest) [HUD] usage column — CPU 2% GPU 2% RAM 14% (tickY=74 heapY=84 entitiesY=94)
[16:44:25] [Render thread/INFO] (fpstest) [HUD] usage column — CPU 2% GPU 6% RAM 16% (tickY=74 heapY=84 entitiesY=94)
[16:44:34] [Render thread/INFO] (CinematicRunner) [MC Benchmark Core] falling_gravel_mixed_lite done — avg 28 fps, 1%low 18 fps, tick 1 ms
[16:44:35] [Render thread/INFO] (fpstest) [HUD] usage column — CPU 1% GPU 6% RAM 14% (tickY=74 heapY=84 entitiesY=94)
[16:44:36] [Server thread/INFO] (Minecraft) Player773 lost connection: Disconnected
[16:44:36] [Server thread/INFO] (Minecraft) Player773 left the game
[16:44:36] [Server thread/INFO] (Minecraft) Stopping singleplayer server as player logged out
[16:44:36] [Server thread/INFO] (Minecraft) Stopping server
[16:44:36] [Server thread/INFO] (Minecraft) Saving players
[16:44:36] [Server thread/INFO] (Minecraft) Saving worlds
[16:44:36] [Server thread/INFO] (Minecraft) Saving chunks for level 'ServerLevel[MC Benchmark Core Arena]'/minecraft:overworld
[16:44:36] [Server thread/INFO] (Minecraft) ThreadedAnvilChunkStorage (fpstest-arena): All chunks are saved
[16:44:36] [Server thread/INFO] (Minecraft) ThreadedAnvilChunkStorage: All dimensions are saved
[16:44:41] [Render thread/INFO] (CinematicRunner) [MC Benchmark Core] render distance set to 6 chunks for benchmark projectile_storm
[16:44:41] [Render thread/INFO] (CinematicRunner) [MC Benchmark Core] starting benchmark: projectile_storm (preset=quick)
[16:44:41] [Render thread/INFO] (fpstest) [MC Benchmark Core] creating ephemeral world seed=5099, type=FLAT, levelId=fpstest-arena
[16:44:41] [Render thread/INFO] (Minecraft) Found new data pack fabric-convention-tags-v2, loading it automatically
[16:44:41] [Render thread/INFO] (Minecraft) Found new data pack fabric-gametest-api-v1, loading it automatically
[16:44:42] [Render thread/INFO] (Minecraft) Loaded 1470 recipes
[16:44:42] [Render thread/INFO] (Minecraft) Loaded 1584 advancements
[16:44:42] [Render thread/INFO] (ChunkBuilder) Stopping worker threads
[16:44:42] [Render thread/INFO] (BiomeModificationImpl) Applied 0 biome modifications to 0 of 65 new biomes in 88.18 μs
[16:44:42] [Server thread/INFO] (Minecraft) Starting integrated minecraft server version 1.21.11
[16:44:42] [Server thread/INFO] (Minecraft) Generating keypair
[16:44:42] [Server thread/INFO] (Minecraft) Selecting global world spawn...
[16:44:42] [Server thread/INFO] (Minecraft) Loading 0 persistent chunks...
[16:44:42] [Server thread/INFO] (Minecraft) Preparing spawn area: 16%
[16:44:42] [Render thread/INFO] (fpstest) [MC Benchmark Core] created ephemeral world seed=5099, type=FLAT, levelId=fpstest-arena
[16:44:42] [Server thread/INFO] (Minecraft) Loading 48 chunks for player spawn...
[16:44:42] [Server thread/INFO] (Minecraft) Time elapsed: 275 ms
[16:44:42] [Server thread/INFO] (Minecraft) Player773[local:E:49570fc9] logged in with entity id 102435 at (10.5, -60.0, 4.5)
[16:44:42] [Server thread/INFO] (Minecraft) Player773 joined the game
[16:44:42] [Server thread/INFO] (Minecraft) Changing view distance to 6, from 10
[16:44:42] [Server thread/INFO] (Minecraft) Changing simulation distance to 12, from 0
[16:44:42] [Render thread/INFO] (ChunkBuilder) Started 10 worker threads
[16:44:42] [Render thread/INFO] (Minecraft) Loaded 2 advancements
[16:44:45] [Render thread/INFO] (fpstest) [HUD] usage column — CPU 2% GPU 2% RAM 7% (tickY=74 heapY=84 entitiesY=94)
[16:44:55] [Render thread/INFO] (fpstest) [HUD] usage column — CPU 2% GPU 2% RAM 10% (tickY=74 heapY=84 entitiesY=94)
[16:45:05] [Render thread/INFO] (fpstest) [HUD] usage column — CPU 1% GPU 3% RAM 14% (tickY=74 heapY=84 entitiesY=94)
[16:45:06] [Render thread/INFO] (CinematicRunner) [MC Benchmark Core] projectile_storm done — avg 28 fps, 1%low 20 fps, tick 0 ms
[16:45:08] [Server thread/INFO] (Minecraft) Saving and pausing game...
[16:45:08] [Server thread/INFO] (Minecraft) Saving chunks for level 'ServerLevel[MC Benchmark Core Arena]'/minecraft:overworld
[16:45:08] [Server thread/INFO] (Minecraft) Player773 lost connection: Disconnected
[16:45:08] [Server thread/INFO] (Minecraft) Player773 left the game
[16:45:08] [Server thread/INFO] (Minecraft) Stopping singleplayer server as player logged out
[16:45:08] [Server thread/INFO] (Minecraft) Stopping server
[16:45:08] [Server thread/INFO] (Minecraft) Saving players
[16:45:08] [Server thread/INFO] (Minecraft) Saving worlds
[16:45:08] [Server thread/INFO] (Minecraft) Saving chunks for level 'ServerLevel[MC Benchmark Core Arena]'/minecraft:overworld
[16:45:08] [Server thread/INFO] (Minecraft) ThreadedAnvilChunkStorage (fpstest-arena): All chunks are saved
[16:45:08] [Server thread/INFO] (Minecraft) ThreadedAnvilChunkStorage: All dimensions are saved
[16:45:13] [Render thread/INFO] (CinematicRunner) [MC Benchmark Core] render distance set to 6 chunks for benchmark redstone_clocks
[16:45:13] [Render thread/INFO] (CinematicRunner) [MC Benchmark Core] starting benchmark: redstone_clocks (preset=quick)
[16:45:13] [Render thread/INFO] (fpstest) [MC Benchmark Core] creating ephemeral world seed=4001, type=FLAT, levelId=fpstest-arena
[16:45:13] [Render thread/INFO] (Minecraft) Found new data pack fabric-convention-tags-v2, loading it automatically
[16:45:13] [Render thread/INFO] (Minecraft) Found new data pack fabric-gametest-api-v1, loading it automatically
[16:45:14] [Render thread/INFO] (Minecraft) Loaded 1470 recipes
[16:45:14] [Render thread/INFO] (Minecraft) Loaded 1584 advancements
[16:45:14] [Render thread/INFO] (ChunkBuilder) Stopping worker threads
[16:45:14] [Render thread/INFO] (BiomeModificationImpl) Applied 0 biome modifications to 0 of 65 new biomes in 89.63 μs
[16:45:14] [Server thread/INFO] (Minecraft) Starting integrated minecraft server version 1.21.11
[16:45:14] [Server thread/INFO] (Minecraft) Generating keypair
[16:45:14] [Server thread/INFO] (Minecraft) Selecting global world spawn...
[16:45:14] [Server thread/INFO] (Minecraft) Loading 0 persistent chunks...
[16:45:14] [Server thread/INFO] (Minecraft) Preparing spawn area: 16%
[16:45:14] [Render thread/INFO] (fpstest) [MC Benchmark Core] created ephemeral world seed=4001, type=FLAT, levelId=fpstest-arena
[16:45:14] [Server thread/INFO] (Minecraft) Loading 47 chunks for player spawn...
[16:45:14] [Server thread/INFO] (Minecraft) Time elapsed: 425 ms
[16:45:14] [Server thread/INFO] (Minecraft) Player773[local:E:906babb9] logged in with entity id 104437 at (-5.5, -60.0, 9.5)
[16:45:14] [Server thread/INFO] (Minecraft) Player773 joined the game
[16:45:14] [Render thread/INFO] (ChunkBuilder) Started 10 worker threads
[16:45:14] [Server thread/INFO] (Minecraft) Changing view distance to 6, from 10
[16:45:14] [Server thread/INFO] (Minecraft) Changing simulation distance to 12, from 0
[16:45:14] [Render thread/INFO] (Minecraft) Loaded 2 advancements
[16:45:15] [Render thread/INFO] (fpstest) [HUD] usage column — CPU 2% GPU 4% RAM 12% (tickY=74 heapY=84 entitiesY=94)
[16:45:25] [Render thread/INFO] (fpstest) [HUD] usage column — CPU 2% GPU 5% RAM 8% (tickY=74 heapY=84 entitiesY=94)
[16:45:35] [Render thread/INFO] (fpstest) [HUD] usage column — CPU 1% GPU 3% RAM 9% (tickY=74 heapY=84 entitiesY=94)
[16:45:38] [Render thread/INFO] (CinematicRunner) [MC Benchmark Core] redstone_clocks done — avg 28 fps, 1%low 20 fps, tick 0 ms
[16:45:40] [Server thread/INFO] (Minecraft) Player773 lost connection: Disconnected
[16:45:40] [Server thread/INFO] (Minecraft) Player773 left the game
[16:45:40] [Server thread/INFO] (Minecraft) Stopping singleplayer server as player logged out
[16:45:40] [Server thread/INFO] (Minecraft) Stopping server
[16:45:40] [Server thread/INFO] (Minecraft) Saving players
[16:45:40] [Server thread/INFO] (Minecraft) Saving worlds
[16:45:40] [Server thread/INFO] (Minecraft) Saving chunks for level 'ServerLevel[MC Benchmark Core Arena]'/minecraft:overworld
[16:45:40] [Server thread/INFO] (Minecraft) ThreadedAnvilChunkStorage (fpstest-arena): All chunks are saved
[16:45:40] [Server thread/INFO] (Minecraft) ThreadedAnvilChunkStorage: All dimensions are saved
[16:45:45] [Render thread/INFO] (fpstest) [HUD] usage column — CPU 1% GPU 2% RAM 9% (tickY=74 heapY=84 entitiesY=94)
[16:45:45] [Render thread/INFO] (CinematicRunner) [MC Benchmark Core] render distance set to 6 chunks for benchmark redstone_dust_grid
[16:45:45] [Render thread/INFO] (CinematicRunner) [MC Benchmark Core] starting benchmark: redstone_dust_grid (preset=quick)
[16:45:45] [Render thread/INFO] (fpstest) [MC Benchmark Core] creating ephemeral world seed=4019, type=FLAT, levelId=fpstest-arena
[16:45:45] [Render thread/INFO] (Minecraft) Found new data pack fabric-convention-tags-v2, loading it automatically
[16:45:45] [Render thread/INFO] (Minecraft) Found new data pack fabric-gametest-api-v1, loading it automatically
[16:45:46] [Render thread/INFO] (Minecraft) Loaded 1470 recipes
[16:45:46] [Render thread/INFO] (Minecraft) Loaded 1584 advancements
[16:45:46] [Render thread/INFO] (ChunkBuilder) Stopping worker threads
[16:45:46] [Render thread/INFO] (BiomeModificationImpl) Applied 0 biome modifications to 0 of 65 new biomes in 96.56 μs
[16:45:46] [Server thread/INFO] (Minecraft) Starting integrated minecraft server version 1.21.11
[16:45:46] [Server thread/INFO] (Minecraft) Generating keypair
[16:45:46] [Server thread/INFO] (Minecraft) Selecting global world spawn...
[16:45:46] [Server thread/INFO] (Minecraft) Loading 0 persistent chunks...
[16:45:46] [Server thread/INFO] (Minecraft) Preparing spawn area: 16%
[16:45:46] [Render thread/INFO] (fpstest) [MC Benchmark Core] created ephemeral world seed=4019, type=FLAT, levelId=fpstest-arena
[16:45:46] [Server thread/INFO] (Minecraft) Loading 47 chunks for player spawn...
[16:45:46] [Server thread/INFO] (Minecraft) Time elapsed: 426 ms
[16:45:46] [Server thread/INFO] (Minecraft) Player773[local:E:42693259] logged in with entity id 104439 at (5.5, -60.0, -8.5)
[16:45:46] [Server thread/INFO] (Minecraft) Player773 joined the game
[16:45:46] [Server thread/INFO] (Minecraft) Changing view distance to 6, from 10
[16:45:46] [Server thread/INFO] (Minecraft) Changing simulation distance to 12, from 0
[16:45:46] [Render thread/INFO] (ChunkBuilder) Started 10 worker threads
[16:45:46] [Render thread/INFO] (Minecraft) Loaded 2 advancements
[16:45:55] [Render thread/INFO] (fpstest) [HUD] usage column — CPU 2% GPU 4% RAM 13% (tickY=74 heapY=84 entitiesY=94)
[16:46:05] [Render thread/INFO] (fpstest) [HUD] usage column — CPU 2% GPU 4% RAM 9% (tickY=74 heapY=84 entitiesY=94)
[16:46:10] [Render thread/INFO] (CinematicRunner) [MC Benchmark Core] redstone_dust_grid done — avg 28 fps, 1%low 20 fps, tick 0 ms
[16:46:12] [Server thread/INFO] (Minecraft) Player773 lost connection: Disconnected
[16:46:12] [Server thread/INFO] (Minecraft) Player773 left the game
[16:46:12] [Server thread/INFO] (Minecraft) Stopping singleplayer server as player logged out
[16:46:12] [Server thread/INFO] (Minecraft) Stopping server
[16:46:12] [Server thread/INFO] (Minecraft) Saving players
[16:46:12] [Server thread/INFO] (Minecraft) Saving worlds
[16:46:12] [Server thread/INFO] (Minecraft) Saving chunks for level 'ServerLevel[MC Benchmark Core Arena]'/minecraft:overworld
[16:46:12] [Server thread/INFO] (Minecraft) ThreadedAnvilChunkStorage (fpstest-arena): All chunks are saved
[16:46:12] [Server thread/INFO] (Minecraft) ThreadedAnvilChunkStorage: All dimensions are saved
[16:46:15] [Render thread/INFO] (fpstest) [HUD] usage column — CPU 1% GPU 2% RAM 10% (tickY=74 heapY=84 entitiesY=94)
[16:46:17] [Render thread/INFO] (CinematicRunner) [MC Benchmark Core] render distance set to 6 chunks for benchmark piston_slime_array
[16:46:17] [Render thread/INFO] (CinematicRunner) [MC Benchmark Core] starting benchmark: piston_slime_array (preset=quick)
[16:46:17] [Render thread/INFO] (fpstest) [MC Benchmark Core] creating ephemeral world seed=4027, type=FLAT, levelId=fpstest-arena
[16:46:18] [Render thread/INFO] (Minecraft) Found new data pack fabric-convention-tags-v2, loading it automatically
[16:46:18] [Render thread/INFO] (Minecraft) Found new data pack fabric-gametest-api-v1, loading it automatically
[16:46:18] [Render thread/INFO] (Minecraft) Loaded 1470 recipes
[16:46:18] [Render thread/INFO] (Minecraft) Loaded 1584 advancements
[16:46:18] [Render thread/INFO] (ChunkBuilder) Stopping worker threads
[16:46:18] [Render thread/INFO] (BiomeModificationImpl) Applied 0 biome modifications to 0 of 65 new biomes in 93.81 μs
[16:46:18] [Server thread/INFO] (Minecraft) Starting integrated minecraft server version 1.21.11
[16:46:18] [Server thread/INFO] (Minecraft) Generating keypair
[16:46:18] [Server thread/INFO] (Minecraft) Selecting global world spawn...
[16:46:18] [Server thread/INFO] (Minecraft) Loading 0 persistent chunks...
[16:46:18] [Server thread/INFO] (Minecraft) Preparing spawn area: 16%
[16:46:18] [Render thread/INFO] (fpstest) [MC Benchmark Core] created ephemeral world seed=4027, type=FLAT, levelId=fpstest-arena
[16:46:18] [Server thread/INFO] (Minecraft) Loading 47 chunks for player spawn...
[16:46:18] [Server thread/INFO] (Minecraft) Time elapsed: 424 ms
[16:46:18] [Server thread/INFO] (Minecraft) Player773[local:E:78373c8e] logged in with entity id 104441 at (-2.5, -60.0, -2.5)
[16:46:18] [Server thread/INFO] (Minecraft) Player773 joined the game
[16:46:18] [Server thread/INFO] (Minecraft) Changing view distance to 6, from 10
[16:46:18] [Server thread/INFO] (Minecraft) Changing simulation distance to 12, from 0
[16:46:18] [Render thread/INFO] (ChunkBuilder) Started 10 worker threads
[16:46:18] [Render thread/INFO] (Minecraft) Loaded 2 advancements
[16:46:25] [Render thread/INFO] (fpstest) [HUD] usage column — CPU 2% GPU 2% RAM 14% (tickY=74 heapY=84 entitiesY=94)
[16:46:35] [Render thread/INFO] (fpstest) [HUD] usage column — CPU 2% GPU 3% RAM 8% (tickY=74 heapY=84 entitiesY=94)
[16:46:42] [Render thread/INFO] (CinematicRunner) [MC Benchmark Core] piston_slime_array done — avg 28 fps, 1%low 20 fps, tick 0 ms
[16:46:44] [Server thread/INFO] (Minecraft) Player773 lost connection: Disconnected
[16:46:44] [Server thread/INFO] (Minecraft) Player773 left the game
[16:46:44] [Server thread/INFO] (Minecraft) Stopping singleplayer server as player logged out
[16:46:44] [Server thread/INFO] (Minecraft) Stopping server
[16:46:44] [Server thread/INFO] (Minecraft) Saving players
[16:46:44] [Server thread/INFO] (Minecraft) Saving worlds
[16:46:44] [Server thread/INFO] (Minecraft) Saving chunks for level 'ServerLevel[MC Benchmark Core Arena]'/minecraft:overworld
[16:46:44] [Server thread/INFO] (Minecraft) ThreadedAnvilChunkStorage (fpstest-arena): All chunks are saved
[16:46:44] [Server thread/INFO] (Minecraft) ThreadedAnvilChunkStorage: All dimensions are saved
[16:46:45] [Render thread/INFO] (fpstest) [HUD] usage column — CPU 1% GPU 6% RAM 9% (tickY=74 heapY=84 entitiesY=94)
[16:46:50] [Render thread/INFO] (CinematicRunner) [MC Benchmark Core] render distance set to 6 chunks for benchmark static_dense_forest
[16:46:50] [Render thread/INFO] (CinematicRunner) [MC Benchmark Core] starting benchmark: static_dense_forest (preset=quick)
[16:46:50] [Render thread/INFO] (fpstest) [MC Benchmark Core] creating ephemeral world seed=7039, type=FLAT, levelId=fpstest-arena
[16:46:50] [Render thread/INFO] (Minecraft) Found new data pack fabric-convention-tags-v2, loading it automatically
[16:46:50] [Render thread/INFO] (Minecraft) Found new data pack fabric-gametest-api-v1, loading it automatically
[16:46:50] [Render thread/INFO] (Minecraft) Loaded 1470 recipes
[16:46:50] [Render thread/INFO] (Minecraft) Loaded 1584 advancements
[16:46:50] [Render thread/INFO] (ChunkBuilder) Stopping worker threads
[16:46:50] [Render thread/INFO] (BiomeModificationImpl) Applied 0 biome modifications to 0 of 65 new biomes in 116.9 μs
[16:46:50] [Server thread/INFO] (Minecraft) Starting integrated minecraft server version 1.21.11
[16:46:50] [Server thread/INFO] (Minecraft) Generating keypair
[16:46:50] [Server thread/INFO] (Minecraft) Selecting global world spawn...
[16:46:50] [Server thread/INFO] (Minecraft) Loading 0 persistent chunks...
[16:46:50] [Server thread/INFO] (Minecraft) Preparing spawn area: 16%
[16:46:50] [Render thread/INFO] (fpstest) [MC Benchmark Core] created ephemeral world seed=7039, type=FLAT, levelId=fpstest-arena
[16:46:50] [Server thread/INFO] (Minecraft) Loading 47 chunks for player spawn...
[16:46:50] [Server thread/INFO] (Minecraft) Time elapsed: 426 ms
[16:46:50] [Server thread/INFO] (Minecraft) Player773[local:E:f3ffc561] logged in with entity id 104443 at (-6.5, -60.0, -6.5)
[16:46:50] [Server thread/INFO] (Minecraft) Player773 joined the game
[16:46:50] [Render thread/INFO] (ChunkBuilder) Started 10 worker threads
[16:46:50] [Server thread/INFO] (Minecraft) Changing view distance to 6, from 10
[16:46:50] [Server thread/INFO] (Minecraft) Changing simulation distance to 12, from 0
[16:46:50] [Render thread/INFO] (Minecraft) Loaded 2 advancements
[16:46:55] [Render thread/INFO] (fpstest) [HUD] usage column — CPU 2% GPU 13% RAM 12% (tickY=74 heapY=84 entitiesY=94)
[16:47:05] [Render thread/INFO] (fpstest) [HUD] usage column — CPU 1% GPU 10% RAM 13% (tickY=74 heapY=84 entitiesY=94)
[16:47:14] [Render thread/INFO] (CinematicRunner) [MC Benchmark Core] static_dense_forest done — avg 28 fps, 1%low 20 fps, tick 0 ms
[16:47:15] [Render thread/INFO] (fpstest) [HUD] usage column — CPU 0% GPU 2% RAM 14% (tickY=74 heapY=84 entitiesY=94)
[16:47:16] [Server thread/INFO] (Minecraft) Player773 lost connection: Disconnected
[16:47:16] [Server thread/INFO] (Minecraft) Player773 left the game
[16:47:16] [Server thread/INFO] (Minecraft) Stopping singleplayer server as player logged out
[16:47:16] [Server thread/INFO] (Minecraft) Stopping server
[16:47:16] [Server thread/INFO] (Minecraft) Saving players
[16:47:16] [Server thread/INFO] (Minecraft) Saving worlds
[16:47:16] [Server thread/INFO] (Minecraft) Saving chunks for level 'ServerLevel[MC Benchmark Core Arena]'/minecraft:overworld
[16:47:16] [Server thread/INFO] (Minecraft) ThreadedAnvilChunkStorage (fpstest-arena): All chunks are saved
[16:47:16] [Server thread/INFO] (Minecraft) ThreadedAnvilChunkStorage: All dimensions are saved
[16:47:22] [Render thread/INFO] (CinematicRunner) [MC Benchmark Core] render distance set to 32 chunks for benchmark chunk_plains
[16:47:22] [Render thread/INFO] (CinematicRunner) [MC Benchmark Core] starting benchmark: chunk_plains (preset=quick)
[16:47:22] [Render thread/INFO] (fpstest) [MC Benchmark Core] creating ephemeral world seed=7411, type=FIXED_BIOME, levelId=fpstest-arena
[16:47:22] [Render thread/INFO] (Minecraft) Found new data pack fabric-convention-tags-v2, loading it automatically
[16:47:22] [Render thread/INFO] (Minecraft) Found new data pack fabric-gametest-api-v1, loading it automatically
[16:47:22] [Render thread/INFO] (Minecraft) Loaded 1470 recipes
[16:47:22] [Render thread/INFO] (Minecraft) Loaded 1584 advancements
[16:47:22] [Render thread/INFO] (ChunkBuilder) Stopping worker threads
[16:47:22] [Render thread/INFO] (BiomeModificationImpl) Applied 0 biome modifications to 0 of 65 new biomes in 94.09 μs
[16:47:22] [Server thread/INFO] (Minecraft) Starting integrated minecraft server version 1.21.11
[16:47:22] [Server thread/INFO] (Minecraft) Generating keypair
[16:47:22] [Server thread/INFO] (Minecraft) Selecting global world spawn...
[16:47:22] [Server thread/INFO] (Minecraft) Loading 0 persistent chunks...
[16:47:22] [Server thread/INFO] (Minecraft) Preparing spawn area: 16%
[16:47:22] [Render thread/INFO] (fpstest) [MC Benchmark Core] created ephemeral world seed=7411, type=FIXED_BIOME, levelId=fpstest-arena
[16:47:23] [Server thread/INFO] (Minecraft) Loading 47 chunks for player spawn...
[16:47:23] [Server thread/INFO] (Minecraft) Preparing spawn area: 16%
[16:47:23] [Server thread/INFO] (Minecraft) Preparing spawn area: 29%
[16:47:23] [Server thread/INFO] (Minecraft) Preparing spawn area: 57%
[16:47:23] [Server thread/INFO] (Minecraft) Time elapsed: 1608 ms
[16:47:24] [Server thread/INFO] (Minecraft) Player773[local:E:0220b18a] logged in with entity id 104445 at (27.5, 64.0, 1.5)
[16:47:24] [Server thread/INFO] (Minecraft) Player773 joined the game
[16:47:24] [Server thread/INFO] (Minecraft) Changing view distance to 32, from 10
[16:47:24] [Server thread/INFO] (Minecraft) Changing simulation distance to 12, from 0
[16:47:24] [Render thread/INFO] (ChunkBuilder) Started 10 worker threads
[16:47:24] [Render thread/INFO] (Minecraft) Loaded 2 advancements
[16:47:24] [Render thread/INFO] (ChunkBuilder) Stopping worker threads
[16:47:24] [Render thread/INFO] (ChunkBuilder) Started 10 worker threads
[16:47:25] [Render thread/INFO] (fpstest) [HUD] usage column — CPU 5% GPU 2% RAM 10% (tickY=74 heapY=84 entitiesY=94)
[16:47:35] [Render thread/INFO] (fpstest) [HUD] usage column — CPU 14% GPU 3% RAM 17% (tickY=74 heapY=84 entitiesY=94)
[16:47:45] [Render thread/INFO] (fpstest) [HUD] usage column — CPU 19% GPU 7% RAM 13% (tickY=74 heapY=84 entitiesY=94)
[16:47:48] [Render thread/INFO] (CinematicRunner) [MC Benchmark Core] chunk_plains done — avg 28 fps, 1%low 16 fps, tick 0 ms
[16:47:49] [Server thread/INFO] (Minecraft) Player773 lost connection: Disconnected
[16:47:49] [Server thread/INFO] (Minecraft) Player773 left the game
[16:47:49] [Server thread/INFO] (Minecraft) Stopping singleplayer server as player logged out
[16:47:49] [Server thread/INFO] (Minecraft) Stopping server
[16:47:49] [Server thread/INFO] (Minecraft) Saving players
[16:47:49] [Server thread/INFO] (Minecraft) Saving worlds
[16:47:49] [Server thread/INFO] (Minecraft) Saving chunks for level 'ServerLevel[MC Benchmark Core Arena]'/minecraft:overworld
[16:47:50] [Server thread/INFO] (Minecraft) ThreadedAnvilChunkStorage (fpstest-arena): All chunks are saved
[16:47:50] [Server thread/INFO] (Minecraft) ThreadedAnvilChunkStorage: All dimensions are saved
[16:47:55] [Render thread/INFO] (CinematicRunner) [MC Benchmark Core] render distance set to 32 chunks for benchmark chunk_jungle
[16:47:55] [Render thread/INFO] (CinematicRunner) [MC Benchmark Core] starting benchmark: chunk_jungle (preset=quick)
[16:47:55] [Render thread/INFO] (fpstest) [MC Benchmark Core] creating ephemeral world seed=7417, type=FIXED_BIOME, levelId=fpstest-arena
[16:47:55] [Render thread/INFO] (Minecraft) Found new data pack fabric-convention-tags-v2, loading it automatically
[16:47:55] [Render thread/INFO] (Minecraft) Found new data pack fabric-gametest-api-v1, loading it automatically
[16:47:55] [Render thread/INFO] (Minecraft) Loaded 1470 recipes
[16:47:55] [Render thread/INFO] (Minecraft) Loaded 1584 advancements
[16:47:55] [Render thread/INFO] (ChunkBuilder) Stopping worker threads
[16:47:55] [Render thread/INFO] (BiomeModificationImpl) Applied 0 biome modifications to 0 of 65 new biomes in 96.71 μs
[16:47:55] [Server thread/INFO] (Minecraft) Starting integrated minecraft server version 1.21.11
[16:47:55] [Server thread/INFO] (Minecraft) Generating keypair
[16:47:55] [Server thread/INFO] (Minecraft) Selecting global world spawn...
[16:47:55] [Server thread/INFO] (Minecraft) Loading 0 persistent chunks...
[16:47:55] [Server thread/INFO] (Minecraft) Preparing spawn area: 16%
[16:47:55] [Render thread/INFO] (fpstest) [MC Benchmark Core] created ephemeral world seed=7417, type=FIXED_BIOME, levelId=fpstest-arena
[16:47:55] [Server thread/INFO] (Minecraft) Loading 48 chunks for player spawn...
[16:47:56] [Server thread/INFO] (Minecraft) Preparing spawn area: 16%
[16:47:56] [Server thread/INFO] (Minecraft) Preparing spawn area: 58%
[16:47:56] [Server thread/INFO] (Minecraft) Time elapsed: 1213 ms
[16:47:56] [Server thread/INFO] (Minecraft) Player773[local:E:3cc4e107] logged in with entity id 105019 at (-11.5, 68.0, -43.5)
[16:47:56] [Server thread/INFO] (Minecraft) Player773 joined the game
[16:47:56] [Render thread/INFO] (ChunkBuilder) Started 10 worker threads
[16:47:56] [Server thread/INFO] (Minecraft) Changing view distance to 32, from 10
[16:47:56] [Server thread/INFO] (Minecraft) Changing simulation distance to 12, from 0
[16:47:56] [Render thread/INFO] (Minecraft) Loaded 2 advancements
[16:47:57] [Render thread/INFO] (fpstest) [HUD] usage column — CPU 15% GPU 15% RAM 19% (tickY=74 heapY=84 entitiesY=94)
[16:48:07] [Render thread/INFO] (fpstest) [HUD] usage column — CPU 15% GPU 16% RAM 12% (tickY=74 heapY=84 entitiesY=94)
[16:48:17] [Render thread/INFO] (fpstest) [HUD] usage column — CPU 21% GPU 7% RAM 14% (tickY=74 heapY=84 entitiesY=94)
[16:48:21] [Render thread/INFO] (CinematicRunner) [MC Benchmark Core] chunk_jungle done — avg 29 fps, 1%low 16 fps, tick 0 ms
[16:48:22] [Server thread/INFO] (Minecraft) Saving and pausing game...
[16:48:22] [Server thread/INFO] (Minecraft) Saving chunks for level 'ServerLevel[MC Benchmark Core Arena]'/minecraft:overworld
[16:48:22] [Server thread/INFO] (Minecraft) Player773 lost connection: Disconnected
[16:48:22] [Server thread/INFO] (Minecraft) Player773 left the game
[16:48:22] [Server thread/INFO] (Minecraft) Stopping singleplayer server as player logged out
[16:48:22] [Server thread/INFO] (Minecraft) Stopping server
[16:48:22] [Server thread/INFO] (Minecraft) Saving players
[16:48:22] [Server thread/INFO] (Minecraft) Saving worlds
[16:48:22] [Server thread/INFO] (Minecraft) Saving chunks for level 'ServerLevel[MC Benchmark Core Arena]'/minecraft:overworld
[16:48:23] [Server thread/INFO] (Minecraft) ThreadedAnvilChunkStorage (fpstest-arena): All chunks are saved
[16:48:23] [Server thread/INFO] (Minecraft) ThreadedAnvilChunkStorage: All dimensions are saved
[16:48:27] [Render thread/INFO] (fpstest) [HUD] usage column — CPU 18% GPU 10% RAM 27% (tickY=74 heapY=84 entitiesY=94)
[16:48:28] [Render thread/INFO] (CinematicRunner) [MC Benchmark Core] render distance set to 32 chunks for benchmark chunk_desert
[16:48:28] [Render thread/INFO] (CinematicRunner) [MC Benchmark Core] starting benchmark: chunk_desert (preset=quick)
[16:48:28] [Render thread/INFO] (fpstest) [MC Benchmark Core] creating ephemeral world seed=7433, type=FIXED_BIOME, levelId=fpstest-arena
[16:48:28] [Render thread/INFO] (Minecraft) Found new data pack fabric-convention-tags-v2, loading it automatically
[16:48:28] [Render thread/INFO] (Minecraft) Found new data pack fabric-gametest-api-v1, loading it automatically
[16:48:28] [Render thread/INFO] (Minecraft) Loaded 1470 recipes
[16:48:28] [Render thread/INFO] (Minecraft) Loaded 1584 advancements
[16:48:28] [Render thread/INFO] (ChunkBuilder) Stopping worker threads
[16:48:28] [Render thread/INFO] (BiomeModificationImpl) Applied 0 biome modifications to 0 of 65 new biomes in 94.92 μs
[16:48:28] [Server thread/INFO] (Minecraft) Starting integrated minecraft server version 1.21.11
[16:48:28] [Server thread/INFO] (Minecraft) Generating keypair
[16:48:28] [Server thread/INFO] (Minecraft) Selecting global world spawn...
[16:48:28] [Server thread/INFO] (Minecraft) Loading 0 persistent chunks...
[16:48:28] [Server thread/INFO] (Minecraft) Preparing spawn area: 16%
[16:48:28] [Render thread/INFO] (fpstest) [MC Benchmark Core] created ephemeral world seed=7433, type=FIXED_BIOME, levelId=fpstest-arena
[16:48:28] [Server thread/INFO] (Minecraft) Loading 47 chunks for player spawn...
[16:48:28] [Server thread/INFO] (Minecraft) Preparing spawn area: 16%
[16:48:29] [Server thread/INFO] (Minecraft) Preparing spawn area: 57%
[16:48:29] [Server thread/INFO] (Minecraft) Time elapsed: 1169 ms
[16:48:29] [Server thread/INFO] (Minecraft) Player773[local:E:b65dbc0c] logged in with entity id 105509 at (-7.5, 69.0, -3.5)
[16:48:29] [Server thread/INFO] (Minecraft) Player773 joined the game
[16:48:29] [Server thread/INFO] (Minecraft) Changing view distance to 32, from 10
[16:48:29] [Server thread/INFO] (Minecraft) Changing simulation distance to 12, from 0
[16:48:29] [Render thread/INFO] (ChunkBuilder) Started 10 worker threads
[16:48:29] [Render thread/INFO] (Minecraft) Loaded 2 advancements
[16:48:37] [Render thread/INFO] (fpstest) [HUD] usage column — CPU 15% GPU 8% RAM 23% (tickY=74 heapY=84 entitiesY=94)
[16:48:47] [Render thread/INFO] (fpstest) [HUD] usage column — CPU 19% GPU 6% RAM 15% (tickY=74 heapY=84 entitiesY=94)
[16:48:53] [Render thread/INFO] (CinematicRunner) [MC Benchmark Core] chunk_desert done — avg 29 fps, 1%low 17 fps, tick 0 ms
[16:48:55] [Server thread/INFO] (Minecraft) Player773 lost connection: Disconnected
[16:48:55] [Server thread/INFO] (Minecraft) Player773 left the game
[16:48:55] [Server thread/INFO] (Minecraft) Stopping singleplayer server as player logged out
[16:48:55] [Server thread/INFO] (Minecraft) Stopping server
[16:48:55] [Server thread/INFO] (Minecraft) Saving players
[16:48:55] [Server thread/INFO] (Minecraft) Saving worlds
[16:48:55] [Server thread/INFO] (Minecraft) Saving chunks for level 'ServerLevel[MC Benchmark Core Arena]'/minecraft:overworld
[16:48:56] [Server thread/INFO] (Minecraft) ThreadedAnvilChunkStorage (fpstest-arena): All chunks are saved
[16:48:56] [Server thread/INFO] (Minecraft) ThreadedAnvilChunkStorage: All dimensions are saved
[16:48:57] [Render thread/INFO] (fpstest) [HUD] usage column — CPU 19% GPU 6% RAM 16% (tickY=74 heapY=84 entitiesY=94)
[16:49:01] [Render thread/INFO] (CinematicRunner) [MC Benchmark Core] render distance set to 32 chunks for benchmark chunk_taiga
[16:49:01] [Render thread/INFO] (CinematicRunner) [MC Benchmark Core] starting benchmark: chunk_taiga (preset=quick)
[16:49:01] [Render thread/INFO] (fpstest) [MC Benchmark Core] creating ephemeral world seed=7451, type=FIXED_BIOME, levelId=fpstest-arena
[16:49:01] [Render thread/INFO] (Minecraft) Found new data pack fabric-convention-tags-v2, loading it automatically
[16:49:01] [Render thread/INFO] (Minecraft) Found new data pack fabric-gametest-api-v1, loading it automatically
[16:49:01] [Render thread/INFO] (Minecraft) Loaded 1470 recipes
[16:49:01] [Render thread/INFO] (Minecraft) Loaded 1584 advancements
[16:49:01] [Render thread/INFO] (ChunkBuilder) Stopping worker threads
[16:49:01] [Render thread/INFO] (BiomeModificationImpl) Applied 0 biome modifications to 0 of 65 new biomes in 96.91 μs
[16:49:01] [Server thread/INFO] (Minecraft) Starting integrated minecraft server version 1.21.11
[16:49:01] [Server thread/INFO] (Minecraft) Generating keypair
[16:49:01] [Server thread/INFO] (Minecraft) Selecting global world spawn...
[16:49:01] [Server thread/INFO] (Minecraft) Loading 0 persistent chunks...
[16:49:01] [Server thread/INFO] (Minecraft) Preparing spawn area: 16%
[16:49:01] [Render thread/INFO] (fpstest) [MC Benchmark Core] created ephemeral world seed=7451, type=FIXED_BIOME, levelId=fpstest-arena
[16:49:01] [Server thread/INFO] (Minecraft) Loading 48 chunks for player spawn...
[16:49:01] [Server thread/INFO] (Minecraft) Preparing spawn area: 16%
[16:49:02] [Server thread/INFO] (Minecraft) Preparing spawn area: 58%
[16:49:02] [Server thread/INFO] (Minecraft) Time elapsed: 1155 ms
[16:49:02] [Server thread/INFO] (Minecraft) Player773[local:E:5483378b] logged in with entity id 106214 at (6.5, 89.0, 3.5)
[16:49:02] [Server thread/INFO] (Minecraft) Player773 joined the game
[16:49:02] [Server thread/INFO] (Minecraft) Changing view distance to 32, from 10
[16:49:02] [Server thread/INFO] (Minecraft) Changing simulation distance to 12, from 0
[16:49:02] [Render thread/INFO] (ChunkBuilder) Started 10 worker threads
[16:49:02] [Render thread/INFO] (Minecraft) Loaded 2 advancements
[16:49:07] [Render thread/INFO] (fpstest) [HUD] usage column — CPU 15% GPU 5% RAM 27% (tickY=74 heapY=84 entitiesY=94)
[16:49:17] [Render thread/INFO] (fpstest) [HUD] usage column — CPU 15% GPU 5% RAM 24% (tickY=74 heapY=84 entitiesY=94)
[16:49:26] [Render thread/INFO] (CinematicRunner) [MC Benchmark Core] chunk_taiga done — avg 26 fps, 1%low 8 fps, tick 0 ms
[16:49:27] [Render thread/INFO] (fpstest) [HUD] usage column — CPU 18% GPU 5% RAM 27% (tickY=74 heapY=84 entitiesY=94)
[16:49:28] [Server thread/INFO] (Minecraft) Player773 lost connection: Disconnected
[16:49:28] [Server thread/INFO] (Minecraft) Player773 left the game
[16:49:28] [Server thread/INFO] (Minecraft) Stopping singleplayer server as player logged out
[16:49:28] [Server thread/INFO] (Minecraft) Stopping server
[16:49:28] [Server thread/INFO] (Minecraft) Saving players
[16:49:28] [Server thread/INFO] (Minecraft) Saving worlds
[16:49:28] [Server thread/INFO] (Minecraft) Saving chunks for level 'ServerLevel[MC Benchmark Core Arena]'/minecraft:overworld
[16:49:29] [Server thread/INFO] (Minecraft) ThreadedAnvilChunkStorage (fpstest-arena): All chunks are saved
[16:49:29] [Server thread/INFO] (Minecraft) ThreadedAnvilChunkStorage: All dimensions are saved
[16:49:29] [Render thread/INFO] (ChunkBuilder) Stopping worker threads
[16:49:29] [Render thread/WARN] (Minecraft) Client disconnected with reason: MC Benchmark Core — finished
[16:49:29] [Render thread/INFO] (CinematicRunner) [MC Benchmark Core] render distance set to 32 chunks for benchmark chunk_snowy
[16:49:29] [Render thread/INFO] (CinematicRunner) [MC Benchmark Core] starting benchmark: chunk_snowy (preset=quick)
[16:49:29] [Render thread/INFO] (fpstest) [MC Benchmark Core] creating ephemeral world seed=7457, type=FIXED_BIOME, levelId=fpstest-arena
[16:49:29] [Render thread/INFO] (Minecraft) Found new data pack fabric-convention-tags-v2, loading it automatically
[16:49:29] [Render thread/INFO] (Minecraft) Found new data pack fabric-gametest-api-v1, loading it automatically
[16:49:29] [Render thread/INFO] (Minecraft) Loaded 1470 recipes
[16:49:30] [Render thread/INFO] (Minecraft) Loaded 1584 advancements
[16:49:30] [Render thread/INFO] (BiomeModificationImpl) Applied 0 biome modifications to 0 of 65 new biomes in 99.26 μs
[16:49:30] [Server thread/INFO] (Minecraft) Starting integrated minecraft server version 1.21.11
[16:49:30] [Server thread/INFO] (Minecraft) Generating keypair
[16:49:30] [Server thread/INFO] (Minecraft) Selecting global world spawn...
[16:49:30] [Server thread/INFO] (Minecraft) Loading 0 persistent chunks...
[16:49:30] [Server thread/INFO] (Minecraft) Preparing spawn area: 16%
[16:49:30] [Render thread/INFO] (fpstest) [MC Benchmark Core] created ephemeral world seed=7457, type=FIXED_BIOME, levelId=fpstest-arena
[16:49:30] [Server thread/INFO] (Minecraft) Loading 47 chunks for player spawn...
[16:49:30] [Server thread/INFO] (Minecraft) Preparing spawn area: 16%
[16:49:31] [Server thread/INFO] (Minecraft) Preparing spawn area: 57%
[16:49:31] [Server thread/INFO] (Minecraft) Time elapsed: 1227 ms
[16:49:31] [Server thread/INFO] (Minecraft) Player773[local:E:374cf11e] logged in with entity id 106932 at (39.5, 63.0, 7.5)
[16:49:31] [Server thread/INFO] (Minecraft) Player773 joined the game
[16:49:31] [Server thread/INFO] (Minecraft) Changing view distance to 32, from 10
[16:49:31] [Server thread/INFO] (Minecraft) Changing simulation distance to 12, from 0
[16:49:31] [Render thread/INFO] (ChunkBuilder) Started 10 worker threads
[16:49:31] [Render thread/INFO] (Minecraft) Loaded 2 advancements
[16:49:37] [Render thread/INFO] (fpstest) [HUD] usage column — CPU 17% GPU 4% RAM 29% (tickY=74 heapY=84 entitiesY=94)
[16:49:47] [Render thread/INFO] (fpstest) [HUD] usage column — CPU 18% GPU 3% RAM 20% (tickY=74 heapY=84 entitiesY=94)
[16:49:55] [Render thread/INFO] (CinematicRunner) [MC Benchmark Core] chunk_snowy done — avg 9 fps, 1%low 7 fps, tick 0 ms
[16:49:57] [Server thread/INFO] (Minecraft) Player773 lost connection: Disconnected
[16:49:57] [Server thread/INFO] (Minecraft) Player773 left the game
[16:49:57] [Server thread/INFO] (Minecraft) Stopping singleplayer server as player logged out
[16:49:57] [Server thread/INFO] (Minecraft) Stopping server
[16:49:57] [Server thread/INFO] (Minecraft) Saving players
[16:49:57] [Server thread/INFO] (Minecraft) Saving worlds
[16:49:57] [Server thread/INFO] (Minecraft) Saving chunks for level 'ServerLevel[MC Benchmark Core Arena]'/minecraft:overworld
[16:49:57] [Render thread/INFO] (fpstest) [HUD] usage column — CPU 19% GPU 3% RAM 12% (tickY=74 heapY=84 entitiesY=94)
[16:49:57] [Server thread/INFO] (Minecraft) ThreadedAnvilChunkStorage (fpstest-arena): All chunks are saved
[16:49:57] [Server thread/INFO] (Minecraft) ThreadedAnvilChunkStorage: All dimensions are saved
[16:50:02] [Render thread/INFO] (CinematicRunner) [MC Benchmark Core] render distance set to 32 chunks for benchmark chunk_forest
[16:50:02] [Render thread/INFO] (CinematicRunner) [MC Benchmark Core] starting benchmark: chunk_forest (preset=quick)
[16:50:02] [Render thread/INFO] (fpstest) [MC Benchmark Core] creating ephemeral world seed=7477, type=FIXED_BIOME, levelId=fpstest-arena
[16:50:02] [Render thread/INFO] (Minecraft) Found new data pack fabric-convention-tags-v2, loading it automatically
[16:50:02] [Render thread/INFO] (Minecraft) Found new data pack fabric-gametest-api-v1, loading it automatically
[16:50:02] [Render thread/INFO] (Minecraft) Loaded 1470 recipes
[16:50:02] [Render thread/INFO] (Minecraft) Loaded 1584 advancements
[16:50:02] [Render thread/INFO] (ChunkBuilder) Stopping worker threads
[16:50:02] [Render thread/INFO] (BiomeModificationImpl) Applied 0 biome modifications to 0 of 65 new biomes in 125.8 μs
[16:50:02] [Server thread/INFO] (Minecraft) Starting integrated minecraft server version 1.21.11
[16:50:02] [Server thread/INFO] (Minecraft) Generating keypair
[16:50:02] [Server thread/INFO] (Minecraft) Selecting global world spawn...
[16:50:03] [Server thread/INFO] (Minecraft) Loading 0 persistent chunks...
[16:50:03] [Server thread/INFO] (Minecraft) Preparing spawn area: 16%
[16:50:03] [Render thread/INFO] (fpstest) [MC Benchmark Core] created ephemeral world seed=7477, type=FIXED_BIOME, levelId=fpstest-arena
[16:50:03] [Server thread/INFO] (Minecraft) Loading 47 chunks for player spawn...
[16:50:03] [Server thread/INFO] (Minecraft) Preparing spawn area: 16%
[16:50:03] [Server thread/INFO] (Minecraft) Preparing spawn area: 29%
[16:50:04] [Server thread/INFO] (Minecraft) Preparing spawn area: 57%
[16:50:04] [Server thread/INFO] (Minecraft) Time elapsed: 1602 ms
[16:50:04] [Server thread/INFO] (Minecraft) Player773[local:E:8eafa4ed] logged in with entity id 107697 at (10.5, 115.0, 185.5)
[16:50:04] [Server thread/INFO] (Minecraft) Player773 joined the game
[16:50:04] [Server thread/INFO] (Minecraft) Changing view distance to 32, from 10
[16:50:04] [Server thread/INFO] (Minecraft) Changing simulation distance to 12, from 0
[16:50:04] [Render thread/INFO] (ChunkBuilder) Started 10 worker threads
[16:50:04] [Render thread/INFO] (Minecraft) Loaded 2 advancements
[16:50:07] [Render thread/INFO] (fpstest) [HUD] usage column — CPU 14% GPU 2% RAM 30% (tickY=74 heapY=84 entitiesY=94)
[16:50:17] [Render thread/INFO] (fpstest) [HUD] usage column — CPU 13% GPU 2% RAM 21% (tickY=74 heapY=84 entitiesY=94)
[16:50:27] [Render thread/INFO] (fpstest) [HUD] usage column — CPU 19% GPU 3% RAM 27% (tickY=74 heapY=84 entitiesY=94)
[16:50:30] [Render thread/INFO] (CinematicRunner) [MC Benchmark Core] chunk_forest done — avg 9 fps, 1%low 7 fps, tick 0 ms
[16:50:31] [Server thread/INFO] (Minecraft) Player773 lost connection: Disconnected
[16:50:31] [Server thread/INFO] (Minecraft) Player773 left the game
[16:50:31] [Server thread/INFO] (Minecraft) Stopping singleplayer server as player logged out
[16:50:31] [Server thread/INFO] (Minecraft) Stopping server
[16:50:31] [Server thread/INFO] (Minecraft) Saving players
[16:50:31] [Server thread/INFO] (Minecraft) Saving worlds
[16:50:31] [Server thread/INFO] (Minecraft) Saving chunks for level 'ServerLevel[MC Benchmark Core Arena]'/minecraft:overworld
[16:50:32] [Server thread/INFO] (Minecraft) ThreadedAnvilChunkStorage (fpstest-arena): All chunks are saved
[16:50:32] [Server thread/INFO] (Minecraft) ThreadedAnvilChunkStorage: All dimensions are saved
[16:50:32] [Render thread/INFO] (ChunkBuilder) Stopping worker threads
[16:50:32] [Render thread/WARN] (Minecraft) Client disconnected with reason: MC Benchmark Core — finished
[16:50:33] [Render thread/INFO] (CinematicRunner) [MC Benchmark Core] render distance set to 32 chunks for benchmark chunk_savanna
[16:50:33] [Render thread/INFO] (CinematicRunner) [MC Benchmark Core] starting benchmark: chunk_savanna (preset=quick)
[16:50:33] [Render thread/INFO] (fpstest) [MC Benchmark Core] creating ephemeral world seed=7481, type=FIXED_BIOME, levelId=fpstest-arena
[16:50:33] [Render thread/INFO] (Minecraft) Found new data pack fabric-convention-tags-v2, loading it automatically
[16:50:33] [Render thread/INFO] (Minecraft) Found new data pack fabric-gametest-api-v1, loading it automatically
[16:50:33] [Render thread/INFO] (Minecraft) Loaded 1470 recipes
[16:50:33] [Render thread/INFO] (Minecraft) Loaded 1584 advancements
[16:50:33] [Render thread/INFO] (BiomeModificationImpl) Applied 0 biome modifications to 0 of 65 new biomes in 91.03 μs
[16:50:33] [Server thread/INFO] (Minecraft) Starting integrated minecraft server version 1.21.11
[16:50:33] [Server thread/INFO] (Minecraft) Generating keypair
[16:50:33] [Server thread/INFO] (Minecraft) Selecting global world spawn...
[16:50:33] [Server thread/INFO] (Minecraft) Loading 0 persistent chunks...
[16:50:33] [Server thread/INFO] (Minecraft) Preparing spawn area: 16%
[16:50:33] [Render thread/INFO] (fpstest) [MC Benchmark Core] created ephemeral world seed=7481, type=FIXED_BIOME, levelId=fpstest-arena
[16:50:33] [Server thread/INFO] (Minecraft) Loading 47 chunks for player spawn...
[16:50:33] [Server thread/INFO] (Minecraft) Preparing spawn area: 16%
[16:50:34] [Server thread/INFO] (Minecraft) Preparing spawn area: 29%
[16:50:34] [Server thread/INFO] (Minecraft) Time elapsed: 1406 ms
[16:50:34] [Server thread/INFO] (Minecraft) Player773[local:E:2e9c999b] logged in with entity id 108095 at (2.5, 85.0, -4.5)
[16:50:34] [Server thread/INFO] (Minecraft) Player773 joined the game
[16:50:34] [Server thread/INFO] (Minecraft) Changing view distance to 32, from 10
[16:50:34] [Server thread/INFO] (Minecraft) Changing simulation distance to 12, from 0
[16:50:34] [Render thread/INFO] (ChunkBuilder) Started 10 worker threads
[16:50:34] [Render thread/INFO] (Minecraft) Loaded 2 advancements
[16:50:38] [Render thread/INFO] (fpstest) [HUD] usage column — CPU 18% GPU 3% RAM 29% (tickY=74 heapY=84 entitiesY=94)
[16:50:48] [Render thread/INFO] (fpstest) [HUD] usage column — CPU 18% GPU 2% RAM 26% (tickY=74 heapY=84 entitiesY=94)
[16:50:58] [Render thread/INFO] (fpstest) [HUD] usage column — CPU 19% GPU 2% RAM 18% (tickY=74 heapY=84 entitiesY=94)
[16:50:58] [Render thread/INFO] (CinematicRunner) [MC Benchmark Core] chunk_savanna done — avg 9 fps, 1%low 7 fps, tick 0 ms
[16:51:00] [Server thread/INFO] (Minecraft) Player773 lost connection: Disconnected
[16:51:00] [Server thread/INFO] (Minecraft) Player773 left the game
[16:51:00] [Server thread/INFO] (Minecraft) Stopping singleplayer server as player logged out
[16:51:00] [Server thread/INFO] (Minecraft) Stopping server
[16:51:00] [Server thread/INFO] (Minecraft) Saving players
[16:51:00] [Server thread/INFO] (Minecraft) Saving worlds
[16:51:00] [Server thread/INFO] (Minecraft) Saving chunks for level 'ServerLevel[MC Benchmark Core Arena]'/minecraft:overworld
[16:51:01] [Server thread/INFO] (Minecraft) ThreadedAnvilChunkStorage (fpstest-arena): All chunks are saved
[16:51:01] [Server thread/INFO] (Minecraft) ThreadedAnvilChunkStorage: All dimensions are saved
[16:51:06] [Render thread/INFO] (CinematicRunner) [MC Benchmark Core] render distance set to 32 chunks for benchmark chunk_swamp
[16:51:06] [Render thread/INFO] (CinematicRunner) [MC Benchmark Core] starting benchmark: chunk_swamp (preset=quick)
[16:51:06] [Render thread/INFO] (fpstest) [MC Benchmark Core] creating ephemeral world seed=7487, type=FIXED_BIOME, levelId=fpstest-arena
[16:51:06] [Render thread/INFO] (Minecraft) Found new data pack fabric-convention-tags-v2, loading it automatically
[16:51:06] [Render thread/INFO] (Minecraft) Found new data pack fabric-gametest-api-v1, loading it automatically
[16:51:06] [Render thread/INFO] (Minecraft) Loaded 1470 recipes
[16:51:06] [Render thread/INFO] (Minecraft) Loaded 1584 advancements
[16:51:06] [Render thread/INFO] (ChunkBuilder) Stopping worker threads
[16:51:06] [Render thread/INFO] (BiomeModificationImpl) Applied 0 biome modifications to 0 of 65 new biomes in 83.28 μs
[16:51:06] [Server thread/INFO] (Minecraft) Starting integrated minecraft server version 1.21.11
[16:51:06] [Server thread/INFO] (Minecraft) Generating keypair
[16:51:06] [Server thread/INFO] (Minecraft) Selecting global world spawn...
[16:51:06] [Server thread/INFO] (Minecraft) Loading 0 persistent chunks...
[16:51:06] [Server thread/INFO] (Minecraft) Preparing spawn area: 16%
[16:51:06] [Render thread/INFO] (fpstest) [MC Benchmark Core] created ephemeral world seed=7487, type=FIXED_BIOME, levelId=fpstest-arena
[16:51:06] [Server thread/INFO] (Minecraft) Loading 48 chunks for player spawn...
[16:51:06] [Server thread/INFO] (Minecraft) Preparing spawn area: 16%
[16:51:07] [Server thread/INFO] (Minecraft) Preparing spawn area: 58%
[16:51:07] [Server thread/INFO] (Minecraft) Time elapsed: 1133 ms
[16:51:07] [Server thread/INFO] (Minecraft) Player773[local:E:daff707d] logged in with entity id 108293 at (325.5, 82.0, -60.5)
[16:51:07] [Server thread/INFO] (Minecraft) Player773 joined the game
[16:51:07] [Server thread/INFO] (Minecraft) Changing view distance to 32, from 10
[16:51:07] [Server thread/INFO] (Minecraft) Changing simulation distance to 12, from 0
[16:51:07] [Render thread/INFO] (ChunkBuilder) Started 10 worker threads
[16:51:07] [Render thread/INFO] (Minecraft) Loaded 2 advancements
[16:51:08] [Render thread/INFO] (fpstest) [HUD] usage column — CPU 16% GPU 2% RAM 25% (tickY=74 heapY=84 entitiesY=94)
[16:51:18] [Render thread/INFO] (fpstest) [HUD] usage column — CPU 15% GPU 2% RAM 22% (tickY=74 heapY=84 entitiesY=94)
[16:51:28] [Render thread/INFO] (fpstest) [HUD] usage column — CPU 19% GPU 2% RAM 26% (tickY=74 heapY=84 entitiesY=94)
[16:51:33] [Render thread/INFO] (CinematicRunner) [MC Benchmark Core] chunk_swamp done — avg 9 fps, 1%low 7 fps, tick 0 ms
[16:51:34] [Server thread/INFO] (Minecraft) Player773 lost connection: Disconnected
[16:51:34] [Server thread/INFO] (Minecraft) Player773 left the game
[16:51:34] [Server thread/INFO] (Minecraft) Stopping singleplayer server as player logged out
[16:51:34] [Server thread/INFO] (Minecraft) Stopping server
[16:51:34] [Server thread/INFO] (Minecraft) Saving players
[16:51:34] [Server thread/INFO] (Minecraft) Saving worlds
[16:51:34] [Server thread/INFO] (Minecraft) Saving chunks for level 'ServerLevel[MC Benchmark Core Arena]'/minecraft:overworld
[16:51:35] [Server thread/INFO] (Minecraft) ThreadedAnvilChunkStorage (fpstest-arena): All chunks are saved
[16:51:35] [Server thread/INFO] (Minecraft) ThreadedAnvilChunkStorage: All dimensions are saved
[16:51:35] [Render thread/INFO] (ChunkBuilder) Stopping worker threads
[16:51:35] [Render thread/WARN] (Minecraft) Client disconnected with reason: MC Benchmark Core — finished
[16:51:36] [Render thread/INFO] (CinematicRunner) [MC Benchmark Core] render distance set to 32 chunks for benchmark chunk_cherry
[16:51:36] [Render thread/INFO] (CinematicRunner) [MC Benchmark Core] starting benchmark: chunk_cherry (preset=quick)
[16:51:36] [Render thread/INFO] (fpstest) [MC Benchmark Core] creating ephemeral world seed=7499, type=FIXED_BIOME, levelId=fpstest-arena
[16:51:36] [Render thread/INFO] (Minecraft) Found new data pack fabric-convention-tags-v2, loading it automatically
[16:51:36] [Render thread/INFO] (Minecraft) Found new data pack fabric-gametest-api-v1, loading it automatically
[16:51:36] [Render thread/INFO] (Minecraft) Loaded 1470 recipes
[16:51:36] [Render thread/INFO] (Minecraft) Loaded 1584 advancements
[16:51:36] [Render thread/INFO] (BiomeModificationImpl) Applied 0 biome modifications to 0 of 65 new biomes in 89.47 μs
[16:51:36] [Server thread/INFO] (Minecraft) Starting integrated minecraft server version 1.21.11
[16:51:36] [Server thread/INFO] (Minecraft) Generating keypair
[16:51:36] [Server thread/INFO] (Minecraft) Selecting global world spawn...
[16:51:36] [Server thread/INFO] (Minecraft) Loading 0 persistent chunks...
[16:51:36] [Server thread/INFO] (Minecraft) Preparing spawn area: 16%
[16:51:36] [Render thread/INFO] (fpstest) [MC Benchmark Core] created ephemeral world seed=7499, type=FIXED_BIOME, levelId=fpstest-arena
[16:51:37] [Server thread/INFO] (Minecraft) Loading 47 chunks for player spawn...
[16:51:37] [Server thread/INFO] (Minecraft) Preparing spawn area: 16%
[16:51:37] [Server thread/INFO] (Minecraft) Preparing spawn area: 57%
[16:51:37] [Server thread/INFO] (Minecraft) Time elapsed: 1349 ms
[16:51:37] [Server thread/INFO] (Minecraft) Player773[local:E:963ee02b] logged in with entity id 108784 at (-3.5, 74.0, 9.5)
[16:51:37] [Server thread/INFO] (Minecraft) Player773 joined the game
[16:51:37] [Server thread/INFO] (Minecraft) Changing view distance to 32, from 10
[16:51:37] [Server thread/INFO] (Minecraft) Changing simulation distance to 12, from 0
[16:51:37] [Render thread/INFO] (ChunkBuilder) Started 10 worker threads
[16:51:37] [Render thread/INFO] (Minecraft) Loaded 2 advancements
[16:51:38] [Render thread/INFO] (fpstest) [HUD] usage column — CPU 19% GPU 4% RAM 22% (tickY=74 heapY=84 entitiesY=94)
[16:51:48] [Render thread/INFO] (fpstest) [HUD] usage column — CPU 19% GPU 4% RAM 18% (tickY=74 heapY=84 entitiesY=94)
[16:51:58] [Render thread/INFO] (fpstest) [HUD] usage column — CPU 19% GPU 3% RAM 20% (tickY=74 heapY=84 entitiesY=94)
[16:52:02] [Render thread/INFO] (CinematicRunner) [MC Benchmark Core] chunk_cherry done — avg 9 fps, 1%low 7 fps, tick 0 ms
[16:52:03] [Server thread/INFO] (Minecraft) Player773 lost connection: Disconnected
[16:52:03] [Server thread/INFO] (Minecraft) Player773 left the game
[16:52:03] [Server thread/INFO] (Minecraft) Stopping singleplayer server as player logged out
[16:52:03] [Server thread/INFO] (Minecraft) Stopping server
[16:52:03] [Server thread/INFO] (Minecraft) Saving players
[16:52:03] [Server thread/INFO] (Minecraft) Saving worlds
[16:52:03] [Server thread/INFO] (Minecraft) Saving chunks for level 'ServerLevel[MC Benchmark Core Arena]'/minecraft:overworld
[16:52:04] [Server thread/INFO] (Minecraft) ThreadedAnvilChunkStorage (fpstest-arena): All chunks are saved
[16:52:04] [Server thread/INFO] (Minecraft) ThreadedAnvilChunkStorage: All dimensions are saved
[16:52:08] [Render thread/INFO] (fpstest) [HUD] usage column — CPU 15% GPU 3% RAM 25% (tickY=74 heapY=84 entitiesY=94)
[16:52:09] [Render thread/INFO] (CinematicRunner) [MC Benchmark Core] render distance set to 32 chunks for benchmark chunk_badlands
[16:52:09] [Render thread/INFO] (CinematicRunner) [MC Benchmark Core] starting benchmark: chunk_badlands (preset=quick)
[16:52:09] [Render thread/INFO] (fpstest) [MC Benchmark Core] creating ephemeral world seed=7507, type=FIXED_BIOME, levelId=fpstest-arena
[16:52:09] [Render thread/INFO] (Minecraft) Found new data pack fabric-convention-tags-v2, loading it automatically
[16:52:09] [Render thread/INFO] (Minecraft) Found new data pack fabric-gametest-api-v1, loading it automatically
[16:52:09] [Render thread/INFO] (Minecraft) Loaded 1470 recipes
[16:52:09] [Render thread/INFO] (Minecraft) Loaded 1584 advancements
[16:52:09] [Render thread/INFO] (ChunkBuilder) Stopping worker threads
[16:52:09] [Render thread/INFO] (BiomeModificationImpl) Applied 0 biome modifications to 0 of 65 new biomes in 95.11 μs
[16:52:09] [Server thread/INFO] (Minecraft) Starting integrated minecraft server version 1.21.11
[16:52:09] [Server thread/INFO] (Minecraft) Generating keypair
[16:52:09] [Server thread/INFO] (Minecraft) Selecting global world spawn...
[16:52:09] [Server thread/INFO] (Minecraft) Loading 0 persistent chunks...
[16:52:09] [Server thread/INFO] (Minecraft) Preparing spawn area: 16%
[16:52:09] [Render thread/INFO] (fpstest) [MC Benchmark Core] created ephemeral world seed=7507, type=FIXED_BIOME, levelId=fpstest-arena
[16:52:10] [Server thread/INFO] (Minecraft) Loading 47 chunks for player spawn...
[16:52:10] [Server thread/INFO] (Minecraft) Preparing spawn area: 16%
[16:52:10] [Server thread/INFO] (Minecraft) Preparing spawn area: 57%
[16:52:10] [Server thread/INFO] (Minecraft) Time elapsed: 1242 ms
[16:52:10] [Server thread/INFO] (Minecraft) Player773[local:E:1f6f152d] logged in with entity id 109555 at (-39.5, 72.0, 57.5)
[16:52:10] [Server thread/INFO] (Minecraft) Player773 joined the game
[16:52:10] [Server thread/INFO] (Minecraft) Changing view distance to 32, from 10
[16:52:10] [Server thread/INFO] (Minecraft) Changing simulation distance to 12, from 0
[16:52:10] [Render thread/INFO] (ChunkBuilder) Started 10 worker threads
[16:52:10] [Render thread/INFO] (Minecraft) Loaded 2 advancements
[16:52:18] [Render thread/INFO] (fpstest) [HUD] usage column — CPU 14% GPU 2% RAM 22% (tickY=74 heapY=84 entitiesY=94)
[16:52:28] [Render thread/INFO] (fpstest) [HUD] usage column — CPU 17% GPU 2% RAM 20% (tickY=74 heapY=84 entitiesY=94)
[16:52:35] [Render thread/INFO] (CinematicRunner) [MC Benchmark Core] chunk_badlands done — avg 9 fps, 1%low 7 fps, tick 0 ms
[16:52:36] [Server thread/INFO] (Minecraft) Player773 lost connection: Disconnected
[16:52:36] [Server thread/INFO] (Minecraft) Player773 left the game
[16:52:36] [Server thread/INFO] (Minecraft) Stopping singleplayer server as player logged out
[16:52:36] [Server thread/INFO] (Minecraft) Stopping server
[16:52:36] [Server thread/INFO] (Minecraft) Saving players
[16:52:36] [Server thread/INFO] (Minecraft) Saving worlds
[16:52:36] [Server thread/INFO] (Minecraft) Saving chunks for level 'ServerLevel[MC Benchmark Core Arena]'/minecraft:overworld
[16:52:37] [Server thread/INFO] (Minecraft) ThreadedAnvilChunkStorage (fpstest-arena): All chunks are saved
[16:52:37] [Server thread/INFO] (Minecraft) ThreadedAnvilChunkStorage: All dimensions are saved
[16:52:37] [Render thread/INFO] (ChunkBuilder) Stopping worker threads
[16:52:37] [Render thread/WARN] (Minecraft) Client disconnected with reason: MC Benchmark Core — finished
[16:52:38] [Render thread/INFO] (CinematicRunner) [MC Benchmark Core] render distance set to 32 chunks for benchmark chunk_dark_forest
[16:52:38] [Render thread/INFO] (CinematicRunner) [MC Benchmark Core] starting benchmark: chunk_dark_forest (preset=quick)
[16:52:38] [Render thread/INFO] (fpstest) [MC Benchmark Core] creating ephemeral world seed=7517, type=FIXED_BIOME, levelId=fpstest-arena
[16:52:38] [Render thread/INFO] (Minecraft) Found new data pack fabric-convention-tags-v2, loading it automatically
[16:52:38] [Render thread/INFO] (Minecraft) Found new data pack fabric-gametest-api-v1, loading it automatically
[16:52:38] [Render thread/INFO] (Minecraft) Loaded 1470 recipes
[16:52:38] [Render thread/INFO] (Minecraft) Loaded 1584 advancements
[16:52:38] [Render thread/INFO] (BiomeModificationImpl) Applied 0 biome modifications to 0 of 65 new biomes in 118.9 μs
[16:52:38] [Server thread/INFO] (Minecraft) Starting integrated minecraft server version 1.21.11
[16:52:38] [Server thread/INFO] (Minecraft) Generating keypair
[16:52:38] [Server thread/INFO] (Minecraft) Selecting global world spawn...
[16:52:38] [Server thread/INFO] (Minecraft) Loading 0 persistent chunks...
[16:52:38] [Server thread/INFO] (Minecraft) Preparing spawn area: 16%
[16:52:38] [Render thread/INFO] (fpstest) [MC Benchmark Core] created ephemeral world seed=7517, type=FIXED_BIOME, levelId=fpstest-arena
[16:52:39] [Server thread/INFO] (Minecraft) Loading 47 chunks for player spawn...
[16:52:39] [Server thread/INFO] (Minecraft) Preparing spawn area: 16%
[16:52:39] [Server thread/INFO] (Minecraft) Preparing spawn area: 57%
[16:52:39] [Server thread/INFO] (Minecraft) Time elapsed: 1302 ms
[16:52:39] [Server thread/INFO] (Minecraft) Player773[local:E:ac6aa31b] logged in with entity id 109677 at (-3.5, 90.0, 3.5)
[16:52:39] [Server thread/INFO] (Minecraft) Player773 joined the game
[16:52:39] [Server thread/INFO] (Minecraft) Changing view distance to 32, from 10
[16:52:39] [Server thread/INFO] (Minecraft) Changing simulation distance to 12, from 0
[16:52:39] [Render thread/INFO] (ChunkBuilder) Started 10 worker threads
[16:52:39] [Render thread/INFO] (Minecraft) Loaded 2 advancements
[16:52:40] [Render thread/INFO] (fpstest) [HUD] usage column — CPU 19% GPU 3% RAM 21% (tickY=74 heapY=84 entitiesY=94)
[16:52:50] [Render thread/INFO] (fpstest) [HUD] usage column — CPU 18% GPU 2% RAM 19% (tickY=74 heapY=84 entitiesY=94)
[16:53:00] [Render thread/INFO] (fpstest) [HUD] usage column — CPU 18% GPU 2% RAM 27% (tickY=74 heapY=84 entitiesY=94)
[16:53:04] [Render thread/INFO] (CinematicRunner) [MC Benchmark Core] chunk_dark_forest done — avg 9 fps, 1%low 7 fps, tick 0 ms
[16:53:05] [Server thread/INFO] (Minecraft) Player773 lost connection: Disconnected
[16:53:05] [Server thread/INFO] (Minecraft) Player773 left the game
[16:53:05] [Server thread/INFO] (Minecraft) Stopping singleplayer server as player logged out
[16:53:05] [Server thread/INFO] (Minecraft) Stopping server
[16:53:05] [Server thread/INFO] (Minecraft) Saving players
[16:53:05] [Server thread/INFO] (Minecraft) Saving worlds
[16:53:05] [Server thread/INFO] (Minecraft) Saving chunks for level 'ServerLevel[MC Benchmark Core Arena]'/minecraft:overworld
[16:53:06] [Server thread/INFO] (Minecraft) ThreadedAnvilChunkStorage (fpstest-arena): All chunks are saved
[16:53:06] [Server thread/INFO] (Minecraft) ThreadedAnvilChunkStorage: All dimensions are saved
[16:53:10] [Render thread/INFO] (fpstest) [HUD] usage column — CPU 16% GPU 2% RAM 20% (tickY=74 heapY=84 entitiesY=94)
[16:53:11] [Render thread/INFO] (CinematicRunner) [MC Benchmark Core] render distance set to 32 chunks for benchmark chunk_mountain
[16:53:11] [Render thread/INFO] (CinematicRunner) [MC Benchmark Core] starting benchmark: chunk_mountain (preset=quick)
[16:53:11] [Render thread/INFO] (fpstest) [MC Benchmark Core] creating ephemeral world seed=7523, type=FIXED_BIOME, levelId=fpstest-arena
[16:53:11] [Render thread/INFO] (Minecraft) Found new data pack fabric-convention-tags-v2, loading it automatically
[16:53:11] [Render thread/INFO] (Minecraft) Found new data pack fabric-gametest-api-v1, loading it automatically
[16:53:11] [Render thread/INFO] (Minecraft) Loaded 1470 recipes
[16:53:11] [Render thread/INFO] (Minecraft) Loaded 1584 advancements
[16:53:11] [Render thread/INFO] (ChunkBuilder) Stopping worker threads
[16:53:11] [Render thread/INFO] (BiomeModificationImpl) Applied 0 biome modifications to 0 of 65 new biomes in 104.0 μs
[16:53:11] [Server thread/INFO] (Minecraft) Starting integrated minecraft server version 1.21.11
[16:53:11] [Server thread/INFO] (Minecraft) Generating keypair
[16:53:11] [Server thread/INFO] (Minecraft) Selecting global world spawn...
[16:53:11] [Server thread/INFO] (Minecraft) Loading 0 persistent chunks...
[16:53:11] [Server thread/INFO] (Minecraft) Preparing spawn area: 16%
[16:53:11] [Render thread/INFO] (fpstest) [MC Benchmark Core] created ephemeral world seed=7523, type=FIXED_BIOME, levelId=fpstest-arena
[16:53:11] [Server thread/INFO] (Minecraft) Loading 48 chunks for player spawn...
[16:53:12] [Server thread/INFO] (Minecraft) Preparing spawn area: 16%
[16:53:12] [Server thread/INFO] (Minecraft) Preparing spawn area: 58%
[16:53:12] [Server thread/INFO] (Minecraft) Time elapsed: 1169 ms
[16:53:12] [Server thread/INFO] (Minecraft) Player773[local:E:eb117c22] logged in with entity id 110371 at (5.5, 69.0, 2.5)
[16:53:12] [Server thread/INFO] (Minecraft) Player773 joined the game
[16:53:12] [Server thread/INFO] (Minecraft) Changing view distance to 32, from 10
[16:53:12] [Server thread/INFO] (Minecraft) Changing simulation distance to 12, from 0
[16:53:12] [Render thread/INFO] (ChunkBuilder) Started 10 worker threads
[16:53:12] [Render thread/INFO] (Minecraft) Loaded 2 advancements
[16:53:20] [Render thread/INFO] (fpstest) [HUD] usage column — CPU 15% GPU 2% RAM 21% (tickY=74 heapY=84 entitiesY=94)
[16:53:31] [Render thread/INFO] (fpstest) [HUD] usage column — CPU 18% GPU 2% RAM 16% (tickY=74 heapY=84 entitiesY=94)
[16:53:36] [Render thread/INFO] (CinematicRunner) [MC Benchmark Core] chunk_mountain done — avg 9 fps, 1%low 7 fps, tick 0 ms
[16:53:38] [Server thread/INFO] (Minecraft) Player773 lost connection: Disconnected
[16:53:38] [Server thread/INFO] (Minecraft) Player773 left the game
[16:53:38] [Server thread/INFO] (Minecraft) Stopping singleplayer server as player logged out
[16:53:38] [Server thread/INFO] (Minecraft) Stopping server
[16:53:38] [Server thread/INFO] (Minecraft) Saving players
[16:53:38] [Server thread/INFO] (Minecraft) Saving worlds
[16:53:38] [Server thread/INFO] (Minecraft) Saving chunks for level 'ServerLevel[MC Benchmark Core Arena]'/minecraft:overworld
[16:53:39] [Server thread/INFO] (Minecraft) ThreadedAnvilChunkStorage (fpstest-arena): All chunks are saved
[16:53:39] [Server thread/INFO] (Minecraft) ThreadedAnvilChunkStorage: All dimensions are saved
[16:53:41] [Render thread/INFO] (fpstest) [HUD] usage column — CPU 18% GPU 5% RAM 19% (tickY=74 heapY=84 entitiesY=94)
[16:53:44] [Render thread/INFO] (CinematicRunner) [MC Benchmark Core] render distance set to 6 chunks for benchmark idle_baseline
[16:53:44] [Render thread/INFO] (CinematicRunner) [MC Benchmark Core] starting benchmark: idle_baseline (preset=quick)
[16:53:44] [Render thread/INFO] (fpstest) [MC Benchmark Core] creating ephemeral world seed=1923, type=FLAT, levelId=fpstest-arena
[16:53:44] [Render thread/INFO] (Minecraft) Found new data pack fabric-convention-tags-v2, loading it automatically
[16:53:44] [Render thread/INFO] (Minecraft) Found new data pack fabric-gametest-api-v1, loading it automatically
[16:53:44] [Render thread/INFO] (Minecraft) Loaded 1470 recipes
[16:53:44] [Render thread/INFO] (Minecraft) Loaded 1584 advancements
[16:53:44] [Render thread/INFO] (ChunkBuilder) Stopping worker threads
[16:53:44] [Render thread/INFO] (BiomeModificationImpl) Applied 0 biome modifications to 0 of 65 new biomes in 85.92 μs
[16:53:44] [Server thread/INFO] (Minecraft) Starting integrated minecraft server version 1.21.11
[16:53:44] [Server thread/INFO] (Minecraft) Generating keypair
[16:53:44] [Server thread/INFO] (Minecraft) Selecting global world spawn...
[16:53:44] [Server thread/INFO] (Minecraft) Loading 0 persistent chunks...
[16:53:44] [Server thread/INFO] (Minecraft) Preparing spawn area: 16%
[16:53:44] [Render thread/INFO] (fpstest) [MC Benchmark Core] created ephemeral world seed=1923, type=FLAT, levelId=fpstest-arena
[16:53:44] [Server thread/INFO] (Minecraft) Loading 48 chunks for player spawn...
[16:53:44] [Server thread/INFO] (Minecraft) Time elapsed: 324 ms
[16:53:44] [Server thread/INFO] (Minecraft) Player773[local:E:baf7f5ee] logged in with entity id 110869 at (1.5, -60.0, 10.5)
[16:53:44] [Server thread/INFO] (Minecraft) Player773 joined the game
[16:53:44] [Server thread/INFO] (Minecraft) Changing view distance to 6, from 10
[16:53:44] [Server thread/INFO] (Minecraft) Changing simulation distance to 12, from 0
[16:53:44] [Render thread/INFO] (ChunkBuilder) Started 10 worker threads
[16:53:44] [Render thread/INFO] (Minecraft) Loaded 2 advancements
[16:53:51] [Render thread/INFO] (fpstest) [HUD] usage column — CPU 8% GPU 8% RAM 30% (tickY=74 heapY=84 entitiesY=94)
[16:54:01] [Render thread/INFO] (fpstest) [HUD] usage column — CPU 1% GPU 4% RAM 30% (tickY=74 heapY=84 entitiesY=94)
[16:54:08] [Render thread/INFO] (CinematicRunner) [MC Benchmark Core] idle_baseline done — avg 9 fps, 1%low 8 fps, tick 0 ms
[16:54:10] [Server thread/INFO] (Minecraft) Player773 lost connection: Disconnected
[16:54:10] [Server thread/INFO] (Minecraft) Player773 left the game
[16:54:10] [Server thread/INFO] (Minecraft) Stopping singleplayer server as player logged out
[16:54:10] [Server thread/INFO] (Minecraft) Stopping server
[16:54:10] [Server thread/INFO] (Minecraft) Saving players
[16:54:10] [Server thread/INFO] (Minecraft) Saving worlds
[16:54:10] [Server thread/INFO] (Minecraft) Saving chunks for level 'ServerLevel[MC Benchmark Core Arena]'/minecraft:overworld
[16:54:10] [Server thread/INFO] (Minecraft) ThreadedAnvilChunkStorage (fpstest-arena): All chunks are saved
[16:54:10] [Server thread/INFO] (Minecraft) ThreadedAnvilChunkStorage: All dimensions are saved
[16:54:11] [Render thread/INFO] (fpstest) [HUD] usage column — CPU 0% GPU 1% RAM 19% (tickY=74 heapY=84 entitiesY=94)
[16:54:16] [Render thread/INFO] (CinematicRunner) [MC Benchmark Core] render distance set to 6 chunks for benchmark particle_diversity_stress
[16:54:16] [Render thread/INFO] (CinematicRunner) [MC Benchmark Core] starting benchmark: particle_diversity_stress (preset=quick)
[16:54:16] [Render thread/INFO] (fpstest) [MC Benchmark Core] creating ephemeral world seed=2521, type=FLAT, levelId=fpstest-arena
[16:54:16] [Render thread/INFO] (Minecraft) Found new data pack fabric-convention-tags-v2, loading it automatically
[16:54:16] [Render thread/INFO] (Minecraft) Found new data pack fabric-gametest-api-v1, loading it automatically
[16:54:16] [Render thread/INFO] (Minecraft) Loaded 1470 recipes
[16:54:16] [Render thread/INFO] (Minecraft) Loaded 1584 advancements
[16:54:16] [Render thread/INFO] (ChunkBuilder) Stopping worker threads
[16:54:16] [Render thread/INFO] (BiomeModificationImpl) Applied 0 biome modifications to 0 of 65 new biomes in 105.2 μs
[16:54:16] [Server thread/INFO] (Minecraft) Starting integrated minecraft server version 1.21.11
[16:54:16] [Server thread/INFO] (Minecraft) Generating keypair
[16:54:16] [Server thread/INFO] (Minecraft) Selecting global world spawn...
[16:54:16] [Server thread/INFO] (Minecraft) Loading 0 persistent chunks...
[16:54:16] [Server thread/INFO] (Minecraft) Preparing spawn area: 16%
[16:54:16] [Render thread/INFO] (fpstest) [MC Benchmark Core] created ephemeral world seed=2521, type=FLAT, levelId=fpstest-arena
[16:54:16] [Server thread/INFO] (Minecraft) Loading 48 chunks for player spawn...
[16:54:16] [Server thread/INFO] (Minecraft) Time elapsed: 325 ms
[16:54:16] [Server thread/INFO] (Minecraft) Player773[local:E:22ad534c] logged in with entity id 110871 at (0.5, -60.0, 3.5)
[16:54:16] [Server thread/INFO] (Minecraft) Player773 joined the game
[16:54:16] [Server thread/INFO] (Minecraft) Changing view distance to 6, from 10
[16:54:16] [Server thread/INFO] (Minecraft) Changing simulation distance to 12, from 0
[16:54:16] [Render thread/INFO] (ChunkBuilder) Started 10 worker threads
[16:54:16] [Render thread/INFO] (Minecraft) Loaded 2 advancements
[16:54:21] [Render thread/INFO] (fpstest) [HUD] usage column — CPU 1% GPU 2% RAM 13% (tickY=74 heapY=84 entitiesY=94)
[16:54:31] [Render thread/INFO] (fpstest) [HUD] usage column — CPU 2% GPU 3% RAM 23% (tickY=74 heapY=84 entitiesY=94)
[16:54:40] [Render thread/INFO] (CinematicRunner) [MC Benchmark Core] particle_diversity_stress done — avg 9 fps, 1%low 8 fps, tick 2 ms
[16:54:41] [Render thread/INFO] (fpstest) [HUD] usage column — CPU 1% GPU 5% RAM 13% (tickY=74 heapY=84 entitiesY=94)
[16:54:42] [Server thread/INFO] (Minecraft) Player773 lost connection: Disconnected
[16:54:42] [Server thread/INFO] (Minecraft) Player773 left the game
[16:54:42] [Server thread/INFO] (Minecraft) Stopping singleplayer server as player logged out
[16:54:42] [Server thread/INFO] (Minecraft) Stopping server
[16:54:42] [Server thread/INFO] (Minecraft) Saving players
[16:54:42] [Server thread/INFO] (Minecraft) Saving worlds
[16:54:42] [Server thread/INFO] (Minecraft) Saving chunks for level 'ServerLevel[MC Benchmark Core Arena]'/minecraft:overworld
[16:54:42] [Server thread/INFO] (Minecraft) ThreadedAnvilChunkStorage (fpstest-arena): All chunks are saved
[16:54:42] [Server thread/INFO] (Minecraft) ThreadedAnvilChunkStorage: All dimensions are saved
[16:54:48] [Render thread/INFO] (CinematicRunner) [MC Benchmark Core] render distance set to 6 chunks for benchmark fluid_spread
[16:54:48] [Render thread/INFO] (CinematicRunner) [MC Benchmark Core] starting benchmark: fluid_spread (preset=quick)
[16:54:48] [Render thread/INFO] (fpstest) [MC Benchmark Core] creating ephemeral world seed=9043, type=FLAT, levelId=fpstest-arena
[16:54:48] [Render thread/INFO] (Minecraft) Found new data pack fabric-convention-tags-v2, loading it automatically
[16:54:48] [Render thread/INFO] (Minecraft) Found new data pack fabric-gametest-api-v1, loading it automatically
[16:54:48] [Render thread/INFO] (Minecraft) Loaded 1470 recipes
[16:54:48] [Render thread/INFO] (Minecraft) Loaded 1584 advancements
[16:54:48] [Render thread/INFO] (ChunkBuilder) Stopping worker threads
[16:54:48] [Render thread/INFO] (BiomeModificationImpl) Applied 0 biome modifications to 0 of 65 new biomes in 86.14 μs
[16:54:48] [Server thread/INFO] (Minecraft) Starting integrated minecraft server version 1.21.11
[16:54:48] [Server thread/INFO] (Minecraft) Generating keypair
[16:54:48] [Server thread/INFO] (Minecraft) Selecting global world spawn...
[16:54:48] [Server thread/INFO] (Minecraft) Loading 0 persistent chunks...
[16:54:48] [Server thread/INFO] (Minecraft) Preparing spawn area: 16%
[16:54:48] [Render thread/INFO] (fpstest) [MC Benchmark Core] created ephemeral world seed=9043, type=FLAT, levelId=fpstest-arena
[16:54:48] [Server thread/INFO] (Minecraft) Loading 47 chunks for player spawn...
[16:54:48] [Server thread/INFO] (Minecraft) Time elapsed: 474 ms
[16:54:48] [Server thread/INFO] (Minecraft) Player773[local:E:719c88c8] logged in with entity id 110873 at (8.5, -60.0, -7.5)
[16:54:48] [Server thread/INFO] (Minecraft) Player773 joined the game
[16:54:48] [Server thread/INFO] (Minecraft) Changing view distance to 6, from 10
[16:54:48] [Server thread/INFO] (Minecraft) Changing simulation distance to 12, from 0
[16:54:48] [Render thread/INFO] (ChunkBuilder) Started 10 worker threads
[16:54:48] [Render thread/INFO] (Minecraft) Loaded 2 advancements
[16:54:51] [Render thread/INFO] (fpstest) [HUD] usage column — CPU 1% GPU 5% RAM 11% (tickY=74 heapY=84 entitiesY=94)
[16:55:01] [Render thread/INFO] (fpstest) [HUD] usage column — CPU 1% GPU 2% RAM 12% (tickY=74 heapY=84 entitiesY=94)
[16:55:11] [Render thread/INFO] (fpstest) [HUD] usage column — CPU 0% GPU 1% RAM 14% (tickY=74 heapY=84 entitiesY=94)
[16:55:12] [Render thread/INFO] (CinematicRunner) [MC Benchmark Core] fluid_spread done — avg 9 fps, 1%low 8 fps, tick 0 ms
[16:55:14] [Server thread/INFO] (Minecraft) Player773 lost connection: Disconnected
[16:55:14] [Server thread/INFO] (Minecraft) Player773 left the game
[16:55:14] [Server thread/INFO] (Minecraft) Stopping singleplayer server as player logged out
[16:55:14] [Server thread/INFO] (Minecraft) Stopping server
[16:55:14] [Server thread/INFO] (Minecraft) Saving players
[16:55:14] [Server thread/INFO] (Minecraft) Saving worlds
[16:55:14] [Server thread/INFO] (Minecraft) Saving chunks for level 'ServerLevel[MC Benchmark Core Arena]'/minecraft:overworld
[16:55:14] [Server thread/INFO] (Minecraft) ThreadedAnvilChunkStorage (fpstest-arena): All chunks are saved
[16:55:14] [Server thread/INFO] (Minecraft) ThreadedAnvilChunkStorage: All dimensions are saved
[16:55:14] [Render thread/INFO] (ChunkBuilder) Stopping worker threads
[16:55:14] [Render thread/WARN] (Minecraft) Client disconnected with reason: MC Benchmark Core — finished
[16:55:15] [Render thread/INFO] (CinematicRunner) [MC Benchmark Core] render distance set to 6 chunks for benchmark lighting_update
[16:55:15] [Render thread/INFO] (CinematicRunner) [MC Benchmark Core] starting benchmark: lighting_update (preset=quick)
[16:55:15] [Render thread/INFO] (fpstest) [MC Benchmark Core] creating ephemeral world seed=9007, type=FLAT, levelId=fpstest-arena
[16:55:15] [Render thread/INFO] (Minecraft) Found new data pack fabric-convention-tags-v2, loading it automatically
[16:55:15] [Render thread/INFO] (Minecraft) Found new data pack fabric-gametest-api-v1, loading it automatically
[16:55:15] [Render thread/INFO] (Minecraft) Loaded 1470 recipes
[16:55:15] [Render thread/INFO] (Minecraft) Loaded 1584 advancements
[16:55:15] [Render thread/INFO] (BiomeModificationImpl) Applied 0 biome modifications to 0 of 65 new biomes in 82.33 μs
[16:55:15] [Server thread/INFO] (Minecraft) Starting integrated minecraft server version 1.21.11
[16:55:15] [Server thread/INFO] (Minecraft) Generating keypair
[16:55:15] [Server thread/INFO] (Minecraft) Selecting global world spawn...
[16:55:15] [Server thread/INFO] (Minecraft) Loading 0 persistent chunks...
[16:55:15] [Server thread/INFO] (Minecraft) Preparing spawn area: 16%
[16:55:15] [Render thread/INFO] (fpstest) [MC Benchmark Core] created ephemeral world seed=9007, type=FLAT, levelId=fpstest-arena
[16:55:15] [Server thread/INFO] (Minecraft) Loading 47 chunks for player spawn...
[16:55:15] [Server thread/INFO] (Minecraft) Preparing spawn area: 100%
[16:55:15] [Server thread/INFO] (Minecraft) Time elapsed: 533 ms
[16:55:15] [Server thread/INFO] (Minecraft) Player773[local:E:0ccd2f69] logged in with entity id 110875 at (-3.5, -60.0, 2.5)
[16:55:15] [Server thread/INFO] (Minecraft) Player773 joined the game
[16:55:15] [Server thread/INFO] (Minecraft) Changing view distance to 6, from 10
[16:55:15] [Server thread/INFO] (Minecraft) Changing simulation distance to 12, from 0
[16:55:16] [Render thread/INFO] (ChunkBuilder) Started 10 worker threads
[16:55:16] [Render thread/INFO] (Minecraft) Loaded 2 advancements
[16:55:21] [Render thread/INFO] (fpstest) [HUD] usage column — CPU 1% GPU 1% RAM 14% (tickY=74 heapY=84 entitiesY=94)
[16:55:31] [Render thread/INFO] (fpstest) [HUD] usage column — CPU 1% GPU 1% RAM 15% (tickY=74 heapY=84 entitiesY=94)
[16:55:40] [Render thread/INFO] (CinematicRunner) [MC Benchmark Core] lighting_update done — avg 9 fps, 1%low 8 fps, tick 0 ms
[16:55:41] [Server thread/INFO] (Minecraft) Player773 lost connection: Disconnected
[16:55:41] [Server thread/INFO] (Minecraft) Player773 left the game
[16:55:41] [Server thread/INFO] (Minecraft) Stopping singleplayer server as player logged out
[16:55:41] [Server thread/INFO] (Minecraft) Stopping server
[16:55:41] [Server thread/INFO] (Minecraft) Saving players
[16:55:41] [Server thread/INFO] (Minecraft) Saving worlds
[16:55:41] [Server thread/INFO] (Minecraft) Saving chunks for level 'ServerLevel[MC Benchmark Core Arena]'/minecraft:overworld
[16:55:42] [Server thread/INFO] (Minecraft) ThreadedAnvilChunkStorage (fpstest-arena): All chunks are saved
[16:55:42] [Server thread/INFO] (Minecraft) ThreadedAnvilChunkStorage: All dimensions are saved
[16:55:42] [Render thread/INFO] (ChunkBuilder) Stopping worker threads
[16:55:42] [Render thread/WARN] (Minecraft) Client disconnected with reason: MC Benchmark Core — finished
[16:55:43] [Render thread/INFO] (CinematicRunner) [MC Benchmark Core] render distance set to 6 chunks for benchmark hopper_grid
[16:55:43] [Render thread/INFO] (CinematicRunner) [MC Benchmark Core] starting benchmark: hopper_grid (preset=quick)
[16:55:43] [Render thread/INFO] (fpstest) [MC Benchmark Core] creating ephemeral world seed=8011, type=FLAT, levelId=fpstest-arena
[16:55:43] [Render thread/INFO] (Minecraft) Found new data pack fabric-convention-tags-v2, loading it automatically
[16:55:43] [Render thread/INFO] (Minecraft) Found new data pack fabric-gametest-api-v1, loading it automatically
[16:55:43] [Render thread/INFO] (Minecraft) Loaded 1470 recipes
[16:55:43] [Render thread/INFO] (Minecraft) Loaded 1584 advancements
[16:55:43] [Render thread/INFO] (BiomeModificationImpl) Applied 0 biome modifications to 0 of 65 new biomes in 88.40 μs
[16:55:43] [Server thread/INFO] (Minecraft) Starting integrated minecraft server version 1.21.11
[16:55:43] [Server thread/INFO] (Minecraft) Generating keypair
[16:55:43] [Server thread/INFO] (Minecraft) Selecting global world spawn...
[16:55:43] [Server thread/INFO] (Minecraft) Loading 0 persistent chunks...
[16:55:43] [Server thread/INFO] (Minecraft) Preparing spawn area: 16%
[16:55:43] [Render thread/INFO] (fpstest) [MC Benchmark Core] created ephemeral world seed=8011, type=FLAT, levelId=fpstest-arena
[16:55:43] [Server thread/INFO] (Minecraft) Loading 47 chunks for player spawn...
[16:55:43] [Server thread/INFO] (Minecraft) Time elapsed: 476 ms
[16:55:43] [Server thread/INFO] (Minecraft) Player773[local:E:0169e05d] logged in with entity id 110877 at (-5.5, -60.0, 7.5)
[16:55:43] [Server thread/INFO] (Minecraft) Player773 joined the game
[16:55:43] [Server thread/INFO] (Minecraft) Changing view distance to 6, from 10
[16:55:43] [Server thread/INFO] (Minecraft) Changing simulation distance to 12, from 0
[16:55:43] [Render thread/INFO] (ChunkBuilder) Started 10 worker threads
[16:55:43] [Render thread/INFO] (Minecraft) Loaded 2 advancements
[16:55:44] [Render thread/INFO] (fpstest) [HUD] usage column — CPU 1% GPU 2% RAM 17% (tickY=74 heapY=84 entitiesY=94)
[16:55:54] [Render thread/INFO] (fpstest) [HUD] usage column — CPU 1% GPU 3% RAM 21% (tickY=74 heapY=84 entitiesY=94)
[16:56:04] [Render thread/INFO] (fpstest) [HUD] usage column — CPU 1% GPU 2% RAM 21% (tickY=74 heapY=84 entitiesY=94)
[16:56:07] [Render thread/INFO] (CinematicRunner) [MC Benchmark Core] hopper_grid done — avg 9 fps, 1%low 8 fps, tick 0 ms
[16:56:09] [Server thread/INFO] (Minecraft) Player773 lost connection: Disconnected
[16:56:09] [Server thread/INFO] (Minecraft) Player773 left the game
[16:56:09] [Server thread/INFO] (Minecraft) Stopping singleplayer server as player logged out
[16:56:09] [Server thread/INFO] (Minecraft) Stopping server
[16:56:09] [Server thread/INFO] (Minecraft) Saving players
[16:56:09] [Server thread/INFO] (Minecraft) Saving worlds
[16:56:09] [Server thread/INFO] (Minecraft) Saving chunks for level 'ServerLevel[MC Benchmark Core Arena]'/minecraft:overworld
[16:56:09] [Server thread/INFO] (Minecraft) ThreadedAnvilChunkStorage (fpstest-arena): All chunks are saved
[16:56:09] [Server thread/INFO] (Minecraft) ThreadedAnvilChunkStorage: All dimensions are saved
[16:56:09] [Render thread/INFO] (ChunkBuilder) Stopping worker threads
[16:56:09] [Render thread/WARN] (Minecraft) Client disconnected with reason: MC Benchmark Core — finished
[16:56:10] [Render thread/INFO] (CinematicRunner) [MC Benchmark Core] render distance set to 6 chunks for benchmark comparator_storage
[16:56:10] [Render thread/INFO] (CinematicRunner) [MC Benchmark Core] starting benchmark: comparator_storage (preset=quick)
[16:56:10] [Render thread/INFO] (fpstest) [MC Benchmark Core] creating ephemeral world seed=8053, type=FLAT, levelId=fpstest-arena
[16:56:10] [Render thread/INFO] (Minecraft) Found new data pack fabric-convention-tags-v2, loading it automatically
[16:56:10] [Render thread/INFO] (Minecraft) Found new data pack fabric-gametest-api-v1, loading it automatically
[16:56:10] [Render thread/INFO] (Minecraft) Loaded 1470 recipes
[16:56:10] [Render thread/INFO] (Minecraft) Loaded 1584 advancements
[16:56:10] [Render thread/INFO] (BiomeModificationImpl) Applied 0 biome modifications to 0 of 65 new biomes in 104.8 μs
[16:56:10] [Server thread/INFO] (Minecraft) Starting integrated minecraft server version 1.21.11
[16:56:10] [Server thread/INFO] (Minecraft) Generating keypair
[16:56:10] [Server thread/INFO] (Minecraft) Selecting global world spawn...
[16:56:10] [Server thread/INFO] (Minecraft) Loading 0 persistent chunks...
[16:56:10] [Server thread/INFO] (Minecraft) Preparing spawn area: 16%
[16:56:10] [Render thread/INFO] (fpstest) [MC Benchmark Core] created ephemeral world seed=8053, type=FLAT, levelId=fpstest-arena
[16:56:10] [Server thread/INFO] (Minecraft) Loading 48 chunks for player spawn...
[16:56:10] [Server thread/INFO] (Minecraft) Time elapsed: 374 ms
[16:56:10] [Server thread/INFO] (Minecraft) Player773[local:E:8912b84e] logged in with entity id 110879 at (10.5, -60.0, 2.5)
[16:56:10] [Server thread/INFO] (Minecraft) Player773 joined the game
[16:56:10] [Server thread/INFO] (Minecraft) Changing view distance to 6, from 10
[16:56:10] [Server thread/INFO] (Minecraft) Changing simulation distance to 12, from 0
[16:56:10] [Render thread/INFO] (ChunkBuilder) Started 10 worker threads
[16:56:10] [Render thread/INFO] (Minecraft) Loaded 2 advancements
[16:56:14] [Render thread/INFO] (fpstest) [HUD] usage column — CPU 1% GPU 1% RAM 10% (tickY=74 heapY=84 entitiesY=94)
[16:56:24] [Render thread/INFO] (fpstest) [HUD] usage column — CPU 1% GPU 1% RAM 11% (tickY=74 heapY=84 entitiesY=94)
[16:56:34] [Render thread/INFO] (fpstest) [HUD] usage column — CPU 0% GPU 2% RAM 12% (tickY=74 heapY=84 entitiesY=94)
[16:56:35] [Render thread/INFO] (CinematicRunner) [MC Benchmark Core] comparator_storage done — avg 9 fps, 1%low 8 fps, tick 0 ms
[16:56:36] [Server thread/INFO] (Minecraft) Player773 lost connection: Disconnected
[16:56:36] [Server thread/INFO] (Minecraft) Player773 left the game
[16:56:36] [Server thread/INFO] (Minecraft) Stopping singleplayer server as player logged out
[16:56:36] [Server thread/INFO] (Minecraft) Stopping server
[16:56:36] [Server thread/INFO] (Minecraft) Saving players
[16:56:36] [Server thread/INFO] (Minecraft) Saving worlds
[16:56:36] [Server thread/INFO] (Minecraft) Saving chunks for level 'ServerLevel[MC Benchmark Core Arena]'/minecraft:overworld
[16:56:36] [Server thread/INFO] (Minecraft) ThreadedAnvilChunkStorage (fpstest-arena): All chunks are saved
[16:56:36] [Server thread/INFO] (Minecraft) ThreadedAnvilChunkStorage: All dimensions are saved
[16:56:37] [Render thread/INFO] (ChunkBuilder) Stopping worker threads
[16:56:37] [Render thread/WARN] (Minecraft) Client disconnected with reason: MC Benchmark Core — finished
[16:56:37] [Render thread/INFO] (CinematicRunner) [MC Benchmark Core] render distance set to 16 chunks for benchmark pack_shader_showcase
[16:56:37] [Render thread/INFO] (CinematicRunner) [MC Benchmark Core] starting benchmark: pack_shader_showcase (preset=default)
[16:56:37] [Render thread/INFO] (fpstest) [MC Benchmark Core] creating ephemeral world seed=27182, type=FLAT, levelId=fpstest-arena
[16:56:37] [Render thread/INFO] (Minecraft) Found new data pack fabric-convention-tags-v2, loading it automatically
[16:56:37] [Render thread/INFO] (Minecraft) Found new data pack fabric-gametest-api-v1, loading it automatically
[16:56:37] [Render thread/INFO] (Minecraft) Loaded 1470 recipes
[16:56:37] [Render thread/INFO] (Minecraft) Loaded 1584 advancements
[16:56:37] [Render thread/INFO] (BiomeModificationImpl) Applied 0 biome modifications to 0 of 65 new biomes in 96.23 μs
[16:56:37] [Server thread/INFO] (Minecraft) Starting integrated minecraft server version 1.21.11
[16:56:37] [Server thread/INFO] (Minecraft) Generating keypair
[16:56:37] [Server thread/INFO] (Minecraft) Selecting global world spawn...
[16:56:37] [Server thread/INFO] (Minecraft) Loading 0 persistent chunks...
[16:56:37] [Server thread/INFO] (Minecraft) Preparing spawn area: 16%
[16:56:37] [Render thread/INFO] (fpstest) [MC Benchmark Core] created ephemeral world seed=27182, type=FLAT, levelId=fpstest-arena
[16:56:37] [Server thread/INFO] (Minecraft) Loading 48 chunks for player spawn...
[16:56:37] [Server thread/INFO] (Minecraft) Time elapsed: 326 ms
[16:56:37] [Server thread/INFO] (Minecraft) Player773[local:E:35aaaade] logged in with entity id 110881 at (1.5, -60.0, 7.5)
[16:56:37] [Server thread/INFO] (Minecraft) Player773 joined the game
[16:56:37] [Server thread/INFO] (Minecraft) Changing view distance to 16, from 10
[16:56:37] [Server thread/INFO] (Minecraft) Changing simulation distance to 12, from 0
[16:56:37] [Render thread/INFO] (ChunkBuilder) Started 10 worker threads
[16:56:37] [Render thread/INFO] (Minecraft) Loaded 2 advancements
[16:56:38] [Render thread/INFO] (ChunkBuilder) Stopping worker threads
[16:56:38] [Render thread/INFO] (ChunkBuilder) Started 10 worker threads
[16:56:38] [Render thread/INFO] (PackShaderBenchmark) [Minecraft Benchmark Core] Pack + Shader Benchmark starting (4 phases: lowEnd.zip (no pack), lowEnd.zip + pbr.zip, highEnd.zip (no pack), highEnd.zip + pbr.zip)
[16:56:38] [Render thread/INFO] (PackShaderBenchmark) [Minecraft Benchmark Core] saved Iris state: enabled=false, pack=(internal)
[16:56:39] [Render thread/INFO] (Minecraft) Reloading ResourceManager: vanilla, fabric-api, fabric-api-base, fabric-api-lookup-api-v1, fabric-biome-api-v1, fabric-block-api-v1, fabric-block-view-api-v2, fabric-client-gametest-api-v1, fabric-command-api-v2, fabric-content-registries-v0, fabric-convention-tags-v1, fabric-convention-tags-v2, fabric-crash-report-info-v1, fabric-data-attachment-api-v1, fabric-data-generation-api-v1, fabric-dimensions-v1, fabric-entity-events-v1, fabric-events-interaction-v0, fabric-game-rule-api-v1, fabric-gametest-api-v1, fabric-item-api-v1, fabric-item-group-api-v1, fabric-key-binding-api-v1, fabric-lifecycle-events-v1, fabric-loot-api-v2, fabric-loot-api-v3, fabric-message-api-v1, fabric-model-loading-api-v1, fabric-networking-api-v1, fabric-object-builder-api-v1, fabric-particles-v1, fabric-recipe-api-v1, fabric-registry-sync-v0, fabric-renderer-api-v1, fabric-renderer-indigo, fabric-rendering-fluids-v1, fabric-rendering-v1, fabric-resource-conditions-api-v1, fabric-resource-loader-v0, fabric-resource-loader-v1, fabric-screen-api-v1, fabric-screen-handler-api-v1, fabric-serialization-api-v1, fabric-sound-api-v1, fabric-tag-api-v1, fabric-transfer-api-v1, fabric-transitive-access-wideners-v1, fabricloader, fpstest, iris, sodium
[16:56:39] [Worker-Main-15/INFO] (Minecraft) Found unifont_pua-17.0.01.hex, loading
[16:56:39] [Worker-Main-10/INFO] (Minecraft) Found unifont_all_no_pua-17.0.01.hex, loading
[16:56:39] [Worker-Main-11/INFO] (Minecraft) Found unifont_jp_patch-17.0.01.hex, loading
[16:56:39] [Render thread/INFO] (Minecraft) OpenAL initialized on device 1MORE SonoFlow
[16:56:39] [Render thread/INFO] (Minecraft) Sound engine started
[16:56:39] [Render thread/INFO] (Minecraft) Created: 512x256x0 minecraft:textures/atlas/particles.png-atlas
[16:56:39] [Render thread/INFO] (Minecraft) Created: 128x128x0 minecraft:textures/atlas/decorated_pot.png-atlas
[16:56:39] [Render thread/INFO] (Minecraft) Created: 2048x1024x0 minecraft:textures/atlas/armor_trims.png-atlas
[16:56:39] [Render thread/INFO] (Minecraft) Created: 512x256x0 minecraft:textures/atlas/paintings.png-atlas
[16:56:39] [Render thread/INFO] (Minecraft) Created: 1024x512x0 minecraft:textures/atlas/shield_patterns.png-atlas
[16:56:39] [Render thread/INFO] (Minecraft) Created: 4096x2048x4 minecraft:textures/atlas/blocks.png-atlas
[16:56:39] [Render thread/INFO] (Minecraft) Created: 512x512x0 minecraft:textures/atlas/chest.png-atlas
[16:56:39] [Render thread/INFO] (Minecraft) Created: 256x128x0 minecraft:textures/atlas/celestials.png-atlas
[16:56:39] [Render thread/INFO] (Minecraft) Created: 1024x512x0 minecraft:textures/atlas/banner_patterns.png-atlas
[16:56:39] [Render thread/INFO] (Minecraft) Created: 512x512x0 minecraft:textures/atlas/beds.png-atlas
[16:56:39] [Render thread/INFO] (Minecraft) Created: 1024x512x0 minecraft:textures/atlas/items.png-atlas
[16:56:39] [Render thread/INFO] (Minecraft) Created: 1024x1024x0 minecraft:textures/atlas/gui.png-atlas
[16:56:39] [Render thread/INFO] (Minecraft) Created: 128x64x0 minecraft:textures/atlas/map_decorations.png-atlas
[16:56:39] [Render thread/INFO] (Minecraft) Created: 512x256x0 minecraft:textures/atlas/signs.png-atlas
[16:56:39] [Render thread/INFO] (Minecraft) Created: 512x512x0 minecraft:textures/atlas/shulker_boxes.png-atlas
[16:56:40] [Render thread/INFO] (ChunkBuilder) Stopping worker threads
[16:56:40] [Render thread/INFO] (ChunkBuilder) Started 10 worker threads
[16:56:40] [Render thread/INFO] (Iris) Destroying pipeline minecraft:overworld
[16:56:40] [Render thread/WARN] (Iris) Unable to resolve shader pack option menu element "wetnessMode" defined in shaders.properties
[16:56:40] [Render thread/WARN] (Iris) Unable to resolve shader pack option menu element "windIntensity" defined in shaders.properties
[16:56:40] [Render thread/WARN] (Iris) Unable to resolve shader pack option menu element "planetRadiusScale" defined in shaders.properties
[16:56:40] [Render thread/WARN] (Iris) Unable to resolve shader pack option menu element "cloudShadowsEnabled" defined in shaders.properties
[16:56:40] [Render thread/INFO] (Iris) Profile: Custom (+1 option changed by user)
[16:56:40] [Render thread/INFO] (Iris) Using shaderpack: lowEnd.zip
[16:56:40] [Render thread/INFO] (Iris) Creating pipeline for dimension minecraft:overworld
[16:56:41] [Render thread/WARN] (ProgramCreator) Program link log for composite4: Fragment info
-------------
0(17) : warning C7050: "MinColor" might be used before being initialized
0(18) : warning C7050: "MaxColor" might be used before being initialized

[16:56:41] [Render thread/INFO] (ChunkBuilder) Stopping worker threads
[16:56:41] [Render thread/INFO] (ChunkBuilder) Started 10 worker threads
[16:56:41] [Render thread/INFO] (PackShaderBenchmark) [Minecraft Benchmark Core] Phase 1/4: lowEnd.zip (no pack) — shader enabled
[16:56:41] [Render thread/INFO] (PackShaderBenchmark) [Minecraft Benchmark Core] Shader active: lowEnd.zip
[16:56:41] [Render thread/INFO] (ChunkBuilder) Stopping worker threads
[16:56:41] [Render thread/INFO] (ChunkBuilder) Started 10 worker threads
[16:56:41] [Render thread/INFO] (fpstest) [BaseFps] segment=intro start tick=1
[16:56:44] [Render thread/INFO] (fpstest) [HUD] usage column — CPU 8% GPU 2% RAM 12% (tickY=74 heapY=84 entitiesY=94)
[16:56:48] [Server thread/INFO] (fpstest) [BaseFps] End built: center=(250,18) islandR=22 moatR=30 pillars=8 outliers=12
[16:56:48] [Server thread/WARN] (fpstest) [BaseFps] camera-corridor segment=cave_inside tick=2190 pos=(146.0, 73.0, 18.5) STRIPPED 2 structural block(s) from camera core — path tweak needed
[16:56:48] [Server thread/WARN] (fpstest) [BaseFps] camera-corridor segment=cave_inside tick=2200 pos=(147.0, 73.0, 18.5) STRIPPED 1 structural block(s) from camera core — path tweak needed
[16:56:48] [Server thread/WARN] (fpstest) [BaseFps] camera-corridor segment=cave_inside tick=2210 pos=(148.0, 73.0, 18.5) STRIPPED 2 structural block(s) from camera core — path tweak needed
[16:56:48] [Server thread/WARN] (fpstest) [BaseFps] camera-corridor segment=cave_inside tick=2220 pos=(149.0, 73.0, 18.5) STRIPPED 1 structural block(s) from camera core — path tweak needed
[16:56:48] [Server thread/WARN] (fpstest) [BaseFps] camera-corridor segment=cave_inside tick=2230 pos=(150.0, 73.0, 18.5) STRIPPED 1 structural block(s) from camera core — path tweak needed
[16:56:48] [Server thread/WARN] (fpstest) [BaseFps] camera-corridor segment=cave_pull tick=2336 pos=(147.7, 73.0, 16.2) STRIPPED 1 structural block(s) from camera core — path tweak needed
[16:56:48] [Server thread/WARN] (fpstest) [BaseFps] camera-corridor segment=cave_pull tick=2346 pos=(145.9, 73.0, 15.7) STRIPPED 1 structural block(s) from camera core — path tweak needed
[16:56:48] [Server thread/WARN] (fpstest) [BaseFps] camera-corridor segment=cave_pull tick=2408 pos=(134.8, 73.0, 12.6) STRIPPED 1 structural block(s) from camera core — path tweak needed
[16:56:48] [Server thread/INFO] (fpstest) [BaseFps] camera-corridor carve done: stripped=204 core-hits=14/1800 samples
[16:56:48] [Server thread/WARN] (Minecraft) Can't keep up! Is the server overloaded? Running 9339ms or 186 ticks behind
[16:56:50] [Render thread/INFO] (fpstest) [BaseFps] segment=plaza_orbit start tick=160
[16:56:54] [Render thread/INFO] (fpstest) [HUD] usage column — CPU 15% GPU 10% RAM 16% (tickY=74 heapY=84 entitiesY=94)
[16:56:56] [Render thread/INFO] (fpstest) [BaseFps] segment=forest_fly start tick=280
[16:57:04] [Render thread/INFO] (fpstest) [HUD] usage column — CPU 9% GPU 21% RAM 22% (tickY=74 heapY=84 entitiesY=94)
[16:57:06] [Render thread/INFO] (fpstest) [BaseFps] segment=forest_orbit start tick=480
[16:57:14] [Render thread/INFO] (fpstest) [HUD] usage column — CPU 3% GPU 21% RAM 11% (tickY=74 heapY=84 entitiesY=94)
[16:57:16] [Render thread/INFO] (fpstest) [BaseFps] segment=base_fly start tick=680
[16:57:24] [Render thread/INFO] (fpstest) [HUD] usage column — CPU 2% GPU 22% RAM 16% (tickY=74 heapY=84 entitiesY=94)
[16:57:25] [Render thread/INFO] (fpstest) [BaseFps] segment=base_orbit start tick=860
[16:57:34] [Render thread/INFO] (fpstest) [HUD] usage column — CPU 2% GPU 24% RAM 10% (tickY=74 heapY=84 entitiesY=94)
[16:57:36] [Render thread/INFO] (fpstest) [BaseFps] segment=village_fly start tick=1080
[16:57:43] [Render thread/INFO] (fpstest) [BaseFps] segment=village start tick=1220
[16:57:44] [Render thread/INFO] (fpstest) [HUD] usage column — CPU 2% GPU 22% RAM 16% (tickY=74 heapY=84 entitiesY=94)
[16:57:53] [Render thread/INFO] (fpstest) [BaseFps] segment=combat_in start tick=1420
[16:57:54] [Render thread/INFO] (fpstest) [HUD] usage column — CPU 2% GPU 23% RAM 23% (tickY=74 heapY=84 entitiesY=94)
[16:57:58] [Render thread/INFO] (fpstest) [BaseFps] segment=combat_orbit start tick=1520
[16:58:05] [Render thread/INFO] (fpstest) [HUD] usage column — CPU 2% GPU 22% RAM 14% (tickY=74 heapY=84 entitiesY=94)
[16:58:11] [Render thread/INFO] (fpstest) [BaseFps] segment=redstone start tick=1780
[16:58:15] [Render thread/INFO] (fpstest) [HUD] usage column — CPU 2% GPU 19% RAM 13% (tickY=74 heapY=84 entitiesY=94)
[16:58:21] [Render thread/INFO] (fpstest) [BaseFps] segment=cave_fly start tick=1980
[16:58:25] [Render thread/INFO] (fpstest) [HUD] usage column — CPU 2% GPU 18% RAM 20% (tickY=74 heapY=84 entitiesY=94)
[16:58:26] [Render thread/INFO] (fpstest) [BaseFps] segment=cave_inside start tick=2090
[16:58:35] [Render thread/INFO] (fpstest) [HUD] usage column — CPU 2% GPU 17% RAM 11% (tickY=74 heapY=84 entitiesY=94)
[16:58:36] [Render thread/INFO] (fpstest) [BaseFps] segment=cave_pull start tick=2290
[16:58:44] [Render thread/INFO] (fpstest) [BaseFps] segment=nether_fly start tick=2440
[16:58:45] [Render thread/INFO] (fpstest) [HUD] usage column — CPU 2% GPU 16% RAM 18% (tickY=74 heapY=84 entitiesY=94)
[16:58:52] [Render thread/INFO] (fpstest) [BaseFps] segment=nether_orbit start tick=2600
[16:58:55] [Render thread/INFO] (fpstest) [HUD] usage column — CPU 2% GPU 18% RAM 9% (tickY=74 heapY=84 entitiesY=94)
[16:59:04] [Render thread/INFO] (fpstest) [BaseFps] segment=end_fly start tick=2840
[16:59:05] [Render thread/INFO] (fpstest) [HUD] usage column — CPU 2% GPU 18% RAM 15% (tickY=74 heapY=84 entitiesY=94)
[16:59:12] [Render thread/INFO] (fpstest) [BaseFps] segment=end_orbit start tick=3000
[16:59:15] [Render thread/INFO] (fpstest) [HUD] usage column — CPU 1% GPU 17% RAM 22% (tickY=74 heapY=84 entitiesY=94)
[16:59:25] [Render thread/INFO] (fpstest) [HUD] usage column — CPU 2% GPU 19% RAM 12% (tickY=74 heapY=84 entitiesY=94)
[16:59:29] [Render thread/INFO] (fpstest) [BaseFps] segment=final start tick=3340
[16:59:35] [Render thread/INFO] (fpstest) [HUD] usage column — CPU 1% GPU 20% RAM 17% (tickY=74 heapY=84 entitiesY=94)
[16:59:45] [Render thread/INFO] (fpstest) [HUD] usage column — CPU 1% GPU 19% RAM 22% (tickY=74 heapY=84 entitiesY=94)
[16:59:54] [Render thread/INFO] (CinematicRunner) [MC Benchmark Core] pack_shader_showcase done — avg 9 fps, 1%low 7 fps, tick 0 ms
[16:59:54] [Render thread/INFO] (Minecraft) Reloading ResourceManager: vanilla, fabric-api, fabric-api-base, fabric-api-lookup-api-v1, fabric-biome-api-v1, fabric-block-api-v1, fabric-block-view-api-v2, fabric-client-gametest-api-v1, fabric-command-api-v2, fabric-content-registries-v0, fabric-convention-tags-v1, fabric-convention-tags-v2, fabric-crash-report-info-v1, fabric-data-attachment-api-v1, fabric-data-generation-api-v1, fabric-dimensions-v1, fabric-entity-events-v1, fabric-events-interaction-v0, fabric-game-rule-api-v1, fabric-gametest-api-v1, fabric-item-api-v1, fabric-item-group-api-v1, fabric-key-binding-api-v1, fabric-lifecycle-events-v1, fabric-loot-api-v2, fabric-loot-api-v3, fabric-message-api-v1, fabric-model-loading-api-v1, fabric-networking-api-v1, fabric-object-builder-api-v1, fabric-particles-v1, fabric-recipe-api-v1, fabric-registry-sync-v0, fabric-renderer-api-v1, fabric-renderer-indigo, fabric-rendering-fluids-v1, fabric-rendering-v1, fabric-resource-conditions-api-v1, fabric-resource-loader-v0, fabric-resource-loader-v1, fabric-screen-api-v1, fabric-screen-handler-api-v1, fabric-serialization-api-v1, fabric-sound-api-v1, fabric-tag-api-v1, fabric-transfer-api-v1, fabric-transitive-access-wideners-v1, fabricloader, fpstest, iris, sodium, file/pbr.zip
[16:59:54] [Worker-Main-6/INFO] (Minecraft) Found unifont_all_no_pua-17.0.01.hex, loading
[16:59:54] [Worker-Main-12/INFO] (Minecraft) Found unifont_pua-17.0.01.hex, loading
[16:59:54] [Render thread/INFO] (PackShaderBenchmark) [Minecraft Benchmark Core] Phase 2/4: lowEnd.zip + pbr.zip — switching
[16:59:54] [Worker-Main-15/INFO] (Minecraft) Found unifont_jp_patch-17.0.01.hex, loading
[16:59:54] [Worker-Main-12/WARN] (Minecraft) Exception loading blockstate definition: 'minecraft:creaking_heart/file/pbr.zip' for variant: 'active=false,axis=x': Unknown blockstate property: 'active'
[16:59:54] [Worker-Main-12/WARN] (Minecraft) Exception loading blockstate definition: 'minecraft:creaking_heart/file/pbr.zip' for variant: 'active=false,axis=y': Unknown blockstate property: 'active'
[16:59:54] [Worker-Main-12/WARN] (Minecraft) Exception loading blockstate definition: 'minecraft:creaking_heart/file/pbr.zip' for variant: 'active=false,axis=z': Unknown blockstate property: 'active'
[16:59:54] [Worker-Main-12/WARN] (Minecraft) Exception loading blockstate definition: 'minecraft:creaking_heart/file/pbr.zip' for variant: 'active=true,axis=x': Unknown blockstate property: 'active'
[16:59:54] [Worker-Main-12/WARN] (Minecraft) Exception loading blockstate definition: 'minecraft:creaking_heart/file/pbr.zip' for variant: 'active=true,axis=y': Unknown blockstate property: 'active'
[16:59:54] [Worker-Main-12/WARN] (Minecraft) Exception loading blockstate definition: 'minecraft:creaking_heart/file/pbr.zip' for variant: 'active=true,axis=z': Unknown blockstate property: 'active'
[16:59:54] [Server thread/INFO] (Minecraft) Saving and pausing game...
[16:59:54] [Server thread/INFO] (Minecraft) Saving chunks for level 'ServerLevel[MC Benchmark Core Arena]'/minecraft:overworld
[16:59:54] [Worker-Main-13/WARN] (Minecraft) Missing texture references in model minecraft:block/bamboo_fence_inventory:
    particle
[16:59:54] [Worker-Main-13/WARN] (Minecraft) Missing texture references in model minecraft:block/bamboo_fence_side_west:
    particle
[16:59:54] [Worker-Main-13/WARN] (Minecraft) Missing texture references in model minecraft:block/bamboo_fence_side_north:
    particle
[16:59:54] [Worker-Main-13/WARN] (Minecraft) Missing texture references in model minecraft:block/bamboo_fence_side_east:
    particle
[16:59:54] [Worker-Main-13/WARN] (Minecraft) Missing texture references in model minecraft:block/bamboo_fence_side_south:
    particle
[16:59:55] [Render thread/INFO] (Iris) Destroying pipeline minecraft:overworld
[16:59:55] [Render thread/WARN] (Iris) Unable to resolve shader pack option menu element "wetnessMode" defined in shaders.properties
[16:59:55] [Render thread/WARN] (Iris) Unable to resolve shader pack option menu element "windIntensity" defined in shaders.properties
[16:59:55] [Render thread/WARN] (Iris) Unable to resolve shader pack option menu element "planetRadiusScale" defined in shaders.properties
[16:59:55] [Render thread/WARN] (Iris) Unable to resolve shader pack option menu element "cloudShadowsEnabled" defined in shaders.properties
[16:59:55] [Render thread/INFO] (Iris) Profile: Custom (+1 option changed by user)
[16:59:55] [Render thread/INFO] (Iris) Using shaderpack: lowEnd.zip
[16:59:55] [Render thread/INFO] (Iris) Creating pipeline for dimension minecraft:overworld
[16:59:55] [Render thread/WARN] (ProgramCreator) Program link log for composite4: Fragment info
-------------
0(17) : warning C7050: "MinColor" might be used before being initialized
0(18) : warning C7050: "MaxColor" might be used before being initialized

[16:59:55] [Render thread/INFO] (ChunkBuilder) Stopping worker threads
[16:59:55] [Render thread/INFO] (ChunkBuilder) Started 10 worker threads
[16:59:55] [Render thread/INFO] (Minecraft) OpenAL initialized on device 1MORE SonoFlow
[16:59:55] [Render thread/INFO] (Minecraft) Sound engine started
[16:59:55] [Render thread/INFO] (Minecraft) Created: 512x256x0 minecraft:textures/atlas/particles.png-atlas
[16:59:55] [Render thread/INFO] (Minecraft) Created: 128x128x0 minecraft:textures/atlas/decorated_pot.png-atlas
[16:59:55] [Render thread/INFO] (Minecraft) Created: 2048x1024x0 minecraft:textures/atlas/armor_trims.png-atlas
[16:59:55] [Render thread/INFO] (Minecraft) Created: 512x256x0 minecraft:textures/atlas/paintings.png-atlas
[16:59:55] [Render thread/INFO] (Minecraft) Created: 2048x1024x0 minecraft:textures/atlas/shield_patterns.png-atlas
[16:59:55] [Render thread/INFO] (Minecraft) Created: 8192x8192x4 minecraft:textures/atlas/blocks.png-atlas
[16:59:55] [Render thread/INFO] (Minecraft) Created: 4096x4096x0 minecraft:textures/atlas/chest.png-atlas
[16:59:55] [Render thread/INFO] (Minecraft) Created: 256x128x0 minecraft:textures/atlas/celestials.png-atlas
[16:59:55] [Render thread/INFO] (Minecraft) Created: 1024x512x0 minecraft:textures/atlas/banner_patterns.png-atlas
[16:59:55] [Render thread/INFO] (Minecraft) Created: 512x512x0 minecraft:textures/atlas/beds.png-atlas
[16:59:55] [Render thread/INFO] (Minecraft) Created: 4096x4096x0 minecraft:textures/atlas/items.png-atlas
[16:59:55] [Render thread/INFO] (Minecraft) Created: 1024x1024x0 minecraft:textures/atlas/gui.png-atlas
[16:59:55] [Render thread/INFO] (Minecraft) Created: 128x64x0 minecraft:textures/atlas/map_decorations.png-atlas
[16:59:55] [Render thread/INFO] (Minecraft) Created: 512x256x0 minecraft:textures/atlas/signs.png-atlas
[16:59:55] [Render thread/INFO] (Minecraft) Created: 4096x4096x0 minecraft:textures/atlas/shulker_boxes.png-atlas
[16:59:56] [Render thread/INFO] (ChunkBuilder) Stopping worker threads
[16:59:56] [Render thread/INFO] (ChunkBuilder) Started 10 worker threads
[16:59:56] [Render thread/INFO] (fpstest) [HUD] usage column — CPU 3% GPU 19% RAM 16% (tickY=74 heapY=84 entitiesY=94)
[16:59:56] [Render thread/INFO] (ChunkBuilder) Stopping worker threads
[16:59:56] [Render thread/INFO] (ChunkBuilder) Started 10 worker threads
[16:59:56] [Render thread/INFO] (Iris) Destroying pipeline minecraft:overworld
[16:59:56] [Render thread/WARN] (Iris) Unable to resolve shader pack option menu element "wetnessMode" defined in shaders.properties
[16:59:56] [Render thread/WARN] (Iris) Unable to resolve shader pack option menu element "windIntensity" defined in shaders.properties
[16:59:56] [Render thread/WARN] (Iris) Unable to resolve shader pack option menu element "planetRadiusScale" defined in shaders.properties
[16:59:56] [Render thread/WARN] (Iris) Unable to resolve shader pack option menu element "cloudShadowsEnabled" defined in shaders.properties
[16:59:56] [Render thread/INFO] (Iris) Profile: Custom (+1 option changed by user)
[16:59:56] [Render thread/INFO] (Iris) Using shaderpack: lowEnd.zip
[16:59:56] [Render thread/INFO] (Iris) Creating pipeline for dimension minecraft:overworld
[16:59:56] [Render thread/WARN] (ProgramCreator) Program link log for composite4: Fragment info
-------------
0(17) : warning C7050: "MinColor" might be used before being initialized
0(18) : warning C7050: "MaxColor" might be used before being initialized

[16:59:56] [Render thread/INFO] (PackShaderBenchmark) [Minecraft Benchmark Core] Phase 2/4: lowEnd.zip + pbr.zip — shader enabled
[16:59:56] [Render thread/INFO] (PackShaderBenchmark) [Minecraft Benchmark Core] Shader active: lowEnd.zip
[16:59:56] [Render thread/INFO] (fpstest) [BaseFps] segment=intro start tick=1
[16:59:56] [Render thread/INFO] (ChunkBuilder) Stopping worker threads
[16:59:56] [Render thread/INFO] (ChunkBuilder) Started 10 worker threads
[16:59:57] [Render thread/INFO] (Iris) Created: 8192x8192x4 minecraft:textures/atlas/blocks_n.png-atlas
[16:59:57] [Render thread/INFO] (Iris) Created: 8192x8192x4 minecraft:textures/atlas/blocks_s.png-atlas
[16:59:57] [Render thread/INFO] (Iris) Created: 4096x4096x0 minecraft:textures/atlas/items_n.png-atlas
[16:59:58] [Render thread/INFO] (Iris) Created: 4096x4096x0 minecraft:textures/atlas/items_s.png-atlas
[17:00:02] [Render thread/INFO] (Iris) Created: 4096x4096x0 minecraft:textures/atlas/chest_n.png-atlas
[17:00:02] [Render thread/INFO] (Iris) Created: 4096x4096x0 minecraft:textures/atlas/chest_s.png-atlas
[17:00:04] [Render thread/INFO] (fpstest) [BaseFps] segment=plaza_orbit start tick=160
[17:00:06] [Render thread/INFO] (fpstest) [HUD] usage column — CPU 5% GPU 18% RAM 20% (tickY=74 heapY=84 entitiesY=94)
[17:00:10] [Render thread/INFO] (fpstest) [BaseFps] segment=forest_fly start tick=280
[17:00:16] [Render thread/INFO] (fpstest) [HUD] usage column — CPU 3% GPU 18% RAM 11% (tickY=74 heapY=84 entitiesY=94)
[17:00:20] [Render thread/INFO] (fpstest) [BaseFps] segment=forest_orbit start tick=480
[17:00:26] [Render thread/INFO] (fpstest) [HUD] usage column — CPU 2% GPU 19% RAM 18% (tickY=74 heapY=84 entitiesY=94)
[17:00:30] [Render thread/INFO] (fpstest) [BaseFps] segment=base_fly start tick=680
[17:00:36] [Render thread/INFO] (fpstest) [HUD] usage column — CPU 2% GPU 24% RAM 23% (tickY=74 heapY=84 entitiesY=94)
[17:00:39] [Render thread/INFO] (fpstest) [BaseFps] segment=base_orbit start tick=860
[17:00:46] [Render thread/INFO] (fpstest) [HUD] usage column — CPU 2% GPU 24% RAM 14% (tickY=74 heapY=84 entitiesY=94)
[17:00:50] [Render thread/INFO] (fpstest) [BaseFps] segment=village_fly start tick=1080
[17:00:56] [Render thread/INFO] (fpstest) [HUD] usage column — CPU 2% GPU 21% RAM 20% (tickY=74 heapY=84 entitiesY=94)
[17:00:57] [Render thread/INFO] (fpstest) [BaseFps] segment=village start tick=1220
[17:01:06] [Render thread/INFO] (fpstest) [HUD] usage column — CPU 2% GPU 24% RAM 10% (tickY=74 heapY=84 entitiesY=94)
[17:01:07] [Render thread/INFO] (fpstest) [BaseFps] segment=combat_in start tick=1420
[17:01:12] [Render thread/INFO] (fpstest) [BaseFps] segment=combat_orbit start tick=1520
[17:01:16] [Render thread/INFO] (fpstest) [HUD] usage column — CPU 2% GPU 23% RAM 17% (tickY=74 heapY=84 entitiesY=94)
[17:01:25] [Render thread/INFO] (fpstest) [BaseFps] segment=redstone start tick=1780
[17:01:26] [Render thread/INFO] (fpstest) [HUD] usage column — CPU 2% GPU 23% RAM 24% (tickY=74 heapY=84 entitiesY=94)
[17:01:35] [Render thread/INFO] (fpstest) [BaseFps] segment=cave_fly start tick=1980
[17:01:36] [Render thread/INFO] (fpstest) [HUD] usage column — CPU 2% GPU 23% RAM 13% (tickY=74 heapY=84 entitiesY=94)
[17:01:40] [Render thread/INFO] (fpstest) [BaseFps] segment=cave_inside start tick=2090
[17:01:46] [Render thread/INFO] (fpstest) [HUD] usage column — CPU 2% GPU 21% RAM 19% (tickY=74 heapY=84 entitiesY=94)
[17:01:51] [Render thread/INFO] (fpstest) [BaseFps] segment=cave_pull start tick=2290
[17:01:56] [Render thread/INFO] (fpstest) [HUD] usage column — CPU 2% GPU 18% RAM 24% (tickY=74 heapY=84 entitiesY=94)
[17:01:58] [Render thread/INFO] (fpstest) [BaseFps] segment=nether_fly start tick=2440
[17:02:06] [Render thread/INFO] (fpstest) [BaseFps] segment=nether_orbit start tick=2600
[17:02:06] [Render thread/INFO] (fpstest) [HUD] usage column — CPU 2% GPU 17% RAM 14% (tickY=74 heapY=84 entitiesY=94)
[17:02:16] [Render thread/INFO] (fpstest) [HUD] usage column — CPU 2% GPU 18% RAM 19% (tickY=74 heapY=84 entitiesY=94)
[17:02:18] [Render thread/INFO] (fpstest) [BaseFps] segment=end_fly start tick=2840
[17:02:26] [Render thread/INFO] (fpstest) [BaseFps] segment=end_orbit start tick=3000
[17:02:26] [Render thread/INFO] (fpstest) [HUD] usage column — CPU 1% GPU 16% RAM 11% (tickY=74 heapY=84 entitiesY=94)
[17:02:36] [Render thread/INFO] (fpstest) [HUD] usage column — CPU 1% GPU 15% RAM 16% (tickY=74 heapY=84 entitiesY=94)
[17:02:43] [Render thread/INFO] (fpstest) [BaseFps] segment=final start tick=3340
[17:02:46] [Render thread/INFO] (fpstest) [HUD] usage column — CPU 1% GPU 16% RAM 24% (tickY=74 heapY=84 entitiesY=94)
[17:02:56] [Render thread/INFO] (fpstest) [HUD] usage column — CPU 1% GPU 15% RAM 13% (tickY=74 heapY=84 entitiesY=94)
[17:03:06] [Render thread/INFO] (fpstest) [HUD] usage column — CPU 1% GPU 17% RAM 18% (tickY=74 heapY=84 entitiesY=94)
[17:03:08] [Render thread/INFO] (CinematicRunner) [MC Benchmark Core] pack_shader_showcase done — avg 9 fps, 1%low 7 fps, tick 0 ms
[17:03:08] [Render thread/INFO] (Minecraft) Reloading ResourceManager: vanilla, fabric-api, fabric-api-base, fabric-api-lookup-api-v1, fabric-biome-api-v1, fabric-block-api-v1, fabric-block-view-api-v2, fabric-client-gametest-api-v1, fabric-command-api-v2, fabric-content-registries-v0, fabric-convention-tags-v1, fabric-convention-tags-v2, fabric-crash-report-info-v1, fabric-data-attachment-api-v1, fabric-data-generation-api-v1, fabric-dimensions-v1, fabric-entity-events-v1, fabric-events-interaction-v0, fabric-game-rule-api-v1, fabric-gametest-api-v1, fabric-item-api-v1, fabric-item-group-api-v1, fabric-key-binding-api-v1, fabric-lifecycle-events-v1, fabric-loot-api-v2, fabric-loot-api-v3, fabric-message-api-v1, fabric-model-loading-api-v1, fabric-networking-api-v1, fabric-object-builder-api-v1, fabric-particles-v1, fabric-recipe-api-v1, fabric-registry-sync-v0, fabric-renderer-api-v1, fabric-renderer-indigo, fabric-rendering-fluids-v1, fabric-rendering-v1, fabric-resource-conditions-api-v1, fabric-resource-loader-v0, fabric-resource-loader-v1, fabric-screen-api-v1, fabric-screen-handler-api-v1, fabric-serialization-api-v1, fabric-sound-api-v1, fabric-tag-api-v1, fabric-transfer-api-v1, fabric-transitive-access-wideners-v1, fabricloader, fpstest, iris, sodium
[17:03:08] [Render thread/INFO] (PackShaderBenchmark) [Minecraft Benchmark Core] Phase 3/4: highEnd.zip (no pack) — switching
[17:03:08] [Worker-Main-5/INFO] (Minecraft) Found unifont_all_no_pua-17.0.01.hex, loading
[17:03:08] [Worker-Main-7/INFO] (Minecraft) Found unifont_pua-17.0.01.hex, loading
[17:03:08] [Worker-Main-7/INFO] (Minecraft) Found unifont_jp_patch-17.0.01.hex, loading
[17:03:08] [Server thread/INFO] (Minecraft) Saving and pausing game...
[17:03:08] [Server thread/INFO] (Minecraft) Saving chunks for level 'ServerLevel[MC Benchmark Core Arena]'/minecraft:overworld
[17:03:08] [Render thread/INFO] (Iris) Destroying pipeline minecraft:overworld
[17:03:08] [Render thread/WARN] (Iris) Unable to resolve shader pack option menu element "wetnessMode" defined in shaders.properties
[17:03:08] [Render thread/WARN] (Iris) Unable to resolve shader pack option menu element "windIntensity" defined in shaders.properties
[17:03:08] [Render thread/WARN] (Iris) Unable to resolve shader pack option menu element "planetRadiusScale" defined in shaders.properties
[17:03:08] [Render thread/WARN] (Iris) Unable to resolve shader pack option menu element "cloudShadowsEnabled" defined in shaders.properties
[17:03:08] [Render thread/INFO] (Iris) Profile: Custom (+1 option changed by user)
[17:03:08] [Render thread/INFO] (Iris) Using shaderpack: lowEnd.zip
[17:03:08] [Render thread/INFO] (Iris) Creating pipeline for dimension minecraft:overworld
[17:03:08] [Render thread/WARN] (ProgramCreator) Program link log for composite4: Fragment info
-------------
0(17) : warning C7050: "MinColor" might be used before being initialized
0(18) : warning C7050: "MaxColor" might be used before being initialized

[17:03:08] [Render thread/INFO] (Minecraft) OpenAL initialized on device 1MORE SonoFlow
[17:03:08] [Render thread/INFO] (Minecraft) Sound engine started
[17:03:08] [Render thread/INFO] (Minecraft) Created: 512x256x0 minecraft:textures/atlas/particles.png-atlas
[17:03:08] [Render thread/INFO] (Minecraft) Created: 128x128x0 minecraft:textures/atlas/decorated_pot.png-atlas
[17:03:08] [Render thread/INFO] (Minecraft) Created: 2048x1024x0 minecraft:textures/atlas/armor_trims.png-atlas
[17:03:08] [Render thread/INFO] (Minecraft) Created: 512x256x0 minecraft:textures/atlas/paintings.png-atlas
[17:03:08] [Render thread/INFO] (Minecraft) Created: 1024x512x0 minecraft:textures/atlas/shield_patterns.png-atlas
[17:03:08] [Render thread/INFO] (Minecraft) Created: 4096x2048x4 minecraft:textures/atlas/blocks.png-atlas
[17:03:09] [Render thread/INFO] (Minecraft) Created: 512x512x0 minecraft:textures/atlas/chest.png-atlas
[17:03:09] [Render thread/INFO] (Minecraft) Created: 256x128x0 minecraft:textures/atlas/celestials.png-atlas
[17:03:09] [Render thread/INFO] (Minecraft) Created: 1024x512x0 minecraft:textures/atlas/banner_patterns.png-atlas
[17:03:09] [Render thread/INFO] (Minecraft) Created: 512x512x0 minecraft:textures/atlas/beds.png-atlas
[17:03:09] [Render thread/INFO] (Minecraft) Created: 1024x512x0 minecraft:textures/atlas/items.png-atlas
[17:03:09] [Render thread/INFO] (Minecraft) Created: 1024x1024x0 minecraft:textures/atlas/gui.png-atlas
[17:03:09] [Render thread/INFO] (Minecraft) Created: 128x64x0 minecraft:textures/atlas/map_decorations.png-atlas
[17:03:09] [Render thread/INFO] (Minecraft) Created: 512x256x0 minecraft:textures/atlas/signs.png-atlas
[17:03:09] [Render thread/INFO] (Minecraft) Created: 512x512x0 minecraft:textures/atlas/shulker_boxes.png-atlas
[17:03:09] [Render thread/INFO] (ChunkBuilder) Stopping worker threads
[17:03:09] [Render thread/INFO] (ChunkBuilder) Started 10 worker threads
[17:03:09] [Render thread/INFO] (ChunkBuilder) Stopping worker threads
[17:03:09] [Render thread/INFO] (ChunkBuilder) Started 10 worker threads
[17:03:09] [Render thread/INFO] (Iris) Destroying pipeline minecraft:overworld
[17:03:09] [Render thread/INFO] (Iris) Profile: Custom (+0 options changed by user)
[17:03:09] [Render thread/INFO] (Iris) Using shaderpack: highEnd.zip
[17:03:09] [Render thread/INFO] (Iris) Creating pipeline for dimension minecraft:overworld
[17:03:10] [Render thread/INFO] (ChunkBuilder) Stopping worker threads
[17:03:10] [Render thread/INFO] (ChunkBuilder) Started 10 worker threads
[17:03:10] [Render thread/INFO] (PackShaderBenchmark) [Minecraft Benchmark Core] Phase 3/4: highEnd.zip (no pack) — shader enabled
[17:03:10] [Render thread/INFO] (PackShaderBenchmark) [Minecraft Benchmark Core] Shader active: highEnd.zip
[17:03:10] [Render thread/INFO] (fpstest) [BaseFps] segment=intro start tick=1
[17:03:10] [Render thread/WARN] (Iris) Failed to find the tag minecraft:lava
[17:03:10] [Render thread/WARN] (Iris) Failed to find the tag minecraft:water
[17:03:10] [Render thread/INFO] (ChunkBuilder) Stopping worker threads
[17:03:10] [Render thread/INFO] (ChunkBuilder) Started 10 worker threads
[17:03:17] [Render thread/INFO] (fpstest) [HUD] usage column — CPU 3% GPU 17% RAM 11% (tickY=74 heapY=84 entitiesY=94)
[17:03:18] [Render thread/INFO] (fpstest) [BaseFps] segment=plaza_orbit start tick=160
[17:03:24] [Render thread/INFO] (fpstest) [BaseFps] segment=forest_fly start tick=280
[17:03:27] [Render thread/INFO] (fpstest) [HUD] usage column — CPU 4% GPU 21% RAM 16% (tickY=74 heapY=84 entitiesY=94)
[17:03:34] [Render thread/INFO] (fpstest) [BaseFps] segment=forest_orbit start tick=480
[17:03:37] [Render thread/INFO] (fpstest) [HUD] usage column — CPU 2% GPU 25% RAM 22% (tickY=74 heapY=84 entitiesY=94)
[17:03:44] [Render thread/INFO] (fpstest) [BaseFps] segment=base_fly start tick=680
[17:03:47] [Render thread/INFO] (fpstest) [HUD] usage column — CPU 2% GPU 25% RAM 13% (tickY=74 heapY=84 entitiesY=94)
[17:03:53] [Render thread/INFO] (fpstest) [BaseFps] segment=base_orbit start tick=860
[17:03:57] [Render thread/INFO] (fpstest) [HUD] usage column — CPU 2% GPU 26% RAM 18% (tickY=74 heapY=84 entitiesY=94)
[17:04:04] [Render thread/INFO] (fpstest) [BaseFps] segment=village_fly start tick=1080
[17:04:07] [Render thread/INFO] (fpstest) [HUD] usage column — CPU 1% GPU 24% RAM 23% (tickY=74 heapY=84 entitiesY=94)
[17:04:11] [Render thread/INFO] (fpstest) [BaseFps] segment=village start tick=1220
[17:04:17] [Render thread/INFO] (fpstest) [HUD] usage column — CPU 1% GPU 23% RAM 15% (tickY=74 heapY=84 entitiesY=94)
[17:04:21] [Render thread/INFO] (fpstest) [BaseFps] segment=combat_in start tick=1420
[17:04:26] [Render thread/INFO] (fpstest) [BaseFps] segment=combat_orbit start tick=1520
[17:04:27] [Render thread/INFO] (fpstest) [HUD] usage column — CPU 2% GPU 25% RAM 21% (tickY=74 heapY=84 entitiesY=94)
[17:04:37] [Render thread/INFO] (fpstest) [HUD] usage column — CPU 2% GPU 27% RAM 12% (tickY=74 heapY=84 entitiesY=94)
[17:04:39] [Render thread/INFO] (fpstest) [BaseFps] segment=redstone start tick=1780
[17:04:47] [Render thread/INFO] (fpstest) [HUD] usage column — CPU 1% GPU 27% RAM 18% (tickY=74 heapY=84 entitiesY=94)
[17:04:49] [Render thread/INFO] (fpstest) [BaseFps] segment=cave_fly start tick=1980
[17:04:54] [Render thread/INFO] (fpstest) [BaseFps] segment=cave_inside start tick=2090
[17:04:57] [Render thread/INFO] (fpstest) [HUD] usage column — CPU 1% GPU 26% RAM 23% (tickY=74 heapY=84 entitiesY=94)
[17:05:04] [Render thread/INFO] (fpstest) [BaseFps] segment=cave_pull start tick=2290
[17:05:07] [Render thread/INFO] (fpstest) [HUD] usage column — CPU 2% GPU 25% RAM 13% (tickY=74 heapY=84 entitiesY=94)
[17:05:12] [Render thread/INFO] (fpstest) [BaseFps] segment=nether_fly start tick=2440
[17:05:17] [Render thread/INFO] (fpstest) [HUD] usage column — CPU 2% GPU 23% RAM 19% (tickY=74 heapY=84 entitiesY=94)
[17:05:20] [Render thread/INFO] (fpstest) [BaseFps] segment=nether_orbit start tick=2600
[17:05:27] [Render thread/INFO] (fpstest) [HUD] usage column — CPU 1% GPU 24% RAM 9% (tickY=74 heapY=84 entitiesY=94)
[17:05:32] [Render thread/INFO] (fpstest) [BaseFps] segment=end_fly start tick=2840
[17:05:37] [Render thread/INFO] (fpstest) [HUD] usage column — CPU 2% GPU 25% RAM 17% (tickY=74 heapY=84 entitiesY=94)
[17:05:40] [Render thread/INFO] (fpstest) [BaseFps] segment=end_orbit start tick=3000
[17:05:47] [Render thread/INFO] (fpstest) [HUD] usage column — CPU 1% GPU 24% RAM 21% (tickY=74 heapY=84 entitiesY=94)
[17:05:57] [Render thread/INFO] (fpstest) [BaseFps] segment=final start tick=3340
[17:05:57] [Render thread/INFO] (fpstest) [HUD] usage column — CPU 1% GPU 22% RAM 10% (tickY=74 heapY=84 entitiesY=94)
[17:06:08] [Render thread/INFO] (fpstest) [HUD] usage column — CPU 1% GPU 23% RAM 15% (tickY=74 heapY=84 entitiesY=94)
[17:06:18] [Render thread/INFO] (fpstest) [HUD] usage column — CPU 1% GPU 23% RAM 21% (tickY=74 heapY=84 entitiesY=94)
[17:06:22] [Render thread/INFO] (CinematicRunner) [MC Benchmark Core] pack_shader_showcase done — avg 9 fps, 1%low 7 fps, tick 0 ms
[17:06:22] [Render thread/INFO] (Minecraft) Reloading ResourceManager: vanilla, fabric-api, fabric-api-base, fabric-api-lookup-api-v1, fabric-biome-api-v1, fabric-block-api-v1, fabric-block-view-api-v2, fabric-client-gametest-api-v1, fabric-command-api-v2, fabric-content-registries-v0, fabric-convention-tags-v1, fabric-convention-tags-v2, fabric-crash-report-info-v1, fabric-data-attachment-api-v1, fabric-data-generation-api-v1, fabric-dimensions-v1, fabric-entity-events-v1, fabric-events-interaction-v0, fabric-game-rule-api-v1, fabric-gametest-api-v1, fabric-item-api-v1, fabric-item-group-api-v1, fabric-key-binding-api-v1, fabric-lifecycle-events-v1, fabric-loot-api-v2, fabric-loot-api-v3, fabric-message-api-v1, fabric-model-loading-api-v1, fabric-networking-api-v1, fabric-object-builder-api-v1, fabric-particles-v1, fabric-recipe-api-v1, fabric-registry-sync-v0, fabric-renderer-api-v1, fabric-renderer-indigo, fabric-rendering-fluids-v1, fabric-rendering-v1, fabric-resource-conditions-api-v1, fabric-resource-loader-v0, fabric-resource-loader-v1, fabric-screen-api-v1, fabric-screen-handler-api-v1, fabric-serialization-api-v1, fabric-sound-api-v1, fabric-tag-api-v1, fabric-transfer-api-v1, fabric-transitive-access-wideners-v1, fabricloader, fpstest, iris, sodium, file/pbr.zip
[17:06:22] [Render thread/INFO] (PackShaderBenchmark) [Minecraft Benchmark Core] Phase 4/4: highEnd.zip + pbr.zip — switching
[17:06:22] [Worker-Main-13/INFO] (Minecraft) Found unifont_all_no_pua-17.0.01.hex, loading
[17:06:22] [Worker-Main-6/INFO] (Minecraft) Found unifont_pua-17.0.01.hex, loading
[17:06:22] [Worker-Main-4/INFO] (Minecraft) Found unifont_jp_patch-17.0.01.hex, loading
[17:06:22] [Worker-Main-11/WARN] (Minecraft) Exception loading blockstate definition: 'minecraft:creaking_heart/file/pbr.zip' for variant: 'active=false,axis=x': Unknown blockstate property: 'active'
[17:06:22] [Worker-Main-11/WARN] (Minecraft) Exception loading blockstate definition: 'minecraft:creaking_heart/file/pbr.zip' for variant: 'active=false,axis=y': Unknown blockstate property: 'active'
[17:06:22] [Worker-Main-11/WARN] (Minecraft) Exception loading blockstate definition: 'minecraft:creaking_heart/file/pbr.zip' for variant: 'active=false,axis=z': Unknown blockstate property: 'active'
[17:06:22] [Worker-Main-11/WARN] (Minecraft) Exception loading blockstate definition: 'minecraft:creaking_heart/file/pbr.zip' for variant: 'active=true,axis=x': Unknown blockstate property: 'active'
[17:06:22] [Worker-Main-11/WARN] (Minecraft) Exception loading blockstate definition: 'minecraft:creaking_heart/file/pbr.zip' for variant: 'active=true,axis=y': Unknown blockstate property: 'active'
[17:06:22] [Worker-Main-11/WARN] (Minecraft) Exception loading blockstate definition: 'minecraft:creaking_heart/file/pbr.zip' for variant: 'active=true,axis=z': Unknown blockstate property: 'active'
[17:06:22] [Server thread/INFO] (Minecraft) Saving and pausing game...
[17:06:22] [Server thread/INFO] (Minecraft) Saving chunks for level 'ServerLevel[MC Benchmark Core Arena]'/minecraft:overworld
[17:06:22] [Worker-Main-10/WARN] (Minecraft) Missing texture references in model minecraft:block/bamboo_fence_inventory:
    particle
[17:06:22] [Worker-Main-10/WARN] (Minecraft) Missing texture references in model minecraft:block/bamboo_fence_side_west:
    particle
[17:06:22] [Worker-Main-10/WARN] (Minecraft) Missing texture references in model minecraft:block/bamboo_fence_side_north:
    particle
[17:06:22] [Worker-Main-10/WARN] (Minecraft) Missing texture references in model minecraft:block/bamboo_fence_side_east:
    particle
[17:06:22] [Worker-Main-10/WARN] (Minecraft) Missing texture references in model minecraft:block/bamboo_fence_side_south:
    particle
[17:06:23] [Render thread/INFO] (Iris) Destroying pipeline minecraft:overworld
[17:06:23] [Render thread/INFO] (Iris) Profile: Custom (+0 options changed by user)
[17:06:23] [Render thread/INFO] (Iris) Using shaderpack: highEnd.zip
[17:06:23] [Render thread/INFO] (Iris) Creating pipeline for dimension minecraft:overworld
[17:06:23] [Render thread/INFO] (ChunkBuilder) Stopping worker threads
[17:06:23] [Render thread/INFO] (ChunkBuilder) Started 10 worker threads
[17:06:24] [Render thread/INFO] (Minecraft) OpenAL initialized on device 1MORE SonoFlow
[17:06:24] [Render thread/INFO] (Minecraft) Sound engine started
[17:06:24] [Render thread/INFO] (Minecraft) Created: 512x256x0 minecraft:textures/atlas/particles.png-atlas
[17:06:24] [Render thread/INFO] (Minecraft) Created: 128x128x0 minecraft:textures/atlas/decorated_pot.png-atlas
[17:06:24] [Render thread/INFO] (Minecraft) Created: 2048x1024x0 minecraft:textures/atlas/armor_trims.png-atlas
[17:06:24] [Render thread/INFO] (Minecraft) Created: 512x256x0 minecraft:textures/atlas/paintings.png-atlas
[17:06:24] [Render thread/INFO] (Minecraft) Created: 2048x1024x0 minecraft:textures/atlas/shield_patterns.png-atlas
[17:06:24] [Render thread/INFO] (Minecraft) Created: 8192x8192x4 minecraft:textures/atlas/blocks.png-atlas
[17:06:24] [Render thread/INFO] (Minecraft) Created: 4096x4096x0 minecraft:textures/atlas/chest.png-atlas
[17:06:24] [Render thread/INFO] (Minecraft) Created: 256x128x0 minecraft:textures/atlas/celestials.png-atlas
[17:06:24] [Render thread/INFO] (Minecraft) Created: 1024x512x0 minecraft:textures/atlas/banner_patterns.png-atlas
[17:06:24] [Render thread/INFO] (Minecraft) Created: 512x512x0 minecraft:textures/atlas/beds.png-atlas
[17:06:24] [Render thread/INFO] (Minecraft) Created: 4096x4096x0 minecraft:textures/atlas/items.png-atlas
[17:06:24] [Render thread/INFO] (Minecraft) Created: 1024x1024x0 minecraft:textures/atlas/gui.png-atlas
[17:06:24] [Render thread/INFO] (Minecraft) Created: 128x64x0 minecraft:textures/atlas/map_decorations.png-atlas
[17:06:24] [Render thread/INFO] (Minecraft) Created: 512x256x0 minecraft:textures/atlas/signs.png-atlas
[17:06:24] [Render thread/INFO] (Minecraft) Created: 4096x4096x0 minecraft:textures/atlas/shulker_boxes.png-atlas
[17:06:24] [Render thread/WARN] (Iris) Failed to find the tag minecraft:lava
[17:06:24] [Render thread/WARN] (Iris) Failed to find the tag minecraft:water
[17:06:24] [Render thread/INFO] (ChunkBuilder) Stopping worker threads
[17:06:24] [Render thread/INFO] (ChunkBuilder) Started 10 worker threads
[17:06:24] [Render thread/INFO] (ChunkBuilder) Stopping worker threads
[17:06:24] [Render thread/INFO] (ChunkBuilder) Started 10 worker threads
[17:06:24] [Render thread/INFO] (Iris) Destroying pipeline minecraft:overworld
[17:06:24] [Render thread/INFO] (Iris) Profile: Custom (+0 options changed by user)
[17:06:24] [Render thread/INFO] (Iris) Using shaderpack: highEnd.zip
[17:06:24] [Render thread/INFO] (Iris) Creating pipeline for dimension minecraft:overworld
[17:06:24] [Render thread/INFO] (PackShaderBenchmark) [Minecraft Benchmark Core] Phase 4/4: highEnd.zip + pbr.zip — shader enabled
[17:06:24] [Render thread/INFO] (PackShaderBenchmark) [Minecraft Benchmark Core] Shader active: highEnd.zip
[17:06:24] [Render thread/INFO] (fpstest) [BaseFps] segment=intro start tick=1
[17:06:25] [Render thread/WARN] (Iris) Failed to find the tag minecraft:lava
[17:06:25] [Render thread/WARN] (Iris) Failed to find the tag minecraft:water
[17:06:25] [Render thread/INFO] (ChunkBuilder) Stopping worker threads
[17:06:25] [Render thread/INFO] (ChunkBuilder) Started 10 worker threads
[17:06:25] [Render thread/INFO] (Iris) Created: 8192x8192x4 minecraft:textures/atlas/blocks_n.png-atlas
[17:06:25] [Render thread/INFO] (Iris) Created: 8192x8192x4 minecraft:textures/atlas/blocks_s.png-atlas
[17:06:26] [Render thread/INFO] (Iris) Created: 4096x4096x0 minecraft:textures/atlas/items_n.png-atlas
[17:06:26] [Render thread/INFO] (Iris) Created: 4096x4096x0 minecraft:textures/atlas/items_s.png-atlas
[17:06:28] [Render thread/INFO] (fpstest) [HUD] usage column — CPU 4% GPU 22% RAM 12% (tickY=74 heapY=84 entitiesY=94)
[17:06:30] [Render thread/INFO] (Iris) Created: 4096x4096x0 minecraft:textures/atlas/chest_n.png-atlas
[17:06:30] [Render thread/INFO] (Iris) Created: 4096x4096x0 minecraft:textures/atlas/chest_s.png-atlas
[17:06:33] [Render thread/INFO] (fpstest) [BaseFps] segment=plaza_orbit start tick=160
[17:06:38] [Render thread/INFO] (fpstest) [HUD] usage column — CPU 4% GPU 23% RAM 18% (tickY=74 heapY=84 entitiesY=94)
[17:06:39] [Render thread/INFO] (fpstest) [BaseFps] segment=forest_fly start tick=280
[17:06:48] [Render thread/INFO] (fpstest) [HUD] usage column — CPU 2% GPU 24% RAM 24% (tickY=74 heapY=84 entitiesY=94)
[17:06:49] [Render thread/INFO] (fpstest) [BaseFps] segment=forest_orbit start tick=480
[17:06:58] [Render thread/INFO] (fpstest) [HUD] usage column — CPU 2% GPU 27% RAM 14% (tickY=74 heapY=84 entitiesY=94)
[17:06:59] [Render thread/INFO] (fpstest) [BaseFps] segment=base_fly start tick=680
[17:07:08] [Render thread/INFO] (fpstest) [BaseFps] segment=base_orbit start tick=860
[17:07:08] [Render thread/INFO] (fpstest) [HUD] usage column — CPU 2% GPU 30% RAM 19% (tickY=74 heapY=84 entitiesY=94)
[17:07:18] [Render thread/INFO] (fpstest) [HUD] usage column — CPU 2% GPU 29% RAM 25% (tickY=74 heapY=84 entitiesY=94)
[17:07:19] [Render thread/INFO] (fpstest) [BaseFps] segment=village_fly start tick=1080
[17:07:26] [Render thread/INFO] (fpstest) [BaseFps] segment=village start tick=1220
[17:07:28] [Render thread/INFO] (fpstest) [HUD] usage column — CPU 2% GPU 28% RAM 16% (tickY=74 heapY=84 entitiesY=94)
[17:07:36] [Render thread/INFO] (fpstest) [BaseFps] segment=combat_in start tick=1420
[17:07:38] [Render thread/INFO] (fpstest) [HUD] usage column — CPU 2% GPU 29% RAM 22% (tickY=74 heapY=84 entitiesY=94)
[17:07:41] [Render thread/INFO] (fpstest) [BaseFps] segment=combat_orbit start tick=1520
[17:07:48] [Render thread/INFO] (fpstest) [HUD] usage column — CPU 2% GPU 31% RAM 12% (tickY=74 heapY=84 entitiesY=94)
[17:07:54] [Render thread/INFO] (fpstest) [BaseFps] segment=redstone start tick=1780
[17:07:58] [Render thread/INFO] (fpstest) [HUD] usage column — CPU 2% GPU 32% RAM 18% (tickY=74 heapY=84 entitiesY=94)
[17:08:04] [Render thread/INFO] (fpstest) [BaseFps] segment=cave_fly start tick=1980
[17:08:08] [Render thread/INFO] (fpstest) [HUD] usage column — CPU 2% GPU 27% RAM 24% (tickY=74 heapY=84 entitiesY=94)
[17:08:09] [Render thread/INFO] (fpstest) [BaseFps] segment=cave_inside start tick=2090
[17:08:18] [Render thread/INFO] (fpstest) [HUD] usage column — CPU 2% GPU 25% RAM 14% (tickY=74 heapY=84 entitiesY=94)
[17:08:19] [Render thread/INFO] (fpstest) [BaseFps] segment=cave_pull start tick=2290
[17:08:27] [Render thread/INFO] (fpstest) [BaseFps] segment=nether_fly start tick=2440
[17:08:28] [Render thread/INFO] (fpstest) [HUD] usage column — CPU 2% GPU 28% RAM 20% (tickY=74 heapY=84 entitiesY=94)
[17:08:35] [Render thread/INFO] (fpstest) [BaseFps] segment=nether_orbit start tick=2600
[17:08:38] [Render thread/INFO] (fpstest) [HUD] usage column — CPU 2% GPU 30% RAM 10% (tickY=74 heapY=84 entitiesY=94)
[17:08:47] [Render thread/INFO] (fpstest) [BaseFps] segment=end_fly start tick=2840
[17:08:48] [Render thread/INFO] (fpstest) [HUD] usage column — CPU 2% GPU 28% RAM 18% (tickY=74 heapY=84 entitiesY=94)
[17:08:55] [Render thread/INFO] (fpstest) [BaseFps] segment=end_orbit start tick=3000
[17:08:58] [Render thread/INFO] (fpstest) [HUD] usage column — CPU 2% GPU 29% RAM 24% (tickY=74 heapY=84 entitiesY=94)
[17:09:08] [Render thread/INFO] (fpstest) [HUD] usage column — CPU 1% GPU 30% RAM 13% (tickY=74 heapY=84 entitiesY=94)
[17:09:12] [Render thread/INFO] (fpstest) [BaseFps] segment=final start tick=3340
[17:09:18] [Render thread/INFO] (fpstest) [HUD] usage column — CPU 1% GPU 27% RAM 23% (tickY=74 heapY=84 entitiesY=94)
[17:09:28] [Render thread/INFO] (fpstest) [HUD] usage column — CPU 2% GPU 26% RAM 15% (tickY=74 heapY=84 entitiesY=94)
[17:09:37] [Render thread/INFO] (CinematicRunner) [MC Benchmark Core] pack_shader_showcase done — avg 9 fps, 1%low 7 fps, tick 0 ms
[17:09:38] [Render thread/INFO] (fpstest) [HUD] usage column — CPU 2% GPU 27% RAM 22% (tickY=74 heapY=84 entitiesY=94)
[17:09:40] [Render thread/INFO] (Iris) Destroying pipeline minecraft:overworld
[17:09:40] [Render thread/INFO] (Iris) Shaders are disabled because enableShaders is set to false in iris.properties
[17:09:40] [Render thread/INFO] (Iris) Creating pipeline for dimension minecraft:overworld
[17:09:40] [Render thread/INFO] (ChunkBuilder) Stopping worker threads
[17:09:40] [Render thread/INFO] (ChunkBuilder) Started 10 worker threads
[17:09:40] [Render thread/INFO] (PackShaderBenchmark) [Minecraft Benchmark Core] restored Iris state: enabled=false, pack=(internal)
[17:09:40] [Render thread/INFO] (Minecraft) Reloading ResourceManager: vanilla, fabric-api, fabric-api-base, fabric-api-lookup-api-v1, fabric-biome-api-v1, fabric-block-api-v1, fabric-block-view-api-v2, fabric-client-gametest-api-v1, fabric-command-api-v2, fabric-content-registries-v0, fabric-convention-tags-v1, fabric-convention-tags-v2, fabric-crash-report-info-v1, fabric-data-attachment-api-v1, fabric-data-generation-api-v1, fabric-dimensions-v1, fabric-entity-events-v1, fabric-events-interaction-v0, fabric-game-rule-api-v1, fabric-gametest-api-v1, fabric-item-api-v1, fabric-item-group-api-v1, fabric-key-binding-api-v1, fabric-lifecycle-events-v1, fabric-loot-api-v2, fabric-loot-api-v3, fabric-message-api-v1, fabric-model-loading-api-v1, fabric-networking-api-v1, fabric-object-builder-api-v1, fabric-particles-v1, fabric-recipe-api-v1, fabric-registry-sync-v0, fabric-renderer-api-v1, fabric-renderer-indigo, fabric-rendering-fluids-v1, fabric-rendering-v1, fabric-resource-conditions-api-v1, fabric-resource-loader-v0, fabric-resource-loader-v1, fabric-screen-api-v1, fabric-screen-handler-api-v1, fabric-serialization-api-v1, fabric-sound-api-v1, fabric-tag-api-v1, fabric-transfer-api-v1, fabric-transitive-access-wideners-v1, fabricloader, fpstest, iris, sodium
[17:09:40] [Worker-Main-13/INFO] (Minecraft) Found unifont_all_no_pua-17.0.01.hex, loading
[17:09:40] [Worker-Main-2/INFO] (Minecraft) Found unifont_pua-17.0.01.hex, loading
[17:09:40] [Worker-Main-5/INFO] (Minecraft) Found unifont_jp_patch-17.0.01.hex, loading
[17:09:40] [Server thread/INFO] (Minecraft) Player773 lost connection: Disconnected
[17:09:40] [Server thread/INFO] (Minecraft) Player773 left the game
[17:09:40] [Server thread/INFO] (Minecraft) Stopping singleplayer server as player logged out
[17:09:40] [Server thread/INFO] (Minecraft) Stopping server
[17:09:40] [Server thread/INFO] (Minecraft) Saving players
[17:09:40] [Server thread/INFO] (Minecraft) Saving worlds
[17:09:40] [Server thread/INFO] (Minecraft) Saving chunks for level 'ServerLevel[MC Benchmark Core Arena]'/minecraft:overworld
[17:09:40] [Server thread/INFO] (Minecraft) ThreadedAnvilChunkStorage (fpstest-arena): All chunks are saved
[17:09:40] [Server thread/INFO] (Minecraft) ThreadedAnvilChunkStorage: All dimensions are saved
[17:09:40] [Render thread/INFO] (ChunkBuilder) Stopping worker threads
[17:09:40] [Render thread/WARN] (Minecraft) Client disconnected with reason: MC Benchmark Core — finished
[17:09:41] [Render thread/INFO] (CinematicRunner) [MC Benchmark Core] session report written to /home/ascend/randomBullshit/mcBenchmarkCore/run/fpstest-reports/2026-09-15T16-38-30.896178350
[17:09:41] [Render thread/INFO] (Iris) Destroying pipeline minecraft:overworld
[17:09:41] [Render thread/INFO] (Iris) Shaders are disabled because enableShaders is set to false in iris.properties
[17:09:41] [Render thread/INFO] (FullBenchmarkConfig) [Minecraft Benchmark Core] FULL BENCHMARK restored user config: shaders=false, pack=(internal), resourcePacks=[vanilla, fabric-api, fabric-api-base, fabric-api-lookup-api-v1, fabric-biome-api-v1, fabric-block-api-v1, fabric-block-view-api-v2, fabric-client-gametest-api-v1, fabric-command-api-v2, fabric-content-registries-v0, fabric-convention-tags-v1, fabric-convention-tags-v2, fabric-crash-report-info-v1, fabric-data-attachment-api-v1, fabric-data-generation-api-v1, fabric-dimensions-v1, fabric-entity-events-v1, fabric-events-interaction-v0, fabric-game-rule-api-v1, fabric-gametest-api-v1, fabric-item-api-v1, fabric-item-group-api-v1, fabric-key-binding-api-v1, fabric-lifecycle-events-v1, fabric-loot-api-v2, fabric-loot-api-v3, fabric-message-api-v1, fabric-model-loading-api-v1, fabric-networking-api-v1, fabric-object-builder-api-v1, fabric-particles-v1, fabric-recipe-api-v1, fabric-registry-sync-v0, fabric-renderer-api-v1, fabric-renderer-indigo, fabric-rendering-fluids-v1, fabric-rendering-v1, fabric-resource-conditions-api-v1, fabric-resource-loader-v0, fabric-resource-loader-v1, fabric-screen-api-v1, fabric-screen-handler-api-v1, fabric-serialization-api-v1, fabric-sound-api-v1, fabric-tag-api-v1, fabric-transfer-api-v1, fabric-transitive-access-wideners-v1, fabricloader, fpstest, iris, sodium]
[17:09:41] [Render thread/INFO] (CinematicRunner) [MC Benchmark Core] restored render distance to 16 chunks
[17:09:41] [Render thread/WARN] (Minecraft) Reload already ongoing, replacing
[17:09:41] [Render thread/INFO] (Minecraft) Reloading ResourceManager: vanilla, fabric-api, fabric-api-base, fabric-api-lookup-api-v1, fabric-biome-api-v1, fabric-block-api-v1, fabric-block-view-api-v2, fabric-client-gametest-api-v1, fabric-command-api-v2, fabric-content-registries-v0, fabric-convention-tags-v1, fabric-convention-tags-v2, fabric-crash-report-info-v1, fabric-data-attachment-api-v1, fabric-data-generation-api-v1, fabric-dimensions-v1, fabric-entity-events-v1, fabric-events-interaction-v0, fabric-game-rule-api-v1, fabric-gametest-api-v1, fabric-item-api-v1, fabric-item-group-api-v1, fabric-key-binding-api-v1, fabric-lifecycle-events-v1, fabric-loot-api-v2, fabric-loot-api-v3, fabric-message-api-v1, fabric-model-loading-api-v1, fabric-networking-api-v1, fabric-object-builder-api-v1, fabric-particles-v1, fabric-recipe-api-v1, fabric-registry-sync-v0, fabric-renderer-api-v1, fabric-renderer-indigo, fabric-rendering-fluids-v1, fabric-rendering-v1, fabric-resource-conditions-api-v1, fabric-resource-loader-v0, fabric-resource-loader-v1, fabric-screen-api-v1, fabric-screen-handler-api-v1, fabric-serialization-api-v1, fabric-sound-api-v1, fabric-tag-api-v1, fabric-transfer-api-v1, fabric-transitive-access-wideners-v1, fabricloader, fpstest, iris, sodium
[17:09:41] [Worker-Main-8/INFO] (Minecraft) Found unifont_pua-17.0.01.hex, loading
[17:09:41] [Worker-Main-7/INFO] (Minecraft) Found unifont_all_no_pua-17.0.01.hex, loading
[17:09:41] [Worker-Main-14/INFO] (Minecraft) Found unifont_jp_patch-17.0.01.hex, loading
[17:09:41] [Render thread/INFO] (Iris) Shaders are disabled because enableShaders is set to false in iris.properties
[17:09:41] [Render thread/INFO] (Minecraft) OpenAL initialized on device 1MORE SonoFlow
[17:09:41] [Render thread/INFO] (Minecraft) Sound engine started
[17:09:41] [Render thread/INFO] (Minecraft) Created: 512x256x0 minecraft:textures/atlas/particles.png-atlas
[17:09:41] [Render thread/INFO] (Minecraft) Created: 128x128x0 minecraft:textures/atlas/decorated_pot.png-atlas
[17:09:41] [Render thread/INFO] (Minecraft) Created: 2048x1024x0 minecraft:textures/atlas/armor_trims.png-atlas
[17:09:41] [Render thread/INFO] (Minecraft) Created: 512x256x0 minecraft:textures/atlas/paintings.png-atlas
[17:09:41] [Render thread/INFO] (Minecraft) Created: 1024x512x0 minecraft:textures/atlas/shield_patterns.png-atlas
[17:09:41] [Render thread/INFO] (Minecraft) Created: 4096x2048x4 minecraft:textures/atlas/blocks.png-atlas
[17:09:41] [Render thread/INFO] (Minecraft) Created: 512x512x0 minecraft:textures/atlas/chest.png-atlas
[17:09:41] [Render thread/INFO] (Minecraft) Created: 256x128x0 minecraft:textures/atlas/celestials.png-atlas
[17:09:41] [Render thread/INFO] (Minecraft) Created: 1024x512x0 minecraft:textures/atlas/banner_patterns.png-atlas
[17:09:41] [Render thread/INFO] (Minecraft) Created: 512x512x0 minecraft:textures/atlas/beds.png-atlas
[17:09:41] [Render thread/INFO] (Minecraft) Created: 1024x512x0 minecraft:textures/atlas/items.png-atlas
[17:09:41] [Render thread/INFO] (Minecraft) Created: 1024x1024x0 minecraft:textures/atlas/gui.png-atlas
[17:09:41] [Render thread/INFO] (Minecraft) Created: 128x64x0 minecraft:textures/atlas/map_decorations.png-atlas
[17:09:41] [Render thread/INFO] (Minecraft) Created: 512x256x0 minecraft:textures/atlas/signs.png-atlas
[17:09:41] [Render thread/INFO] (Minecraft) Created: 512x512x0 minecraft:textures/atlas/shulker_boxes.png-atlas
[17:09:42] [Render thread/INFO] (FullBenchmarkConfig) [Minecraft Benchmark Core] restored resource pack selection and reloaded: before=[vanilla, fabric-api, fabric-api-base, fabric-api-lookup-api-v1, fabric-biome-api-v1, fabric-block-api-v1, fabric-block-view-api-v2, fabric-client-gametest-api-v1, fabric-command-api-v2, fabric-content-registries-v0, fabric-convention-tags-v1, fabric-convention-tags-v2, fabric-crash-report-info-v1, fabric-data-attachment-api-v1, fabric-data-generation-api-v1, fabric-dimensions-v1, fabric-entity-events-v1, fabric-events-interaction-v0, fabric-game-rule-api-v1, fabric-gametest-api-v1, fabric-item-api-v1, fabric-item-group-api-v1, fabric-key-binding-api-v1, fabric-lifecycle-events-v1, fabric-loot-api-v2, fabric-loot-api-v3, fabric-message-api-v1, fabric-model-loading-api-v1, fabric-networking-api-v1, fabric-object-builder-api-v1, fabric-particles-v1, fabric-recipe-api-v1, fabric-registry-sync-v0, fabric-renderer-api-v1, fabric-renderer-indigo, fabric-rendering-fluids-v1, fabric-rendering-v1, fabric-resource-conditions-api-v1, fabric-resource-loader-v0, fabric-resource-loader-v1, fabric-screen-api-v1, fabric-screen-handler-api-v1, fabric-serialization-api-v1, fabric-sound-api-v1, fabric-tag-api-v1, fabric-transfer-api-v1, fabric-transitive-access-wideners-v1, fabricloader, fpstest, iris, sodium], after=[vanilla, fabric-api, fabric-api-base, fabric-api-lookup-api-v1, fabric-biome-api-v1, fabric-block-api-v1, fabric-block-view-api-v2, fabric-client-gametest-api-v1, fabric-command-api-v2, fabric-content-registries-v0, fabric-convention-tags-v1, fabric-convention-tags-v2, fabric-crash-report-info-v1, fabric-data-attachment-api-v1, fabric-data-generation-api-v1, fabric-dimensions-v1, fabric-entity-events-v1, fabric-events-interaction-v0, fabric-game-rule-api-v1, fabric-gametest-api-v1, fabric-item-api-v1, fabric-item-group-api-v1, fabric-key-binding-api-v1, fabric-lifecycle-events-v1, fabric-loot-api-v2, fabric-loot-api-v3, fabric-message-api-v1, fabric-model-loading-api-v1, fabric-networking-api-v1, fabric-object-builder-api-v1, fabric-particles-v1, fabric-recipe-api-v1, fabric-registry-sync-v0, fabric-renderer-api-v1, fabric-renderer-indigo, fabric-rendering-fluids-v1, fabric-rendering-v1, fabric-resource-conditions-api-v1, fabric-resource-loader-v0, fabric-resource-loader-v1, fabric-screen-api-v1, fabric-screen-handler-api-v1, fabric-serialization-api-v1, fabric-sound-api-v1, fabric-tag-api-v1, fabric-transfer-api-v1, fabric-transitive-access-wideners-v1, fabricloader, fpstest, iris, sodium], pbr.zip present=false
[20:01:45] [Render thread/INFO] (Minecraft) Stopping!
