com/mojang/blaze3d/framegraph/FramePass	0	0
net/minecraft/client/renderer/entity/state/ItemFrameRenderState	10	13
	10	13
net/minecraft/client/searchtree/SuffixArray	229	218
	20	22
	21	23
	23	24
	27	27
	36	35
	37	36
	38	37
	40	38
	41	40
	42	41
	43	42
	44	43
	46	46
	47	47
	48	48
	49	49
	52	52
	54	53
	56	54
	57	55
	58	56
	60	57
	61	57
	62	57
	64	57
	67	58
	68	59
	69	60
	70	61
	71	62
	73	63
	74	64
	75	65
	77	66
	78	67
	79	68
	81	70
	83	72
	84	73
	87	76
	89	78
	90	78
	91	79
	92	80
	93	81
	94	79
	97	84
	99	86
	100	87
	101	88
	103	90
	107	78
	110	95
	111	96
	113	97
	114	98
	115	100
	116	101
	117	102
	118	103
	120	106
	121	107
	123	109
	126	112
	127	113
	129	116
	130	117
	133	120
	134	121
	136	122
	137	124
	138	125
	139	126
	141	129
	142	130
	145	134
	147	137
	152	141
	153	142
	155	144
	156	145
	157	146
	158	147
	161	150
	162	151
	163	152
	164	153
	165	156
	166	157
	170	161
	174	165
	178	166
	179	167
	181	169
	182	170
	183	171
	184	172
	185	173
	187	176
	188	177
	190	179
	194	183
	195	218
	198	184
	200	185
	201	187
	202	188
	203	189
	204	190
	205	191
	207	194
	208	195
	210	197
	214	201
	217	202
	218	204
	219	205
	222	208
	223	209
	225	210
	226	212
	227	213
	229	216
net/minecraft/client/MouseHandler	457	448
	37	36
	73	61
	74	62
	75	63
	78	66
	79	67
	80	155
	83	68
	85	69
	86	70
	89	73
	91	74
	92	75
	93	76
	94	77
	96	80
	97	81
	98	82
	99	83
	100	84
	102	87
	105	90
	107	91
	108	92
	109	93
	112	96
	113	97
	114	98
	115	99
	117	100
	118	101
	120	104
	121	105
	122	109
	123	110
	124	111
	125	112
	127	114
	128	115
	129	116
	130	117
	131	118
	132	119
	133	120
	137	124
	138	125
	140	127
	141	128
	142	129
	143	130
	145	131
	147	132
	148	133
	152	139
	153	140
	154	141
	155	142
	156	143
	157	144
	158	145
	161	148
	162	149
	163	150
	164	151
	167	155
	170	158
	171	159
	172	160
	173	161
	174	162
	176	164
	177	165
	178	166
	181	170
	185	177
	186	183
	187	192
	190	195
	191	196
	192	197
	193	198
	194	199
	195	200
	196	201
	198	202
	199	203
	200	204
	201	205
	202	206
	203	207
	204	208
	205	209
	206	210
	208	213
	210	214
	211	215
	212	216
	214	218
	215	219
	221	222
	222	223
	226	228
	229	231
	230	232
	231	233
	234	236
	235	237
	237	239
	240	242
	241	242
	243	243
	244	244
	245	245
	246	245
	248	246
	249	247
	250	249
	251	250
	253	253
	254	254
	255	255
	256	256
	259	260
	260	261
	261	262
	263	264
	265	265
	268	268
	269	283
	271	269
	272	270
	273	271
	274	272
	275	283
	278	274
	279	275
	280	276
	283	279
	284	280
	285	283
	289	286
	290	287
	291	288
	292	289
	293	290
	294	291
	295	292
	296	293
	298	296
	299	297
	300	298
	301	299
	304	302
	305	303
	306	304
	307	305
	308	306
	309	307
	310	308
	313	311
	314	312
	315	313
	317	316
	318	317
	319	318
	320	319
	321	320
	322	321
	323	322
	326	326
	328	329
	329	330
	332	334
	333	335
	334	336
	337	339
	341	343
	345	347
	349	351
	356	355
	357	356
	358	357
	360	360
	361	361
	362	362
	363	363
	364	364
	365	365
	366	366
	367	367
	369	368
	370	369
	372	371
	373	372
	375	373
	376	374
	379	377
	380	378
	381	379
	382	379
	383	379
	386	381
	389	384
	393	388
	397	392
	401	396
	405	400
	409	404
	410	405
	415	408
	419	412
	420	427
	422	413
	423	427
	425	414
	426	415
	428	418
	429	419
	430	420
	431	421
	432	422
	433	423
	434	424
	435	427
	438	430
	439	436
	441	431
	442	432
	443	433
	444	434
	445	436
	448	439
	449	440
	452	443
	453	444
	454	445
	455	446
	456	447
	457	448
net/minecraft/client/gui/components/debug/DebugScreenEntry	15	18
	11	14
	15	18
net/minecraft/client/color/item/Constant	28	31
	18	21
	19	22
	23	26
	28	31
	13	17
	14	17
	15	17
net/minecraft/client/animation/definitions/NautilusAnimation	54	80
	11	12
	12	14
	13	18
	14	19
	15	20
	16	21
	17	22
	19	25
	20	29
	21	30
	22	31
	23	32
	24	33
	26	36
	27	40
	28	41
	29	42
	30	43
	31	44
	33	47
	34	51
	35	52
	36	53
	37	54
	38	55
	40	58
	41	62
	42	63
	43	64
	44	65
	45	66
	47	69
	48	73
	49	74
	50	75
	51	76
	52	77
	54	80
com/mojang/realmsclient/client/worldupload/package-info	0	0
net/minecraft/client/model/object/skull/package-info	0	0
com/mojang/realmsclient/exception/RealmsServiceException	14	17
	9	12
	10	13
	14	17
net/minecraft/client/model/object/statue/package-info	0	0
net/minecraft/client/renderer/item/properties/select/ComponentContents	64	59
	64	59
	33	29
	35	31
	37	32
	38	34
	43	38
	49	42
	20	20
	54	49
	24	23
	25	25
	26	26
	27	26
	59	54
	29	26
	31	28
net/minecraft/client/gui/screens/worldselection/InitialWorldCreationOptions	0	0
net/minecraft/client/gui/components/MultiLineLabel	101	109
	67	69
	68	70
	69	71
	71	74
	72	75
	73	77
	74	78
	76	81
	78	82
	79	83
	80	85
	81	86
	82	87
	83	88
	20	22
	84	89
	85	91
	86	93
	88	95
	25	27
	91	99
	30	32
	96	104
	35	37
	101	109
	39	41
	43	45
	47	49
	48	50
	57	57
	58	59
	59	60
	60	61
	61	62
	63	65
net/minecraft/client/gui/screens/BackupConfirmScreen	76	87
	67	78
	72	83
	73	84
	74	85
	76	87
	16	17
	17	18
	29	29
	30	30
	33	35
	34	36
	35	37
	36	38
	37	39
	38	40
	39	41
	43	45
	45	46
	47	47
	48	48
	49	51
	50	52
	52	56
	53	59
	54	64
	55	66
	59	70
	60	71
	61	72
	62	73
	63	74
net/minecraft/client/renderer/entity/layers/SlimeOuterLayer	37	41
	32	29
	33	30
	19	21
	35	35
	20	22
	21	23
	37	41
	25	26
	27	27
	28	41
	31	28
net/minecraft/client/gui/contextualbar/LocatorBarRenderer	94	93
	64	62
	66	63
	67	64
	69	65
	70	66
	72	69
	73	70
	74	70
	77	72
	78	73
	80	74
	81	75
	19	22
	20	23
	84	78
	21	24
	85	79
	86	80
	88	82
	89	83
	91	86
	93	90
	94	93
	33	34
	34	35
	38	39
	39	42
	43	46
	45	47
	46	48
	47	93
	49	49
	50	50
	51	51
	53	52
	54	59
	56	90
	59	60
	60	61
	61	90
net/minecraft/client/renderer/texture/SimpleTexture	15	17
	10	12
	11	13
	15	17
net/minecraft/client/gui/screens/options/MouseSettingsScreen	37	40
	32	35
	33	36
	35	38
	37	40
	13	15
	15	18
	16	19
	17	20
	18	21
	19	22
	20	23
	21	24
	22	25
	27	30
	28	31
net/minecraft/client/multiplayer/resolver/ResolvedServerAddress	33	36
	33	36
	18	21
	23	26
	28	31
	15	18
net/minecraft/client/input/InputQuirks	17	14
	17	14
	7	10
	9	11
	11	12
	14	13
net/minecraft/client/particle/TrialSpawnerDetectionParticle	70	71
	65	65
	66	66
	70	71
	14	16
	15	17
	16	18
	17	19
	18	20
	20	21
	21	22
	22	23
	23	24
	24	25
	25	26
	27	27
	29	28
	30	29
	31	30
	32	31
	33	32
	37	36
	42	41
	47	46
	52	51
	53	52
	54	53
	58	57
com/mojang/blaze3d/opengl/GlTexture	96	92
	64	60
	65	61
	66	62
	67	63
	70	66
	71	67
	73	70
	77	74
	78	75
	79	76
	83	80
	23	22
	87	84
	24	23
	88	85
	25	24
	91	88
	29	28
	93	89
	30	34
	94	90
	32	29
	96	92
	33	30
	34	31
	36	34
	39	37
	41	38
	42	39
	45	42
	46	43
	47	44
	50	47
	54	51
	58	55
	60	56
	61	57
net/minecraft/client/gui/font/FontOption	54	51
	33	31
	36	32
	39	35
	40	36
	11	14
	43	39
	12	15
	44	40
	45	41
	15	17
	48	45
	20	21
	52	49
	21	22
	53	50
	54	51
	25	25
	31	31
net/minecraft/client/renderer/entity/state/ExperienceOrbRenderState	0	0
net/minecraft/client/particle/SculkChargeParticle	47	57
	34	34
	35	35
	36	36
	41	51
	42	52
	11	14
	43	53
	12	15
	44	54
	45	55
	14	16
	46	56
	15	17
	47	57
	17	18
	19	19
	20	20
	24	24
	29	29
net/minecraft/client/renderer/debug/OctreeDebugRenderer	47	51
	33	33
	34	34
	35	35
	36	36
	37	37
	38	38
	39	39
	41	42
	42	44
	43	47
	46	50
	47	51
	22	22
	23	23
	27	27
	28	28
	29	29
	30	30
net/minecraft/client/telemetry/events/GameLoadTimesEvent	76	89
	64	74
	65	76
	66	77
	68	79
	69	81
	72	84
	73	85
	76	89
	19	21
	21	22
	28	28
	29	29
	32	32
	33	33
	36	36
	37	37
	40	42
	41	43
	44	46
	45	47
	46	48
	47	54
	49	50
	50	51
	52	54
	55	57
	56	60
	57	61
	58	64
	59	65
	60	66
	62	68
net/minecraft/client/renderer/texture/StitcherException	22	18
	18	14
	19	15
	22	18
	10	13
	13	13
	14	13
	15	13
net/minecraft/client/resources/model/SpriteGetter	16	20
	16	20
	15	19
net/minecraft/client/renderer/entity/PolarBearRenderer	30	30
	18	20
	23	24
	10	13
	28	28
	13	16
	29	29
	14	17
	30	30
net/minecraft/client/renderer/debug/ChunkDebugRenderer	113	129
	33	37
	34	38
	38	42
	39	43
	40	44
	42	45
	44	46
	45	47
	47	49
	51	53
	52	54
	53	55
	54	57
	55	58
	56	59
	57	60
	58	61
	60	64
	61	65
	62	67
	63	69
	64	74
	68	78
	75	86
	76	87
	77	88
	78	89
	80	90
	81	91
	82	93
	83	94
	84	95
	85	96
	86	97
	87	98
	88	99
	89	100
	91	102
	92	103
	94	106
	97	110
	98	111
	99	112
	100	113
	101	114
	103	117
	104	118
	105	120
	106	121
	107	122
	108	123
	111	127
	113	129
net/minecraft/client/gui/narration/package-info	0	0
net/minecraft/client/color/block/BlockColors	152	143
	131	122
	132	123
	136	127
	137	128
	139	130
	142	133
	143	134
	145	136
	148	139
	149	140
	152	143
	35	33
	36	34
	39	37
	41	38
	42	39
	43	41
	45	40
	47	45
	49	46
	50	47
	51	49
	53	48
	56	56
	57	57
	58	58
	59	58
	61	58
	63	60
	67	63
	68	64
	70	65
	71	66
	72	68
	74	67
	77	76
	78	77
	79	79
	81	78
	84	82
	85	83
	86	85
	88	84
	91	91
	92	94
	94	95
	95	96
	96	98
	98	97
	101	101
	103	102
	104	103
	105	104
	107	106
	109	107
	110	107
	111	107
	113	107
	116	108
	120	112
	122	113
	123	114
	126	117
	127	118
net/minecraft/client/data/models/ItemModelGenerators	1036	892
	1024	880
	1025	881
	1026	882
	1027	883
	1028	884
	1029	885
	1030	886
	1031	887
	1032	888
	1033	889
	1034	890
	1035	891
	1036	892
	71	56
	73	57
	74	58
	75	59
	76	60
	79	78
	85	62
	103	82
	104	83
	105	84
	108	87
	109	88
	112	91
	116	95
	117	96
	120	99
	124	105
	128	109
	129	110
	132	113
	133	114
	136	117
	138	117
	139	117
	142	118
	143	119
	148	122
	149	123
	151	124
	152	125
	154	126
	155	127
	158	130
	159	131
	160	132
	162	134
	163	135
	164	136
	165	137
	168	140
	169	141
	173	145
	175	147
	176	149
	177	150
	178	151
	179	152
	182	155
	185	159
	186	159
	189	159
	192	160
	195	163
	196	164
	197	165
	199	167
	200	168
	201	169
	204	172
	205	174
	206	176
	207	177
	208	178
	211	181
	214	184
	218	188
	222	192
	223	193
	226	196
	227	197
	228	198
	230	199
	232	201
	234	202
	235	203
	238	205
	239	206
	240	207
	242	209
	243	210
	246	213
	250	217
	251	218
	252	219
	254	221
	255	222
	258	225
	259	225
	265	226
	268	229
	270	230
	271	231
	273	232
	274	233
	276	233
	279	235
	285	236
	288	236
	290	237
	293	240
	294	241
	298	245
	299	246
	300	247
	301	248
	303	250
	304	252
	305	253
	306	254
	310	254
	311	254
	316	258
	319	261
	320	262
	321	263
	322	264
	323	265
	324	266
	326	268
	327	270
	329	272
	330	273
	331	274
	334	274
	335	274
	339	277
	340	278
	343	281
	346	286
	347	286
	353	287
	356	290
	357	291
	359	292
	360	293
	363	296
	364	297
	365	298
	366	299
	367	303
	371	307
	372	308
	373	309
	375	312
	378	315
	379	316
	381	317
	382	318
	385	321
	386	322
	388	323
	389	324
	392	327
	393	327
	397	328
	398	328
	402	329
	403	330
	406	333
	409	336
	414	341
	416	342
	417	343
	418	344
	421	347
	423	348
	424	348
	427	349
	428	349
	432	350
	434	351
	435	352
	438	355
	439	356
	440	357
	442	359
	443	360
	446	363
	447	364
	450	367
	452	368
	453	368
	455	370
	456	371
	459	374
	461	374
	462	374
	464	375
	465	376
	468	379
	469	380
	470	381
	473	384
	474	385
	476	386
	478	387
	479	388
	481	390
	482	392
	483	393
	484	394
	485	395
	488	398
	491	401
	492	402
	493	403
	494	404
	495	405
	496	406
	497	407
	498	408
	499	409
	500	410
	501	411
	502	412
	503	413
	504	414
	505	415
	506	416
	507	417
	508	418
	509	419
	510	420
	511	421
	512	422
	513	423
	514	424
	515	425
	516	426
	517	427
	518	428
	519	429
	520	430
	521	431
	522	432
	523	433
	524	434
	525	435
	526	436
	528	437
	530	438
	531	439
	532	440
	534	441
	535	442
	537	443
	538	444
	539	445
	540	446
	541	447
	542	448
	543	449
	544	450
	545	451
	546	452
	547	453
	548	454
	549	455
	550	456
	551	457
	552	458
	553	459
	554	460
	555	461
	556	462
	557	463
	558	464
	559	465
	560	466
	561	467
	562	468
	563	469
	564	470
	565	471
	566	472
	567	473
	568	474
	569	475
	570	476
	571	477
	572	478
	573	479
	574	480
	575	481
	576	482
	577	483
	578	484
	579	485
	580	486
	581	487
	582	488
	583	489
	584	490
	585	491
	586	492
	587	493
	588	494
	589	495
	590	496
	591	497
	592	498
	593	499
	594	500
	595	501
	596	502
	597	503
	598	504
	599	505
	600	506
	601	507
	602	508
	603	509
	604	510
	605	511
	606	512
	607	513
	608	514
	609	515
	610	516
	611	517
	612	518
	613	519
	614	520
	615	521
	616	522
	617	523
	618	524
	619	525
	620	526
	621	527
	622	528
	623	529
	624	530
	625	531
	626	532
	627	533
	628	534
	629	535
	630	536
	631	537
	632	538
	633	539
	634	540
	635	541
	636	542
	637	543
	638	544
	639	545
	640	546
	641	547
	642	548
	643	549
	644	550
	645	551
	646	552
	647	553
	648	554
	649	555
	650	556
	651	557
	652	558
	653	559
	654	560
	655	561
	656	562
	657	563
	658	564
	659	565
	660	566
	661	567
	662	568
	663	569
	664	570
	665	571
	666	572
	667	573
	668	574
	669	575
	670	576
	671	577
	672	578
	673	579
	674	580
	675	581
	676	582
	677	583
	678	584
	679	585
	680	586
	681	587
	682	588
	683	589
	684	590
	685	591
	686	592
	687	593
	688	594
	689	595
	690	596
	691	597
	692	598
	693	599
	694	600
	695	601
	696	602
	697	603
	698	604
	699	605
	700	606
	701	607
	702	608
	703	609
	704	610
	705	611
	706	612
	707	613
	708	614
	709	615
	710	616
	711	617
	712	618
	713	619
	714	620
	715	621
	716	622
	717	623
	718	624
	719	625
	720	626
	721	627
	722	628
	723	629
	724	630
	725	631
	726	632
	727	633
	728	634
	729	635
	730	636
	731	637
	732	638
	733	639
	734	640
	735	641
	736	642
	737	643
	738	644
	739	645
	740	646
	741	647
	742	648
	743	649
	744	650
	745	651
	746	652
	747	653
	748	654
	749	655
	750	656
	751	657
	752	658
	754	659
	755	660
	756	661
	757	662
	758	663
	759	664
	760	665
	761	666
	762	667
	763	668
	764	669
	765	670
	766	671
	767	672
	768	673
	769	674
	770	675
	771	676
	772	677
	774	678
	775	679
	777	680
	779	681
	780	682
	781	683
	782	684
	784	685
	785	686
	786	687
	787	688
	789	689
	790	690
	791	691
	792	692
	794	693
	795	694
	796	695
	797	696
	799	697
	800	698
	801	699
	802	700
	804	701
	805	702
	806	703
	807	704
	809	705
	810	706
	811	707
	812	708
	814	709
	816	710
	817	711
	818	712
	819	713
	820	714
	821	715
	822	716
	823	717
	824	718
	825	719
	826	720
	827	721
	828	722
	829	723
	830	724
	831	725
	832	726
	833	727
	834	728
	835	729
	836	730
	837	731
	838	732
	839	733
	840	734
	841	735
	843	736
	844	737
	846	738
	847	739
	848	740
	849	741
	850	742
	851	743
	852	744
	853	745
	854	746
	855	747
	856	748
	857	749
	858	750
	859	751
	860	752
	861	753
	862	754
	864	755
	865	756
	866	757
	868	758
	869	759
	870	760
	871	761
	872	762
	873	763
	874	764
	875	765
	876	766
	877	767
	878	768
	879	769
	880	770
	881	771
	882	772
	883	773
	885	774
	886	775
	887	776
	888	777
	889	778
	890	779
	891	780
	893	781
	894	782
	895	783
	896	784
	897	785
	898	786
	899	787
	901	788
	902	789
	903	790
	904	791
	908	792
	909	793
	910	794
	911	795
	914	796
	915	797
	916	798
	917	799
	920	800
	921	801
	922	802
	925	803
	926	804
	927	805
	928	806
	929	807
	930	808
	931	809
	932	810
	933	811
	934	812
	937	813
	938	814
	939	815
	940	816
	941	817
	942	818
	943	819
	944	820
	945	821
	946	822
	947	823
	948	824
	951	825
	952	826
	953	827
	956	828
	957	829
	958	830
	961	831
	962	832
	963	833
	966	834
	967	835
	968	836
	969	837
	970	838
	971	839
	972	840
	973	841
	974	842
	975	843
	976	844
	977	845
	978	846
	979	847
	983	848
	984	849
	987	850
	988	851
	989	852
	990	853
	991	854
	992	855
	993	856
	994	857
	995	858
	996	859
	999	860
	1000	861
	1001	862
	1002	863
	1003	864
	1006	865
	1007	866
	1008	867
	1009	868
	1010	869
	1011	870
	1012	871
	1013	872
	1014	873
	1015	874
	1018	875
	1019	876
	1020	877
	1021	878
	1023	879
net/minecraft/client/renderer/feature/ShadowFeatureRenderer	52	51
	32	33
	34	34
	35	35
	36	36
	37	37
	38	38
	40	39
	41	40
	42	41
	43	42
	44	43
	47	46
	50	49
	19	21
	51	50
	52	51
	22	24
	23	26
	24	27
	26	28
	28	29
	29	30
	30	31
	31	32
net/minecraft/client/input/MouseButtonInfo	18	15
	18	15
com/mojang/realmsclient/gui/screens/configuration/RealmsSettingsTab	191	202
	34	35
	35	36
	36	37
	37	38
	38	39
	54	52
	55	53
	56	54
	57	55
	58	56
	59	57
	61	58
	62	59
	63	60
	64	61
	65	62
	66	63
	67	64
	68	69
	70	66
	71	67
	72	69
	73	70
	75	71
	76	72
	77	73
	78	74
	79	75
	81	76
	82	77
	84	78
	85	79
	86	80
	87	81
	89	82
	90	83
	92	87
	94	88
	95	92
	96	94
	97	96
	98	97
	100	99
	101	100
	102	101
	104	105
	105	106
	107	108
	108	113
	110	114
	111	115
	114	118
	115	119
	116	120
	117	121
	121	125
	122	126
	123	127
	125	129
	129	134
	130	135
	131	136
	135	140
	136	146
	139	149
	140	150
	141	151
	144	154
	145	155
	146	156
	147	157
	151	161
	152	162
	156	166
	157	167
	158	168
	161	171
	162	173
	163	174
	166	177
	167	178
	168	179
	170	180
	171	183
	172	184
	173	185
	174	186
	178	190
	179	191
	182	194
	183	195
	184	196
	185	197
	186	198
	187	199
	188	202
	190	200
	191	202
net/minecraft/client/multiplayer/ClientCommonPacketListenerImpl	514	476
	514	406
	79	85
	81	86
	101	102
	102	103
	103	104
	104	105
	105	106
	106	107
	107	108
	108	109
	109	110
	110	111
	111	112
	112	113
	115	116
	120	120
	125	121
	126	122
	128	123
	129	123
	133	124
	137	127
	138	128
	140	129
	144	133
	146	134
	148	135
	149	136
	150	137
	151	138
	152	139
	153	139
	155	139
	160	143
	161	144
	164	145
	169	149
	170	150
	174	153
	175	154
	176	155
	180	158
	181	159
	182	168
	185	160
	186	161
	187	162
	188	163
	190	165
	192	168
	198	173
	199	174
	200	175
	201	176
	202	177
	203	188
	206	179
	207	180
	209	181
	210	182
	211	185
	214	183
	216	188
	220	191
	221	192
	222	193
	223	193
	225	194
	228	197
	229	197
	231	197
	237	202
	238	203
	239	204
	240	204
	242	205
	243	206
	245	204
	250	211
	251	212
	252	213
	256	216
	257	217
	258	218
	262	221
	263	222
	264	223
	268	226
	270	227
	271	228
	273	230
	275	232
	276	233
	277	234
	278	235
	282	239
	283	240
	287	243
	288	244
	289	245
	294	250
	295	251
	299	254
	301	255
	302	256
	303	257
	305	258
	306	259
	308	261
	310	280
	314	265
	317	266
	318	267
	319	268
	321	270
	323	273
	324	274
	325	275
	327	277
	329	280
	333	283
	334	284
	335	285
	338	288
	339	289
	340	289
	341	290
	343	292
	345	293
	347	295
	352	298
	353	299
	355	300
	356	301
	359	304
	360	305
	361	306
	363	307
	364	309
	365	316
	369	319
	370	320
	373	323
	374	325
	375	326
	376	327
	377	328
	378	329
	379	330
	380	331
	383	334
	386	337
	387	338
	391	341
	392	342
	393	343
	394	344
	398	347
	399	348
	400	349
	402	350
	403	351
	404	352
	406	354
	409	358
	410	360
	411	361
	413	362
	418	366
	422	370
	423	371
	425	373
	427	375
	434	378
	435	379
	436	380
	438	382
	449	426
	451	428
	452	429
	453	430
	454	431
	455	432
	457	435
	459	437
	460	438
	461	439
	462	440
	463	441
	467	445
	469	446
	472	449
	473	450
	475	452
	476	453
	477	455
	478	460
	479	461
	481	463
	482	464
	483	465
	486	471
	487	473
	488	474
	489	475
	490	476
	497	390
	499	391
	500	392
	504	396
	505	397
	509	401
	510	402
net/minecraft/client/renderer/special/ShulkerBoxSpecialRenderer	67	70
	33	47
	66	41
	34	48
	67	42
	36	49
	37	50
	38	52
	41	56
	42	57
	45	60
	46	61
	50	65
	55	70
	26	28
	27	29
	28	30
	29	31
	61	36
	30	32
	62	37
net/minecraft/client/renderer/blockentity/state/DecoratedPotRenderState	13	16
	12	15
	13	16
net/minecraft/client/renderer/entity/state/MushroomCowRenderState	6	9
	6	9
net/minecraft/client/renderer/MultiBufferSource	101	105
	64	66
	68	70
	69	71
	70	72
	72	74
	75	77
	77	79
	78	80
	80	82
	18	20
	83	85
	84	86
	85	87
	22	24
	87	89
	90	92
	91	93
	92	94
	93	95
	94	96
	96	99
	98	102
	35	37
	99	103
	36	38
	37	39
	101	105
	41	43
	42	44
	43	45
	44	46
	47	49
	48	50
	51	53
	52	54
	53	55
	55	57
	56	58
	58	61
	59	62
	62	65
net/minecraft/client/ClientRecipeBook	103	111
	66	68
	67	73
	70	78
	71	79
	72	80
	75	83
	76	84
	78	86
	79	87
	80	88
	82	89
	84	90
	86	92
	87	93
	88	94
	89	95
	90	96
	27	29
	28	30
	92	99
	31	33
	95	103
	32	34
	35	37
	99	107
	36	38
	37	39
	103	111
	40	42
	41	43
	42	44
	45	47
	49	51
	50	52
	53	55
	54	56
	57	59
	59	60
	60	61
	62	62
	63	63
net/minecraft/client/renderer/debug/ChunkBorderRenderer	98	85
	64	58
	65	59
	66	60
	67	61
	68	62
	72	65
	73	66
	74	67
	79	71
	81	73
	82	73
	83	73
	20	21
	84	73
	21	22
	85	73
	22	23
	86	73
	88	75
	25	26
	89	77
	26	27
	92	79
	93	80
	30	31
	94	81
	95	82
	32	32
	96	83
	33	33
	98	85
	35	34
	36	35
	37	36
	40	38
	41	39
	42	40
	47	44
	48	45
	49	46
	50	47
	54	50
	55	51
	56	52
	58	53
	62	56
	63	57
net/minecraft/client/model/animal/feline/CatModel	12	15
	8	11
	11	14
	12	15
net/minecraft/client/server/LanServerDetection	104	106
	67	31
	68	32
	69	33
	70	34
	72	35
	73	36
	74	37
	75	38
	76	39
	81	43
	19	21
	83	45
	20	22
	84	46
	86	49
	87	50
	23	73
	88	51
	89	52
	90	53
	91	54
	27	77
	28	78
	29	79
	94	57
	30	80
	95	58
	96	59
	32	82
	100	63
	36	87
	101	64
	37	88
	38	89
	103	67
	39	106
	104	68
	42	90
	44	91
	45	93
	46	94
	47	95
	48	96
	49	97
	53	101
	54	102
	55	103
	57	106
net/minecraft/client/renderer/entity/state/EndCrystalRenderState	7	10
	7	10
net/minecraft/client/renderer/entity/DolphinRenderer	36	34
	16	18
	33	31
	18	19
	34	32
	19	20
	35	33
	36	34
	23	23
	28	27
	13	15
net/minecraft/client/player/LocalPlayer	1407	1217
	1050	942
	1051	943
	1052	944
	1055	945
	1056	946
	1057	947
	1062	948
	1063	949
	1064	950
	1067	951
	1068	952
	1069	953
	1071	954
	1074	955
	1075	956
	1080	960
	1081	961
	1085	962
	1086	963
	1087	964
	1088	1036
	1091	965
	1096	966
	1097	967
	1098	968
	1099	1036
	1102	969
	1103	970
	1104	971
	1105	1036
	1115	972
	1116	973
	1117	974
	1118	975
	1122	978
	1125	979
	1126	980
	1130	981
	1131	982
	1132	983
	111	117
	1136	984
	1137	985
	1141	986
	1142	987
	1145	988
	1146	989
	1147	990
	1148	991
	1151	992
	1152	993
	1157	994
	1159	996
	1160	997
	1161	998
	1168	999
	1169	1000
	1170	1001
	1173	1003
	1174	1004
	1175	1005
	1176	1007
	1177	1008
	1178	1009
	1179	1010
	1182	1014
	1183	1015
	1184	1016
	1185	1017
	1186	1018
	1196	1026
	1197	1036
	174	175
	175	176
	176	177
	177	178
	178	179
	179	180
	180	181
	181	182
	1205	1027
	182	183
	1206	1028
	183	184
	1207	1036
	184	185
	1211	1029
	1212	1036
	189	188
	1216	1039
	193	191
	1217	1040
	194	192
	1218	1041
	1219	1042
	196	195
	1220	1043
	1221	1044
	1222	1045
	1223	1046
	200	196
	1224	1051
	201	199
	202	200
	1226	1047
	203	201
	1227	1048
	204	204
	1228	1049
	205	205
	207	210
	1232	1056
	1234	1058
	1235	1059
	212	214
	1236	1060
	213	215
	1237	1061
	214	216
	1238	1062
	218	219
	1242	1066
	1246	1070
	223	223
	1247	1071
	224	223
	1248	1072
	226	223
	1252	1076
	1253	1077
	1254	1078
	231	228
	1255	1079
	1256	1080
	233	251
	1257	1081
	235	229
	236	230
	1261	1085
	238	231
	239	232
	240	233
	1265	1089
	1266	1090
	243	236
	244	237
	1268	1093
	245	238
	1269	1094
	246	239
	1270	1095
	247	240
	1271	1096
	248	241
	1273	1099
	1274	1100
	251	244
	1275	1101
	254	247
	255	248
	1279	1105
	257	251
	1281	1106
	1283	1108
	260	254
	261	255
	262	256
	1287	1111
	265	260
	1292	1115
	269	264
	1293	1116
	271	265
	1295	1117
	272	266
	1296	1118
	273	267
	274	268
	1299	1121
	276	269
	1300	1122
	277	270
	1301	1123
	279	271
	1304	1126
	281	272
	1305	1127
	282	273
	284	274
	1308	1130
	285	275
	286	276
	287	277
	288	278
	289	279
	1313	1134
	290	280
	1314	1135
	291	281
	1315	1136
	1316	1137
	1317	1138
	294	284
	1318	1139
	295	285
	296	286
	1320	1141
	297	287
	298	288
	300	291
	301	292
	1325	1146
	302	293
	1326	1147
	304	296
	305	297
	1330	1150
	307	298
	309	300
	1335	1154
	312	303
	1336	1155
	313	304
	314	305
	315	306
	316	307
	1340	1158
	318	309
	1344	1162
	321	312
	322	315
	323	316
	324	317
	1348	1166
	1352	1170
	329	321
	1353	1171
	330	322
	1354	1172
	331	323
	1355	1173
	1356	1174
	1357	1175
	334	326
	1358	1176
	335	327
	1359	1177
	336	328
	1363	1181
	340	331
	1364	1182
	341	332
	1365	1183
	342	333
	1367	1186
	346	336
	347	337
	348	338
	1372	1190
	1373	1191
	351	341
	1375	1192
	352	342
	353	343
	1377	1193
	354	344
	1378	1194
	355	345
	356	346
	1381	1195
	1382	1196
	359	349
	1383	1197
	360	350
	361	351
	362	352
	1386	1200
	363	353
	1387	1201
	1389	1202
	366	356
	1390	1203
	367	357
	1391	1204
	369	359
	1393	1205
	1394	1206
	1396	1207
	373	362
	374	363
	1401	1211
	378	366
	1402	1212
	379	367
	1403	1213
	380	368
	1404	1214
	1405	1215
	1407	1217
	384	371
	389	375
	394	379
	398	383
	399	384
	402	387
	403	388
	406	391
	410	395
	414	399
	415	400
	416	401
	418	403
	422	406
	426	410
	427	411
	431	414
	432	415
	435	418
	437	419
	438	444
	441	420
	442	421
	444	422
	445	423
	447	424
	448	426
	449	427
	450	428
	451	429
	452	430
	453	431
	457	435
	459	436
	460	437
	461	438
	463	440
	466	444
	470	447
	471	448
	472	449
	476	453
	477	454
	479	457
	480	458
	481	459
	482	460
	486	463
	487	464
	489	466
	491	468
	495	471
	496	473
	497	476
	498	479
	499	482
	500	485
	501	488
	503	490
	506	493
	507	494
	510	497
	514	501
	515	502
	518	505
	523	509
	524	510
	528	513
	529	514
	530	519
	533	515
	535	516
	536	517
	537	519
	541	522
	545	526
	549	530
	554	534
	555	535
	556	536
	561	539
	566	543
	568	544
	569	545
	570	546
	572	547
	573	548
	574	549
	575	550
	578	554
	579	554
	580	555
	583	557
	586	560
	590	564
	595	568
	600	572
	601	573
	603	575
	605	577
	609	580
	610	581
	614	584
	615	585
	619	588
	620	589
	624	592
	625	593
	629	596
	630	597
	634	600
	635	601
	639	604
	640	605
	644	608
	645	609
	646	610
	648	612
	652	615
	653	616
	657	619
	658	620
	662	623
	667	627
	671	631
	676	635
	677	636
	678	637
	679	638
	680	639
	681	640
	682	641
	683	642
	684	643
	686	645
	688	647
	702	650
	703	651
	706	654
	707	655
	708	656
	711	659
	712	660
	713	661
	716	664
	720	668
	721	669
	722	670
	725	673
	726	674
	728	675
	729	676
	733	680
	734	681
	735	682
	736	683
	740	687
	744	691
	745	692
	746	693
	747	693
	748	694
	749	695
	752	693
	754	700
	755	701
	758	704
	759	705
	760	706
	764	710
	765	711
	768	714
	769	715
	770	716
	773	719
	774	720
	775	721
	777	722
	778	723
	779	724
	780	725
	781	726
	782	727
	783	727
	785	728
	786	729
	788	730
	789	731
	790	732
	791	733
	792	734
	795	737
	796	738
	797	739
	798	740
	799	741
	802	744
	803	745
	806	748
	807	749
	808	750
	809	751
	811	753
	815	757
	816	758
	820	762
	821	763
	822	764
	823	765
	825	767
	826	768
	830	772
	831	773
	832	774
	833	775
	834	776
	835	777
	836	778
	838	780
	839	781
	840	782
	841	783
	842	784
	844	785
	845	786
	847	789
	848	790
	849	791
	854	796
	855	796
	856	797
	859	800
	861	801
	862	802
	865	805
	866	806
	867	807
	868	808
	869	809
	870	810
	873	813
	875	814
	877	815
	878	816
	880	819
	881	820
	884	823
	885	824
	889	828
	890	829
	891	830
	892	831
	893	832
	895	833
	898	837
	900	838
	901	839
	902	840
	903	841
	905	842
	906	843
	907	844
	909	845
	910	846
	911	847
	913	849
	917	853
	920	856
	921	857
	922	858
	923	859
	925	861
	928	864
	929	864
	934	868
	935	868
	936	868
	940	872
	946	876
	947	877
	948	878
	950	880
	953	883
	954	884
	956	885
	957	886
	958	887
	959	888
	961	891
	964	894
	965	895
	967	898
	968	899
	969	900
	970	901
	973	904
	974	905
	978	909
	979	910
	981	911
	982	912
	984	913
	986	916
	989	919
	994	923
	995	924
	996	925
	998	926
	999	927
	1000	928
	1002	929
	1003	930
	1006	933
	1011	937
	1015	941
	1016	1036
net/minecraft/client/gui/screens/multiplayer/CodeOfConductScreen	75	71
	64	62
	69	67
	71	68
	73	69
	75	71
	17	20
	18	21
	26	28
	27	29
	28	30
	29	31
	30	32
	31	33
	34	36
	35	37
	39	41
	40	42
	41	42
	43	43
	44	43
	46	44
	50	48
	52	49
	53	50
	54	51
	56	53
	58	56
	60	58
net/minecraft/client/model/object/cart/MinecartModel	55	50
	15	17
	16	18
	19	21
	20	22
	22	23
	23	24
	24	25
	25	26
	27	27
	28	29
	29	29
	30	30
	34	32
	35	34
	36	34
	37	35
	39	37
	40	39
	41	39
	42	40
	44	42
	45	44
	46	44
	47	45
	49	47
	50	48
	51	48
	52	48
	55	50
net/minecraft/client/animation/package-info	0	0
net/minecraft/client/gui/components/debug/DebugEntryNoop	30	32
	16	19
	21	23
	25	27
	11	14
	12	15
	30	32
	15	18
net/minecraft/client/model/object/skull/SkullModel	57	46
	35	30
	37	31
	38	33
	39	33
	40	33
	44	34
	48	38
	49	39
	18	18
	19	19
	20	20
	54	43
	23	23
	55	44
	24	24
	56	45
	57	46
	26	25
	27	25
	28	25
	31	26
net/minecraft/client/GameNarrator	130	134
	129	133
	130	134
	16	19
	17	20
	23	25
	24	26
	27	29
	28	30
	30	32
	33	35
	34	36
	36	38
	39	41
	40	42
	42	44
	45	47
	46	48
	47	49
	48	50
	50	52
	53	55
	54	56
	57	59
	58	60
	59	61
	60	62
	61	63
	64	66
	67	69
	68	70
	71	73
	75	77
	76	78
	78	80
	81	83
	83	84
	85	85
	86	86
	87	87
	88	88
	90	90
	93	94
	95	100
	98	103
	102	107
	103	110
	105	108
	106	110
	109	113
	110	114
	113	117
	114	120
	122	126
	125	128
net/minecraft/client/renderer/entity/layers/SkeletonClothingLayer	27	30
	19	23
	20	24
	21	25
	22	26
	26	29
	27	30
net/minecraft/client/model/animal/ghast/HappyGhastModel	65	105
	64	104
	65	105
	18	20
	27	26
	28	27
	29	29
	30	30
	32	32
	35	35
	36	36
	38	37
	39	40
	40	41
	43	48
	44	53
	45	58
	46	63
	47	68
	48	73
	49	78
	50	83
	51	88
	53	93
	58	97
	59	98
	60	99
	61	100
	62	101
net/minecraft/client/renderer/entity/state/WolfRenderState	29	32
	17	19
	18	20
	20	22
	23	25
	24	26
	25	27
	26	28
	11	13
	27	29
	29	32
	14	16
net/minecraft/client/renderer/blockentity/state/PistonHeadRenderState	0	0
net/minecraft/client/renderer/culling/package-info	0	0
net/minecraft/client/resources/DefaultPlayerSkin	52	52
	35	36
	40	40
	12	15
	44	44
	13	15
	14	16
	15	17
	16	18
	48	48
	17	19
	18	20
	19	21
	20	22
	52	52
	21	23
	23	24
	24	25
	25	26
	26	27
	27	28
	28	29
	29	30
	30	31
	31	32
net/minecraft/client/renderer/entity/layers/PandaHoldsItemLayer	35	35
	32	31
	33	32
	34	33
	35	35
	15	17
	16	18
	20	21
	21	22
	22	35
	25	23
	26	24
	27	25
	28	26
	29	27
	31	30
net/minecraft/client/gui/components/SelectableEntry	29	33
	17	21
	5	9
	21	25
	9	13
	25	29
	13	17
	29	33
net/minecraft/client/renderer/entity/layers/SnowGolemHeadLayer	57	50
	33	32
	34	50
	37	33
	38	34
	40	35
	41	36
	42	37
	43	38
	46	39
	47	40
	48	41
	50	42
	53	43
	54	46
	23	26
	24	27
	56	47
	25	28
	57	50
	29	31
	30	50
net/minecraft/client/gui/components/ItemDisplayWidget	50	54
	32	34
	33	35
	35	38
	36	39
	38	42
	39	43
	41	45
	44	48
	45	49
	49	53
	50	54
	20	22
	21	23
	22	24
	23	25
	24	26
	25	27
	26	28
	27	29
	31	33
net/minecraft/client/renderer/entity/ArmadilloRenderer	33	33
	32	32
	33	33
	18	20
	23	24
	10	13
	28	28
	13	16
	29	29
	14	17
	30	30
	31	31
net/minecraft/client/renderer/block/model/SingleVariant	38	42
	32	36
	19	22
	20	23
	37	41
	38	42
	24	27
	28	32
	14	17
	15	18
net/minecraft/client/gui/screens/advancements/package-info	0	0
net/minecraft/client/data/models/blockstates/PropertyValueList	36	35
	16	15
	19	18
	36	35
	23	22
	27	26
	14	14
	31	30
net/minecraft/client/particle/Particle	236	222
	17	19
	18	20
	49	46
	51	47
	52	48
	53	49
	54	50
	55	51
	57	52
	58	53
	61	56
	63	57
	64	58
	65	59
	66	60
	68	61
	69	62
	70	63
	71	64
	72	65
	75	68
	76	69
	77	70
	78	71
	82	75
	83	76
	84	77
	85	78
	88	81
	89	82
	93	86
	94	87
	97	90
	101	94
	102	95
	103	96
	105	97
	106	98
	107	115
	110	100
	111	101
	112	102
	113	103
	114	104
	116	107
	117	108
	118	109
	120	110
	121	111
	122	112
	124	115
	130	121
	134	125
	135	126
	138	129
	139	130
	140	131
	141	132
	142	133
	143	134
	144	135
	146	137
	149	140
	150	141
	151	142
	152	143
	153	144
	154	145
	155	146
	158	149
	159	178
	162	150
	163	151
	164	152
	166	153
	167	154
	168	155
	169	156
	170	157
	173	160
	174	161
	175	162
	178	165
	179	166
	182	169
	184	170
	185	171
	187	174
	188	175
	190	178
	193	181
	194	182
	195	183
	196	184
	197	185
	200	188
	201	189
	202	189
	204	189
	208	193
	212	197
	216	201
	217	202
	220	205
	224	210
	227	213
	231	217
	232	218
	235	221
	236	222
net/minecraft/client/renderer/block/model/BlockElementFace	107	87
	65	36
	66	37
	67	38
	69	39
	70	40
	72	41
	76	45
	80	49
	84	53
	85	54
	89	58
	90	59
	27	22
	94	63
	31	26
	95	64
	98	67
	99	68
	100	69
	103	72
	104	73
	105	74
	106	75
	107	76
	48	83
	53	87
	63	35
net/minecraft/client/gui/screens/options/SkinCustomizationScreen	30	35
	17	19
	18	20
	22	24
	23	26
	24	27
	25	29
	28	33
	29	34
	14	16
	30	35
net/minecraft/client/resources/sounds/SoundInstance	58	53
	50	49
	58	53
	46	45
net/minecraft/client/gui/screens/inventory/AbstractCommandBlockEditScreen	190	169
	129	123
	130	124
	134	128
	140	133
	141	134
	144	135
	145	136
	20	21
	148	137
	21	22
	149	138
	22	23
	150	139
	153	141
	158	147
	159	147
	33	32
	34	33
	162	147
	38	37
	39	38
	167	152
	168	152
	41	40
	171	152
	176	157
	49	48
	178	158
	51	49
	179	159
	180	160
	54	52
	182	161
	183	162
	184	163
	57	55
	185	164
	58	56
	186	165
	59	57
	61	58
	189	168
	62	59
	190	169
	63	60
	64	61
	65	62
	67	63
	68	65
	69	66
	70	67
	71	68
	72	69
	73	70
	76	72
	77	74
	78	77
	80	79
	81	80
	82	81
	84	82
	85	83
	88	86
	92	90
	93	91
	97	95
	98	95
	100	95
	105	100
	106	101
	107	102
	109	103
	110	104
	113	107
	114	108
	117	111
	119	112
	120	113
	121	114
	123	117
	124	118
net/minecraft/client/renderer/entity/state/EntityRenderState	59	61
	32	35
	42	44
	46	54
	47	55
	48	56
	49	57
	50	58
	51	59
	52	60
	53	61
	57	48
	58	49
	59	50
	31	34
net/minecraft/client/gui/screens/options/controls/KeyBindsScreen	100	104
	64	66
	65	67
	67	69
	72	75
	73	76
	74	77
	76	79
	79	82
	80	83
	81	84
	82	85
	19	22
	84	87
	89	93
	27	29
	91	94
	28	30
	92	96
	93	97
	94	98
	95	99
	32	34
	33	35
	99	103
	100	104
	38	39
	42	43
	43	44
	44	45
	46	48
	47	49
	48	50
	49	51
	50	52
	51	53
	55	57
	56	58
	57	59
	61	63
	62	64
	63	65
net/minecraft/client/renderer/feature/NameTagFeatureRenderer	69	87
	64	82
	67	85
	68	86
	69	87
	24	24
	25	25
	27	27
	28	28
	30	42
	31	43
	33	56
	40	64
	41	82
	44	65
	46	66
	47	67
	48	68
	49	69
	51	70
	53	71
	54	72
	56	73
	57	74
	58	75
	60	77
	63	80
com/mojang/blaze3d/pipeline/CompiledRenderPipeline	0	0
com/mojang/blaze3d/platform/GLX	102	102
	66	66
	67	67
	71	71
	72	72
	73	73
	75	75
	79	78
	85	82
	86	83
	88	86
	89	87
	90	89
	27	29
	93	93
	30	33
	31	34
	32	35
	33	36
	97	97
	35	39
	36	40
	101	101
	102	102
	40	44
	44	48
	45	49
	48	51
	50	52
	51	53
	52	54
	53	55
	56	56
	57	60
	59	62
	60	63
	63	57
com/mojang/realmsclient/dto/RealmsServerList	27	27
	17	16
	18	17
	19	22
	21	18
	22	19
	24	23
	25	24
	27	27
	13	12
net/minecraft/client/resources/metadata/animation/FrameSize	0	0
net/minecraft/client/resources/sounds/SimpleSoundInstance	67	103
	64	100
	65	101
	66	102
	67	103
	13	16
	14	17
	17	20
	21	24
	25	29
	29	35
	33	41
	37	47
	41	52
	45	56
	49	60
	50	61
	53	76
	54	77
	57	93
	58	94
	59	95
	60	96
	61	97
	62	98
	63	99
net/minecraft/client/waypoints/package-info	0	0
net/minecraft/client/gui/font/glyphs/EmptyGlyph	31	34
	18	21
	23	26
	26	29
	13	16
	14	17
	31	34
net/minecraft/client/renderer/entity/state/HitboxRenderState	19	12
	18	11
	19	12
net/minecraft/client/renderer/chunk/SectionRenderDispatcher	539	572
	514	571
	515	572
	524	417
	525	418
	534	427
	539	431
	64	68
	65	69
	66	70
	67	71
	68	72
	69	73
	70	74
	72	75
	73	76
	76	79
	77	80
	81	83
	82	110
	85	84
	86	85
	87	110
	89	86
	91	88
	92	88
	93	90
	94	91
	95	92
	96	93
	97	107
	99	95
	100	96
	101	97
	102	98
	104	100
	106	103
	107	104
	108	105
	109	107
	110	110
	113	113
	114	114
	118	118
	119	119
	122	123
	123	124
	125	126
	128	129
	129	130
	132	133
	133	141
	135	134
	136	135
	137	139
	139	136
	140	137
	141	139
	142	141
	145	144
	146	145
	150	148
	154	152
	155	153
	157	154
	158	155
	162	159
	167	164
	172	169
	177	174
	201	194
	202	195
	203	196
	206	199
	207	200
	208	200
	210	200
	214	204
	215	205
	218	208
	219	209
	222	212
	226	216
	227	217
	231	221
	232	222
	233	223
	234	224
	235	225
	236	226
	237	227
	238	228
	242	232
	246	236
	247	237
	248	238
	250	265
	251	240
	252	246
	253	244
	254	245
	255	258
	256	262
	257	263
	259	265
	260	265
	264	272
	265	273
	266	274
	268	297
	269	282
	270	280
	271	281
	272	294
	273	297
	277	302
	278	303
	279	304
	280	305
	281	306
	282	307
	283	308
	284	309
	287	312
	291	316
	292	317
	293	318
	294	319
	295	320
	296	321
	300	324
	304	328
	308	332
	309	333
	310	334
	311	335
	314	338
	315	339
	316	340
	319	343
	323	347
	327	351
	331	355
	332	356
	333	357
	335	359
	338	362
	342	366
	346	370
	347	371
	348	372
	350	375
	351	376
	352	377
	354	379
	357	382
	358	383
	359	384
	360	385
	361	386
	365	390
	366	391
	367	392
	370	395
	373	396
	374	397
	377	400
	378	401
	379	402
	380	403
	383	406
	384	407
	385	407
	386	407
	387	407
	395	440
	396	441
	397	442
	401	446
	406	451
	407	452
	410	455
	411	456
	415	457
	416	458
	420	467
	421	465
	422	479
	423	483
	425	484
	426	485
	427	486
	430	488
	432	489
	434	490
	435	491
	436	492
	438	495
	439	499
	440	500
	443	496
	444	497
	450	508
	451	509
	453	511
	460	519
	461	520
	462	521
	466	525
	471	530
	472	531
	475	534
	476	535
	477	565
	480	536
	481	537
	482	538
	484	539
	485	540
	488	542
	489	543
	490	544
	493	545
	494	546
	495	547
	498	549
	500	550
	501	551
	502	552
	504	555
	505	556
	507	559
	508	560
net/minecraft/client/resources/SkinManager	172	181
	129	126
	130	127
	132	130
	133	133
	144	153
	145	154
	146	155
	149	158
	150	159
	151	160
	152	161
	153	162
	155	165
	159	169
	160	170
	161	171
	162	172
	35	38
	163	172
	167	176
	168	177
	169	178
	170	179
	172	181
	45	47
	46	48
	47	49
	48	50
	49	51
	50	52
	51	53
	52	54
	55	57
	56	58
	57	59
	58	60
	60	63
	61	64
	62	65
	64	68
	65	69
	66	70
	67	71
	68	72
	69	73
	71	76
	75	81
	83	84
	84	85
	85	86
	86	87
	89	89
	90	90
	92	91
	93	91
	94	91
	95	92
	98	94
	99	94
	100	94
	104	100
	105	101
	106	102
	109	104
	110	105
	114	110
	117	113
	118	114
	119	115
	121	117
	122	118
	123	119
	126	122
	127	123
net/minecraft/client/gui/components/tabs/TabNavigationBar	254	256
	37	38
	48	46
	49	47
	50	48
	52	49
	54	50
	55	52
	56	53
	58	56
	59	57
	67	246
	68	247
	69	248
	72	251
	73	252
	77	256
	82	60
	86	64
	87	65
	91	69
	96	77
	97	78
	98	79
	100	81
	104	85
	105	86
	106	87
	108	89
	112	93
	113	94
	114	95
	115	96
	118	100
	119	100
	121	100
	126	105
	130	109
	135	114
	136	114
	137	114
	138	114
	143	119
	144	119
	145	120
	146	121
	147	122
	148	123
	149	124
	150	125
	152	127
	155	130
	156	131
	157	132
	158	133
	161	136
	165	140
	166	152
	167	153
	168	155
	169	156
	171	158
	175	162
	180	166
	181	167
	182	169
	183	170
	185	173
	186	174
	187	175
	188	176
	192	179
	193	180
	194	181
	195	182
	197	184
	200	187
	201	188
	203	190
	206	193
	207	194
	209	196
	213	200
	214	201
	215	202
	216	203
	217	204
	220	208
	224	212
	228	216
	229	217
	231	218
	232	219
	233	219
	234	220
	235	221
	236	222
	237	222
	239	222
	243	224
	247	229
	248	230
	249	231
	253	235
	254	236
net/minecraft/client/renderer/item/properties/conditional/IsSelected	21	24
	16	19
	21	24
	12	15
net/minecraft/client/renderer/chunk/SectionMesh	38	41
	16	18
	34	36
	20	22
	38	41
	24	26
	12	14
	28	30
com/mojang/blaze3d/platform/cursor/package-info	0	0
net/minecraft/client/renderer/texture/SpriteContents	346	345
	256	243
	257	245
	258	253
	259	254
	260	256
	261	257
	263	264
	266	267
	267	268
	270	271
	274	275
	288	291
	289	292
	290	293
	291	294
	294	297
	295	298
	296	299
	297	300
	42	44
	298	301
	299	302
	300	303
	45	45
	46	45
	302	304
	47	45
	303	305
	48	45
	304	306
	49	45
	50	45
	307	309
	310	312
	314	316
	318	320
	319	321
	64	57
	320	322
	65	58
	321	323
	322	324
	68	68
	324	325
	69	69
	325	326
	70	70
	71	71
	327	327
	328	328
	73	72
	329	329
	74	73
	330	330
	75	75
	331	331
	76	76
	332	332
	77	77
	78	78
	79	79
	335	335
	80	80
	337	336
	338	337
	84	84
	85	85
	86	86
	342	341
	343	342
	88	87
	344	343
	89	88
	90	89
	346	345
	91	90
	92	91
	93	92
	95	93
	97	95
	100	98
	104	102
	108	106
	109	107
	110	108
	112	109
	115	111
	116	112
	118	114
	119	115
	122	118
	123	119
	125	121
	126	122
	129	125
	130	126
	132	128
	133	128
	134	129
	135	130
	136	131
	137	132
	138	133
	140	136
	141	137
	142	138
	145	141
	146	142
	148	144
	150	128
	153	148
	154	149
	155	150
	159	154
	160	154
	163	154
	168	159
	173	164
	178	169
	182	173
	186	177
	190	181
	191	182
	192	183
	193	184
	196	188
	201	193
	202	194
	204	196
	208	200
	212	204
	213	205
	214	206
	215	207
	216	208
	218	211
	222	215
	223	216
	233	225
	234	226
	235	227
	236	228
	244	231
	248	235
	252	239
	253	240
	254	241
net/minecraft/client/gui/components/debug/DebugEntryParticleRenderStats	12	15
	11	14
	12	15
net/minecraft/client/particle/ExplodeParticle	49	52
	36	37
	37	38
	38	39
	11	14
	12	15
	44	46
	13	16
	45	47
	14	17
	15	18
	16	19
	17	20
	49	52
	19	21
	20	22
	21	23
	22	24
	23	25
	25	26
	26	27
	27	28
	31	32
com/mojang/blaze3d/pipeline/RenderPipeline	471	533
	46	69
	47	70
	48	71
	49	72
	50	73
	51	74
	52	75
	53	76
	54	77
	55	78
	56	79
	57	80
	58	81
	59	82
	60	83
	61	84
	62	85
	63	86
	64	87
	65	88
	68	91
	72	95
	73	96
	77	100
	81	104
	85	108
	89	112
	93	116
	97	120
	101	124
	105	128
	109	132
	113	136
	117	140
	121	144
	125	148
	129	152
	133	156
	137	160
	141	164
	145	168
	149	172
	153	176
	161	180
	163	182
	164	183
	166	186
	172	193
	173	194
	174	195
	175	196
	176	197
	177	198
	178	199
	179	200
	180	201
	181	202
	182	203
	183	204
	184	205
	185	206
	186	207
	187	208
	192	213
	195	216
	196	217
	200	221
	201	222
	205	226
	206	227
	210	231
	211	232
	215	236
	216	237
	220	241
	221	242
	225	246
	226	247
	228	250
	229	251
	233	255
	234	256
	236	259
	237	260
	241	264
	242	265
	244	268
	245	269
	249	273
	250	274
	252	277
	253	278
	257	282
	258	283
	260	286
	261	287
	263	290
	264	291
	268	295
	269	296
	271	299
	272	300
	274	303
	275	304
	279	308
	280	309
	284	313
	285	314
	289	318
	290	319
	294	323
	295	324
	299	328
	300	329
	304	333
	305	334
	306	335
	310	339
	311	340
	312	341
	316	345
	317	346
	326	351
	327	352
	331	356
	332	357
	333	358
	337	362
	338	363
	339	364
	343	368
	344	369
	346	372
	347	373
	349	376
	350	377
	351	378
	353	381
	354	383
	355	384
	357	387
	358	388
	361	392
	362	393
	363	394
	365	396
	367	398
	369	399
	370	400
	371	401
	373	403
	375	405
	378	406
	379	407
	382	410
	383	411
	386	414
	387	415
	390	418
	391	419
	394	422
	395	423
	398	426
	399	427
	402	430
	403	431
	406	434
	407	435
	410	438
	411	439
	413	441
	416	444
	419	447
	420	448
	421	449
	436	464
	437	465
	439	466
	440	467
	442	468
	443	469
	445	470
	446	471
	448	472
	449	473
	451	475
	452	479
	453	481
	454	485
	455	488
	456	491
	463	525
	464	526
	465	527
	467	529
	470	532
	471	533
net/minecraft/client/renderer/state/BlockOutlineRenderState	10	25
	9	24
	10	25
net/minecraft/client/renderer/entity/state/EndermanRenderState	0	0
net/minecraft/client/gui/narration/NarrationElementOutput	17	20
	16	19
	17	20
	8	11
	9	12
	12	15
	13	16
net/minecraft/client/renderer/entity/state/CreakingRenderState	0	0
net/minecraft/client/gui/screens/worldselection/EditGameRulesScreen	287	304
	259	265
	260	266
	261	267
	262	268
	263	269
	264	270
	266	272
	267	273
	270	276
	271	277
	274	280
	275	285
	276	292
	277	293
	278	295
	282	299
	283	300
	284	301
	285	302
	287	304
	42	44
	56	54
	57	55
	58	56
	59	57
	63	61
	65	62
	67	63
	68	64
	69	65
	70	67
	71	69
	72	70
	76	74
	77	75
	78	76
	80	78
	84	82
	85	83
	88	86
	89	87
	91	89
	94	92
	95	93
	96	94
	99	97
	100	98
	101	99
	107	230
	108	231
	115	128
	116	129
	117	130
	121	134
	122	135
	126	139
	131	144
	134	147
	139	152
	140	153
	155	170
	156	171
	157	172
	161	176
	166	181
	170	185
	171	186
	172	187
	173	188
	174	189
	176	191
	183	106
	184	107
	185	108
	186	109
	187	110
	188	111
	189	112
	193	116
	194	117
	195	118
	196	119
	197	120
	204	199
	206	200
	207	201
	208	202
	209	203
	210	204
	211	205
	212	206
	213	207
	215	209
	216	210
	218	212
	219	213
	220	214
	224	218
	225	219
	226	220
	227	221
	228	222
	235	240
	237	246
	239	247
	242	250
	243	251
	247	254
	248	255
	251	258
	252	259
	254	260
	255	262
net/minecraft/client/model/monster/breeze/BreezeModel	138	165
	130	157
	134	161
	138	165
	42	39
	43	40
	44	41
	45	42
	46	43
	47	44
	48	45
	49	46
	51	47
	52	48
	53	49
	54	50
	55	51
	56	52
	57	53
	60	56
	61	57
	63	58
	65	59
	66	60
	67	62
	68	65
	69	67
	70	70
	71	72
	73	75
	74	78
	75	80
	77	84
	78	87
	79	89
	81	93
	82	94
	83	96
	84	99
	85	102
	86	104
	87	106
	88	110
	89	113
	90	115
	91	117
	92	121
	96	125
	97	126
	98	127
	102	131
	103	132
	104	133
	108	137
	109	138
	110	139
	115	143
	117	144
	118	145
	119	146
	120	147
	121	148
	122	149
	123	150
	126	153
net/minecraft/client/ComponentCollector	33	33
	32	32
	17	19
	33	33
	18	20
	20	22
	21	22
	23	22
	10	12
	27	27
	28	28
	13	15
	14	16
net/minecraft/client/particle/TrailParticle	70	68
	67	65
	68	67
	70	68
	16	18
	18	19
	20	20
	21	21
	22	22
	24	23
	26	24
	27	25
	31	29
	36	34
	37	35
	38	36
	40	37
	41	38
	42	46
	45	40
	46	41
	48	42
	49	43
	50	44
	51	46
	55	50
	62	58
	63	59
net/minecraft/client/resources/metadata/gui/GuiSpriteScaling	124	121
	14	16
	21	77
	25	81
	30	88
	31	89
	32	90
	33	92
	37	97
	42	24
	43	25
	44	26
	45	27
	46	28
	47	30
	50	35
	51	36
	52	37
	54	39
	55	40
	57	41
	62	47
	66	52
	67	53
	69	54
	70	55
	71	55
	73	55
	77	58
	78	59
	79	60
	80	61
	81	62
	82	64
	84	66
	85	67
	86	67
	87	67
	89	67
	94	70
	95	70
	97	70
	103	103
	104	104
	105	105
	108	107
	114	112
	115	113
	116	114
	120	117
	124	121
net/minecraft/client/gui/components/AbstractOptionSliderButton	12	15
	10	13
	11	14
	12	15
com/mojang/realmsclient/gui/screens/configuration/RealmsConfigurationTab	12	15
	9	12
	12	15
net/minecraft/client/gui/screens/WinScreen	338	327
	259	250
	261	251
	263	252
	265	253
	266	254
	268	255
	270	256
	271	257
	273	258
	274	259
	276	260
	278	262
	279	263
	280	264
	281	265
	282	266
	285	270
	286	271
	287	272
	288	273
	290	275
	293	279
	295	282
	40	40
	296	283
	41	41
	42	42
	299	286
	44	44
	300	287
	48	47
	304	291
	49	48
	305	292
	50	49
	306	293
	307	294
	308	296
	309	298
	311	300
	313	302
	317	306
	318	307
	319	308
	323	312
	69	65
	70	66
	71	67
	72	68
	328	317
	73	69
	75	71
	77	74
	333	322
	334	323
	79	75
	80	76
	338	327
	83	79
	84	80
	86	81
	91	86
	92	87
	93	88
	94	89
	95	90
	97	92
	101	96
	102	97
	103	98
	104	99
	105	100
	106	101
	108	104
	110	105
	115	110
	116	111
	118	114
	119	115
	120	116
	121	117
	123	120
	125	121
	130	126
	131	127
	134	130
	135	131
	139	135
	140	150
	143	136
	144	137
	145	138
	146	139
	147	140
	149	143
	150	144
	151	145
	154	148
	155	150
	159	154
	168	158
	169	159
	170	160
	171	161
	173	163
	176	166
	177	167
	180	170
	181	171
	184	174
	185	175
	186	176
	187	177
	189	180
	190	181
	193	184
	194	185
	196	187
	199	190
	200	190
	201	191
	202	192
	203	193
	204	194
	205	195
	206	196
	207	197
	209	199
	210	199
	211	200
	212	201
	213	202
	214	203
	215	204
	216	205
	219	208
	220	208
	221	209
	222	210
	223	211
	224	212
	225	214
	226	215
	227	216
	229	219
	230	220
	234	224
	237	227
	238	228
	239	229
	242	232
	243	233
	244	234
	245	235
	248	238
	249	239
	251	242
	252	243
	253	244
	255	246
net/minecraft/client/renderer/entity/DisplayRenderer	295	288
	256	250
	258	252
	261	255
	263	256
	265	257
	266	258
	267	259
	269	260
	270	261
	272	262
	273	263
	274	264
	276	265
	277	266
	278	267
	279	268
	280	269
	281	270
	282	271
	285	274
	286	276
	287	277
	288	278
	289	279
	290	280
	36	47
	292	283
	37	48
	293	286
	38	49
	295	288
	42	52
	47	56
	51	60
	52	61
	57	65
	58	66
	59	66
	61	66
	66	70
	67	71
	68	71
	70	71
	75	75
	76	76
	77	76
	79	76
	84	80
	85	81
	86	81
	88	81
	93	85
	94	86
	95	96
	97	87
	99	88
	101	89
	102	90
	103	91
	104	92
	105	93
	106	94
	107	96
	110	99
	112	100
	114	103
	116	106
	118	109
	123	119
	127	123
	131	127
	135	131
	142	137
	143	138
	144	139
	145	140
	146	141
	147	142
	148	143
	149	144
	150	145
	154	150
	155	151
	159	154
	164	158
	165	159
	166	160
	170	165
	171	168
	178	176
	179	177
	180	178
	184	181
	189	185
	190	186
	191	187
	192	188
	194	190
	196	192
	200	197
	201	201
	204	198
	205	199
	206	201
	213	209
	214	210
	215	211
	219	214
	224	218
	225	219
	226	220
	227	221
	230	224
	231	225
	233	226
	234	228
	235	229
	236	230
	237	231
	240	234
	245	240
	246	241
	248	242
	249	243
	250	244
	251	245
	252	246
	254	248
	255	249
net/minecraft/client/renderer/entity/layers/WingsLayer	60	75
	34	38
	35	39
	36	40
	37	61
	40	41
	41	42
	43	43
	44	44
	46	45
	48	59
	49	61
	52	64
	53	65
	54	66
	55	67
	56	70
	57	71
	26	31
	27	32
	28	33
	60	75
	29	34
	30	35
net/minecraft/client/gui/navigation/ScreenDirection	66	48
	32	34
	33	35
	66	48
	12	14
	44	40
	45	40
	15	17
	47	40
	16	18
	17	19
	22	24
	23	25
	24	26
	25	27
	26	28
	58	44
	59	44
	61	44
	31	33
com/mojang/realmsclient/client/Request	292	295
	256	290
	257	291
	258	292
	259	293
	260	294
	261	295
	270	244
	271	245
	272	246
	277	250
	278	251
	281	254
	282	255
	283	256
	284	257
	285	258
	30	30
	286	259
	31	31
	287	260
	288	261
	33	32
	289	262
	34	33
	290	263
	291	264
	36	35
	292	265
	39	38
	40	39
	41	40
	42	41
	43	42
	44	43
	46	45
	49	48
	50	49
	53	52
	54	53
	55	54
	57	56
	59	58
	62	61
	63	62
	66	65
	70	69
	72	72
	73	73
	74	74
	80	80
	81	81
	82	82
	83	83
	89	89
	92	91
	93	92
	95	94
	98	97
	99	98
	100	99
	101	100
	106	105
	107	106
	109	109
	110	110
	111	112
	112	113
	115	116
	119	120
	121	123
	122	125
	125	128
	128	132
	129	133
	130	148
	133	134
	136	137
	140	144
	141	145
	144	129
	148	151
	149	152
	151	155
	152	156
	153	157
	160	163
	164	167
	168	171
	172	175
	176	179
	180	183
	184	187
	188	191
	193	196
	194	197
	195	198
	201	205
	202	206
	207	210
	208	211
	209	212
	210	213
	211	214
	212	215
	219	223
	220	224
	225	228
	226	229
	227	230
	228	231
	229	232
	230	233
	231	234
	240	275
	241	276
	242	277
	247	281
	248	282
	251	285
	252	286
	253	287
	254	288
	255	289
net/minecraft/client/model/monster/piglin/AbstractPiglinModel	114	105
	64	52
	65	53
	70	58
	71	59
	72	61
	73	62
	74	64
	75	66
	76	68
	80	72
	81	74
	82	74
	83	75
	85	77
	86	79
	87	79
	88	80
	90	82
	95	87
	33	33
	97	88
	98	89
	99	90
	100	91
	101	92
	102	93
	103	94
	104	95
	43	34
	108	99
	109	100
	46	37
	110	101
	111	102
	48	38
	112	103
	49	39
	113	104
	50	40
	114	105
	51	40
	54	42
	55	43
	56	44
	60	48
	61	49
	62	50
	63	51
net/minecraft/client/Camera	299	293
	257	250
	261	254
	262	255
	263	256
	264	257
	265	258
	268	261
	277	271
	278	272
	279	273
	280	274
	283	277
	287	281
	33	35
	34	36
	35	37
	291	285
	295	289
	40	41
	42	43
	43	44
	299	293
	44	45
	56	56
	57	57
	58	58
	59	59
	60	60
	62	61
	63	63
	64	64
	67	65
	68	66
	69	67
	70	68
	72	69
	73	70
	75	72
	76	73
	78	80
	79	81
	80	82
	82	85
	83	86
	84	87
	85	88
	86	89
	88	92
	89	93
	90	94
	91	95
	92	96
	94	99
	95	100
	96	101
	97	102
	98	103
	100	105
	103	108
	104	109
	105	110
	106	111
	108	113
	111	116
	112	118
	113	119
	114	120
	115	121
	116	122
	117	123
	118	124
	119	125
	120	126
	121	127
	122	128
	126	133
	130	137
	131	138
	132	139
	135	142
	136	143
	138	144
	144	145
	145	146
	146	147
	147	148
	150	151
	151	152
	154	155
	155	156
	156	157
	160	160
	164	164
	168	168
	172	172
	177	176
	181	180
	185	184
	189	188
	193	192
	197	196
	201	200
	202	201
	203	202
	204	203
	206	204
	207	205
	208	206
	210	207
	214	211
	215	212
	218	215
	219	216
	220	216
	221	217
	225	220
	228	222
	229	222
	230	223
	231	224
	232	225
	233	226
	234	227
	235	228
	238	231
	239	232
	240	233
	245	238
	249	242
	253	246
net/minecraft/client/multiplayer/ClientLevel	1169	1111
	1025	1098
	1026	1099
	1027	1100
	1028	1101
	1029	1102
	1030	1103
	1031	1104
	1032	1105
	1035	1108
	1039	1111
	1044	854
	1049	858
	1050	888
	1053	859
	1055	860
	1058	861
	1059	863
	1060	864
	1061	865
	1063	866
	1064	867
	1065	868
	1067	870
	1068	871
	1069	872
	1070	873
	1071	874
	1072	875
	1074	876
	1075	877
	1076	878
	1078	879
	1082	885
	1083	888
	1086	891
	1087	892
	1088	927
	1091	893
	1092	894
	1093	895
	1095	896
	1097	897
	1098	898
	1099	899
	1100	900
	1103	901
	1104	902
	1106	905
	1107	906
	1109	909
	1110	910
	1112	913
	1113	914
	1115	917
	1116	918
	1118	921
	1119	922
	1122	925
	1123	927
	1126	930
	1127	931
	1130	934
	1135	938
	1140	942
	121	131
	1145	946
	123	132
	1150	964
	1154	967
	1159	971
	1164	976
	1165	977
	144	153
	1168	980
	145	156
	1169	981
	146	159
	147	162
	148	164
	162	179
	163	180
	166	183
	167	184
	171	187
	172	188
	173	189
	175	191
	178	194
	182	198
	183	199
	185	201
	188	204
	189	205
	190	206
	193	207
	194	208
	195	209
	198	212
	201	215
	206	219
	207	220
	208	221
	209	222
	210	223
	212	226
	214	228
	217	176
	220	244
	221	245
	222	246
	223	247
	224	248
	225	249
	226	250
	227	251
	228	252
	229	253
	231	254
	233	255
	235	256
	236	257
	237	258
	239	260
	242	263
	244	264
	245	265
	246	265
	247	265
	249	265
	251	266
	252	266
	255	267
	259	271
	260	272
	263	275
	264	276
	265	278
	266	279
	267	280
	268	284
	273	286
	276	289
	280	293
	281	294
	282	295
	283	296
	286	299
	287	300
	290	303
	291	304
	292	305
	293	306
	297	322
	299	327
	300	326
	301	339
	303	343
	304	344
	305	345
	308	348
	309	349
	310	350
	312	352
	315	355
	316	356
	317	357
	318	358
	321	361
	325	365
	326	366
	327	369
	329	367
	330	369
	331	370
	334	373
	339	377
	343	381
	345	382
	346	383
	347	384
	348	385
	350	387
	351	388
	353	390
	356	393
	357	394
	358	404
	361	395
	362	404
	365	396
	367	397
	368	398
	370	400
	371	401
	373	404
	376	407
	377	408
	378	409
	379	410
	382	413
	383	414
	384	415
	387	418
	388	419
	391	422
	392	423
	396	426
	400	430
	404	434
	405	435
	406	436
	409	439
	410	440
	411	441
	412	442
	414	444
	419	447
	420	448
	422	448
	423	448
	425	449
	427	450
	432	454
	436	458
	437	459
	440	462
	441	463
	443	464
	444	465
	445	467
	446	468
	447	469
	449	471
	452	474
	453	475
	454	476
	455	477
	456	478
	460	482
	464	486
	465	487
	466	488
	468	489
	469	490
	470	491
	472	492
	474	493
	475	494
	477	495
	478	496
	479	497
	480	498
	481	499
	485	503
	486	504
	489	507
	490	508
	491	509
	492	510
	496	522
	499	525
	500	547
	503	526
	504	527
	505	528
	506	529
	507	530
	509	532
	510	533
	511	534
	512	535
	514	537
	515	538
	516	539
	517	540
	518	541
	519	542
	523	547
	526	550
	527	552
	528	553
	529	554
	532	558
	535	561
	536	562
	540	565
	542	566
	543	568
	544	570
	546	571
	551	577
	552	578
	554	580
	558	583
	559	584
	561	586
	565	589
	566	590
	570	593
	571	594
	573	596
	577	599
	578	600
	581	603
	582	604
	584	605
	586	606
	587	607
	589	609
	591	611
	595	614
	597	615
	598	616
	601	619
	603	621
	607	624
	608	625
	612	628
	617	632
	622	636
	627	640
	632	644
	637	648
	642	652
	647	656
	651	660
	652	661
	656	664
	661	668
	662	669
	666	672
	667	673
	670	676
	671	677
	674	680
	675	681
	679	684
	680	685
	684	688
	685	689
	690	693
	691	694
	692	695
	693	696
	695	697
	696	698
	697	699
	698	700
	700	701
	702	703
	706	706
	707	707
	711	710
	712	711
	716	714
	717	715
	721	718
	722	719
	726	723
	727	724
	729	725
	730	726
	731	742
	734	727
	735	742
	738	728
	740	742
	743	729
	744	732
	745	733
	746	734
	748	735
	749	737
	750	739
	752	740
	754	742
	757	745
	759	746
	761	746
	762	747
	766	750
	768	750
	769	751
	773	754
	778	758
	783	762
	788	766
	792	770
	797	774
	798	775
	802	778
	804	779
	805	780
	808	783
	809	784
	810	785
	811	786
	812	787
	818	793
	819	794
	823	798
	824	799
	825	800
	828	803
	829	804
	830	805
	831	806
	833	807
	834	808
	835	810
	836	811
	837	812
	839	813
	840	814
	841	815
	844	818
	849	822
	850	823
	854	826
	859	831
	864	835
	870	839
	873	842
	877	846
	878	847
	894	995
	895	996
	896	997
	897	998
	901	1001
	906	1005
	911	1009
	915	1013
	916	1014
	919	1017
	920	1018
	924	1021
	925	1022
	929	1025
	934	1029
	939	1033
	940	1034
	944	1037
	949	1041
	954	1045
	959	1049
	960	1050
	963	1053
	964	1054
	967	1057
	968	1058
	971	1061
	972	1061
	975	1061
	979	1065
	980	1065
	982	1065
	988	850
	994	1072
	998	1075
	1002	1078
	1003	1079
	1007	1082
	1008	1083
	1012	1086
	1013	1087
	1014	1088
	1015	1089
	1016	1090
	1017	1091
	1018	1092
	1021	1095
com/mojang/blaze3d/buffers/package-info	0	0
net/minecraft/client/model/monster/vex/VexModel	133	133
	128	128
	129	129
	131	131
	133	133
	29	30
	36	31
	39	34
	40	35
	42	36
	43	37
	44	38
	45	38
	47	40
	48	43
	49	45
	50	47
	52	49
	53	51
	54	52
	55	54
	56	56
	57	57
	59	59
	60	61
	61	62
	62	64
	63	66
	64	67
	66	69
	71	73
	72	74
	73	75
	74	76
	76	77
	77	78
	79	79
	80	80
	81	81
	83	83
	85	86
	86	87
	87	88
	88	89
	89	90
	90	91
	91	92
	94	95
	95	96
	96	97
	97	98
	98	99
	99	100
	100	101
	101	115
	104	103
	105	104
	106	105
	107	106
	109	109
	110	110
	111	111
	112	112
	114	115
	118	118
	119	119
	120	120
	121	121
	122	122
	123	123
	124	124
	125	125
net/minecraft/client/gui/screens/recipebook/RecipeBookComponent	658	583
	512	450
	513	451
	516	453
	521	459
	522	460
	527	465
	528	466
	530	467
	531	468
	534	469
	535	470
	536	471
	539	473
	544	479
	550	484
	554	488
	558	492
	559	493
	561	494
	562	495
	563	496
	565	498
	568	501
	57	59
	569	502
	58	59
	570	503
	59	59
	571	504
	572	505
	573	506
	62	61
	575	509
	576	510
	577	511
	66	64
	578	512
	580	514
	583	517
	72	69
	587	521
	588	522
	590	523
	592	524
	594	526
	597	529
	598	530
	601	533
	602	534
	603	535
	604	536
	609	541
	610	542
	611	543
	612	544
	613	545
	615	547
	621	551
	114	97
	626	556
	115	98
	627	557
	116	99
	628	558
	629	559
	118	100
	119	101
	631	561
	120	102
	632	562
	633	563
	634	564
	123	105
	124	106
	636	565
	125	107
	637	566
	126	108
	638	567
	127	109
	640	569
	129	110
	131	111
	132	112
	133	113
	135	115
	649	574
	138	118
	650	575
	140	119
	141	120
	653	578
	142	121
	654	579
	144	122
	145	123
	657	582
	146	124
	658	583
	148	125
	149	126
	150	127
	151	128
	152	129
	153	130
	154	131
	157	132
	160	133
	161	133
	162	133
	165	135
	167	136
	168	137
	169	138
	170	139
	171	140
	172	141
	173	142
	174	143
	175	144
	177	145
	179	147
	180	148
	183	151
	184	154
	186	159
	187	160
	189	163
	191	164
	192	165
	193	166
	194	167
	197	170
	201	174
	208	181
	209	182
	211	184
	214	187
	218	191
	219	192
	222	195
	226	199
	230	203
	231	204
	234	207
	235	208
	236	209
	237	210
	239	213
	240	214
	245	219
	246	220
	247	221
	249	222
	250	223
	253	226
	257	229
	258	230
	259	231
	262	234
	267	239
	269	240
	272	241
	275	242
	276	243
	277	244
	278	245
	279	246
	280	247
	285	251
	286	252
	289	255
	290	256
	293	259
	294	260
	295	261
	297	262
	298	264
	299	265
	301	266
	302	267
	303	268
	304	269
	305	270
	306	271
	309	274
	313	277
	314	278
	315	279
	318	282
	319	288
	322	283
	323	284
	324	285
	326	288
	329	291
	330	292
	331	293
	333	294
	334	295
	335	296
	338	299
	343	304
	344	321
	347	305
	348	306
	351	309
	352	310
	353	311
	355	312
	357	314
	358	315
	361	318
	363	319
	364	321
	367	324
	368	328
	371	325
	373	326
	374	328
	379	333
	380	334
	384	338
	385	380
	389	339
	390	340
	391	341
	393	342
	394	343
	395	344
	398	347
	399	348
	401	349
	402	350
	406	354
	409	356
	410	357
	411	359
	412	360
	413	361
	415	364
	419	367
	420	368
	423	371
	424	372
	425	373
	429	377
	434	386
	435	386
	437	386
	441	390
	442	391
	445	394
	446	395
	447	396
	448	397
	452	401
	453	402
	454	403
	456	405
	459	408
	460	409
	462	412
	463	413
	464	414
	467	417
	468	418
	469	419
	470	420
	473	423
	474	424
	477	427
	478	428
	480	429
	485	434
	486	435
	487	436
	490	437
	491	438
	492	439
	495	440
	496	441
	497	442
	499	443
	501	444
	504	445
	505	446
	506	447
	508	448
	511	449
net/minecraft/client/gui/screens/inventory/CraftingScreen	35	38
	16	19
	32	35
	17	20
	33	36
	34	37
	35	38
	21	24
	22	25
	23	26
	27	30
	13	16
net/minecraft/client/renderer/entity/EvokerRenderer	42	40
	16	19
	18	20
	35	34
	21	22
	22	23
	24	25
	40	38
	41	39
	26	27
	42	40
	13	16
	30	30
com/mojang/realmsclient/gui/screens/AddRealmPopupScreen	153	147
	128	122
	129	123
	130	124
	132	126
	135	129
	139	133
	143	137
	147	141
	152	146
	153	147
	26	25
	27	26
	29	27
	30	28
	32	30
	33	30
	34	30
	50	42
	61	50
	62	51
	63	52
	64	53
	67	56
	68	57
	69	58
	73	62
	75	63
	76	64
	77	65
	78	65
	79	66
	83	71
	84	72
	85	73
	87	77
	88	79
	90	80
	91	82
	92	84
	93	85
	95	88
	96	89
	100	93
	101	94
	102	95
	103	96
	105	98
	109	102
	111	103
	112	104
	114	106
	117	109
	118	110
	119	113
	123	117
	124	118
	125	119
	126	120
	127	121
com/mojang/realmsclient/dto/BackupList	31	33
	17	17
	19	20
	20	21
	21	22
	22	23
	23	24
	24	25
	28	29
	29	30
	14	14
	31	33
com/mojang/realmsclient/dto/ServiceQuality	61	63
	34	37
	38	41
	42	45
	14	16
	46	50
	15	17
	16	18
	17	19
	18	20
	50	53
	51	54
	55	57
	24	26
	56	58
	25	27
	57	59
	26	28
	58	60
	59	61
	29	31
	61	63
	30	32
	31	33
net/minecraft/client/tutorial/MovementTutorialStepInstance	122	127
	19	19
	20	21
	22	22
	23	23
	37	36
	38	37
	42	41
	44	42
	45	43
	46	44
	49	47
	50	48
	51	49
	54	52
	55	53
	56	54
	57	55
	59	58
	62	61
	63	62
	64	63
	65	64
	67	67
	70	70
	71	71
	72	72
	74	74
	78	78
	79	79
	82	82
	83	83
	86	86
	87	87
	88	88
	89	89
	90	90
	91	91
	92	92
	93	93
	96	96
	100	100
	101	101
	102	102
	104	105
	105	106
	106	107
	108	109
	112	113
	113	118
	115	120
	119	124
	120	125
	122	127
net/minecraft/client/renderer/entity/layers/HorseMarkingLayer	41	56
	34	40
	36	41
	37	56
	40	42
	41	56
	18	19
	20	21
	22	25
	23	27
	24	29
	25	31
	29	36
	30	37
net/minecraft/client/OptionInstance	591	614
	515	495
	516	496
	261	356
	517	497
	266	361
	522	502
	523	503
	524	504
	529	509
	530	510
	532	513
	533	514
	279	386
	280	387
	281	388
	282	389
	538	519
	283	390
	539	520
	284	391
	285	392
	286	393
	290	397
	291	398
	292	399
	548	577
	39	39
	40	40
	296	403
	41	41
	297	404
	553	581
	299	406
	301	408
	558	585
	304	411
	305	412
	306	413
	562	589
	307	414
	309	416
	565	592
	54	54
	313	420
	58	58
	314	421
	570	597
	315	422
	316	423
	62	62
	318	425
	575	602
	66	68
	322	429
	324	430
	580	607
	325	431
	326	432
	327	433
	329	435
	76	78
	588	614
	333	439
	589	614
	334	440
	335	441
	591	614
	81	78
	337	443
	341	447
	342	448
	87	89
	343	449
	88	90
	345	452
	346	453
	347	454
	348	455
	349	456
	350	457
	351	458
	352	459
	99	101
	355	463
	100	102
	356	464
	101	103
	357	465
	102	104
	358	466
	103	105
	359	467
	104	106
	105	107
	106	108
	362	471
	107	109
	363	472
	364	473
	365	474
	110	112
	368	478
	114	116
	118	120
	122	124
	379	284
	126	128
	384	288
	130	132
	134	136
	391	292
	392	293
	393	295
	394	295
	139	141
	396	295
	143	145
	144	146
	145	147
	401	300
	402	301
	147	149
	404	304
	149	150
	150	157
	152	152
	408	308
	153	153
	154	154
	411	311
	156	157
	159	160
	416	316
	421	321
	422	322
	424	325
	425	326
	430	331
	174	543
	431	332
	433	335
	434	336
	178	547
	439	341
	184	553
	444	346
	189	561
	452	264
	453	265
	201	225
	457	268
	206	232
	462	273
	207	233
	208	234
	209	235
	210	236
	211	237
	212	238
	469	188
	213	239
	474	193
	222	532
	223	533
	480	198
	481	201
	225	534
	482	202
	483	203
	485	204
	491	211
	237	169
	496	216
	242	174
	249	252
	505	486
	506	487
	507	489
	508	489
	254	257
	510	489
net/minecraft/client/renderer/chunk/SectionBuffers	58	61
	33	36
	37	40
	41	44
	42	45
	45	48
	14	17
	46	49
	15	18
	16	19
	17	20
	49	52
	18	21
	50	53
	21	24
	54	57
	55	58
	56	59
	25	28
	58	61
	29	32
	30	33
net/minecraft/client/gui/screens/telemetry/package-info	0	0
net/minecraft/client/animation/AnimationDefinition	43	42
	16	14
	33	32
	34	33
	38	37
	39	38
	25	24
	43	42
	29	28
	30	29
net/minecraft/client/renderer/block/model/multipart/CombinedCondition	51	44
	33	36
	51	18
	19	23
	22	26
	38	40
	39	41
	25	29
	43	44
	28	32
net/minecraft/client/model/object/leash/package-info	0	0
net/minecraft/client/multiplayer/ClientRegistryLayer	19	20
	16	17
	19	20
	14	16
net/minecraft/client/gui/screens/packs/PackSelectionScreen	390	426
	258	254
	259	256
	261	258
	262	259
	263	260
	265	262
	266	263
	268	265
	269	266
	273	270
	274	271
	275	272
	278	275
	279	276
	280	277
	283	280
	284	281
	285	283
	286	285
	287	286
	288	287
	290	290
	293	294
	294	295
	295	296
	296	297
	297	300
	300	303
	304	330
	305	314
	306	315
	307	353
	309	320
	310	322
	312	325
	313	326
	314	327
	59	61
	315	346
	61	62
	317	354
	62	63
	318	355
	63	64
	64	65
	320	356
	324	361
	69	69
	70	70
	73	72
	332	370
	333	371
	336	374
	339	376
	340	377
	341	378
	342	379
	90	85
	346	383
	91	86
	347	384
	92	87
	348	385
	93	88
	94	89
	350	387
	98	93
	354	391
	99	94
	355	392
	100	95
	356	393
	357	394
	103	98
	105	100
	106	101
	362	399
	107	102
	363	400
	110	105
	366	403
	114	109
	370	406
	115	110
	371	407
	116	111
	372	407
	117	112
	373	408
	118	113
	374	409
	119	114
	375	410
	120	115
	376	411
	121	116
	377	412
	122	117
	123	118
	125	119
	381	417
	126	121
	127	121
	128	121
	384	420
	130	123
	132	125
	133	127
	389	425
	134	128
	390	426
	135	129
	139	133
	140	134
	142	136
	144	138
	147	141
	148	142
	149	143
	152	146
	153	156
	155	147
	156	149
	157	150
	158	151
	159	152
	160	154
	161	156
	165	160
	166	161
	167	162
	169	165
	170	166
	172	168
	176	172
	178	174
	180	175
	182	177
	183	178
	184	179
	188	183
	189	183
	190	184
	193	186
	196	189
	197	190
	199	193
	200	194
	202	197
	203	198
	205	201
	206	202
	208	204
	211	207
	212	208
	213	209
	214	210
	215	211
	218	214
	219	215
	220	216
	221	217
	223	219
	224	220
	225	221
	226	222
	228	224
	229	225
	230	226
	231	227
	233	229
	234	230
	235	231
	237	233
	241	237
	242	239
	243	242
	244	243
	245	244
	246	245
	249	247
	254	251
net/minecraft/client/renderer/entity/state/BoatRenderState	0	0
net/minecraft/client/renderer/entity/layers/BeeStingerLayer	21	30
	16	20
	17	26
	21	30
	13	16
net/minecraft/client/gui/screens/debug/DebugOptionsScreen	324	332
	256	207
	257	208
	258	209
	259	210
	260	211
	261	212
	263	213
	264	214
	267	217
	268	218
	269	219
	273	223
	274	225
	275	226
	277	229
	278	230
	282	234
	287	239
	292	244
	293	245
	294	246
	296	247
	298	248
	43	44
	299	249
	44	45
	45	46
	46	47
	302	252
	47	48
	303	253
	48	49
	304	254
	49	50
	306	255
	51	51
	307	256
	308	257
	310	258
	311	259
	312	260
	313	261
	59	57
	60	58
	317	265
	318	266
	319	267
	64	62
	320	268
	321	269
	66	63
	322	270
	67	64
	323	271
	324	272
	69	65
	70	66
	71	67
	72	68
	73	69
	74	70
	75	71
	76	72
	78	73
	80	74
	82	75
	83	76
	84	77
	85	78
	87	80
	88	82
	89	83
	93	87
	94	88
	95	89
	99	93
	100	94
	103	97
	104	98
	105	99
	106	100
	107	102
	108	103
	110	106
	111	107
	112	108
	113	109
	114	110
	115	111
	119	115
	120	116
	121	117
	123	119
	126	122
	131	278
	132	279
	133	279
	135	279
	140	285
	141	291
	142	292
	146	296
	147	297
	151	301
	155	305
	156	306
	159	309
	160	310
	161	311
	162	312
	163	314
	164	315
	165	316
	166	317
	167	318
	168	319
	170	322
	173	326
	174	327
	177	330
	178	331
	179	332
	190	135
	191	136
	195	140
	196	143
	200	147
	205	152
	208	155
	213	160
	214	161
	221	167
	236	182
	237	183
	238	184
	239	185
	241	186
	242	187
	244	189
	247	192
	248	195
	249	196
	250	197
	251	198
	252	201
	253	202
	254	203
	255	204
net/minecraft/client/model/object/armorstand/ArmorStandModel	125	89
	29	29
	30	30
	31	31
	32	32
	33	33
	35	34
	36	35
	39	38
	40	39
	41	40
	42	41
	43	41
	44	41
	46	43
	47	43
	48	43
	51	44
	52	45
	53	45
	54	45
	56	47
	57	48
	58	48
	59	48
	61	50
	62	51
	63	51
	64	51
	66	53
	67	54
	68	54
	69	54
	71	56
	72	56
	73	56
	76	57
	77	57
	78	57
	81	58
	82	58
	83	58
	86	59
	87	60
	88	60
	89	60
	92	62
	97	67
	99	68
	101	69
	102	70
	103	71
	105	72
	106	73
	107	74
	109	75
	110	76
	111	77
	113	78
	114	79
	115	80
	116	81
	120	84
	121	85
	122	86
	123	87
	124	88
	125	89
net/minecraft/client/gui/screens/recipebook/package-info	0	0
net/minecraft/client/gui/screens/worldselection/CreateWorldCallback	0	0
net/minecraft/client/gui/font/AllMissingGlyphProvider	33	35
	16	19
	33	35
	21	24
	27	30
net/minecraft/client/gui/render/state/pip/GuiBannerResultRenderState	17	38
	17	38
	12	33
	13	34
com/mojang/realmsclient/client/FileDownload	373	410
	256	276
	257	277
	258	278
	259	279
	262	283
	263	286
	265	287
	266	288
	268	290
	269	291
	270	292
	272	293
	273	294
	278	284
	281	300
	282	301
	284	304
	286	305
	288	307
	289	308
	290	311
	292	312
	293	313
	295	315
	297	317
	298	318
	302	309
	48	54
	304	322
	305	323
	306	324
	308	326
	309	327
	312	330
	313	331
	316	339
	317	338
	62	91
	318	354
	63	92
	319	355
	64	93
	320	356
	65	94
	321	357
	324	360
	69	99
	70	100
	326	362
	71	101
	73	103
	329	367
	74	104
	331	369
	332	370
	333	371
	334	372
	79	109
	335	373
	338	376
	83	113
	341	379
	88	118
	344	381
	89	119
	90	119
	346	382
	91	119
	347	383
	348	384
	93	120
	94	121
	350	386
	95	122
	351	387
	96	123
	352	388
	354	390
	355	391
	356	392
	101	130
	102	178
	359	395
	105	131
	106	132
	108	134
	109	135
	365	402
	110	136
	366	403
	111	137
	367	404
	112	138
	113	139
	115	141
	371	408
	116	142
	372	409
	117	143
	373	410
	119	146
	122	149
	123	150
	126	153
	127	154
	129	156
	130	157
	131	158
	132	159
	133	160
	134	161
	136	163
	137	164
	138	165
	140	168
	144	172
	146	174
	147	175
	148	176
	149	178
	152	181
	156	185
	157	186
	158	187
	159	188
	160	189
	161	190
	162	191
	164	194
	165	208
	168	195
	169	196
	170	208
	173	198
	176	201
	177	202
	179	204
	181	208
	184	211
	185	212
	186	213
	189	216
	190	217
	191	218
	192	219
	194	221
	197	224
	201	228
	205	232
	209	81
	214	236
	216	238
	217	239
	218	240
	222	244
	226	248
	229	249
	231	251
	232	252
	235	255
	236	256
	239	259
	242	262
	243	263
	244	264
	245	265
	246	266
	247	267
	248	268
	249	269
	252	272
net/minecraft/client/particle/ParticleGroup	66	67
	32	35
	34	36
	66	67
	35	37
	36	38
	40	42
	44	46
	45	47
	46	48
	47	49
	48	50
	49	51
	51	52
	21	22
	53	54
	22	23
	56	57
	25	26
	57	58
	60	61
	29	30
	30	31
	31	34
net/minecraft/client/gui/render/state/pip/package-info	0	0
net/minecraft/client/renderer/entity/NautilusRenderer	51	57
	34	43
	38	46
	43	50
	15	18
	16	19
	48	54
	49	55
	50	56
	19	22
	51	57
	20	22
	21	22
	22	23
	24	28
	25	29
	28	33
	30	38
	31	39
net/minecraft/client/renderer/special/ChestSpecialRenderer	78	80
	64	80
	70	45
	71	48
	75	52
	76	53
	77	54
	78	55
	22	23
	23	24
	24	25
	25	26
	26	27
	27	28
	28	29
	29	30
	37	37
	38	38
	39	39
	40	40
	41	41
	44	60
	45	61
	47	62
	48	64
	51	68
	52	69
	56	73
	61	78
	62	79
net/minecraft/client/model/animal/chicken/ColdChickenModel	31	31
	14	14
	15	15
	18	18
	19	20
	20	22
	21	22
	22	22
	23	23
	25	26
	26	28
	27	28
	28	28
	29	29
	31	31
net/minecraft/client/telemetry/TelemetryLogManager	66	66
	64	64
	66	66
	18	21
	27	28
	28	29
	31	32
	33	34
	34	35
	35	35
	36	35
	37	36
	38	37
	39	38
	40	39
	42	41
	46	45
	47	46
	49	48
	50	49
	51	50
	52	51
	53	52
	54	53
	56	55
	58	58
	63	63
net/minecraft/client/model/object/equipment/ShieldModel	51	43
	32	33
	33	33
	34	33
	37	34
	38	34
	39	34
	43	35
	47	39
	51	43
	23	25
	24	26
	25	27
	26	28
	29	31
	30	32
net/minecraft/client/gui/layouts/FrameLayout	131	118
	64	57
	65	58
	130	117
	67	60
	131	118
	68	61
	69	62
	72	65
	73	66
	74	67
	77	70
	78	71
	79	72
	82	75
	86	79
	87	80
	26	20
	27	21
	91	84
	30	24
	31	25
	96	89
	97	90
	34	28
	35	29
	36	30
	100	93
	101	94
	39	33
	104	97
	105	98
	43	37
	44	38
	108	101
	109	102
	48	42
	49	43
	53	47
	119	105
	120	106
	57	51
	121	107
	124	110
	125	111
	62	56
	126	112
com/mojang/blaze3d/DontObfuscate	0	0
net/minecraft/client/model/object/equipment/package-info	0	0
net/minecraft/client/renderer/entity/DonkeyRenderer	80	87
	74	81
	75	82
	76	83
	77	84
	78	85
	79	86
	80	87
	18	20
	19	20
	20	20
	22	21
	23	22
	25	27
	26	28
	27	29
	29	32
	33	35
	38	39
	43	43
	44	44
	45	45
	48	50
	49	50
	56	58
	57	58
net/minecraft/client/model/animal/ghast/package-info	0	0
net/minecraft/client/model/monster/hoglin/HoglinModel	155	130
	129	109
	134	113
	136	114
	137	115
	138	116
	139	117
	140	118
	143	119
	144	120
	145	121
	147	122
	21	21
	150	125
	151	126
	152	127
	153	128
	154	129
	155	130
	37	35
	38	36
	39	37
	40	38
	41	39
	42	40
	43	41
	44	42
	45	43
	46	44
	47	45
	50	48
	51	49
	53	50
	54	51
	55	51
	56	51
	57	53
	58	55
	59	55
	60	56
	62	58
	63	60
	64	60
	65	61
	67	63
	68	65
	69	65
	70	66
	72	68
	73	70
	74	70
	75	71
	77	73
	78	74
	79	74
	80	74
	82	76
	83	77
	84	77
	85	77
	88	79
	89	80
	90	81
	91	82
	92	82
	93	82
	95	84
	96	85
	97	85
	98	85
	100	87
	101	88
	102	88
	103	88
	105	90
	106	91
	107	91
	108	91
	110	93
	114	97
	115	98
	119	102
	122	103
	123	104
	124	106
	125	106
	126	107
net/minecraft/client/particle/BubblePopParticle	52	54
	32	32
	33	33
	35	34
	36	36
	40	40
	11	14
	12	15
	13	16
	14	17
	15	18
	47	48
	16	19
	48	49
	17	20
	18	21
	19	22
	52	54
	23	26
	24	27
	25	28
	27	29
	28	30
	29	36
net/minecraft/client/color/item/CustomModelDataSource	37	41
	32	36
	18	19
	19	20
	20	21
	21	23
	37	41
	25	28
	26	29
	27	30
	28	31
	29	32
net/minecraft/client/gui/screens/telemetry/TelemetryEventWidget	173	171
	128	121
	129	122
	131	124
	134	127
	145	141
	147	142
	148	143
	150	144
	151	145
	154	148
	155	149
	158	152
	31	32
	159	153
	160	154
	163	160
	164	162
	165	163
	38	38
	40	39
	168	166
	41	40
	169	167
	42	41
	172	170
	45	44
	173	171
	46	45
	47	46
	50	49
	51	50
	52	51
	55	54
	56	55
	57	56
	58	58
	59	59
	60	60
	62	61
	64	62
	65	63
	68	67
	72	71
	73	72
	77	76
	78	77
	79	78
	81	80
	85	84
	90	89
	95	94
	96	95
	98	96
	99	97
	100	98
	101	99
	102	100
	106	104
	107	105
	110	108
	111	108
	113	108
	117	112
	118	113
	119	114
	120	115
	122	116
	124	117
	125	118
net/minecraft/client/gui/components/debug/DebugEntryHeightmap	63	71
	33	42
	34	71
	37	43
	38	44
	40	45
	41	47
	42	48
	43	49
	46	53
	48	54
	49	55
	18	22
	50	57
	51	58
	52	59
	53	60
	54	61
	56	63
	26	36
	60	68
	30	40
	62	69
	31	41
	63	71
com/mojang/blaze3d/platform/DisplayData	17	14
	17	14
	13	10
net/minecraft/client/renderer/entity/state/ZombifiedPiglinRenderState	0	0
com/mojang/realmsclient/exception/RetryCallException	18	19
	16	15
	18	19
	11	13
	13	14
	14	17
net/minecraft/client/renderer/entity/layers/IronGolemFlowerLayer	40	35
	32	27
	33	28
	34	29
	35	30
	36	31
	38	32
	39	33
	40	35
	16	18
	17	19
	21	22
	22	35
	25	23
	26	24
	29	25
	30	26
net/minecraft/client/gui/screens/worldselection/WorldOpenFlows	435	468
	70	79
	71	80
	77	85
	78	86
	79	87
	85	92
	86	93
	87	94
	88	117
	91	95
	93	96
	95	99
	96	100
	98	103
	99	104
	100	105
	101	105
	106	110
	107	111
	108	112
	109	113
	110	114
	112	117
	116	121
	117	122
	118	123
	119	124
	120	125
	121	126
	122	127
	123	128
	124	129
	125	130
	131	140
	132	141
	133	144
	134	146
	137	149
	138	150
	140	153
	141	155
	142	157
	143	157
	144	157
	153	164
	155	165
	156	166
	157	172
	159	175
	160	177
	161	179
	163	181
	164	182
	165	183
	167	185
	171	189
	172	191
	173	193
	175	200
	182	209
	183	210
	184	211
	185	212
	191	218
	192	219
	193	220
	195	222
	196	223
	199	226
	202	227
	203	228
	205	231
	206	232
	211	233
	214	236
	215	237
	216	238
	218	240
	220	242
	221	243
	222	244
	223	245
	224	246
	226	248
	227	248
	231	252
	233	254
	234	254
	237	258
	240	261
	241	262
	242	263
	243	266
	245	264
	246	266
	249	269
	253	274
	254	275
	255	276
	256	277
	257	278
	258	279
	260	281
	261	282
	263	284
	264	285
	265	286
	266	287
	268	288
	269	289
	271	290
	272	291
	273	292
	274	293
	275	294
	277	295
	279	298
	280	299
	283	302
	284	303
	285	304
	286	337
	288	313
	289	314
	290	315
	291	316
	292	317
	293	318
	294	319
	296	322
	298	323
	300	324
	301	325
	302	326
	304	327
	305	328
	307	331
	308	332
	314	334
	316	337
	319	340
	320	341
	324	345
	325	347
	326	348
	328	350
	329	351
	330	352
	331	353
	332	354
	333	355
	334	356
	336	358
	337	359
	339	371
	342	374
	343	375
	346	378
	348	379
	349	380
	351	381
	352	384
	353	385
	354	386
	355	387
	356	388
	357	390
	360	382
	361	390
	364	393
	365	394
	366	394
	367	394
	368	395
	369	396
	371	397
	372	398
	373	399
	375	401
	376	402
	377	403
	378	404
	380	406
	381	406
	382	407
	383	408
	385	410
	388	415
	389	417
	391	420
	392	421
	394	423
	395	424
	396	425
	397	426
	399	428
	400	429
	401	430
	406	436
	408	438
	411	441
	412	442
	415	445
	416	446
	417	447
	418	448
	419	449
	420	450
	422	452
	427	457
	428	459
	429	462
	430	462
	431	463
	435	468
net/minecraft/client/renderer/fog/environment/DarknessFogEnvironment	37	40
	32	35
	17	20
	36	39
	37	40
	22	25
	23	26
	24	27
	25	28
	26	29
	27	30
	28	31
	29	32
net/minecraft/client/gui/components/AbstractButton	71	78
	64	70
	66	72
	36	36
	38	37
	70	77
	39	38
	71	78
	44	43
	45	44
	48	47
	49	56
	20	22
	21	22
	53	60
	22	23
	54	61
	23	24
	58	65
	59	66
	29	29
	61	67
	30	30
	62	68
	63	69
net/minecraft/client/renderer/entity/state/FishingHookRenderState	6	9
	6	9
net/minecraft/client/model/animal/pig/package-info	0	0
net/minecraft/client/renderer/texture/DynamicTexture	87	90
	65	66
	66	67
	68	70
	69	71
	73	75
	74	76
	75	77
	77	80
	78	81
	82	85
	19	20
	83	86
	84	87
	85	88
	23	24
	87	90
	24	25
	25	26
	26	27
	29	30
	30	31
	31	32
	34	35
	35	36
	36	37
	39	40
	40	41
	41	42
	42	43
	43	44
	46	47
	47	48
	48	49
	49	50
	50	51
	53	54
	54	55
	56	57
	58	59
	61	62
net/minecraft/client/renderer/block/model/BlockStateModel	119	104
	64	83
	67	89
	71	92
	72	93
	73	93
	74	94
	75	95
	76	94
	77	97
	84	104
	29	32
	30	33
	31	34
	98	44
	103	49
	104	50
	108	54
	109	55
	113	59
	49	71
	50	71
	51	71
	52	72
	119	64
	55	74
	56	76
	58	78
	59	79
	60	81
	61	82
	62	86
net/minecraft/client/model/monster/dragon/EnderDragonModel	314	285
	48	43
	52	47
	56	51
	57	52
	58	53
	59	55
	60	56
	62	59
	63	60
	65	63
	66	64
	67	65
	68	66
	69	67
	70	68
	71	69
	72	70
	73	71
	74	72
	75	73
	76	74
	77	75
	78	76
	79	77
	80	78
	81	79
	82	80
	85	83
	86	84
	88	85
	89	86
	90	88
	91	89
	92	90
	93	91
	94	92
	95	93
	96	94
	97	95
	98	96
	99	97
	101	99
	102	99
	103	99
	104	99
	107	100
	108	101
	109	102
	110	104
	111	105
	113	108
	114	109
	117	112
	118	114
	119	115
	120	116
	121	117
	122	118
	123	119
	126	121
	127	123
	128	123
	129	123
	130	123
	131	124
	133	126
	134	128
	135	128
	136	128
	137	128
	138	129
	141	131
	142	133
	143	133
	144	134
	146	136
	147	138
	148	138
	149	139
	151	141
	152	143
	153	143
	154	144
	157	146
	158	148
	159	148
	160	149
	162	151
	163	153
	164	153
	165	154
	167	156
	168	158
	169	158
	170	159
	173	161
	174	163
	175	163
	176	163
	177	164
	179	166
	180	168
	181	168
	182	168
	183	169
	186	171
	187	173
	188	173
	189	174
	191	176
	192	178
	193	178
	194	179
	196	181
	197	183
	198	183
	199	184
	202	186
	203	188
	204	188
	205	189
	207	191
	208	193
	209	193
	210	194
	212	196
	213	198
	214	198
	215	199
	218	201
	223	205
	225	206
	226	207
	228	208
	229	209
	231	210
	232	211
	233	212
	235	213
	236	214
	237	215
	239	216
	241	217
	243	218
	244	219
	246	221
	247	222
	248	223
	249	224
	250	225
	251	226
	252	227
	254	228
	255	229
	256	230
	257	231
	258	232
	259	233
	262	236
	263	237
	264	238
	266	239
	267	240
	268	241
	269	242
	271	243
	272	244
	273	245
	274	246
	275	247
	277	248
	278	249
	279	250
	280	251
	282	252
	283	253
	285	254
	286	255
	287	256
	288	257
	289	258
	290	260
	291	261
	292	262
	293	263
	294	264
	295	265
	296	266
	297	267
	298	268
	299	269
	300	270
	301	271
	302	272
	304	274
	307	279
	308	280
	309	281
	311	282
	312	283
	313	284
	314	285
net/minecraft/client/Options	2173	1891
	1024	1220
	1026	1223
	2050	1793
	1027	1224
	1028	1225
	1030	1227
	2054	1797
	2055	1798
	2056	1801
	2057	1802
	1034	511
	2059	1803
	2061	1804
	2064	1807
	2065	1808
	1042	1231
	2066	1809
	2067	1810
	2068	1811
	1045	515
	2069	1812
	1046	516
	2070	1813
	2071	1814
	2072	1815
	1049	519
	2074	1817
	1052	522
	1053	523
	2077	1821
	1054	524
	2078	1822
	1055	525
	2081	1825
	1059	1235
	2085	1829
	2086	1830
	1065	530
	2089	1833
	2090	1834
	2094	1838
	1072	1239
	2098	1842
	2100	1843
	1078	1243
	2103	1846
	2104	1847
	1082	539
	1083	540
	1084	541
	2108	1849
	1085	542
	2109	1850
	2110	1851
	1087	544
	2111	1852
	2112	1853
	2113	1854
	1090	1247
	2114	1855
	2116	1856
	2117	1857
	2118	1858
	2119	1859
	1096	1251
	1099	546
	2123	1863
	1100	547
	2124	1864
	2127	1867
	81	81
	1105	549
	1112	1255
	90	88
	1118	552
	94	900
	95	901
	96	902
	98	904
	2147	1871
	100	90
	1125	1259
	2151	1875
	1131	555
	2155	1879
	108	907
	111	94
	2159	1883
	1138	1263
	2163	1887
	2164	1887
	2166	1887
	119	911
	1144	558
	122	98
	2170	1891
	2171	1891
	2173	1891
	1151	1267
	1154	560
	130	915
	1160	564
	137	103
	1161	565
	138	104
	1163	566
	140	106
	141	106
	143	106
	1171	1271
	151	919
	1176	572
	157	923
	1185	1275
	163	927
	1191	1279
	1194	577
	172	116
	175	119
	179	931
	1203	1283
	1206	581
	188	125
	189	126
	191	127
	1215	1287
	194	128
	1219	1291
	1220	1297
	197	131
	1222	1292
	1223	1293
	1224	1294
	201	935
	1226	1297
	209	137
	217	939
	218	940
	219	941
	220	942
	223	945
	226	143
	227	144
	231	148
	232	149
	233	150
	235	153
	244	949
	250	161
	255	163
	259	166
	263	953
	269	171
	277	175
	278	176
	279	177
	283	957
	286	179
	291	183
	298	186
	302	961
	305	188
	1331	726
	1332	727
	1333	728
	1334	729
	312	191
	313	192
	1337	733
	314	193
	1339	735
	318	965
	1343	1300
	321	195
	1346	737
	1347	739
	1348	739
	330	969
	1355	745
	1356	746
	333	199
	1357	747
	1359	749
	1360	750
	1362	751
	340	202
	341	203
	343	204
	344	205
	1369	1304
	347	210
	1372	757
	350	207
	351	208
	352	210
	356	973
	1384	1308
	1387	766
	363	213
	364	214
	365	215
	369	977
	372	216
	378	220
	379	221
	1403	1312
	381	222
	1406	776
	383	223
	390	981
	393	228
	394	229
	395	230
	1421	1316
	399	234
	1424	785
	400	235
	401	236
	402	237
	404	240
	407	243
	411	985
	1436	1320
	1439	794
	418	989
	419	990
	420	991
	421	993
	422	994
	423	995
	424	996
	425	997
	1451	1324
	429	1002
	1454	803
	430	1003
	431	1004
	432	1005
	434	1007
	439	250
	1466	1328
	446	1010
	1473	813
	1474	814
	1475	815
	452	258
	1477	816
	1478	817
	455	261
	1480	819
	1481	819
	1483	819
	459	1014
	1491	1332
	472	1018
	475	266
	1499	827
	1501	829
	1502	830
	1503	830
	1505	830
	1508	833
	488	274
	1512	1336
	493	1022
	1518	838
	1521	841
	497	1026
	1525	1340
	506	282
	1532	846
	1533	847
	510	1030
	1535	848
	1540	851
	1544	1344
	523	1034
	526	287
	1552	858
	1553	859
	1555	861
	532	290
	1556	861
	533	291
	534	292
	1558	861
	535	293
	536	294
	1561	865
	538	296
	539	296
	1563	866
	540	297
	1564	868
	1566	867
	543	299
	547	1038
	1572	873
	1573	874
	550	301
	1574	875
	1575	876
	1579	1348
	557	1042
	1585	1352
	1586	1353
	1587	1354
	1589	879
	1594	883
	571	1046
	1597	886
	1601	1357
	582	322
	1606	890
	1607	891
	1610	894
	589	1050
	1614	1361
	1621	1365
	1622	1366
	599	332
	600	332
	1624	1367
	602	332
	1626	1368
	1628	1370
	1629	1371
	606	335
	1632	1372
	610	1054
	1635	1373
	1637	1375
	1638	1376
	1639	1377
	616	340
	1642	1379
	619	343
	1644	1381
	1645	1382
	623	1058
	1647	1383
	1648	1383
	1651	1384
	1652	1385
	629	348
	632	351
	1657	1387
	1659	1388
	636	1062
	1660	1389
	1663	1392
	642	356
	1667	1396
	645	359
	1671	1400
	649	1066
	656	364
	1680	1404
	657	365
	1681	1405
	1682	1406
	659	366
	1683	1407
	1684	1408
	661	367
	1685	1409
	1686	1410
	1687	1411
	664	370
	1688	1412
	1689	1413
	1690	1414
	1691	1415
	668	1070
	1692	1416
	1693	1417
	1694	1418
	671	372
	1695	1419
	1696	1420
	1697	1421
	1698	1422
	675	376
	1699	1423
	676	377
	1700	1424
	1701	1425
	1702	1426
	1703	1427
	1704	1428
	1705	1429
	1706	1430
	683	1074
	1707	1431
	1708	1432
	1709	1433
	1711	1434
	1712	1435
	1713	1436
	690	385
	1714	1437
	691	385
	1715	1438
	1716	1439
	693	385
	1717	1440
	1720	1443
	697	388
	1722	1444
	1723	1445
	1724	1446
	701	1078
	1725	1447
	1726	1448
	1727	1449
	704	390
	1728	1450
	1729	1451
	1730	1452
	1731	1453
	1732	1454
	1733	1455
	710	394
	1734	1456
	711	395
	1735	1457
	1736	1458
	713	396
	1737	1459
	1738	1460
	1739	1461
	1740	1462
	1741	1463
	718	400
	1742	1464
	719	401
	1743	1465
	720	402
	1744	1466
	1745	1467
	1746	1468
	1747	1469
	724	1082
	1748	1470
	1749	1471
	1751	1472
	728	1086
	1752	1473
	1753	1474
	1754	1475
	731	404
	1755	1476
	732	405
	1756	1477
	733	406
	1757	1478
	1758	1479
	1759	1480
	737	410
	1761	1481
	738	411
	1762	1482
	739	412
	1763	1483
	740	413
	1764	1484
	1765	1485
	742	416
	1766	1486
	1767	1487
	1768	1488
	1769	1489
	746	420
	1770	1490
	747	421
	1771	1491
	748	422
	1772	1492
	1773	1493
	1774	1494
	1775	1495
	752	1090
	1776	1496
	1777	1497
	1778	1498
	1779	1499
	1780	1500
	1781	1501
	1782	1502
	1783	1503
	760	428
	1784	1504
	1785	1505
	1786	1506
	1787	1507
	1788	1508
	1789	1509
	1790	1510
	767	1094
	1791	1511
	1792	1512
	1793	1513
	1794	1514
	1796	1516
	1797	1517
	1798	1518
	1799	1519
	1800	1520
	777	437
	778	438
	1804	1524
	1805	1525
	783	440
	784	441
	1808	1528
	785	442
	1809	1529
	1810	1530
	1811	1531
	1812	1532
	789	1098
	1815	1535
	793	1102
	1819	1539
	1820	1540
	797	1106
	1823	1543
	1824	1545
	1825	1546
	803	447
	1827	1548
	1828	1549
	1829	1550
	1830	1551
	1832	1553
	811	1110
	1835	1556
	1837	1557
	1839	1560
	1840	1561
	1841	1562
	818	454
	819	455
	1843	1570
	820	456
	1844	1574
	822	458
	1846	1576
	826	1114
	1851	1582
	1852	1583
	829	459
	1855	1584
	1856	1585
	1857	1587
	1858	1588
	835	462
	836	463
	1860	1590
	837	464
	839	466
	1864	1594
	1865	1595
	843	1118
	1867	1597
	1868	1598
	1869	1599
	1872	1603
	851	1122
	1877	1608
	854	470
	1878	1609
	1883	1614
	862	1126
	1888	1619
	1889	1620
	1891	1624
	868	1130
	1892	1625
	1894	1628
	1895	1629
	874	1134
	1898	1633
	1900	1635
	1903	1621
	880	1138
	1908	1642
	1909	1643
	886	1142
	1913	1647
	1915	1648
	892	1146
	1916	1649
	1917	1650
	1919	1652
	896	480
	897	481
	1922	1655
	899	483
	902	1150
	1926	1659
	1930	1663
	1932	1666
	909	485
	1933	1667
	1936	1670
	913	1154
	1940	1674
	917	1158
	1941	1675
	918	1159
	919	1160
	1943	1676
	1945	1679
	922	1161
	1946	1680
	1947	1681
	924	1163
	926	487
	1951	1685
	1952	1687
	929	1166
	1953	1688
	1954	1689
	1955	1690
	1956	1691
	1957	1692
	934	1170
	1961	1696
	1962	1697
	1963	1698
	940	492
	944	1174
	1968	1703
	1969	1704
	1970	1705
	950	1178
	1975	1710
	1976	1711
	1977	1712
	956	1182
	1982	1717
	1983	1718
	1984	1719
	962	1186
	965	497
	1989	1724
	1990	1725
	1991	1726
	1995	1730
	1996	1731
	973	1190
	1997	1732
	1999	1734
	976	501
	2000	1735
	2003	1738
	2004	1739
	2007	1742
	2008	1743
	985	1194
	2010	1744
	988	506
	2012	1746
	2013	1746
	991	1198
	2015	1746
	995	509
	2019	1751
	2020	1753
	2021	1754
	999	1202
	1000	1203
	2024	1758
	1002	1204
	2028	1771
	2029	1772
	1006	1208
	2031	1774
	1010	1212
	2034	1777
	2035	1778
	2037	1780
	1014	1216
	2039	1782
	1016	1216
	2042	1785
	1019	1216
	1021	1217
	1022	1218
	2046	1789
	1023	1219
net/minecraft/client/renderer/entity/layers/EyesLayer	20	25
	19	21
	20	25
	14	16
	15	17
net/minecraft/client/multiplayer/package-info	0	0
net/minecraft/client/gui/render/state/pip/GuiEntityRenderState	13	40
	12	38
	13	40
com/mojang/blaze3d/TracyBootstrap	27	28
	11	14
	12	21
	14	15
	15	16
	16	21
	18	17
	19	18
	20	21
	23	24
	24	28
	25	25
	26	26
	27	27
net/minecraft/client/renderer/entity/layers/SimpleEquipmentLayer	48	78
	32	45
	35	55
	36	56
	40	59
	41	60
	42	61
	43	78
	46	62
	47	63
	48	78
	25	38
	26	39
	27	40
	28	41
	29	42
	30	43
	31	44
net/minecraft/client/resources/model/EquipmentClientInfo	140	139
	131	131
	132	132
	136	135
	140	139
	19	21
	21	23
	22	24
	23	26
	26	30
	30	34
	39	81
	40	82
	41	83
	42	84
	43	86
	46	90
	47	91
	50	94
	54	98
	58	102
	65	73
	66	73
	67	74
	71	39
	74	42
	77	45
	81	49
	82	50
	83	51
	87	55
	91	59
	92	60
	96	64
	97	65
	99	65
	106	108
	107	109
	108	110
	109	111
	110	112
	111	113
	112	114
	113	115
	114	116
	115	117
	116	118
	117	119
	118	120
	119	121
	120	122
	121	123
	122	124
	123	125
	126	127
net/minecraft/client/gui/font/providers/ProviderReferenceDefinition	20	23
	20	23
	9	13
	10	13
	11	13
	15	18
net/minecraft/client/CloudStatus	30	29
	20	20
	21	21
	22	22
	9	11
	25	25
	10	12
	11	13
	14	15
	30	29
net/minecraft/client/renderer/EndFlashState	62	60
	32	33
	33	34
	34	35
	35	36
	36	37
	37	38
	39	40
	42	43
	43	44
	44	44
	46	44
	50	48
	54	52
	23	24
	24	25
	25	26
	26	27
	58	56
	29	30
	30	31
	62	60
	31	32
com/mojang/blaze3d/buffers/GpuBuffer	90	56
	64	29
	65	30
	66	31
	83	48
	84	51
	69	34
	86	49
	74	39
	90	56
net/minecraft/client/gui/screens/dialog/ServerLinksDialogScreen	31	27
	17	19
	18	20
	22	23
	26	27
	28	27
	29	27
	31	27
net/minecraft/client/renderer/texture/atlas/sources/Unstitcher	113	110
	64	67
	74	79
	75	80
	76	81
	77	82
	78	83
	83	88
	85	89
	86	90
	88	91
	89	92
	91	93
	92	94
	29	26
	94	95
	31	28
	95	96
	32	29
	33	30
	34	31
	35	32
	36	34
	101	97
	102	98
	103	99
	40	39
	41	40
	105	101
	42	41
	106	104
	43	42
	107	104
	44	44
	45	45
	48	48
	112	109
	113	110
	50	50
	54	54
	58	60
	59	61
	60	62
	61	63
	62	64
	63	65
net/minecraft/client/gui/components/MultiLineTextWidget	82	82
	64	64
	65	65
	66	66
	67	67
	69	69
	71	71
	74	74
	78	78
	82	82
	19	21
	20	22
	23	25
	24	26
	25	27
	26	28
	28	29
	31	31
	32	32
	35	35
	36	36
	40	40
	41	41
	45	45
	46	46
	51	51
	56	56
	61	61
	62	62
	63	63
net/minecraft/client/gui/screens/dialog/DialogConnectionAccess	0	0
net/minecraft/client/particle/SoulParticle	67	68
	64	48
	65	49
	66	50
	67	51
	36	33
	37	34
	38	35
	12	15
	44	60
	45	61
	14	16
	15	17
	17	18
	49	66
	18	19
	50	67
	51	68
	22	23
	23	23
	26	23
	59	42
	60	43
	31	28
com/mojang/realmsclient/gui/task/package-info	0	0
net/minecraft/client/telemetry/events/AggregatedTelemetryEvent	47	50
	32	35
	35	38
	39	42
	43	46
	44	47
	13	15
	47	50
	17	19
	18	20
	19	21
	20	22
	23	25
	24	26
	25	27
	26	28
	28	31
	29	32
	30	33
net/minecraft/client/renderer/entity/MobRenderer	26	28
	16	18
	21	23
	25	27
	26	28
	11	14
	12	15
net/minecraft/client/model/monster/nautilus/package-info	0	0
net/minecraft/client/renderer/chunk/CompileTaskDynamicQueue	74	72
	65	63
	70	67
	71	68
	73	71
	74	72
	12	14
	16	18
	17	19
	20	22
	21	23
	22	24
	23	25
	25	26
	26	28
	27	29
	28	30
	29	31
	30	32
	33	34
	34	35
	35	36
	36	37
	38	40
	39	41
	40	42
	44	47
	45	48
	47	49
	48	53
	49	54
	52	50
	53	51
	58	59
	62	63
	63	63
net/minecraft/client/resources/model/QuadCollection	116	123
	14	16
	26	36
	27	37
	28	38
	29	39
	30	40
	31	41
	32	42
	33	43
	34	44
	37	47
	38	48
	39	49
	40	50
	41	51
	42	52
	43	53
	44	54
	49	60
	53	65
	54	66
	57	69
	58	70
	62	74
	63	75
	67	79
	68	81
	69	82
	70	84
	71	85
	72	87
	73	88
	74	89
	75	90
	80	94
	82	95
	83	96
	84	97
	88	98
	92	101
	93	102
	95	103
	96	104
	97	105
	98	106
	99	107
	100	108
	101	109
	102	110
	103	111
	104	112
	105	113
	106	114
	108	115
	109	116
	110	117
	111	118
	112	119
	113	120
	114	121
	115	122
	116	123
net/minecraft/client/renderer/entity/state/WitherSkullRenderState	0	0
net/minecraft/client/gui/components/debug/DebugEntrySectionPosition	30	29
	16	17
	17	18
	19	19
	20	25
	23	20
	25	21
	26	25
	30	29
net/minecraft/client/gui/render/state/BlitRenderState	26	57
	18	49
	19	50
	20	51
	21	52
	22	53
	25	56
	26	57
	13	44
	14	45
net/minecraft/client/model/animal/feline/OcelotModel	9	12
	8	11
	9	12
net/minecraft/client/renderer/entity/TntMinecartRenderer	57	54
	32	34
	37	38
	38	39
	40	41
	43	44
	44	45
	15	17
	16	18
	48	48
	20	23
	53	52
	22	24
	23	25
	24	26
	56	53
	25	27
	57	54
	26	28
	27	29
	28	30
	31	33
net/minecraft/client/gui/components/LogoRenderer	51	48
	32	30
	33	31
	36	34
	37	35
	40	38
	41	39
	10	13
	42	40
	11	14
	43	41
	12	15
	45	42
	46	43
	47	44
	48	45
	51	48
net/minecraft/client/model/geom/builders/UVPair	22	25
	17	20
	18	21
	6	10
	22	25
	11	14
	12	15
	13	16
net/minecraft/client/renderer/entity/BreezeRenderer	40	39
	33	32
	34	33
	35	34
	36	35
	37	36
	38	37
	39	38
	40	39
	13	15
	16	18
	17	19
	18	20
	19	21
	23	24
	28	28
net/minecraft/client/model/QuadrupedModel	72	67
	65	61
	66	62
	68	63
	69	64
	70	65
	71	66
	72	67
	22	24
	23	25
	24	26
	25	27
	26	28
	27	29
	28	30
	29	31
	32	34
	33	35
	35	36
	36	37
	37	37
	38	37
	40	39
	41	41
	42	41
	43	42
	45	44
	46	45
	50	49
	51	50
	52	51
	53	52
	54	53
	55	54
	56	55
	60	58
	62	59
	63	60
net/minecraft/client/resources/sounds/BubbleColumnAmbientSoundHandler	40	45
	35	39
	37	41
	39	44
	40	45
	17	19
	18	20
	22	24
	23	26
	24	29
	25	30
	26	30
	27	31
	28	32
	29	33
	31	35
net/minecraft/client/model/object/boat/RaftModel	79	66
	64	54
	67	56
	68	58
	69	58
	70	59
	73	61
	74	63
	75	63
	76	64
	14	15
	15	16
	79	66
	18	19
	19	21
	20	21
	21	21
	22	22
	25	24
	26	25
	27	26
	28	27
	30	28
	31	30
	32	30
	33	30
	34	30
	35	31
	37	33
	38	35
	39	35
	40	35
	41	35
	42	36
	44	38
	47	41
	48	42
	50	43
	52	44
	56	48
	57	49
	59	50
	61	51
	62	53
	63	53
net/minecraft/client/gui/screens/ChatScreen	298	294
	258	256
	262	260
	267	265
	272	270
	273	271
	274	272
	275	273
	276	274
	278	276
	281	279
	282	280
	283	291
	29	30
	286	281
	287	282
	290	285
	291	286
	293	288
	295	291
	298	294
	43	40
	44	41
	45	42
	46	43
	50	47
	51	48
	54	51
	57	54
	58	55
	59	56
	60	57
	61	58
	62	59
	63	60
	65	61
	66	62
	67	63
	68	64
	69	65
	73	69
	74	70
	78	74
	79	75
	80	76
	84	80
	85	81
	86	82
	90	86
	91	87
	93	88
	94	89
	95	90
	96	91
	98	93
	101	96
	105	101
	106	102
	107	103
	108	104
	113	108
	114	109
	117	112
	118	113
	119	114
	120	115
	123	118
	124	119
	127	122
	128	123
	129	124
	130	125
	131	126
	134	129
	135	134
	136	131
	138	137
	140	140
	142	143
	145	146
	150	151
	151	152
	152	153
	154	156
	155	157
	157	160
	158	161
	163	166
	164	167
	167	170
	168	171
	169	173
	170	175
	171	176
	172	177
	173	178
	174	179
	175	180
	178	184
	182	188
	186	192
	187	193
	188	194
	189	195
	191	197
	192	198
	193	199
	194	200
	195	201
	198	204
	200	207
	202	210
	207	215
	208	216
	210	218
	212	220
	215	223
	216	224
	218	225
	219	226
	220	240
	223	227
	224	228
	225	229
	226	240
	229	231
	230	232
	233	235
	234	236
	235	237
	236	240
	239	243
	240	243
	242	243
	248	248
	249	249
	251	250
	252	251
	253	252
net/minecraft/client/model/monster/slime/package-info	0	0
com/mojang/blaze3d/pipeline/TextureTarget	11	14
	8	11
	9	12
	10	13
	11	14
net/minecraft/client/renderer/entity/state/DolphinRenderState	0	0
net/minecraft/client/gui/screens/multiplayer/ServerSelectionList	542	557
	512	524
	513	525
	514	526
	515	527
	516	529
	517	519
	519	532
	520	533
	521	534
	522	535
	523	536
	524	537
	525	538
	526	539
	527	542
	528	543
	532	547
	537	552
	538	553
	542	557
	42	43
	43	44
	44	45
	45	46
	46	47
	47	48
	48	49
	49	50
	50	51
	51	52
	52	53
	53	54
	54	55
	55	56
	56	57
	57	58
	58	59
	59	60
	60	61
	61	63
	63	70
	64	71
	65	72
	66	73
	67	74
	68	75
	69	76
	77	83
	78	84
	79	85
	82	88
	83	89
	84	90
	85	91
	86	92
	87	93
	88	94
	89	95
	90	96
	91	97
	95	101
	99	104
	100	105
	101	106
	104	109
	106	111
	107	112
	110	115
	111	116
	114	119
	115	120
	117	122
	118	123
	120	126
	125	128
	126	129
	127	130
	128	131
	129	132
	130	133
	131	134
	134	137
	138	141
	142	145
	147	151
	159	160
	160	161
	165	165
	166	166
	167	167
	171	171
	176	176
	181	181
	186	187
	187	188
	194	194
	195	195
	196	196
	197	197
	201	201
	202	202
	204	203
	205	204
	207	206
	209	208
	213	212
	214	213
	216	216
	221	221
	222	222
	223	223
	225	225
	230	231
	231	232
	235	236
	239	240
	244	245
	264	265
	265	266
	266	267
	267	268
	268	269
	269	270
	273	274
	274	275
	275	276
	276	277
	278	278
	280	284
	281	286
	283	288
	284	292
	285	293
	286	294
	288	296
	289	297
	290	298
	291	299
	292	300
	293	301
	294	302
	295	303
	297	305
	299	309
	301	310
	302	312
	303	313
	305	316
	307	317
	308	318
	309	319
	310	320
	311	321
	313	323
	314	328
	315	324
	316	325
	317	326
	318	327
	322	332
	323	333
	324	334
	327	337
	328	338
	329	339
	330	340
	332	342
	333	343
	337	347
	338	350
	339	351
	340	352
	342	353
	343	354
	344	355
	345	356
	348	359
	349	360
	350	361
	351	362
	353	363
	354	364
	355	365
	357	367
	359	370
	360	371
	361	372
	362	373
	364	375
	367	379
	368	380
	369	381
	370	382
	372	384
	376	388
	379	391
	381	392
	383	395
	384	396
	385	397
	387	399
	388	400
	389	401
	390	402
	392	404
	393	405
	394	406
	396	408
	397	409
	398	410
	399	411
	400	412
	401	413
	402	414
	403	415
	405	417
	407	420
	408	421
	411	423
	414	426
	415	427
	418	430
	419	431
	422	434
	423	435
	426	438
	427	439
	428	440
	429	441
	432	445
	437	450
	438	451
	439	452
	441	455
	443	456
	444	457
	446	458
	447	459
	450	462
	451	462
	453	463
	454	464
	458	468
	463	473
	464	474
	467	477
	468	478
	469	479
	473	483
	474	484
	476	485
	477	486
	478	487
	481	490
	482	491
	483	492
	484	493
	487	496
	488	497
	489	498
	492	501
	493	502
	496	505
	500	509
	505	514
	506	515
	507	516
	508	517
	510	522
	511	523
net/minecraft/client/model/monster/creeper/package-info	0	0
net/minecraft/client/data/models/model/package-info	0	0
net/minecraft/client/tutorial/PunchTreeTutorialStepInstance	94	91
	65	62
	66	63
	67	64
	69	66
	73	70
	74	71
	75	72
	76	73
	78	76
	79	77
	81	79
	82	80
	19	20
	83	81
	20	21
	84	82
	86	84
	90	88
	91	89
	28	28
	92	91
	29	29
	94	91
	33	33
	35	34
	36	35
	37	58
	40	37
	41	38
	42	39
	43	40
	44	41
	45	42
	46	43
	48	46
	49	47
	50	48
	55	53
	56	53
	57	54
	58	55
	61	58
net/minecraft/client/gui/navigation/ScreenPosition	23	27
	16	20
	5	9
	21	25
	6	10
	22	26
	7	11
	23	27
	12	16
	13	17
	14	18
	15	19
net/minecraft/client/gui/screens/inventory/tooltip/TooltipRenderUtil	43	36
	33	32
	34	32
	36	32
	40	36
	9	12
	41	36
	10	13
	43	36
	24	23
	25	24
	26	25
	27	26
	28	27
	29	28
	30	29
net/minecraft/client/renderer/entity/WitherSkullRenderer	79	76
	64	63
	69	67
	74	71
	75	72
	76	73
	77	74
	78	75
	79	76
	22	23
	23	24
	28	28
	29	29
	30	30
	33	33
	34	34
	36	35
	37	35
	38	35
	42	36
	47	40
	52	46
	54	47
	56	48
	58	58
	60	59
	61	60
net/minecraft/client/model/animal/parrot/ParrotModel	214	167
	35	28
	36	29
	37	30
	38	31
	39	32
	40	33
	41	34
	42	35
	43	36
	46	39
	47	40
	49	41
	50	43
	51	43
	52	44
	54	46
	55	48
	56	48
	57	49
	59	51
	60	53
	61	53
	62	54
	64	56
	65	58
	66	58
	67	59
	69	61
	70	62
	71	62
	72	62
	74	64
	75	65
	76	65
	77	65
	79	67
	80	68
	81	68
	82	68
	84	70
	85	71
	86	71
	87	71
	89	73
	90	75
	91	75
	92	76
	94	78
	95	78
	96	79
	97	80
	99	81
	104	85
	106	86
	108	87
	109	88
	111	89
	115	111
	116	112
	117	113
	118	114
	120	115
	121	116
	122	117
	124	118
	125	119
	127	120
	128	121
	129	122
	131	123
	132	124
	133	125
	135	126
	136	127
	140	91
	141	92
	146	97
	147	98
	149	99
	150	100
	152	101
	154	102
	155	103
	157	104
	158	105
	160	106
	161	107
	164	129
	167	132
	169	134
	170	135
	173	141
	175	142
	177	143
	178	144
	180	145
	182	146
	183	147
	185	148
	186	149
	188	150
	189	151
	191	152
	192	153
	193	154
	195	156
	196	157
	204	159
	207	162
	208	163
	209	164
	210	165
	211	167
	212	167
	214	167
net/minecraft/client/gui/font/TextFieldHelper	264	289
	258	283
	259	284
	260	285
	261	286
	264	289
	29	29
	30	30
	31	31
	32	32
	33	33
	35	34
	36	35
	39	38
	43	42
	47	46
	51	50
	52	51
	55	54
	56	55
	58	58
	62	62
	63	63
	64	64
	65	67
	66	68
	67	69
	68	72
	69	73
	70	74
	71	77
	72	78
	73	79
	76	82
	77	83
	78	84
	79	85
	80	88
	81	89
	82	91
	83	92
	84	93
	85	96
	86	97
	87	98
	88	101
	89	102
	90	103
	91	106
	92	107
	93	108
	95	112
	99	116
	103	120
	104	121
	107	124
	108	125
	109	126
	110	127
	111	128
	113	130
	116	133
	117	134
	120	137
	121	138
	123	140
	126	143
	127	145
	128	148
	130	150
	133	153
	134	154
	137	157
	138	158
	139	159
	142	162
	143	163
	146	166
	147	167
	148	168
	151	171
	152	173
	153	176
	155	178
	158	181
	159	182
	160	183
	163	186
	164	187
	166	189
	167	190
	169	192
	170	193
	171	194
	172	195
	173	196
	174	197
	177	201
	179	203
	182	206
	183	207
	184	208
	185	209
	188	212
	189	213
	190	214
	193	217
	194	218
	197	221
	198	222
	199	223
	202	226
	203	227
	204	228
	208	232
	209	233
	211	236
	212	237
	213	238
	214	239
	215	240
	219	244
	220	245
	223	248
	224	249
	225	250
	228	253
	229	254
	232	257
	233	258
	234	259
	237	262
	241	266
	242	267
	245	270
	246	271
	247	272
	250	275
	254	279
	255	280
net/minecraft/client/resources/model/ModelBakery	249	234
	130	176
	132	177
	133	177
	141	178
	146	87
	147	88
	149	89
	150	91
	154	93
	155	94
	156	95
	157	96
	163	101
	39	41
	167	104
	40	42
	168	110
	41	43
	169	111
	42	44
	170	112
	43	45
	44	46
	45	47
	47	48
	48	49
	176	117
	49	50
	177	118
	178	119
	52	53
	180	120
	53	55
	181	121
	54	55
	55	56
	183	123
	56	57
	185	124
	58	58
	186	126
	60	59
	196	188
	199	191
	200	192
	73	77
	201	193
	74	78
	202	194
	75	79
	76	80
	77	81
	78	82
	206	198
	79	83
	80	84
	211	203
	88	143
	216	208
	91	146
	221	213
	222	214
	223	215
	224	216
	97	151
	226	218
	103	156
	232	224
	108	161
	113	166
	117	169
	245	230
	118	170
	119	171
	120	172
	121	173
	249	234
	123	174
	125	175
net/minecraft/client/searchtree/FullTextSearchTree	31	32
	16	18
	17	19
	21	23
	26	28
	27	29
	28	30
	30	31
	15	17
	31	32
net/minecraft/client/model/monster/zombie/GiantZombieModel	9	12
	8	11
	9	12
net/minecraft/client/renderer/entity/layers/MushroomCowMushroomLayer	74	70
	64	56
	65	57
	66	60
	69	65
	70	66
	72	68
	74	70
	20	23
	21	24
	22	25
	26	28
	27	60
	30	29
	32	30
	33	60
	36	31
	37	32
	38	33
	40	34
	41	35
	42	36
	43	37
	44	38
	45	39
	46	40
	48	41
	49	42
	50	43
	51	44
	52	45
	53	46
	54	47
	55	48
	56	49
	58	50
	59	51
	60	52
	61	53
	62	54
	63	55
net/minecraft/client/model/animal/bee/package-info	0	0
net/minecraft/client/renderer/entity/TropicalFishRenderer	77	74
	68	67
	70	68
	71	69
	73	70
	74	71
	75	72
	77	74
	21	23
	22	24
	25	27
	27	28
	28	29
	29	30
	33	33
	34	34
	35	35
	41	41
	46	45
	47	46
	48	47
	49	48
	50	49
	54	54
	55	55
	56	56
	58	59
	59	60
	63	63
net/minecraft/client/renderer/LightTexture	212	188
	128	116
	129	117
	130	118
	134	119
	135	121
	136	122
	137	123
	138	124
	140	126
	144	129
	145	130
	146	131
	148	133
	149	134
	150	135
	151	136
	152	137
	153	138
	154	139
	155	140
	156	141
	157	142
	158	143
	161	146
	162	147
	163	148
	164	149
	165	150
	38	37
	39	38
	167	153
	40	39
	168	154
	41	40
	169	157
	42	41
	43	42
	44	43
	172	160
	45	44
	46	45
	47	46
	179	164
	181	165
	182	166
	189	170
	63	57
	64	58
	65	59
	66	60
	67	61
	196	174
	69	62
	70	63
	71	64
	74	67
	203	178
	79	72
	207	182
	80	73
	208	183
	81	74
	82	75
	210	186
	211	187
	212	188
	85	78
	86	80
	87	81
	88	82
	91	85
	92	86
	96	90
	97	157
	99	91
	100	92
	101	93
	102	94
	103	95
	104	157
	106	96
	108	97
	109	98
	112	99
	113	100
	114	102
	115	103
	116	104
	117	105
	118	106
	119	107
	121	109
	125	113
net/minecraft/client/renderer/gizmos/DrawableGizmoPrimitives	224	203
	25	24
	26	25
	27	26
	30	29
	31	29
	33	29
	39	33
	40	34
	41	35
	45	38
	46	39
	47	40
	51	43
	52	44
	53	45
	57	48
	58	49
	59	50
	63	53
	64	54
	65	55
	68	58
	69	59
	70	60
	73	63
	96	77
	97	78
	100	81
	101	82
	102	83
	103	84
	104	85
	105	86
	108	89
	109	90
	111	91
	112	112
	114	92
	115	93
	116	94
	118	96
	119	97
	120	98
	121	99
	122	100
	125	102
	127	103
	129	105
	132	108
	134	109
	136	112
	139	115
	140	116
	141	117
	142	118
	143	119
	144	120
	145	121
	146	122
	147	123
	148	124
	150	126
	151	127
	152	128
	153	129
	154	130
	156	131
	157	132
	159	133
	164	134
	168	135
	169	136
	174	140
	175	141
	176	142
	177	143
	179	145
	183	149
	184	153
	186	159
	189	162
	190	163
	191	164
	192	165
	193	167
	194	168
	195	170
	196	171
	199	174
	202	177
	203	178
	204	179
	205	180
	206	181
	207	183
	208	184
	209	185
	210	186
	211	187
	213	189
	216	192
	217	193
	218	194
	219	195
	220	196
	221	198
	222	199
	224	203
net/minecraft/client/renderer/gizmos/package-info	0	0
com/mojang/blaze3d/buffers/GpuFence	0	0
net/minecraft/client/model/geom/package-info	0	0
net/minecraft/client/renderer/entity/HorseRenderer	64	79
	64	79
	18	21
	19	23
	20	25
	21	27
	22	29
	23	31
	24	33
	25	35
	29	40
	31	41
	32	42
	34	47
	35	48
	36	49
	39	53
	41	58
	42	59
	43	60
	46	64
	50	67
	55	71
	60	75
	61	76
	62	77
	63	78
net/minecraft/client/gui/layouts/HeaderAndFooterLayout	145	138
	129	122
	130	123
	133	126
	137	130
	141	134
	145	138
	25	24
	26	25
	29	28
	30	29
	33	32
	34	33
	35	34
	36	35
	37	36
	38	37
	43	41
	48	45
	52	49
	57	54
	62	59
	67	64
	71	68
	75	72
	76	73
	79	76
	80	77
	83	80
	87	84
	92	89
	93	90
	94	91
	95	92
	99	96
	100	97
	102	98
	103	99
	104	100
	105	101
	107	102
	108	103
	109	104
	110	105
	112	106
	113	107
	115	108
	116	109
	117	110
	118	111
	121	114
	125	118
net/minecraft/client/renderer/rendertype/OutputTarget	34	31
	32	16
	16	22
	34	17
	19	25
	20	26
	25	31
	28	14
	30	15
	14	20
	15	21
net/minecraft/client/renderer/item/properties/conditional/ComponentMatches	24	28
	19	23
	24	28
	13	18
	14	18
	15	18
com/mojang/blaze3d/opengl/GlStateManager	596	594
	512	507
	516	511
	517	512
	521	516
	522	517
	523	518
	531	522
	532	523
	533	524
	534	525
	535	526
	539	580
	28	29
	540	581
	29	30
	541	582
	30	31
	31	32
	545	575
	549	587
	43	42
	555	561
	556	562
	560	594
	50	49
	51	50
	52	51
	564	567
	565	568
	566	569
	55	54
	567	570
	56	55
	57	56
	60	59
	61	60
	62	61
	575	535
	576	536
	65	64
	66	65
	67	66
	579	539
	580	540
	70	69
	71	70
	583	543
	72	71
	584	544
	75	74
	587	547
	76	75
	588	548
	77	76
	589	549
	78	77
	590	550
	591	551
	80	79
	593	553
	83	82
	84	83
	596	556
	85	84
	86	85
	88	87
	91	90
	92	91
	93	92
	96	95
	97	96
	98	97
	101	100
	102	101
	103	102
	104	103
	105	104
	106	105
	107	106
	109	108
	112	111
	113	112
	117	116
	118	117
	119	118
	122	121
	123	122
	124	123
	127	126
	128	127
	132	131
	136	132
	137	133
	138	134
	139	135
	140	136
	142	138
	143	139
	144	140
	145	141
	147	143
	148	145
	152	148
	153	149
	154	150
	157	153
	158	154
	162	158
	163	159
	164	160
	167	163
	168	164
	172	168
	173	169
	174	170
	177	173
	178	174
	179	175
	182	178
	183	179
	187	183
	188	184
	189	185
	192	188
	193	189
	194	190
	197	193
	198	194
	199	195
	202	198
	203	199
	204	200
	208	204
	209	205
	213	209
	214	210
	215	211
	218	214
	219	215
	220	216
	223	219
	224	220
	225	221
	228	224
	229	225
	230	226
	233	229
	234	230
	235	231
	238	234
	239	235
	243	239
	244	240
	245	241
	248	244
	249	245
	250	246
	251	247
	252	248
	255	251
	256	252
	257	253
	259	256
	260	257
	261	258
	263	260
	266	263
	267	264
	269	266
	270	266
	272	266
	276	271
	277	272
	278	273
	281	276
	282	277
	283	278
	284	279
	286	282
	287	283
	289	285
	292	288
	294	289
	298	293
	300	294
	301	295
	304	298
	305	299
	306	300
	309	303
	310	304
	314	308
	315	309
	319	313
	320	314
	321	315
	324	318
	325	319
	326	320
	329	323
	330	324
	331	325
	334	328
	335	329
	336	330
	339	333
	340	334
	341	335
	344	338
	345	339
	346	340
	347	341
	348	342
	350	344
	353	347
	354	348
	355	349
	358	352
	359	353
	360	354
	363	357
	364	358
	365	359
	366	360
	368	362
	371	365
	372	366
	373	367
	374	368
	376	370
	379	373
	380	374
	381	375
	384	378
	388	382
	389	383
	390	384
	391	385
	395	389
	396	390
	397	392
	398	393
	399	394
	402	398
	403	399
	404	400
	407	403
	408	404
	409	405
	410	406
	412	408
	415	411
	416	412
	417	413
	420	416
	421	417
	422	418
	425	421
	426	422
	427	423
	430	426
	431	427
	434	430
	435	431
	436	432
	437	433
	438	434
	439	435
	440	436
	442	438
	445	441
	446	442
	448	443
	449	444
	451	446
	454	449
	455	450
	456	451
	459	454
	460	455
	461	456
	464	459
	465	460
	466	461
	469	464
	470	465
	471	466
	474	469
	475	470
	476	471
	479	474
	480	475
	481	476
	484	479
	485	480
	486	481
	489	484
	490	485
	494	489
	496	491
	498	493
	501	496
	502	497
	506	501
	507	502
	511	506
net/minecraft/client/renderer/feature/TextFeatureRenderer	20	43
	17	31
	20	43
	12	14
	13	16
	14	17
	15	18
net/minecraft/client/renderer/entity/FireworkEntityRenderer	50	49
	33	35
	35	37
	37	38
	38	39
	42	42
	47	46
	48	47
	49	48
	18	20
	50	49
	19	21
	20	22
	24	27
	25	28
	27	29
	28	30
	29	31
	30	32
net/minecraft/client/gui/font/PlayerGlyphProvider	117	94
	64	63
	77	64
	78	65
	23	24
	91	67
	94	72
	31	30
	95	73
	32	31
	96	74
	97	75
	34	32
	99	76
	100	77
	37	35
	101	78
	102	79
	103	80
	42	40
	107	84
	112	89
	49	47
	50	48
	53	51
	117	94
	59	59
	60	60
	61	61
	62	62
net/minecraft/client/renderer/fog/FogRenderer	218	202
	38	38
	39	38
	40	38
	41	38
	42	38
	43	38
	44	38
	45	38
	52	39
	61	47
	66	52
	67	53
	69	55
	70	56
	71	57
	72	58
	76	61
	77	62
	81	66
	82	67
	83	68
	86	71
	87	72
	90	75
	91	76
	93	79
	94	80
	95	81
	100	86
	101	87
	103	88
	104	89
	105	91
	106	92
	107	93
	108	94
	110	97
	111	98
	116	103
	117	104
	120	107
	122	108
	123	109
	124	110
	125	111
	126	112
	129	115
	130	116
	131	117
	133	118
	134	119
	135	120
	136	121
	137	122
	140	125
	141	126
	142	127
	143	128
	147	132
	148	133
	149	134
	151	136
	153	138
	154	139
	156	141
	159	144
	161	145
	162	146
	163	147
	164	148
	167	151
	171	155
	175	159
	176	160
	177	161
	179	162
	180	163
	181	164
	183	166
	184	167
	185	168
	186	169
	190	173
	191	174
	192	175
	194	177
	195	178
	197	191
	201	195
	202	196
	203	196
	205	196
	209	200
	210	201
	211	201
	212	201
	213	201
	214	201
	215	201
	216	201
	217	201
	218	202
net/minecraft/client/gui/screens/inventory/BeaconScreen	313	320
	259	313
	260	314
	261	315
	262	316
	264	318
	266	320
	273	289
	274	290
	275	291
	276	292
	280	296
	281	297
	286	168
	287	169
	33	34
	34	35
	35	36
	291	173
	36	37
	292	176
	37	38
	293	177
	38	39
	39	40
	40	41
	41	42
	297	181
	298	182
	303	152
	48	48
	304	153
	50	49
	51	50
	308	157
	53	51
	309	158
	56	53
	313	162
	60	56
	61	57
	62	58
	64	60
	67	63
	68	64
	69	65
	73	69
	75	70
	77	72
	78	73
	79	74
	81	76
	82	77
	83	79
	84	81
	85	82
	88	86
	90	87
	91	88
	93	90
	94	91
	95	93
	96	95
	97	96
	101	99
	102	101
	103	103
	104	104
	106	105
	107	106
	108	107
	112	111
	113	112
	114	113
	117	116
	118	117
	119	118
	123	122
	124	123
	125	124
	129	128
	130	129
	131	130
	132	131
	133	132
	134	133
	135	134
	136	135
	137	136
	141	140
	142	141
	143	142
	153	244
	154	245
	157	248
	158	249
	163	254
	164	255
	165	256
	166	257
	167	258
	168	259
	170	261
	173	264
	174	265
	175	266
	180	271
	184	275
	185	276
	189	280
	190	281
	200	193
	201	194
	202	195
	203	196
	204	197
	207	200
	208	201
	209	202
	210	203
	213	206
	218	211
	219	220
	222	212
	223	213
	225	215
	227	218
	228	220
	232	224
	233	225
	237	229
	238	230
	239	231
	243	235
	249	303
	250	304
	254	308
net/minecraft/client/resources/LegacyStuffWrapper	17	19
	17	19
	14	16
	15	17
net/minecraft/client/resources/sounds/AbstractTickableSoundInstance	23	25
	16	19
	20	23
	22	24
	23	25
	11	14
	12	15
net/minecraft/client/gui/screens/AccessibilityOnboardingScreen	168	164
	128	123
	129	124
	131	126
	132	127
	134	130
	137	133
	138	134
	139	135
	140	136
	141	137
	142	138
	144	140
	145	141
	147	144
	150	147
	151	148
	25	26
	26	27
	155	152
	159	156
	160	157
	161	158
	162	159
	164	160
	165	161
	168	164
	49	44
	50	45
	51	46
	52	47
	53	48
	54	49
	58	53
	59	54
	61	55
	63	56
	64	57
	65	58
	66	59
	68	62
	69	65
	71	68
	73	69
	74	70
	75	71
	79	75
	80	76
	84	80
	85	81
	87	83
	89	85
	92	88
	97	93
	98	94
	100	96
	103	99
	104	100
	107	103
	108	104
	110	107
	111	108
	112	109
	116	113
	118	114
	120	115
	121	116
	124	119
	125	120
	126	121
	127	122
net/minecraft/client/renderer/special/SpecialModelRenderers	223	209
	23	26
	26	180
	27	181
	28	182
	29	183
	30	184
	31	185
	32	186
	33	187
	34	188
	35	189
	36	190
	37	191
	38	192
	39	193
	41	27
	42	28
	43	29
	44	30
	45	31
	46	32
	47	33
	48	34
	50	35
	51	36
	52	37
	53	38
	54	39
	55	40
	56	41
	58	42
	59	43
	60	44
	61	45
	62	46
	63	47
	64	48
	65	49
	66	50
	67	51
	68	52
	69	53
	70	54
	71	55
	72	56
	73	57
	76	58
	77	59
	78	60
	79	61
	80	62
	81	63
	82	64
	83	65
	84	66
	85	67
	86	68
	87	69
	88	70
	89	71
	90	72
	91	73
	93	74
	94	75
	95	76
	96	77
	97	78
	98	79
	99	80
	100	81
	101	82
	102	83
	103	84
	104	85
	105	86
	106	87
	107	88
	108	89
	110	90
	111	91
	112	92
	113	93
	114	94
	115	95
	116	96
	117	97
	118	98
	119	99
	120	100
	121	101
	122	102
	123	103
	124	104
	125	105
	126	106
	128	107
	129	108
	130	109
	131	110
	132	111
	133	112
	134	113
	135	114
	136	115
	137	116
	138	117
	139	118
	141	119
	142	120
	143	121
	144	122
	145	123
	146	124
	147	125
	148	126
	149	127
	150	128
	151	129
	152	130
	154	131
	155	132
	156	133
	157	134
	158	135
	159	136
	160	137
	161	138
	162	139
	163	140
	164	141
	165	142
	167	143
	168	144
	169	145
	170	146
	171	147
	172	148
	173	149
	174	150
	175	151
	176	152
	177	153
	178	154
	180	155
	182	156
	183	157
	184	158
	185	159
	186	160
	187	161
	188	162
	189	163
	190	164
	191	165
	192	166
	194	167
	195	168
	196	169
	197	170
	198	171
	199	172
	200	173
	201	174
	203	175
	204	176
	206	177
	209	196
	211	197
	212	198
	213	199
	216	202
	217	203
	218	204
	219	205
	220	206
	222	208
	223	209
net/minecraft/client/renderer/entity/state/TurtleRenderState	0	0
net/minecraft/client/renderer/blockentity/state/BedRenderState	8	11
	7	10
	8	11
com/mojang/blaze3d/systems/RenderPass	66	67
	65	66
	66	67
net/minecraft/client/telemetry/package-info	0	0
com/mojang/blaze3d/package-info	0	0
com/mojang/realmsclient/util/task/SwitchMinigameTask	56	60
	32	34
	35	37
	36	38
	39	41
	40	42
	41	43
	43	46
	12	15
	44	47
	45	48
	14	16
	46	49
	48	52
	49	53
	52	56
	21	22
	22	23
	23	24
	24	25
	56	60
	28	29
	29	31
	31	33
net/minecraft/client/gui/render/state/pip/GuiProfilerChartRenderState	17	20
	17	20
	12	15
	13	16
net/minecraft/client/gui/components/LockIconButton	57	65
	33	41
	34	42
	35	43
	36	44
	38	46
	41	49
	42	50
	45	54
	14	17
	46	55
	15	18
	47	56
	48	57
	49	58
	50	59
	19	25
	23	31
	56	64
	57	65
	27	35
	28	36
net/minecraft/client/renderer/entity/PigRenderer	67	73
	32	38
	64	70
	65	71
	34	41
	66	72
	67	73
	37	45
	38	47
	39	49
	45	55
	46	59
	48	56
	49	57
	50	59
	54	62
	26	29
	27	30
	59	66
	28	31
	30	36
	31	37
net/minecraft/client/gui/font/AtlasGlyphProvider	86	95
	68	78
	69	79
	70	80
	71	81
	73	82
	74	83
	75	84
	76	85
	77	86
	81	90
	22	24
	86	95
	33	32
	34	33
	35	34
	36	35
	38	36
	39	37
	40	38
	41	38
	43	38
	45	40
	48	43
	52	47
	55	51
	60	57
net/minecraft/client/resources/sounds/DirectionalSoundInstance	33	36
	32	35
	33	36
	15	18
	16	19
	17	20
	18	21
	19	22
	20	23
	23	26
	24	27
	25	28
	26	29
	27	30
	28	31
net/minecraft/client/model/monster/witch/WitchModel	108	95
	27	29
	28	30
	29	31
	30	32
	31	33
	32	34
	33	35
	36	38
	37	39
	39	40
	40	41
	41	41
	44	43
	45	44
	46	44
	47	44
	49	46
	50	48
	51	48
	52	49
	54	51
	55	53
	56	53
	57	54
	59	56
	60	58
	61	58
	62	59
	65	61
	66	62
	67	63
	68	63
	69	63
	72	65
	77	69
	79	70
	80	71
	82	72
	83	73
	85	74
	86	75
	87	76
	89	77
	90	78
	91	79
	93	81
	96	84
	101	89
	106	93
	107	94
	108	95
net/minecraft/client/model/object/boat/package-info	0	0
com/mojang/blaze3d/buffers/GpuBufferSlice	13	15
	10	11
	11	15
	13	12
net/minecraft/client/renderer/entity/layers/HumanoidArmorLayer	65	83
	32	39
	33	40
	65	83
	37	44
	42	48
	43	49
	44	50
	45	51
	46	52
	49	57
	50	58
	51	76
	21	26
	22	27
	54	59
	56	60
	25	32
	57	63
	26	33
	58	76
	27	34
	28	35
	29	36
	61	79
net/minecraft/client/renderer/entity/layers/WolfArmorLayer	61	80
	34	43
	35	44
	36	45
	37	46
	38	47
	42	50
	43	51
	44	52
	45	68
	48	53
	49	54
	51	66
	52	68
	55	73
	56	74
	57	80
	27	31
	59	75
	28	33
	60	76
	29	35
	61	80
	30	37
net/minecraft/client/renderer/entity/layers/VillagerProfessionLayer	114	101
	65	59
	66	60
	68	61
	69	62
	71	63
	73	64
	75	65
	78	66
	79	67
	81	68
	82	69
	83	70
	84	71
	85	72
	86	73
	89	78
	92	81
	31	33
	32	34
	96	85
	33	35
	34	36
	35	37
	36	38
	100	91
	37	39
	101	92
	102	93
	105	94
	108	95
	110	97
	111	98
	48	48
	112	99
	49	49
	50	50
	114	101
	51	51
	52	52
	53	53
	57	56
	58	78
	61	57
	62	58
	63	78
net/minecraft/client/renderer/texture/AbstractTexture	43	49
	32	36
	36	41
	37	42
	39	44
	43	49
	14	17
	18	21
	19	22
	20	23
	22	26
	23	27
	24	28
	26	30
	29	33
	30	34
net/minecraft/client/renderer/VirtualScreen	26	29
	16	19
	17	20
	20	23
	25	28
	26	29
	15	18
net/minecraft/client/renderer/fog/environment/WaterFogEnvironment	33	37
	16	19
	17	20
	33	37
	18	21
	19	22
	20	23
	22	26
	23	27
	24	28
	28	32
net/minecraft/client/player/KeyboardInput	37	39
	34	36
	35	37
	36	38
	37	39
	11	14
	12	15
	15	18
	16	19
	19	21
	24	27
	25	28
	26	29
	27	30
	28	31
	29	32
	30	33
	31	34
net/minecraft/client/renderer/item/SpecialModelWrapper	93	105
	64	74
	65	75
	66	77
	70	82
	71	83
	75	87
	76	88
	77	89
	79	92
	80	93
	84	97
	86	98
	87	99
	88	100
	29	32
	93	105
	30	33
	32	34
	33	35
	34	36
	35	37
	37	39
	41	51
	42	52
	43	53
	44	54
	45	55
	46	56
	47	57
	50	60
	51	61
	52	62
	53	63
	54	64
	56	67
	57	68
	63	73
net/minecraft/client/renderer/block/model/TextureSlots	168	174
	128	124
	129	125
	130	126
	131	127
	132	128
	133	129
	134	130
	135	131
	136	132
	139	137
	142	140
	143	141
	147	144
	148	146
	149	147
	150	149
	151	152
	152	153
	153	154
	26	29
	154	155
	155	156
	156	157
	157	158
	32	34
	33	35
	162	163
	37	38
	165	169
	38	39
	168	174
	41	42
	45	46
	49	50
	50	52
	51	53
	53	56
	57	60
	58	61
	60	63
	61	64
	62	65
	64	68
	66	70
	78	74
	84	81
	85	82
	89	86
	90	87
	94	91
	95	91
	98	91
	104	102
	110	106
	111	107
	115	111
	116	112
	120	116
	121	117
	124	120
	125	121
	127	123
com/mojang/realmsclient/dto/ReflectionBasedSerialization	0	0
net/minecraft/client/gui/screens/inventory/BookViewScreen	292	302
	256	225
	257	226
	258	227
	259	228
	263	232
	267	236
	268	237
	271	240
	273	241
	274	242
	275	247
	276	266
	279	267
	280	268
	281	270
	284	273
	288	277
	292	281
	43	42
	45	43
	49	287
	53	291
	54	291
	56	291
	60	295
	61	296
	62	297
	63	298
	65	301
	66	302
	67	302
	69	302
	73	44
	75	45
	100	64
	101	65
	104	68
	105	56
	108	72
	109	73
	110	74
	111	75
	114	78
	115	79
	116	80
	117	81
	118	82
	121	85
	122	86
	123	87
	124	88
	125	89
	126	90
	128	92
	132	97
	137	102
	138	103
	139	104
	143	108
	147	112
	151	117
	152	119
	155	122
	156	123
	158	124
	159	125
	161	126
	162	127
	165	130
	169	134
	170	135
	172	138
	173	139
	176	142
	177	143
	179	146
	180	147
	183	150
	184	151
	185	152
	189	156
	190	157
	193	160
	195	162
	196	163
	199	166
	200	167
	202	169
	208	175
	209	176
	210	177
	213	180
	214	181
	215	182
	216	183
	217	184
	220	187
	221	188
	223	189
	224	190
	227	193
	228	195
	229	196
	230	197
	232	199
	236	203
	237	204
	238	205
	241	208
	245	212
	249	216
	254	221
	255	223
net/minecraft/client/particle/SingleQuadParticle	141	171
	129	133
	130	134
	134	138
	138	167
	139	168
	140	169
	141	171
	21	159
	25	160
	40	30
	41	31
	42	32
	43	33
	46	36
	47	37
	48	38
	49	39
	52	42
	56	46
	57	47
	58	48
	59	49
	62	52
	63	53
	66	56
	68	57
	69	58
	70	59
	72	60
	73	61
	76	64
	77	81
	80	84
	85	89
	86	90
	91	95
	95	99
	96	100
	98	102
	101	105
	102	106
	105	109
	109	113
	113	117
	117	121
	123	127
	124	128
	125	129
	126	130
net/minecraft/client/GuiMessage	27	28
	17	28
	23	18
	24	19
	27	22
net/minecraft/client/quickplay/package-info	0	0
net/minecraft/client/gui/narration/ScreenNarrationCollector	78	85
	65	51
	66	52
	70	56
	71	57
	72	58
	73	59
	74	60
	11	14
	77	63
	78	64
	17	73
	18	74
	22	79
	23	81
	27	85
	32	18
	34	19
	35	20
	38	23
	39	24
	44	28
	45	29
	47	32
	48	33
	49	34
	52	36
	53	37
	54	38
	55	39
	57	41
	58	42
net/minecraft/client/gui/components/SubtitleOverlay	207	188
	33	33
	34	34
	37	37
	38	38
	39	39
	40	40
	41	41
	42	42
	43	43
	46	46
	47	115
	50	47
	51	48
	52	49
	53	50
	55	51
	56	53
	57	54
	58	55
	62	59
	63	115
	66	60
	67	61
	69	62
	71	63
	72	66
	73	67
	74	68
	75	69
	77	71
	81	75
	83	76
	84	77
	87	80
	88	81
	89	82
	91	83
	93	84
	97	85
	98	86
	99	87
	100	88
	102	89
	103	90
	104	91
	105	92
	106	93
	107	94
	109	95
	110	96
	111	97
	113	98
	115	99
	116	100
	117	101
	118	102
	119	103
	120	104
	123	108
	124	109
	125	110
	127	115
	131	119
	132	132
	134	120
	135	121
	136	122
	137	123
	138	124
	139	125
	144	130
	145	132
	155	145
	156	146
	157	147
	158	148
	161	151
	165	155
	166	156
	169	158
	170	159
	173	160
	174	160
	175	160
	179	165
	180	166
	181	167
	184	170
	185	171
	188	174
	189	175
	192	178
	194	179
	195	179
	198	179
	202	183
	203	184
	204	185
	207	188
net/minecraft/client/renderer/BiomeColors	31	34
	19	22
	23	26
	10	13
	11	14
	27	30
	12	15
	15	18
	31	34
net/minecraft/client/renderer/entity/FallingBlockRenderer	58	53
	34	33
	35	34
	36	35
	37	36
	39	37
	40	39
	44	42
	15	18
	16	19
	17	20
	49	46
	52	47
	21	23
	53	48
	22	24
	54	49
	55	50
	24	25
	56	51
	57	52
	58	53
	29	31
	30	32
	31	39
com/mojang/realmsclient/dto/RealmsSlot	52	53
	35	35
	51	52
	52	53
	39	39
	25	25
	26	26
	42	45
	27	27
	28	28
	46	48
	31	31
	47	49
net/minecraft/client/NarratorStatus	48	49
	32	33
	36	37
	40	41
	10	13
	11	14
	12	15
	44	45
	13	16
	16	18
	48	49
	17	19
	23	24
	24	25
	25	26
	28	29
net/minecraft/client/gui/screens/inventory/tooltip/MenuTooltipPositioner	45	44
	32	32
	33	33
	35	34
	38	36
	40	39
	44	43
	45	44
	16	19
	17	20
	21	24
	23	25
	24	26
	27	29
	29	30
	31	31
net/minecraft/client/model/animal/fish/SalmonModel	89	75
	16	18
	17	19
	26	26
	27	27
	28	28
	31	31
	32	32
	34	33
	35	34
	36	35
	37	35
	38	35
	40	37
	41	38
	42	38
	43	38
	45	40
	46	41
	47	41
	48	41
	50	43
	51	44
	52	44
	53	44
	55	46
	56	47
	57	47
	58	47
	60	49
	61	50
	62	50
	63	50
	65	52
	66	54
	67	54
	68	55
	70	57
	71	59
	72	59
	73	60
	76	62
	81	66
	82	67
	83	68
	84	69
	85	70
	86	71
	88	74
	89	75
net/minecraft/client/model/geom/builders/MeshDefinition	28	30
	16	18
	17	19
	20	22
	24	26
	12	14
	28	30
	13	15
net/minecraft/client/gui/ComponentPath	47	52
	34	45
	35	46
	37	48
	39	51
	40	52
	9	12
	13	16
	14	16
	46	37
	47	38
	16	16
	20	20
	21	22
	22	23
	24	26
com/mojang/realmsclient/gui/package-info	0	0
net/minecraft/client/gui/screens/inventory/tooltip/package-info	0	0
net/minecraft/client/renderer/LevelEventHandler	541	688
	513	662
	515	663
	516	664
	517	665
	518	666
	519	667
	520	668
	521	669
	522	670
	525	673
	526	674
	527	675
	529	677
	532	680
	533	681
	534	682
	537	685
	538	685
	539	686
	541	688
	63	63
	64	64
	65	65
	68	68
	72	72
	73	73
	75	74
	77	75
	78	76
	79	77
	80	78
	81	79
	83	81
	88	85
	91	88
	92	89
	94	200
	95	201
	97	194
	98	195
	100	197
	101	198
	103	191
	104	192
	106	94
	107	95
	109	91
	110	92
	112	248
	113	249
	115	251
	116	252
	118	100
	119	101
	121	97
	122	98
	124	254
	125	256
	127	418
	128	419
	130	310
	131	311
	133	358
	134	359
	135	360
	137	362
	138	363
	140	375
	141	376
	142	377
	148	324
	150	326
	151	327
	154	339
	155	340
	156	341
	158	342
	159	344
	160	345
	161	346
	162	347
	163	348
	164	349
	166	350
	167	351
	168	352
	170	355
	171	356
	174	313
	175	314
	176	315
	177	316
	179	320
	180	321
	182	537
	183	538
	184	539
	186	542
	187	543
	189	381
	190	382
	191	383
	192	384
	194	385
	195	386
	199	548
	200	549
	202	551
	203	555
	204	556
	206	635
	207	639
	210	558
	211	562
	212	563
	214	615
	215	619
	216	620
	218	622
	219	631
	220	632
	221	633
	223	565
	224	569
	225	570
	227	592
	228	593
	230	572
	231	574
	232	580
	236	585
	237	586
	238	590
	240	595
	241	596
	242	597
	243	598
	244	599
	246	611
	247	613
	249	306
	250	307
	251	308
	253	421
	254	422
	256	424
	257	425
	259	545
	260	546
	262	446
	263	447
	265	449
	269	427
	270	428
	272	463
	273	464
	275	465
	276	466
	277	467
	278	468
	280	471
	281	472
	282	473
	283	474
	284	475
	285	475
	286	475
	288	477
	289	478
	290	479
	291	480
	292	481
	295	484
	296	485
	297	486
	298	487
	302	491
	303	492
	304	493
	305	494
	306	495
	307	497
	308	498
	309	499
	310	500
	311	502
	313	504
	320	515
	321	516
	323	520
	324	521
	326	522
	327	523
	331	453
	332	454
	333	455
	335	457
	336	458
	338	460
	339	461
	341	407
	342	408
	344	258
	345	259
	347	303
	348	304
	350	261
	351	266
	352	267
	356	280
	357	285
	358	286
	359	287
	360	288
	362	289
	366	293
	367	295
	368	296
	369	297
	370	298
	372	299
	377	390
	378	391
	379	392
	380	393
	381	394
	382	395
	384	396
	387	402
	388	403
	392	410
	393	411
	397	103
	398	104
	399	108
	400	109
	404	182
	405	183
	407	185
	408	186
	410	224
	411	225
	413	188
	414	189
	416	203
	417	204
	419	116
	420	117
	422	119
	423	120
	425	122
	426	124
	428	130
	429	134
	431	126
	432	128
	434	140
	435	144
	437	158
	438	162
	440	152
	441	156
	443	146
	444	150
	446	136
	447	138
	449	164
	450	166
	452	172
	453	174
	455	176
	456	180
	458	206
	459	210
	461	212
	462	216
	464	168
	465	170
	467	218
	468	219
	470	221
	471	222
	473	430
	474	432
	475	441
	477	443
	478	444
	480	227
	481	228
	483	230
	484	234
	486	236
	487	240
	489	242
	492	641
	495	644
	496	645
	497	646
	498	647
	500	649
	501	650
	502	651
	503	652
	504	653
	505	654
	506	655
	507	656
	508	657
	510	659
net/minecraft/client/gui/components/debugchart/BandwidthDebugChart	71	69
	33	33
	34	34
	67	65
	37	37
	38	38
	39	39
	71	69
	43	43
	47	47
	48	48
	50	50
	51	50
	21	21
	53	50
	22	22
	26	26
	58	56
	27	27
	28	28
	29	29
	30	30
	62	60
net/minecraft/client/resources/sounds/TickableSoundInstance	0	0
com/mojang/realmsclient/gui/screens/RealmsLongRunningMcoConnectTaskScreen	67	71
	65	69
	66	70
	67	71
	23	26
	24	27
	25	28
	26	29
	30	33
	31	34
	32	50
	35	35
	36	37
	37	39
	38	40
	39	43
	40	44
	42	46
	43	48
	44	50
	48	54
	50	55
	51	56
	53	57
	54	58
	55	59
	59	63
	60	64
	61	65
net/minecraft/client/resources/metadata/gui/package-info	0	0
net/minecraft/client/model/monster/slime/MagmaCubeModel	62	57
	19	21
	20	22
	21	23
	24	26
	28	30
	29	31
	31	33
	32	34
	33	35
	34	36
	35	37
	36	38
	37	39
	38	40
	40	43
	41	43
	42	43
	47	46
	48	46
	49	46
	52	47
	57	51
	58	52
	59	54
	60	55
	62	57
net/minecraft/client/gui/components/WidgetSprites	22	25
	16	19
	19	22
	20	23
	22	25
	7	10
	8	11
	11	14
	12	15
	15	18
net/minecraft/client/gui/spectator/categories/TeleportToTeamMenuCategory	127	130
	64	68
	68	72
	77	82
	78	83
	79	84
	80	85
	83	88
	84	90
	85	91
	88	92
	89	93
	26	28
	27	29
	28	30
	93	97
	94	98
	33	34
	97	101
	34	35
	98	102
	35	36
	38	41
	103	107
	104	108
	43	47
	108	112
	48	52
	113	117
	115	118
	116	119
	53	57
	117	120
	54	58
	118	121
	119	122
	58	62
	122	125
	123	126
	63	67
	127	130
net/minecraft/client/renderer/entity/state/ArmadilloRenderState	0	0
com/mojang/realmsclient/dto/WorldTemplatePaginatedList	63	50
	33	20
	38	23
	42	27
	43	28
	44	29
	45	30
	47	33
	48	34
	49	35
	50	36
	51	37
	52	38
	24	16
	57	43
	58	44
	27	19
	59	45
	28	19
	60	46
	61	47
	63	50
net/minecraft/client/CommandHistory	57	58
	33	33
	36	36
	37	37
	38	38
	40	41
	41	42
	43	44
	46	47
	47	48
	16	18
	48	49
	49	50
	51	52
	52	53
	54	55
	25	25
	57	58
	26	26
	27	27
	28	28
	29	29
	30	30
net/minecraft/client/quickplay/QuickPlayLog	117	121
	65	59
	66	60
	67	61
	71	64
	72	65
	73	67
	74	68
	76	70
	77	71
	78	72
	79	73
	81	75
	82	76
	83	81
	86	109
	87	110
	88	111
	25	27
	90	113
	28	30
	95	117
	32	34
	96	118
	35	36
	36	37
	100	121
	105	98
	106	99
	43	42
	107	100
	44	43
	108	101
	109	103
	47	46
	48	46
	113	86
	50	46
	114	87
	115	88
	116	89
	117	91
	54	50
	55	51
	58	54
	59	79
	60	81
	63	55
net/minecraft/client/renderer/block/model/BlockModel	96	96
	65	64
	66	65
	70	69
	71	70
	72	71
	74	73
	78	78
	82	82
	83	82
	85	82
	89	86
	90	90
	91	92
	92	93
	94	96
	31	34
	32	34
	96	87
	33	35
	34	36
	35	37
	36	38
	37	39
	40	42
	46	48
	48	49
	49	50
	51	51
	52	52
	54	53
	55	54
	56	55
	57	56
	60	59
	61	60
	62	61
net/minecraft/client/gui/screens/inventory/NautilusInventoryScreen	40	43
	16	19
	35	38
	20	23
	40	43
	25	28
	11	14
	12	15
	30	33
	15	18
net/minecraft/client/renderer/item/properties/numeric/CustomModelDataProperty	32	37
	16	19
	32	37
	20	24
	21	25
	22	26
	23	27
	24	28
	27	32
	14	18
	15	18
net/minecraft/client/gui/screens/inventory/JigsawBlockEditScreen	260	240
	257	237
	258	238
	260	240
	24	26
	25	27
	26	28
	27	29
	28	30
	29	31
	30	32
	31	33
	32	34
	53	50
	54	51
	55	52
	58	55
	59	56
	60	57
	63	60
	64	61
	67	66
	68	68
	69	69
	70	70
	71	71
	72	72
	74	74
	75	75
	77	78
	81	82
	82	83
	83	84
	88	89
	89	89
	93	90
	97	94
	98	95
	102	99
	103	100
	104	101
	105	102
	106	103
	108	104
	109	105
	110	106
	111	107
	112	108
	114	109
	115	110
	116	111
	117	112
	118	113
	120	114
	121	115
	122	116
	123	117
	125	118
	126	119
	127	120
	128	121
	129	122
	131	123
	132	124
	133	125
	134	126
	135	127
	137	128
	138	129
	139	132
	140	133
	142	135
	143	136
	144	137
	146	138
	148	140
	149	141
	153	145
	154	146
	158	150
	159	151
	162	155
	164	157
	166	158
	167	159
	168	160
	170	162
	171	164
	172	165
	173	166
	177	170
	178	171
	181	174
	185	178
	186	178
	187	178
	188	179
	189	180
	190	181
	194	185
	199	190
	200	191
	201	192
	202	193
	203	194
	204	195
	205	196
	206	197
	208	198
	210	199
	211	200
	212	201
	213	202
	214	203
	215	204
	216	205
	217	206
	218	207
	219	208
	223	212
	224	213
	227	214
	228	215
	229	216
	232	218
	237	224
	239	225
	240	226
	242	227
	243	228
	245	229
	246	230
	248	231
	249	232
	251	233
	252	234
	254	235
	255	236
com/mojang/realmsclient/gui/screens/RealmsConfirmScreen	36	37
	32	34
	18	20
	34	35
	19	21
	35	36
	20	22
	36	37
	21	23
	22	24
	26	28
	27	29
	28	30
com/mojang/realmsclient/RealmsMainScreen	1276	1305
	1024	735
	1025	736
	1026	737
	1028	739
	1032	744
	1033	746
	1034	748
	1035	750
	1036	751
	1037	753
	1038	754
	1039	756
	1043	763
	1044	765
	1054	1081
	1055	1082
	1056	1083
	1058	1085
	1062	1089
	1063	1090
	1064	1091
	1065	1092
	1066	1093
	1067	1094
	1068	1098
	1072	1102
	1077	1181
	1087	1189
	1088	1190
	1089	1191
	1090	1192
	1091	1193
	1092	1194
	1094	1196
	1098	1200
	1099	1201
	1101	1202
	1102	1203
	1103	1218
	1107	1205
	1109	1206
	1110	1207
	1111	1208
	1113	1209
	1114	1210
	91	91
	1115	1211
	92	92
	1116	1212
	93	93
	94	94
	1118	1218
	95	95
	96	96
	97	97
	1121	1221
	98	98
	1122	1222
	99	99
	1123	1223
	1124	1224
	101	100
	1125	1225
	1126	1226
	103	101
	1127	1227
	105	102
	1129	1229
	106	103
	1130	1230
	107	104
	108	105
	1132	1232
	109	106
	110	107
	111	108
	1135	1235
	112	109
	1136	1237
	113	110
	1137	1238
	114	111
	1138	1239
	115	112
	1139	1240
	116	113
	1140	1241
	117	114
	118	115
	1142	1242
	119	116
	1143	1243
	120	117
	121	118
	122	119
	123	120
	1147	1247
	124	121
	1148	1248
	1149	1251
	1152	1255
	1156	1259
	1157	1260
	1158	1261
	136	131
	137	132
	1161	1264
	1162	1265
	1163	1266
	1164	1267
	1168	1271
	1169	1272
	1170	1273
	1171	1273
	1172	1274
	1175	1277
	1180	1282
	1181	1283
	1182	1284
	1183	1285
	1184	1288
	1185	1289
	1186	1290
	1189	1294
	1194	1299
	1195	1300
	1197	1301
	176	158
	177	159
	178	160
	1202	1305
	179	161
	183	165
	1207	681
	185	166
	187	167
	1211	685
	188	169
	190	171
	191	172
	1215	689
	192	173
	1216	690
	193	174
	1217	691
	194	183
	1218	692
	1220	693
	197	175
	1222	694
	199	176
	1223	695
	200	177
	201	178
	202	179
	1226	938
	203	180
	1227	938
	1228	939
	205	183
	1229	940
	1230	941
	207	184
	1231	942
	208	185
	1232	943
	209	186
	211	187
	212	188
	213	189
	215	190
	216	191
	217	194
	218	195
	219	196
	1243	951
	220	197
	1244	952
	223	201
	1247	955
	224	202
	226	203
	227	204
	1251	959
	228	205
	1252	960
	229	206
	231	208
	1256	964
	233	210
	1257	965
	234	211
	1258	966
	1260	968
	237	214
	1263	971
	1264	974
	242	219
	243	220
	244	221
	1268	776
	1269	776
	246	223
	1270	776
	250	227
	1274	780
	251	228
	1275	781
	1276	782
	254	231
	255	232
	257	234
	259	236
	262	239
	263	251
	265	240
	266	241
	268	244
	269	245
	270	247
	271	249
	272	251
	275	254
	276	255
	277	256
	279	257
	280	258
	281	259
	282	260
	284	261
	285	263
	286	266
	287	269
	290	272
	294	276
	296	277
	297	278
	298	279
	299	280
	301	281
	302	282
	304	283
	305	284
	306	285
	308	286
	312	290
	313	291
	315	292
	316	293
	317	294
	318	295
	319	296
	321	299
	322	300
	324	301
	328	305
	329	306
	331	307
	333	308
	335	315
	339	319
	340	320
	341	321
	342	322
	343	323
	344	324
	346	327
	347	328
	348	329
	349	330
	352	333
	356	337
	360	341
	365	346
	367	347
	368	348
	370	350
	373	353
	374	354
	377	357
	378	358
	381	361
	382	362
	384	364
	387	367
	389	368
	390	369
	391	370
	393	371
	395	372
	396	374
	397	375
	398	376
	401	380
	402	381
	403	382
	405	384
	407	385
	408	386
	409	387
	411	389
	412	390
	413	391
	414	392
	415	393
	416	394
	417	395
	423	400
	424	401
	426	403
	428	404
	429	405
	430	406
	431	407
	432	408
	434	410
	436	411
	438	412
	440	413
	441	414
	442	415
	443	416
	444	417
	446	418
	450	422
	451	424
	452	425
	453	426
	457	430
	458	431
	459	432
	460	433
	461	434
	463	436
	470	439
	471	440
	473	442
	474	443
	475	444
	477	446
	478	447
	479	448
	481	450
	484	453
	485	454
	486	455
	487	456
	491	460
	492	461
	493	462
	495	462
	499	465
	500	466
	501	467
	503	469
	504	470
	507	473
	509	475
	510	476
	511	477
	515	481
	519	485
	520	486
	521	487
	522	488
	523	489
	525	491
	527	493
	529	495
	532	498
	533	499
	535	501
	538	504
	539	505
	540	506
	541	506
	544	508
	547	511
	548	511
	550	511
	554	515
	558	519
	559	520
	560	521
	561	522
	562	523
	563	525
	565	527
	566	529
	568	530
	569	531
	572	534
	573	535
	574	536
	576	538
	577	539
	578	540
	579	541
	582	544
	583	545
	584	546
	588	550
	589	551
	590	552
	591	553
	597	559
	599	560
	600	561
	603	564
	604	565
	607	568
	608	570
	609	573
	611	575
	614	578
	615	579
	618	582
	619	583
	622	586
	623	587
	624	588
	625	589
	627	592
	629	594
	630	597
	631	600
	632	601
	635	606
	636	609
	637	610
	638	613
	639	613
	640	616
	642	620
	644	624
	645	627
	646	630
	647	630
	648	634
	649	635
	652	640
	653	642
	654	643
	655	644
	659	648
	662	651
	664	651
	665	651
	666	652
	667	653
	668	654
	669	654
	670	654
	672	655
	675	658
	676	659
	677	660
	678	661
	679	662
	680	663
	681	664
	682	665
	683	666
	687	1109
	688	1110
	692	1113
	693	1114
	694	1115
	698	1119
	702	1123
	703	1124
	705	1126
	706	1127
	707	1128
	708	1129
	710	1130
	714	1134
	715	1135
	718	1138
	719	1139
	720	1140
	721	1143
	722	1144
	723	1145
	725	1147
	728	1150
	729	1151
	732	1154
	734	1156
	735	1157
	738	1161
	740	1163
	742	1166
	743	1167
	744	1168
	747	1171
	751	669
	755	673
	756	673
	758	673
	763	677
	764	677
	766	677
	776	793
	777	794
	778	795
	779	796
	780	797
	781	798
	782	799
	783	800
	784	808
	785	809
	786	811
	787	812
	789	813
	792	817
	793	818
	795	820
	798	823
	799	824
	800	825
	802	827
	805	830
	806	831
	808	832
	809	833
	810	834
	811	835
	812	836
	814	838
	817	841
	818	842
	819	843
	821	844
	822	845
	823	846
	824	847
	825	848
	827	852
	828	853
	830	855
	833	858
	834	859
	835	860
	837	861
	838	862
	839	863
	840	864
	841	865
	843	867
	846	870
	847	879
	849	871
	850	872
	851	873
	852	874
	854	876
	856	879
	859	882
	863	886
	867	890
	868	891
	869	892
	870	893
	871	894
	872	895
	873	896
	875	899
	876	900
	877	901
	879	904
	883	908
	887	912
	891	916
	895	920
	899	924
	918	992
	919	993
	920	994
	921	995
	922	996
	923	997
	924	1002
	925	1003
	926	1006
	928	1012
	930	1015
	931	1017
	932	1018
	933	1019
	937	1023
	938	1024
	940	1026
	941	1026
	943	1026
	947	1031
	948	1032
	949	1033
	950	1034
	952	1036
	955	1039
	956	1040
	957	1041
	958	1042
	959	1043
	962	1046
	967	1051
	968	1052
	969	1053
	970	1054
	974	1058
	975	1059
	977	1061
	978	1061
	981	1061
	985	1066
	990	1071
	995	699
	1002	705
	1003	706
	1004	707
	1008	711
	1010	712
	1011	713
	1012	714
	1013	721
	1014	725
	1018	729
	1019	730
net/minecraft/client/gui/screens/DisconnectedScreen	84	82
	65	64
	67	65
	68	66
	69	67
	70	68
	74	72
	75	73
	14	17
	15	18
	79	77
	16	19
	17	20
	84	82
	26	27
	27	28
	30	31
	31	32
	34	35
	35	36
	38	39
	39	40
	40	41
	41	42
	42	43
	46	47
	47	48
	48	49
	50	50
	51	51
	52	53
	55	54
	56	56
	57	56
	60	58
	61	59
	63	61
net/minecraft/client/gui/screens/multiplayer/package-info	0	0
net/minecraft/client/gui/spectator/RootSpectatorMenuCategory	26	28
	16	18
	17	19
	21	23
	26	28
	11	13
	12	14
	15	17
net/minecraft/client/model/animal/frog/package-info	0	0
net/minecraft/client/gui/screens/worldselection/package-info	0	0
net/minecraft/client/renderer/entity/state/TextDisplayEntityRenderState	13	16
	13	16
net/minecraft/client/renderer/entity/state/ItemEntityRenderState	0	0
net/minecraft/client/renderer/blockentity/state/VaultRenderState	0	0
net/minecraft/client/renderer/entity/state/SquidRenderState	0	0
net/minecraft/client/gui/screens/recipebook/CraftingRecipeBookComponent	97	103
	64	63
	65	65
	67	71
	68	72
	69	73
	70	75
	71	76
	72	78
	73	79
	74	81
	75	82
	82	88
	20	24
	21	24
	22	25
	86	92
	23	26
	24	27
	27	29
	91	97
	29	31
	96	102
	97	103
	38	39
	39	40
	43	44
	47	48
	48	49
	50	51
	51	52
	52	52
	53	53
	54	53
	55	54
	61	60
	62	61
	63	62
net/minecraft/client/tutorial/OpenInventoryTutorialStep	52	48
	32	29
	33	29
	34	30
	35	31
	36	32
	39	35
	43	39
	12	13
	44	40
	13	14
	45	41
	47	43
	51	47
	20	20
	52	48
	21	21
	25	25
	27	26
	28	27
	29	35
net/minecraft/client/particle/SuspendedParticle	111	116
	67	71
	70	74
	73	77
	74	78
	75	79
	76	80
	15	16
	16	17
	18	18
	19	19
	20	20
	84	45
	85	46
	22	21
	23	22
	24	23
	89	51
	90	52
	27	26
	91	53
	28	27
	92	54
	93	55
	30	28
	94	56
	31	29
	32	30
	34	31
	35	32
	36	33
	102	106
	103	107
	40	37
	107	112
	108	113
	109	114
	110	115
	47	89
	111	116
	48	90
	52	95
	53	96
	54	97
	62	65
	63	66
net/minecraft/client/renderer/entity/EvokerFangsRenderer	55	58
	33	31
	34	32
	36	33
	37	34
	39	35
	40	45
	42	46
	43	48
	47	51
	16	18
	52	55
	21	22
	53	56
	54	57
	23	23
	55	58
	24	24
	28	29
	29	30
	30	48
com/mojang/realmsclient/dto/Ops	30	32
	18	18
	20	21
	21	22
	22	23
	23	24
	24	25
	27	28
	28	29
	30	32
	15	15
com/mojang/realmsclient/dto/ValueObject	31	35
	16	19
	20	24
	21	25
	22	26
	26	30
	11	13
	27	31
	12	15
	13	16
	15	18
	31	35
com/mojang/realmsclient/dto/GuardedSerializer	37	36
	33	32
	19	22
	37	36
	23	25
	24	25
	25	25
	26	25
	29	28
	14	17
net/minecraft/client/renderer/blockentity/state/EndGatewayRenderState	0	0
com/mojang/blaze3d/opengl/GlDebug	186	192
	128	129
	129	130
	130	131
	131	132
	132	133
	134	136
	135	137
	136	138
	138	141
	139	142
	140	143
	141	144
	142	145
	143	146
	144	147
	146	150
	147	151
	148	152
	150	155
	151	156
	25	27
	153	158
	28	35
	32	39
	34	41
	36	43
	38	45
	166	172
	167	173
	40	47
	168	174
	169	175
	42	49
	170	176
	171	177
	44	51
	46	53
	174	180
	178	180
	51	58
	53	60
	55	62
	183	185
	184	188
	57	64
	185	190
	186	192
	59	66
	61	68
	63	70
	65	72
	67	74
	72	79
	74	83
	76	85
	78	87
	80	81
	82	89
	87	29
	91	94
	94	96
	95	97
	96	98
	97	101
	98	102
	99	103
	101	99
	105	107
	106	108
	109	111
	110	112
	111	114
	112	115
	114	118
	118	31
	119	32
	122	123
	123	124
	126	127
	127	128
net/minecraft/client/gui/screens/social/PlayerSocialManager	83	85
	67	70
	71	74
	72	75
	74	76
	75	77
	77	79
	80	82
	81	83
	83	85
	25	27
	26	28
	27	29
	30	32
	31	33
	34	36
	35	37
	38	40
	42	44
	46	48
	47	49
	48	50
	51	53
	52	54
	55	57
	56	58
	58	61
	59	62
	63	66
net/minecraft/client/renderer/feature/LeashFeatureRenderer	68	77
	64	74
	66	75
	67	76
	68	77
	18	21
	19	22
	21	24
	24	27
	25	28
	26	29
	28	30
	31	31
	32	32
	34	33
	36	34
	38	36
	39	37
	41	40
	42	41
	44	43
	47	58
	48	59
	49	60
	50	61
	52	62
	53	63
	54	64
	55	65
	57	66
	59	68
	60	69
	62	71
net/minecraft/client/renderer/entity/state/PigRenderState	8	11
	8	11
net/minecraft/client/renderer/texture/atlas/sources/SingleFile	42	42
	32	32
	33	33
	34	34
	36	36
	38	38
	42	42
	18	17
	20	19
	21	20
	22	20
	23	22
	26	26
	27	27
	31	31
net/minecraft/client/waypoints/ClientWaypointManager	40	41
	33	32
	19	20
	20	21
	37	36
	38	39
	39	40
	24	24
	40	41
	25	25
	29	28
	30	29
net/minecraft/client/gui/screens/inventory/CyclingSlotBackground	59	58
	33	33
	34	34
	36	36
	39	39
	40	40
	41	50
	44	41
	45	42
	46	43
	47	44
	48	45
	50	48
	51	50
	54	53
	55	54
	24	24
	25	25
	58	57
	59	58
	28	28
	29	29
	30	30
net/minecraft/client/data/models/ItemModelOutput	10	13
	9	12
	10	13
net/minecraft/client/resources/language/LanguageInfo	24	22
	17	13
	18	14
	19	15
	20	16
	21	18
	24	22
net/minecraft/client/gui/screens/debug/GameModeSwitcherScreen	249	241
	29	30
	30	31
	32	159
	33	160
	34	161
	35	162
	37	164
	46	172
	47	173
	48	174
	49	175
	52	178
	53	179
	56	182
	57	183
	58	184
	59	185
	60	186
	65	191
	66	192
	67	193
	68	194
	69	195
	74	32
	82	39
	91	45
	94	48
	96	49
	97	50
	98	51
	101	54
	102	55
	103	56
	104	57
	106	59
	111	65
	113	66
	114	67
	116	69
	117	70
	118	71
	120	73
	125	77
	128	79
	129	81
	131	82
	132	83
	133	84
	135	85
	138	88
	140	90
	141	91
	143	92
	145	93
	146	94
	149	97
	153	101
	154	102
	155	103
	156	104
	159	107
	160	108
	163	111
	164	117
	167	112
	169	113
	170	114
	172	117
	176	121
	177	122
	178	123
	179	124
	182	126
	187	132
	188	133
	189	134
	190	135
	193	137
	198	143
	199	144
	200	145
	201	146
	203	148
	208	154
	216	207
	217	208
	218	209
	222	213
	223	214
	224	215
	226	218
	227	219
	231	223
	232	224
	236	228
	240	232
	241	233
	244	236
	245	237
	248	240
	249	241
net/minecraft/client/gui/screens/recipebook/RecipeBookPage	231	228
	29	30
	30	30
	31	30
	33	33
	34	33
	35	33
	37	35
	38	36
	66	55
	67	56
	69	58
	70	59
	72	61
	75	64
	76	65
	78	67
	79	68
	85	71
	86	72
	87	73
	88	74
	89	75
	92	78
	93	79
	94	80
	96	81
	97	82
	100	85
	101	86
	104	89
	105	90
	106	92
	107	93
	109	94
	110	95
	112	96
	114	97
	116	99
	120	103
	121	104
	124	107
	125	108
	127	111
	128	112
	130	114
	133	117
	134	118
	135	119
	136	120
	139	123
	140	125
	141	126
	142	127
	143	128
	147	132
	148	133
	150	136
	151	137
	154	140
	155	141
	156	142
	159	145
	160	146
	161	147
	162	148
	164	150
	167	153
	171	157
	175	161
	176	162
	179	165
	180	166
	182	167
	183	168
	184	169
	185	170
	187	172
	190	175
	193	177
	194	178
	195	179
	196	180
	197	183
	198	184
	199	185
	200	186
	203	189
	204	191
	205	192
	206	193
	207	194
	208	195
	209	196
	210	196
	211	197
	214	210
	218	214
	222	219
	223	220
	226	223
	230	227
	231	228
net/minecraft/client/resources/model/ResolvableModel	0	0
net/minecraft/client/renderer/entity/SalmonRenderer	72	68
	66	61
	67	62
	68	63
	69	64
	71	67
	72	68
	15	18
	22	24
	23	25
	24	26
	25	27
	26	28
	30	31
	31	32
	32	33
	36	36
	41	40
	46	44
	48	45
	49	46
	50	47
	51	48
	52	49
	55	52
	56	53
	58	54
	59	55
	60	56
	62	58
net/minecraft/client/telemetry/events/WorldLoadEvent	68	69
	64	65
	67	68
	68	69
	21	22
	22	23
	25	26
	26	27
	28	30
	29	31
	32	34
	33	35
	34	36
	36	38
	37	38
	39	38
	43	43
	44	53
	46	44
	47	45
	48	46
	49	47
	50	48
	52	50
	53	51
	58	58
	59	59
	60	60
	61	61
	62	62
net/minecraft/client/model/animal/equine/EquineSaddleModel	90	73
	65	52
	66	54
	67	54
	68	55
	70	57
	71	58
	72	58
	75	60
	76	61
	77	61
	81	63
	86	68
	87	70
	88	71
	90	73
	27	27
	28	28
	29	29
	30	30
	31	31
	34	34
	38	38
	39	39
	40	40
	42	41
	44	42
	45	43
	46	43
	50	45
	51	45
	52	45
	55	46
	56	46
	57	46
	60	47
	61	49
	62	49
	63	50
net/minecraft/client/renderer/special/SkullSpecialRenderer	76	81
	64	36
	68	40
	69	41
	70	42
	71	43
	72	44
	73	45
	74	46
	75	47
	76	48
	26	28
	27	29
	28	30
	29	31
	32	53
	33	54
	34	55
	35	56
	36	58
	39	62
	40	63
	44	67
	49	72
	50	74
	52	76
	53	77
	56	80
	57	81
	63	35
net/minecraft/client/gui/screens/NoticeWithLinkScreen	112	83
	65	55
	66	56
	67	57
	68	57
	70	57
	72	57
	73	57
	75	58
	76	59
	78	59
	80	60
	17	19
	81	61
	18	21
	83	63
	20	23
	84	63
	21	25
	86	63
	88	63
	89	63
	92	64
	29	33
	30	34
	94	65
	31	35
	95	66
	32	36
	96	67
	33	37
	36	40
	100	71
	101	72
	102	73
	106	77
	45	44
	111	82
	112	83
	55	49
	57	50
	58	51
	60	52
	61	53
	63	54
net/minecraft/client/particle/DustParticle	28	34
	16	20
	17	21
	23	28
	24	29
	10	15
	12	16
	28	34
	13	17
	14	18
	15	19
net/minecraft/client/model/object/bell/package-info	0	0
net/minecraft/client/renderer/WorldBorderRenderer	188	186
	35	37
	37	38
	46	46
	50	47
	54	50
	55	51
	56	52
	57	53
	58	54
	60	55
	61	56
	62	57
	63	58
	65	59
	66	60
	67	61
	68	62
	70	63
	72	64
	73	65
	74	66
	75	67
	77	68
	78	69
	79	70
	80	71
	82	72
	83	73
	84	74
	85	75
	87	76
	88	77
	89	78
	90	79
	92	81
	93	82
	96	85
	97	86
	98	87
	99	88
	100	89
	101	90
	102	91
	104	93
	107	96
	108	97
	109	98
	110	99
	111	101
	113	115
	114	117
	117	110
	118	111
	119	112
	120	113
	121	117
	124	120
	125	179
	127	121
	128	122
	129	123
	131	124
	132	125
	133	126
	135	127
	137	128
	138	129
	140	130
	141	131
	144	134
	145	135
	147	136
	149	137
	150	138
	153	141
	154	142
	155	143
	157	145
	158	146
	161	149
	162	150
	163	160
	164	161
	165	162
	166	163
	167	164
	168	165
	169	166
	171	167
	172	169
	173	170
	174	171
	175	172
	179	176
	181	179
	184	182
	185	183
	188	186
com/mojang/blaze3d/opengl/GlRenderPipeline	9	12
	9	12
net/minecraft/client/renderer/debug/HeightMapRenderer	63	69
	27	29
	28	30
	32	34
	34	35
	36	37
	37	38
	38	39
	39	41
	40	42
	41	43
	42	44
	43	46
	44	47
	45	48
	46	49
	47	50
	48	52
	54	60
	57	63
	58	64
	59	65
	60	66
	61	67
	62	68
	63	69
net/minecraft/client/renderer/entity/layers/CustomHeadLayer	89	99
	65	72
	66	73
	68	76
	69	78
	72	81
	73	82
	74	83
	75	84
	79	88
	83	92
	84	93
	85	94
	86	95
	89	99
	31	33
	32	34
	35	39
	36	40
	37	41
	38	42
	39	43
	43	46
	44	78
	47	47
	48	48
	50	49
	51	50
	52	51
	54	52
	55	53
	56	54
	58	55
	59	56
	60	57
	61	58
	63	60
net/minecraft/client/renderer/entity/state/ArrowRenderState	0	0
net/minecraft/client/renderer/LevelTargetBundle	80	83
	11	13
	12	14
	13	15
	14	16
	15	17
	16	18
	17	19
	19	20
	20	21
	21	23
	23	25
	33	35
	34	36
	35	37
	36	38
	37	39
	38	40
	39	41
	40	42
	41	43
	42	44
	43	45
	44	46
	45	48
	46	52
	48	49
	50	54
	54	58
	55	59
	56	60
	57	61
	58	62
	59	63
	60	64
	61	65
	62	66
	63	67
	64	68
	65	69
	66	71
	67	71
	69	71
	73	76
	74	77
	75	78
	76	79
	77	80
	78	81
	79	82
	80	83
com/mojang/realmsclient/dto/WorldTemplate	40	41
	32	34
	33	35
	34	36
	35	37
	37	39
	38	40
	40	41
	21	23
	25	27
	26	28
	27	29
	28	30
	29	31
	30	32
	31	33
net/minecraft/client/renderer/entity/SquidRenderer	43	42
	32	32
	33	33
	34	34
	38	37
	39	38
	40	39
	41	40
	42	41
	43	42
	12	15
	15	18
	16	19
	20	22
	25	26
	30	30
	31	31
net/minecraft/client/multiplayer/chat/ChatLog	62	69
	34	39
	35	41
	36	42
	38	45
	42	49
	43	50
	12	17
	13	20
	14	21
	46	53
	15	22
	17	23
	50	57
	54	61
	25	30
	26	31
	58	65
	29	34
	30	35
	62	69
	31	36
net/minecraft/client/resources/package-info	0	0
com/mojang/realmsclient/gui/screens/RealmsPopups	44	42
	33	34
	34	35
	35	36
	36	37
	37	38
	41	42
	42	42
	43	42
	44	42
	13	14
	14	15
	17	18
	18	19
	19	20
	20	21
	21	22
	25	26
	26	27
	27	28
	28	29
	29	30
net/minecraft/client/gui/screens/inventory/tooltip/DefaultTooltipPositioner	33	31
	17	17
	33	31
	18	18
	19	19
	24	23
	25	24
	13	13
	29	27
	30	28
	31	29
net/minecraft/client/renderer/special/package-info	0	0
net/minecraft/client/renderer/texture/SkinTextureDownloader	169	165
	128	121
	129	122
	130	123
	131	124
	132	125
	135	128
	137	129
	138	130
	140	133
	141	134
	143	135
	147	143
	148	144
	149	145
	150	146
	151	147
	24	27
	156	152
	157	153
	158	154
	161	157
	34	36
	35	37
	36	38
	164	160
	37	39
	165	161
	166	162
	40	42
	41	43
	169	165
	44	46
	45	47
	46	48
	48	51
	49	52
	50	52
	54	56
	55	57
	56	59
	57	60
	61	63
	62	64
	63	65
	65	68
	66	69
	67	70
	68	71
	70	72
	71	73
	72	74
	76	77
	79	80
	80	81
	81	82
	82	83
	85	86
	87	88
	88	89
	94	100
	95	97
	96	98
	97	99
	102	104
	103	105
	104	106
	105	137
	106	138
	109	107
	110	108
	111	109
	112	110
	113	111
	114	112
	116	113
	119	114
	120	115
	121	116
	122	117
	123	118
	124	119
	127	120
net/minecraft/client/gui/screens/LevelLoadingScreen	194	187
	130	138
	131	139
	132	140
	133	141
	134	142
	135	143
	138	146
	142	150
	144	164
	145	165
	146	166
	149	152
	150	153
	152	155
	153	156
	154	157
	155	159
	156	161
	29	31
	30	32
	159	168
	162	171
	163	172
	165	175
	166	176
	171	181
	172	182
	45	57
	173	183
	46	58
	47	59
	48	60
	177	187
	51	63
	180	40
	52	64
	181	41
	53	65
	182	42
	183	43
	184	44
	185	45
	57	69
	186	46
	187	47
	188	48
	189	49
	190	50
	62	74
	191	51
	192	52
	193	53
	194	54
	67	79
	68	80
	70	84
	74	88
	75	89
	76	90
	77	91
	79	93
	83	97
	85	98
	86	99
	87	100
	88	101
	91	104
	92	105
	94	106
	96	108
	97	109
	98	110
	99	111
	101	113
	104	116
	106	117
	107	118
	109	120
	112	123
	113	124
	114	125
	117	128
	119	129
	120	130
	122	131
	123	132
	125	133
	126	134
	127	135
net/minecraft/client/multiplayer/chat/report/ReportType	17	20
	17	20
	6	9
	7	10
	8	11
	13	16
	14	17
net/minecraft/client/renderer/chunk/ChunkSectionLayerGroup	37	39
	32	34
	33	36
	34	35
	35	37
	37	39
	9	11
	10	12
	11	13
	18	19
	19	20
	20	21
	23	24
	27	28
	31	32
net/minecraft/client/renderer/texture/TextureManager	186	183
	128	123
	129	124
	133	127
	134	128
	135	129
	136	130
	137	131
	139	133
	141	134
	142	135
	143	136
	144	137
	145	139
	146	140
	148	142
	153	147
	154	148
	155	149
	156	150
	29	33
	31	34
	159	153
	160	154
	162	156
	163	157
	164	158
	167	161
	40	40
	168	162
	42	41
	43	42
	44	43
	172	166
	173	167
	174	168
	175	169
	48	47
	49	48
	177	172
	50	49
	51	50
	52	51
	53	52
	54	53
	182	179
	184	181
	57	56
	185	182
	58	57
	186	183
	62	61
	63	62
	65	63
	66	64
	74	69
	75	70
	78	73
	79	74
	80	75
	81	76
	83	79
	84	80
	87	83
	91	86
	93	89
	94	90
	95	91
	97	93
	100	96
	101	97
	102	98
	106	101
	107	102
	108	103
	112	107
	113	108
	115	110
	118	113
	119	114
	120	115
	122	117
	126	121
	127	122
net/minecraft/client/gui/render/state/GuiElementRenderState	0	0
net/minecraft/client/gui/screens/CreateFlatWorldScreen	272	272
	261	178
	262	179
	266	183
	267	184
	268	191
	272	195
	30	31
	31	32
	50	49
	51	50
	52	51
	53	52
	54	53
	57	56
	61	60
	62	61
	63	62
	64	63
	66	65
	70	69
	72	70
	74	71
	75	72
	76	73
	77	74
	79	75
	80	76
	81	77
	83	79
	85	80
	86	81
	87	82
	88	83
	89	84
	91	85
	92	86
	93	87
	94	88
	95	89
	97	90
	98	91
	99	92
	100	93
	102	94
	103	95
	105	96
	106	97
	107	98
	111	102
	112	103
	114	106
	115	107
	118	110
	119	111
	121	113
	124	116
	129	121
	130	122
	133	126
	134	127
	137	130
	139	131
	140	132
	143	135
	144	136
	145	138
	146	139
	148	141
	152	144
	153	145
	154	146
	157	149
	158	150
	159	151
	161	152
	162	153
	163	154
	165	156
	168	159
	169	160
	170	161
	171	162
	172	163
	173	164
	174	165
	175	166
	176	167
	186	207
	187	208
	188	209
	192	213
	194	214
	195	215
	197	216
	198	217
	201	219
	202	220
	203	221
	204	222
	206	224
	209	227
	210	228
	213	231
	214	232
	215	233
	216	234
	217	235
	218	236
	221	240
	226	245
	227	246
	228	247
	229	249
	231	251
	234	254
	240	259
	241	260
	245	264
	247	265
	248	266
	250	268
	253	271
	254	272
net/minecraft/client/renderer/entity/LlamaRenderer	44	44
	34	35
	39	39
	40	40
	41	41
	42	42
	11	14
	43	43
	12	15
	44	44
	13	16
	14	17
	17	20
	19	21
	20	22
	24	25
	25	26
	26	27
	27	28
	28	29
net/minecraft/client/renderer/item/properties/select/package-info	0	0
com/mojang/realmsclient/dto/RealmsNews	25	26
	17	17
	19	20
	20	21
	21	22
	22	23
	25	26
	14	14
net/minecraft/client/renderer/entity/FrogRenderer	33	34
	16	19
	32	33
	33	34
	21	23
	26	27
	11	15
	27	28
	12	16
	28	29
	29	30
	30	31
	31	32
net/minecraft/client/model/animal/golem/IronGolemModel	102	93
	23	25
	24	26
	25	27
	26	28
	27	29
	28	30
	29	31
	32	34
	33	35
	35	36
	36	38
	37	38
	38	38
	39	39
	41	41
	42	43
	43	44
	44	46
	45	48
	47	50
	48	51
	49	51
	50	51
	52	53
	53	54
	54	54
	55	54
	57	56
	58	57
	59	57
	60	57
	62	59
	63	60
	64	60
	65	60
	68	62
	73	66
	75	67
	76	68
	77	69
	78	70
	79	71
	80	72
	82	74
	83	75
	84	76
	85	77
	87	79
	88	80
	92	84
	93	85
	95	86
	96	87
	97	88
	98	89
	99	90
	102	93
net/minecraft/client/model/object/skull/PiglinHeadModel	38	36
	32	31
	33	32
	35	33
	36	34
	37	35
	38	36
	16	17
	17	18
	18	19
	19	20
	20	21
	23	24
	24	25
	26	26
	31	30
net/minecraft/client/model/animal/turtle/package-info	0	0
net/minecraft/client/renderer/blockentity/BlockEntityRenderers	58	64
	13	16
	16	37
	17	38
	18	39
	19	40
	20	41
	21	42
	22	43
	23	44
	24	45
	25	46
	26	47
	27	48
	28	49
	29	50
	30	51
	31	52
	32	53
	33	54
	34	55
	35	56
	36	57
	37	58
	38	59
	39	60
	40	61
	41	62
	42	63
	43	64
	46	21
	47	22
	50	25
	51	26
	53	28
	54	29
	55	30
	57	32
	58	33
net/minecraft/client/renderer/item/properties/numeric/CompassAngle	29	31
	16	18
	19	21
	20	22
	24	26
	10	13
	29	31
	15	17
net/minecraft/client/ScrollWheelHandler	45	47
	35	35
	36	36
	37	37
	39	39
	40	40
	42	43
	43	44
	13	13
	45	47
	14	14
	16	17
	17	18
	19	21
	20	22
	22	23
	23	24
	24	25
	25	26
	28	29
	29	30
	31	31
net/minecraft/client/model/player/PlayerEarsModel	33	26
	33	26
	14	16
	15	17
	18	20
	20	21
	21	22
	23	23
	24	23
	25	23
	26	24
	27	24
	29	25
	30	25
net/minecraft/client/particle/DustPlumeParticle	35	40
	35	40
	12	15
	13	16
	14	17
	15	18
	16	19
	17	20
	21	24
	22	25
	23	26
	24	27
	30	34
	31	35
net/minecraft/client/renderer/blockentity/BlockEntityRendererProvider	30	36
	30	36
net/minecraft/client/gui/screens/reporting/ReportReasonSelectionScreen	194	193
	128	122
	132	126
	137	131
	138	132
	142	138
	143	145
	144	146
	145	147
	148	150
	151	153
	152	153
	153	153
	26	27
	154	153
	27	28
	28	29
	159	158
	164	162
	165	163
	166	164
	172	171
	173	172
	46	41
	47	42
	48	43
	49	44
	177	176
	50	45
	178	177
	51	46
	179	178
	180	179
	55	50
	56	51
	184	183
	57	52
	58	54
	59	56
	60	57
	189	188
	62	58
	190	189
	63	59
	64	60
	65	61
	66	62
	194	193
	67	63
	69	66
	70	67
	72	69
	73	71
	74	72
	78	76
	79	77
	80	78
	82	80
	86	84
	88	85
	89	86
	90	87
	92	88
	93	89
	94	90
	95	91
	96	92
	97	93
	99	94
	100	95
	102	96
	103	97
	105	99
	108	102
	112	106
	116	110
	120	114
	124	118
net/minecraft/client/renderer/entity/layers/CatCollarLayer	34	34
	32	31
	33	32
	34	34
	20	22
	21	23
	22	24
	23	25
	27	28
	28	29
	29	34
	14	17
	31	30
net/minecraft/client/multiplayer/LevelLoadTracker	146	134
	64	62
	68	65
	69	66
	133	114
	70	67
	74	70
	138	118
	75	71
	139	119
	140	120
	142	122
	79	74
	143	123
	80	75
	144	125
	146	124
	20	23
	84	78
	21	24
	85	79
	87	81
	90	84
	94	88
	34	33
	98	92
	35	34
	38	37
	39	38
	103	102
	42	41
	43	42
	107	106
	46	45
	47	46
	50	49
	51	50
	53	52
	56	55
	120	134
	57	55
	61	59
	62	60
net/minecraft/client/renderer/entity/layers/DolphinCarryingItemLayer	39	36
	33	30
	36	33
	38	34
	39	36
	15	17
	16	18
	20	21
	21	22
	22	36
	25	23
	27	24
	28	25
	29	26
	30	27
	31	28
net/minecraft/client/data/models/MultiVariant	28	30
	16	18
	18	20
	21	23
	25	27
	26	28
	27	29
	28	30
	15	17
net/minecraft/client/model/geom/PartPose	44	35
	17	11
	33	27
	21	15
	37	31
	38	31
	40	31
	25	19
	44	35
	29	23
	14	8
net/minecraft/client/telemetry/WorldSessionTelemetryManager	79	77
	65	63
	66	64
	67	65
	68	66
	71	69
	72	70
	73	71
	74	72
	75	73
	76	74
	77	75
	79	77
	27	27
	28	28
	29	29
	31	30
	32	31
	33	32
	34	33
	35	34
	38	37
	39	38
	42	41
	43	42
	44	43
	45	44
	48	47
	49	48
	50	49
	53	52
	54	53
	57	56
	58	57
	59	58
	61	60
net/minecraft/client/gui/screens/AlertScreen	63	60
	32	32
	33	33
	37	37
	42	42
	44	43
	46	44
	47	45
	48	46
	50	47
	51	48
	55	52
	24	24
	56	53
	25	25
	57	54
	58	55
	59	56
	28	28
	29	29
	30	30
	31	31
	63	60
net/minecraft/client/renderer/entity/HumanoidMobRenderer	98	98
	25	28
	26	29
	29	32
	30	33
	33	36
	35	37
	36	38
	37	39
	38	40
	41	43
	42	44
	43	45
	44	46
	46	48
	47	48
	49	48
	54	53
	55	54
	56	55
	57	56
	58	57
	61	60
	63	61
	64	62
	65	63
	66	64
	67	65
	68	66
	69	67
	70	68
	71	69
	73	72
	74	73
	76	76
	77	77
	78	78
	79	79
	80	80
	81	81
	82	82
	83	83
	84	84
	85	85
	86	86
	87	87
	88	88
	89	89
	92	92
	93	93
	97	97
	98	98
net/minecraft/client/gui/layouts/SpacerElement	65	66
	65	66
	34	36
	35	37
	39	41
	40	42
	44	46
	14	16
	15	17
	49	51
	18	20
	19	21
	20	22
	21	23
	22	24
	54	56
	25	27
	59	61
	29	31
net/minecraft/client/renderer/item/properties/numeric/RangeSelectItemModelProperty	0	0
com/mojang/blaze3d/platform/TextureUtil	226	219
	29	29
	35	32
	39	35
	40	36
	41	37
	43	38
	48	42
	50	45
	51	46
	52	47
	55	51
	56	52
	57	53
	58	54
	59	55
	64	60
	65	61
	66	63
	67	64
	69	67
	70	68
	72	71
	73	72
	74	73
	75	74
	76	75
	77	77
	78	78
	79	79
	80	81
	81	82
	82	83
	83	84
	84	85
	87	89
	88	90
	89	91
	90	92
	91	93
	93	96
	96	100
	97	101
	99	102
	100	103
	101	105
	102	106
	103	107
	104	108
	106	110
	107	111
	109	113
	113	116
	117	120
	121	124
	122	125
	125	126
	126	127
	127	128
	130	129
	133	131
	134	132
	135	133
	136	134
	137	135
	138	136
	139	137
	140	138
	146	143
	147	144
	148	145
	149	146
	150	148
	151	149
	152	150
	153	151
	154	152
	155	152
	156	153
	157	154
	158	155
	165	160
	166	161
	167	162
	168	163
	170	164
	172	166
	176	170
	179	173
	180	174
	182	175
	183	176
	185	178
	186	179
	187	180
	188	181
	189	182
	190	183
	191	184
	192	185
	193	186
	194	187
	195	188
	196	189
	202	195
	203	196
	204	197
	205	198
	207	200
	208	201
	209	202
	210	203
	211	204
	215	208
	218	211
	222	215
	226	219
net/minecraft/client/model/geom/builders/package-info	0	0
net/minecraft/client/renderer/culling/Frustum	129	128
	129	128
	19	22
	20	23
	23	26
	24	27
	25	28
	26	29
	27	30
	28	31
	29	32
	32	35
	33	36
	34	37
	35	38
	39	42
	40	43
	41	44
	42	45
	43	46
	44	48
	45	49
	53	56
	54	57
	55	54
	57	60
	61	64
	62	65
	63	66
	64	67
	67	70
	69	71
	70	72
	71	73
	74	76
	75	77
	79	81
	83	85
	84	86
	85	87
	86	88
	87	89
	88	90
	89	91
	93	95
	97	99
	100	100
	101	101
	102	102
	103	103
	106	104
	107	105
	108	106
	109	107
	111	109
	112	111
	113	112
	114	113
	117	116
	121	120
	125	124
net/minecraft/client/gui/screens/worldselection/WorldCreationContextMapper	0	0
com/mojang/blaze3d/opengl/GlConst	392	312
	256	183
	257	184
	258	185
	259	186
	260	187
	261	188
	262	189
	263	190
	264	191
	265	192
	266	193
	267	194
	268	195
	269	196
	270	197
	271	198
	276	203
	277	204
	278	205
	279	206
	280	207
	281	208
	282	209
	283	210
	284	211
	289	216
	290	217
	291	218
	296	223
	297	224
	298	225
	299	226
	300	227
	305	232
	306	233
	307	234
	312	239
	313	240
	314	241
	315	242
	316	243
	317	244
	318	245
	319	246
	324	251
	325	252
	326	253
	327	254
	328	255
	333	260
	334	261
	335	262
	336	263
	337	264
	342	269
	343	270
	344	271
	345	272
	346	273
	351	278
	352	279
	353	280
	358	285
	359	286
	360	287
	362	290
	363	291
	365	294
	367	295
	369	298
	370	299
	372	302
	378	306
	379	307
	380	308
	381	308
	383	308
	385	309
	386	310
	387	310
	389	310
	392	312
	166	110
	220	147
	221	148
	222	149
	223	150
	224	151
	225	152
	230	157
	231	158
	232	159
	237	164
	238	165
	239	166
	240	167
	241	168
	242	169
	243	170
	244	171
	245	172
	246	173
	247	174
	248	175
	249	176
	250	177
	251	178
net/minecraft/client/color/item/TeamColor	37	39
	32	34
	17	19
	18	19
	19	19
	37	39
	23	24
	24	25
	25	26
	26	27
	27	28
	28	29
net/minecraft/client/renderer/entity/GhastRenderer	34	31
	32	29
	33	30
	34	31
	19	21
	20	21
	22	21
	10	13
	11	14
	27	25
	14	17
	15	18
net/minecraft/client/model/object/projectile/package-info	0	0
net/minecraft/client/data/models/BlockModelGenerators	4490	4377
	4097	3681
	4099	3682
	4100	3683
	4101	3684
	4102	3685
	4103	3686
	4104	3687
	4105	3688
	4106	3689
	4107	3690
	4108	3691
	4109	3692
	4110	3693
	4111	3694
	4112	3695
	4113	3696
	4114	3697
	4115	3698
	4117	3699
	4119	3700
	4120	3701
	4122	3702
	4123	3703
	4125	3704
	4126	3705
	4128	3706
	4129	3707
	4130	3708
	4131	3709
	4132	3710
	4133	3711
	4134	3712
	4135	3713
	4136	3714
	4137	3715
	4138	3716
	4139	3717
	4140	3718
	4141	3719
	4142	3720
	4143	3721
	4144	3722
	4145	3723
	4147	3724
	4166	3743
	4167	3744
	4168	3745
	4169	3746
	4170	3747
	4171	3748
	4172	3749
	4173	3750
	4174	3751
	4175	3752
	4176	3753
	4177	3754
	4178	3755
	4179	3756
	4180	3757
	4181	3758
	4182	3759
	4184	3760
	4185	3761
	4186	3762
	4187	3763
	4188	3764
	4189	3765
	4190	3766
	4191	3767
	4192	3768
	4193	3769
	4194	3770
	4195	3771
	4196	3772
	4197	3773
	4198	3774
	4199	3775
	4200	3776
	4201	3777
	4203	3778
	4222	3797
	4223	3798
	128	120
	4224	3799
	4225	3800
	130	121
	4226	3801
	4227	3802
	132	122
	4228	3803
	4229	3804
	134	123
	4230	3805
	135	124
	4231	3806
	136	125
	4232	3807
	4233	3808
	138	126
	4234	3809
	139	127
	4235	3810
	140	128
	4236	3811
	4237	3812
	142	129
	143	130
	4239	3813
	144	133
	4240	3814
	145	136
	4242	3815
	147	139
	4243	3816
	148	142
	4244	3817
	149	145
	4245	3818
	150	148
	4246	3819
	4247	3820
	4248	3821
	4249	3822
	4250	3823
	4251	3824
	4252	3825
	157	152
	4253	3826
	4254	3827
	4255	3828
	4256	3829
	4257	3830
	4258	3831
	163	159
	4259	3832
	164	160
	4260	3833
	165	161
	4261	3834
	166	162
	4262	3835
	167	163
	168	164
	4264	3836
	169	165
	4266	3837
	171	166
	4267	3838
	172	167
	4268	3839
	173	168
	174	169
	4270	3840
	175	170
	4271	3841
	176	171
	4272	3842
	177	172
	4273	3843
	4274	3844
	179	173
	4275	3845
	180	174
	4276	3846
	181	175
	4277	3847
	182	176
	4278	3848
	183	177
	4279	3849
	4280	3850
	185	178
	4281	3851
	186	179
	4282	3852
	187	180
	4283	3853
	188	181
	4284	3854
	189	182
	4285	3855
	4286	3858
	191	183
	4287	3859
	192	184
	4288	3860
	193	185
	4289	3861
	194	186
	4290	3862
	195	187
	4291	3863
	4292	3864
	4293	3865
	198	259
	4295	3866
	4296	3867
	4297	3868
	202	263
	4299	3869
	4300	3879
	4301	3889
	206	267
	4302	3899
	4303	3909
	4305	3919
	210	271
	4306	3920
	4308	3921
	4309	3922
	214	275
	4310	3923
	4311	3924
	4313	3925
	4314	3926
	219	280
	4315	3927
	4316	3928
	4317	3929
	223	284
	4319	3930
	4320	3931
	4321	3932
	4322	3933
	227	288
	4323	3934
	4325	3935
	4326	3936
	231	292
	4327	3937
	4328	3938
	4329	3939
	235	298
	4331	3940
	236	299
	4332	3941
	4333	3942
	4334	3943
	4335	3944
	240	305
	241	306
	4337	3945
	4338	3946
	4339	3947
	4340	3948
	245	312
	4341	3949
	246	313
	247	313
	4343	3950
	4344	3951
	4345	3952
	250	188
	4346	3953
	251	189
	4347	3954
	252	190
	253	191
	4349	3955
	254	192
	4350	3956
	255	197
	4351	3957
	256	203
	4352	3958
	257	205
	4353	3959
	258	206
	259	207
	4355	3960
	260	208
	4356	3961
	261	213
	4357	3962
	262	215
	4358	3963
	263	216
	4359	3964
	264	217
	265	218
	4361	3965
	266	219
	4362	3966
	267	220
	4363	3967
	268	221
	4364	3968
	269	222
	4365	3969
	270	223
	271	224
	4367	3970
	272	225
	4368	3971
	4369	3972
	4370	3973
	275	319
	4371	3974
	276	320
	277	321
	4373	3975
	278	322
	4374	3976
	4375	3977
	281	325
	4377	3978
	282	326
	4378	3979
	4380	3980
	285	329
	4381	3981
	286	330
	4383	3982
	289	333
	4385	3983
	290	334
	4386	3984
	4387	3985
	4388	3986
	293	337
	4390	3987
	4392	3988
	297	341
	4393	3989
	4394	3990
	4396	3991
	301	345
	4397	3992
	4398	3993
	4400	3994
	305	350
	4401	3995
	306	351
	307	352
	4403	3996
	4404	3997
	4405	3998
	311	356
	4407	3999
	312	357
	4409	4000
	4410	4001
	315	360
	316	361
	4412	4002
	317	362
	4413	4003
	4414	4004
	319	364
	4415	4005
	4416	4006
	4417	4007
	322	367
	4418	4008
	323	368
	4419	4009
	324	369
	326	371
	4422	4012
	4424	4013
	329	374
	330	375
	4426	4014
	331	376
	4427	4016
	332	377
	4428	4017
	4429	4018
	334	379
	4430	4019
	4431	4021
	4432	4023
	337	382
	339	382
	4435	4026
	340	382
	341	382
	4441	4027
	346	388
	4442	4027
	4443	4027
	349	388
	4445	4028
	350	388
	4448	4031
	4449	4032
	4450	4033
	355	392
	4451	4034
	356	392
	357	392
	4454	4037
	4456	4038
	361	396
	4457	4039
	362	397
	363	398
	4459	4040
	364	398
	4460	4041
	4461	4042
	366	399
	4462	4043
	4464	4044
	369	402
	4465	4045
	370	403
	4466	4046
	371	403
	4467	4047
	373	404
	4469	4049
	4470	4050
	4471	4051
	376	407
	4472	4052
	377	407
	4473	4053
	378	407
	4474	4054
	379	407
	4475	4055
	380	407
	4476	4056
	381	408
	4477	4057
	382	409
	4478	4058
	383	410
	4479	4059
	384	411
	4480	4060
	4484	4063
	389	413
	4485	4065
	390	414
	4486	4068
	4487	4068
	4488	4068
	393	417
	394	418
	4490	4069
	395	418
	396	418
	397	418
	399	419
	400	420
	401	421
	402	422
	403	423
	404	424
	406	425
	407	426
	408	427
	409	428
	411	429
	412	430
	413	431
	414	432
	419	447
	420	448
	421	449
	423	452
	424	453
	425	454
	426	455
	428	456
	429	457
	430	458
	431	459
	433	460
	434	461
	435	462
	436	463
	438	464
	439	465
	440	466
	441	467
	444	468
	445	469
	446	470
	447	471
	449	472
	450	473
	451	474
	452	475
	454	476
	455	477
	456	478
	457	479
	459	480
	460	481
	461	482
	462	483
	467	490
	468	491
	469	492
	470	493
	471	494
	472	495
	476	499
	477	500
	478	501
	479	502
	480	503
	481	504
	485	508
	486	509
	488	510
	489	511
	490	512
	491	513
	493	514
	494	515
	495	516
	496	517
	500	523
	501	524
	502	525
	503	526
	504	527
	505	528
	506	529
	508	531
	509	532
	513	536
	514	537
	515	538
	516	539
	517	540
	518	541
	519	542
	520	543
	521	544
	522	545
	523	546
	524	547
	525	548
	526	549
	527	550
	528	551
	529	552
	530	553
	531	554
	532	555
	533	556
	534	557
	535	558
	536	559
	537	560
	538	561
	539	562
	540	563
	541	564
	542	565
	543	566
	544	567
	545	568
	546	569
	547	570
	548	571
	549	572
	550	573
	551	574
	552	575
	553	576
	554	577
	555	578
	560	585
	561	586
	562	587
	563	588
	564	589
	565	590
	566	591
	567	592
	568	593
	569	594
	570	595
	571	596
	572	597
	573	598
	574	599
	575	600
	576	601
	577	602
	578	603
	583	608
	584	609
	585	610
	586	611
	587	612
	588	613
	589	614
	590	615
	591	616
	592	617
	593	618
	594	619
	595	620
	596	621
	597	622
	598	623
	599	624
	600	625
	601	626
	606	631
	610	635
	611	635
	612	635
	613	635
	617	641
	618	642
	619	643
	621	644
	622	645
	623	645
	624	645
	625	645
	626	645
	631	649
	635	653
	636	653
	638	654
	641	657
	642	658
	643	658
	645	659
	648	662
	649	663
	650	663
	651	663
	653	664
	656	667
	657	668
	658	669
	659	670
	660	671
	661	672
	666	677
	667	678
	668	679
	669	679
	671	680
	674	683
	675	684
	676	685
	677	686
	678	687
	679	688
	680	690
	681	691
	682	692
	683	693
	684	694
	685	695
	686	696
	687	697
	688	698
	689	699
	690	700
	691	701
	692	702
	695	705
	698	711
	699	709
	700	710
	701	712
	705	716
	709	720
	710	720
	714	724
	715	725
	716	726
	717	727
	718	728
	719	729
	724	734
	725	735
	728	738
	729	738
	731	739
	734	742
	735	743
	736	743
	738	744
	739	745
	742	748
	744	749
	745	750
	746	751
	749	754
	750	755
	751	756
	753	226
	754	227
	755	228
	756	229
	757	230
	758	231
	759	232
	760	233
	761	234
	762	235
	763	236
	764	237
	765	238
	766	239
	767	240
	768	241
	779	4080
	780	4081
	783	4084
	784	4085
	785	4086
	787	4091
	789	4094
	793	4098
	794	4099
	795	4100
	796	4101
	797	4102
	801	4106
	802	4108
	803	4110
	805	4111
	806	4112
	807	4113
	811	4117
	812	4119
	813	4122
	814	4124
	816	4125
	817	4126
	818	4127
	822	4131
	824	4133
	825	4136
	826	4139
	827	4142
	828	4145
	829	4147
	831	4149
	832	4150
	833	4151
	837	4155
	838	4156
	839	4157
	841	4158
	842	4159
	843	4160
	847	4164
	849	4166
	850	4169
	851	4172
	852	4175
	853	4177
	854	4179
	858	4184
	859	4187
	860	4190
	861	4193
	862	4195
	863	4197
	867	4202
	868	4205
	869	4207
	870	4208
	874	4212
	875	4213
	877	4216
	878	4218
	879	4220
	880	4221
	881	4222
	882	4223
	886	4227
	887	4228
	889	4231
	890	4232
	892	4233
	893	4235
	894	4236
	898	4240
	899	4241
	900	4242
	902	4243
	903	4245
	904	4246
	908	4250
	909	4251
	910	4252
	911	4253
	915	4257
	916	4258
	920	4262
	921	4263
	923	4265
	925	4267
	928	4270
	932	4274
	933	4275
	934	4276
	935	4282
	937	4277
	938	4278
	939	4279
	941	4282
	942	4283
	947	759
	948	760
	952	764
	953	765
	954	766
	955	767
	956	768
	959	771
	960	772
	961	773
	962	774
	963	775
	964	776
	965	777
	966	778
	967	779
	969	780
	970	781
	971	783
	974	786
	975	787
	976	788
	977	789
	978	790
	979	791
	980	792
	981	793
	983	794
	984	795
	985	797
	988	800
	989	801
	990	802
	991	803
	993	804
	994	805
	995	806
	998	809
	999	810
	1000	811
	1001	812
	1003	813
	1004	814
	1005	815
	1008	818
	1009	819
	1010	820
	1012	821
	1013	822
	1014	823
	1017	826
	1018	827
	1019	828
	1021	830
	1022	831
	1023	832
	1024	833
	1025	834
	1026	835
	1027	836
	1028	837
	1030	839
	1032	841
	1038	4344
	1039	4345
	1042	4348
	1043	4349
	1044	4350
	1045	4351
	1046	4352
	1050	4356
	1051	4357
	1052	4358
	1053	4359
	1057	4363
	1058	4365
	1059	4367
	1060	4369
	1061	4370
	1065	4374
	1066	4376
	1067	4377
	1072	844
	1076	848
	1077	849
	1080	852
	1081	853
	1084	4301
	1085	4302
	1086	4303
	1094	4310
	1095	4311
	1096	4312
	1097	4313
	1100	4316
	1104	4320
	1108	4324
	1109	4325
	1110	4326
	1112	4327
	1117	4331
	1121	4335
	1126	856
	1127	857
	1128	858
	1131	861
	1132	862
	1133	863
	1136	866
	1137	867
	1138	868
	1141	871
	1142	872
	1143	873
	1146	876
	1147	877
	1150	880
	1151	881
	1152	881
	1153	881
	1154	881
	1155	882
	1156	883
	1157	884
	1161	886
	1164	889
	1165	890
	1166	891
	1169	894
	1171	895
	1172	896
	1173	897
	1174	898
	1177	901
	1179	902
	1180	903
	1182	904
	1183	905
	1185	906
	1186	907
	1189	910
	1190	911
	1191	912
	1193	913
	1194	915
	1195	916
	1196	917
	1197	919
	1198	920
	1199	921
	1200	922
	1203	926
	1204	927
	1205	928
	1206	929
	1207	930
	1210	933
	1213	936
	1214	937
	1215	938
	1216	939
	1217	940
	1218	941
	1221	944
	1223	945
	1225	947
	1226	948
	1227	949
	1228	949
	1229	950
	1230	951
	1232	952
	1236	957
	1239	960
	1240	961
	1242	962
	1243	963
	1245	964
	1246	965
	1247	966
	1250	969
	1251	970
	1252	971
	1253	972
	1256	975
	1257	976
	1258	977
	1261	980
	1262	981
	1263	982
	1264	983
	1267	986
	1268	987
	1269	989
	1270	991
	1271	992
	1274	995
	1275	997
	1276	999
	1277	1000
	1280	1003
	1281	1004
	1282	1006
	1283	1007
	1284	1008
	1285	1009
	1286	1009
	1287	1009
	1289	1011
	1291	1013
	1294	1017
	1295	1018
	1296	1019
	1297	1020
	1298	1020
	1299	1020
	1302	1023
	1305	1026
	1306	1027
	1308	1028
	1309	1029
	1310	1030
	1311	1031
	1313	1032
	1314	1034
	1315	1035
	1316	1036
	1317	1037
	1318	1038
	1319	1039
	1321	1040
	1322	1041
	1323	1042
	1324	1043
	1326	1044
	1327	1045
	1328	1046
	1329	1047
	1332	1050
	1335	1053
	1336	1054
	1337	1055
	1339	1056
	1340	1057
	1341	1058
	1343	1059
	1344	1061
	1345	1062
	1346	1063
	1347	1063
	1348	1064
	1349	1065
	1350	1066
	1351	1067
	1352	1068
	1353	1069
	1354	1070
	1355	1071
	1359	1075
	1362	1078
	1363	1079
	1364	1080
	1367	1083
	1368	1084
	1369	1085
	1373	1088
	1378	1092
	1379	1093
	1382	1096
	1383	1097
	1386	1100
	1389	1101
	1390	1102
	1391	1103
	1394	1106
	1395	1107
	1396	1108
	1397	1109
	1398	1110
	1399	1111
	1400	1122
	1403	1125
	1404	1126
	1405	1127
	1406	1128
	1407	1129
	1408	1130
	1409	1141
	1416	1155
	1417	1156
	1418	1157
	1419	1157
	1420	1157
	1423	1158
	1424	1158
	1425	1158
	1426	1158
	1428	1159
	1429	1159
	1430	1159
	1431	1159
	1433	1160
	1434	1160
	1435	1160
	1436	1160
	1438	1161
	1439	1161
	1440	1161
	1443	1162
	1444	1162
	1445	1162
	1446	1162
	1448	1163
	1449	1163
	1450	1163
	1451	1163
	1453	1164
	1454	1164
	1455	1164
	1456	1164
	1458	1165
	1459	1165
	1460	1165
	1463	1166
	1464	1166
	1465	1166
	1466	1166
	1468	1167
	1469	1167
	1470	1167
	1471	1167
	1473	1168
	1474	1168
	1475	1168
	1476	1168
	1478	1169
	1479	1169
	1480	1169
	1483	1170
	1484	1170
	1485	1170
	1486	1170
	1488	1171
	1489	1171
	1490	1171
	1491	1171
	1493	1172
	1494	1172
	1495	1172
	1496	1172
	1499	1174
	1502	1177
	1503	1178
	1504	1179
	1505	1179
	1508	1181
	1511	1184
	1512	1185
	1513	1186
	1514	1186
	1515	1186
	1518	1188
	1521	1191
	1523	1192
	1524	1193
	1525	1194
	1526	1195
	1527	1196
	1528	1197
	1530	1198
	1531	1199
	1533	1201
	1534	1202
	1535	1203
	1536	1204
	1537	1205
	1538	1206
	1539	1207
	1541	1208
	1542	1209
	1543	1210
	1544	1211
	1546	1213
	1549	1216
	1551	1217
	1552	1219
	1554	1222
	1555	1223
	1556	1223
	1557	1223
	1559	1225
	1562	1228
	1563	1229
	1564	1229
	1565	1229
	1567	1230
	1570	1233
	1571	1235
	1572	1237
	1573	1238
	1577	1245
	1578	1246
	1579	1247
	1580	1248
	1581	1250
	1582	1254
	1584	1258
	1587	1261
	1589	1262
	1590	1266
	1591	1270
	1592	1271
	1593	1272
	1594	1272
	1595	1272
	1596	1272
	1598	1273
	1600	1275
	1603	1280
	1604	1280
	1605	1281
	1606	1282
	1611	1287
	1612	1288
	1614	1289
	1615	1290
	1617	1294
	1619	1294
	1620	1294
	1621	1294
	1625	1297
	1626	1298
	1627	1299
	1628	1300
	1630	1302
	1633	1305
	1635	1306
	1636	1307
	1639	1310
	1640	1311
	1641	1311
	1642	1311
	1643	1311
	1644	1311
	1645	1312
	1646	1313
	1650	1315
	1653	1318
	1654	1319
	1655	1320
	1656	1321
	1658	1322
	1659	1324
	1660	1325
	1661	1326
	1662	1327
	1663	1328
	1664	1329
	1665	1330
	1666	1331
	1668	1332
	1669	1333
	1670	1334
	1671	1335
	1673	1336
	1674	1337
	1675	1338
	1676	1339
	1678	1340
	1679	1341
	1680	1342
	1681	1343
	1684	1346
	1687	1350
	1688	1351
	1689	1352
	1690	1353
	1691	1354
	1692	1355
	1693	1356
	1694	1357
	1696	1358
	1697	1359
	1698	1360
	1699	1361
	1701	1362
	1702	1363
	1703	1364
	1704	1365
	1707	1368
	1710	1371
	1712	1372
	1713	1374
	1715	1377
	1716	1378
	1717	1379
	1718	1380
	1720	1382
	1723	1385
	1725	1387
	1726	1388
	1728	1389
	1729	1391
	1730	1392
	1731	1393
	1732	1394
	1735	1397
	1738	1400
	1739	1401
	1740	1402
	1744	1406
	1745	1407
	1747	1409
	1749	1412
	1750	1413
	1753	1416
	1754	1417
	1755	1418
	1756	1419
	1759	1422
	1760	1424
	1761	1425
	1762	1426
	1763	1427
	1764	1428
	1765	1429
	1766	1430
	1767	1431
	1768	1432
	1769	1433
	1770	1434
	1771	1435
	1772	1436
	1773	1437
	1774	1438
	1775	1439
	1776	1440
	1777	1441
	1778	1442
	1779	1443
	1780	1444
	1782	1446
	1784	1448
	1785	1449
	1786	1449
	1787	1450
	1789	1452
	1790	1453
	1791	1453
	1792	1454
	1794	1456
	1795	1457
	1796	1457
	1797	1458
	1799	1460
	1800	1461
	1801	1461
	1802	1462
	1804	1464
	1805	1465
	1806	1465
	1808	1467
	1809	1468
	1810	1469
	1812	1471
	1813	1472
	1814	1473
	1816	1475
	1817	1476
	1818	1477
	1821	1480
	1824	1483
	1825	1485
	1826	1486
	1827	1487
	1828	1488
	1829	1489
	1830	1490
	1831	1491
	1832	1492
	1834	1494
	1836	1496
	1839	1499
	1840	1500
	1841	1500
	1842	1500
	1844	1501
	1845	1502
	1846	1504
	1847	1506
	1848	1507
	1849	1509
	1852	1512
	1853	1514
	1854	1515
	1855	1516
	1856	1517
	1857	1518
	1858	1519
	1860	1520
	1861	1521
	1862	1522
	1864	1524
	1867	1527
	1868	1528
	1870	1530
	1871	1531
	1872	1532
	1873	1533
	1874	1534
	1875	1535
	1876	1536
	1877	1537
	1879	1538
	1880	1539
	1881	1540
	1882	1541
	1883	1542
	1884	1543
	1887	1545
	1888	1546
	1891	1549
	1892	1551
	1893	1552
	1894	1553
	1895	1554
	1896	1555
	1897	1556
	1898	1557
	1899	1558
	1900	1559
	1901	1560
	1902	1561
	1905	1564
	1908	1568
	1909	1568
	1910	1569
	1911	1570
	1912	1571
	1913	1572
	1914	1573
	1915	1574
	1917	1575
	1918	1577
	1921	1581
	1922	1581
	1923	1582
	1924	1583
	1925	1584
	1926	1585
	1927	1586
	1928	1587
	1930	1588
	1931	1590
	1934	1593
	1935	1594
	1936	1595
	1939	1599
	1940	1599
	1941	1600
	1942	1601
	1943	1602
	1944	1603
	1945	1604
	1946	1605
	1948	1606
	1949	1607
	1952	1610
	1954	1611
	1956	1612
	1957	1613
	1958	1614
	1961	1618
	1962	1620
	1963	1620
	1964	1620
	1966	1621
	1969	1624
	1970	1625
	1972	1626
	1974	1637
	1975	1638
	1976	1639
	1977	1640
	1978	1642
	1979	1649
	1980	1656
	1984	1665
	1985	1666
	1986	1667
	1987	1668
	1988	1670
	1989	1679
	1990	1688
	1993	1696
	1996	1699
	1997	1700
	1998	1703
	2000	1707
	2001	1707
	2002	1707
	2004	1708
	2007	1711
	2008	1712
	2009	1713
	2010	1714
	2012	1716
	2013	1717
	2014	1718
	2015	1719
	2016	1720
	2017	1721
	2018	1722
	2019	1723
	2021	1725
	2022	1725
	2023	1725
	2026	1727
	2029	1731
	2030	1731
	2031	1732
	2032	1733
	2034	1735
	2035	1735
	2036	1736
	2038	1737
	2039	1738
	2041	1740
	2042	1741
	2043	1742
	2044	1743
	2045	1744
	2046	1745
	2048	1746
	2049	1747
	2050	1748
	2051	1749
	2055	1752
	2058	1755
	2059	1756
	2061	1758
	2062	1759
	2063	1760
	2064	1760
	2065	1760
	2066	1760
	2068	1761
	2072	1763
	2075	1766
	2076	1767
	2077	1768
	2078	1769
	2079	1770
	2081	1771
	2082	1772
	2083	1773
	2084	1774
	2086	1776
	2087	1777
	2088	1778
	2089	1779
	2090	1780
	2091	1781
	2092	1782
	2093	1783
	2095	1784
	2096	1787
	2104	1790
	2105	1793
	2106	1795
	2107	1796
	2108	1797
	2109	1798
	2113	1803
	2114	1806
	2115	1808
	2116	1809
	2117	1810
	2118	1811
	2122	1816
	2123	1819
	2124	1821
	2125	1822
	2126	1823
	2127	1824
	2131	1829
	2132	1832
	2133	1834
	2134	1835
	2135	1836
	2136	1837
	2140	1842
	2141	1845
	2142	1847
	2143	1848
	2144	1849
	2145	1850
	2149	1856
	2152	1860
	2153	1861
	2154	1862
	2155	1863
	2156	1864
	2157	1865
	2158	1866
	2159	1867
	2160	1868
	2161	1869
	2162	1870
	2164	1872
	2167	1875
	2168	1876
	2169	1877
	2170	1878
	2172	1879
	2173	1880
	2176	1885
	2177	1886
	2178	1886
	2179	1886
	2180	1887
	2181	1888
	2183	1890
	2189	1896
	2190	1897
	2191	1898
	2192	1899
	2194	1900
	2195	1901
	2196	1902
	2199	1905
	2200	1906
	2201	1906
	2202	1906
	2204	1907
	2207	1910
	2208	1911
	2209	1912
	2210	1913
	2211	1914
	2214	1918
	2215	1921
	2216	1922
	2218	1925
	2219	1926
	2221	1929
	2222	1929
	2223	1929
	2225	1930
	2228	1933
	2229	1934
	2230	1935
	2234	1940
	2235	1940
	2236	1941
	2237	1942
	2239	1943
	2240	1944
	2243	1947
	2244	1949
	2245	1952
	2247	1955
	2248	1956
	2249	1957
	2250	1958
	2251	1959
	2252	1961
	2255	1968
	2258	1972
	2259	1972
	2260	1972
	2262	1973
	2265	1976
	2266	1977
	2268	1979
	2269	1980
	2270	1981
	2271	1982
	2273	1985
	2274	1986
	2275	1987
	2276	1988
	2278	1990
	2279	1991
	2282	1995
	2283	1998
	2285	2000
	2286	2002
	2288	2005
	2289	2005
	2290	2005
	2292	2006
	2295	2009
	2296	2010
	2297	2011
	2302	2016
	2303	2017
	2304	2018
	2306	2019
	2307	2020
	2312	2025
	2313	2026
	2314	2027
	2315	2028
	2316	2029
	2321	2034
	2322	2035
	2323	2036
	2324	2037
	2325	2038
	2326	2039
	2327	2040
	2328	2041
	2329	2042
	2331	2044
	2332	2045
	2333	2046
	2337	2047
	2338	2047
	2341	2048
	2342	2048
	2343	2048
	2345	2049
	2346	2049
	2347	2049
	2349	2050
	2350	2050
	2351	2050
	2353	2051
	2354	2051
	2358	2053
	2361	2056
	2362	2057
	2364	2059
	2365	2060
	2366	2061
	2367	2062
	2368	2063
	2369	2064
	2370	2065
	2372	2067
	2375	2070
	2376	2071
	2378	2072
	2379	2074
	2380	2074
	2381	2074
	2383	2075
	2386	2078
	2387	2079
	2389	2080
	2390	2081
	2391	2083
	2392	2084
	2393	2084
	2395	2087
	2396	2088
	2397	2088
	2399	2090
	2402	2093
	2403	2094
	2404	2095
	2405	2096
	2408	2100
	2409	2102
	2410	2103
	2411	2104
	2414	2107
	2416	2108
	2418	2109
	2419	2111
	2420	2112
	2421	2113
	2422	2114
	2423	2115
	2424	2115
	2425	2115
	2426	2115
	2430	2118
	2433	2122
	2434	2123
	2435	2124
	2436	2125
	2437	2126
	2438	2127
	2439	2128
	2440	2129
	2443	2132
	2446	2135
	2447	2137
	2448	2137
	2449	2138
	2450	2139
	2451	2140
	2453	2141
	2455	2142
	2456	2143
	2457	2144
	2459	2149
	2460	2153
	2462	2158
	2463	2162
	2464	2163
	2467	2167
	2468	2168
	2469	2169
	2470	2169
	2471	2169
	2472	2169
	2475	2171
	2478	2174
	2479	2176
	2480	2177
	2481	2178
	2482	2179
	2483	2180
	2484	2181
	2485	2182
	2487	2184
	2489	2186
	2492	2189
	2493	2190
	2494	2190
	2496	2191
	2499	2194
	2500	2195
	2501	2196
	2503	2198
	2504	2198
	2505	2198
	2507	2199
	2510	2202
	2511	2203
	2513	2204
	2514	2206
	2515	2207
	2516	2208
	2517	2209
	2518	2210
	2519	2211
	2520	2212
	2521	2213
	2522	2214
	2526	2217
	2529	2220
	2530	2221
	2531	2222
	2532	2223
	2535	2226
	2536	2227
	2538	2229
	2539	2230
	2540	2231
	2541	2232
	2542	2233
	2543	2234
	2545	2236
	2546	2237
	2549	2240
	2550	2241
	2551	2242
	2552	2243
	2553	2244
	2554	2245
	2555	2246
	2557	2247
	2558	2248
	2560	2249
	2561	2250
	2562	2251
	2565	2256
	2566	2257
	2567	2258
	2568	2259
	2569	2260
	2570	2261
	2572	2263
	2573	2264
	2574	2265
	2575	2266
	2576	2267
	2577	2268
	2578	2269
	2579	2270
	2580	2271
	2583	2274
	2584	2275
	2585	2276
	2586	2277
	2587	2278
	2588	2279
	2591	2282
	2592	2283
	2593	2284
	2594	2285
	2595	2286
	2596	2287
	2597	2288
	2599	2290
	2600	2291
	2601	2292
	2602	2293
	2603	2294
	2604	2295
	2607	2298
	2608	2299
	2609	2300
	2610	2301
	2611	2302
	2612	2303
	2613	2304
	2615	2306
	2616	2307
	2617	2308
	2618	2309
	2620	2311
	2623	2315
	2624	2315
	2625	2315
	2627	2316
	2630	2319
	2631	2320
	2633	2321
	2634	2323
	2635	2324
	2636	2325
	2637	2325
	2639	2326
	2640	2327
	2641	2328
	2642	2329
	2643	2330
	2644	2331
	2646	2332
	2647	2333
	2648	2334
	2649	2335
	2651	2336
	2652	2337
	2653	2338
	2654	2339
	2657	2342
	2660	2345
	2661	2346
	2662	2347
	2663	2348
	2664	2348
	2666	2349
	2669	2352
	2670	2353
	2671	2354
	2674	2358
	2675	2359
	2676	2360
	2677	2361
	2678	2362
	2679	2363
	2682	2366
	2685	2369
	2686	2371
	2687	2372
	2688	2374
	2690	2376
	2691	2377
	2692	2378
	2694	2379
	2695	2380
	2696	2381
	2697	2382
	2699	2383
	2700	2384
	2701	2385
	2702	2386
	2704	2387
	2705	2388
	2706	2389
	2707	2390
	2711	2394
	2714	2397
	2715	2398
	2717	2400
	2718	2401
	2719	2402
	2720	2403
	2722	2405
	2725	2409
	2726	2409
	2727	2410
	2729	2411
	2730	2412
	2732	2413
	2733	2414
	2735	2415
	2737	2416
	2738	2417
	2740	2418
	2741	2420
	2743	2422
	2744	2423
	2745	2424
	2748	2427
	2749	2429
	2750	2430
	2751	2430
	2752	2430
	2754	2432
	2757	2436
	2758	2436
	2759	2437
	2761	2438
	2762	2439
	2764	2441
	2765	2442
	2766	2443
	2767	2444
	2768	2445
	2769	2447
	2770	2450
	2771	2455
	2773	2460
	2777	2462
	2780	2465
	2781	2466
	2782	2467
	2783	2468
	2784	2469
	2785	2470
	2786	2471
	2788	2472
	2789	2473
	2790	2474
	2791	2476
	2792	2479
	2793	2482
	2794	2485
	2796	2487
	2798	2489
	2799	2490
	2800	2491
	2801	2491
	2802	2492
	2803	2493
	2805	2494
	2806	2495
	2810	2500
	2813	2503
	2814	2504
	2815	2505
	2816	2506
	2817	2507
	2819	2508
	2820	2509
	2821	2510
	2822	2511
	2823	2512
	2825	2513
	2826	2514
	2827	2515
	2828	2516
	2830	2517
	2831	2518
	2832	2519
	2833	2520
	2835	2521
	2836	2523
	2837	2523
	2838	2523
	2839	2523
	2840	2524
	2841	2525
	2842	2526
	2843	2527
	2844	2528
	2847	2531
	2849	2532
	2852	2535
	2853	2536
	2854	2537
	2855	2538
	2856	2540
	2857	2541
	2858	2542
	2859	2543
	2860	2545
	2863	2549
	2866	2552
	2867	2553
	2868	2554
	2869	2555
	2870	2557
	2871	2558
	2872	2559
	2873	2560
	2874	2562
	2876	2565
	2878	2567
	2881	2570
	2882	2571
	2883	2573
	2885	2575
	2886	2577
	2887	2577
	2888	2577
	2890	2578
	2893	2581
	2894	2582
	2895	2583
	2896	2584
	2897	2586
	2898	2586
	2899	2586
	2901	2587
	2904	2590
	2905	2591
	2907	2593
	2908	2593
	2909	2593
	2912	2594
	2913	2595
	2915	2597
	2916	2597
	2917	2597
	2919	2598
	2922	2601
	2923	2602
	2925	2604
	2926	2604
	2927	2604
	2929	2605
	2932	2608
	2934	2609
	2936	2611
	2937	2612
	2938	2612
	2940	2614
	2941	2615
	2944	2618
	2945	2619
	2947	2620
	2948	2621
	2950	2623
	2951	2623
	2952	2623
	2955	2624
	2956	2626
	2958	2629
	2959	2630
	2960	2631
	2961	2632
	2963	2634
	2964	2635
	2967	2638
	2968	2640
	2969	2641
	2970	2642
	2971	2643
	2972	2644
	2973	2645
	2974	2646
	2975	2647
	2976	2648
	2978	2651
	2979	2652
	2981	2655
	2984	2658
	2986	2660
	2989	2663
	2991	2665
	2992	2666
	2993	2667
	2994	2668
	2995	2669
	2996	2670
	2997	2671
	2998	2672
	3000	2673
	3001	2674
	3002	2675
	3003	2676
	3007	2679
	3010	2682
	3011	2683
	3013	2685
	3014	2686
	3015	2687
	3016	2688
	3017	2689
	3021	2692
	3022	2693
	3023	2694
	3026	2698
	3027	2699
	3028	2699
	3030	2701
	3033	2704
	3034	2705
	3036	2707
	3037	2708
	3038	2709
	3039	2710
	3040	2713
	3043	2718
	3046	2721
	3047	2723
	3048	2724
	3051	2728
	3052	2729
	3053	2730
	3054	2730
	3055	2730
	3059	2735
	3061	2737
	3062	2738
	3063	2740
	3064	2742
	3065	2744
	3068	2748
	3071	2751
	3072	2753
	3073	2754
	3074	2755
	3075	2756
	3076	2757
	3077	2757
	3081	2760
	3084	2763
	3085	2765
	3086	2766
	3087	2767
	3088	2768
	3090	2771
	3093	2772
	3094	2773
	3095	2774
	3096	2775
	3099	2776
	3100	2777
	3101	2778
	3102	2779
	3103	2780
	3104	2781
	3107	2782
	3108	2783
	3109	2784
	3110	2785
	3113	2786
	3116	2787
	3119	2788
	3120	2789
	3121	2790
	3122	2791
	3125	2792
	3126	2793
	3127	2794
	3128	2795
	3129	2796
	3130	2797
	3133	2798
	3134	2799
	3135	2800
	3136	2801
	3139	2802
	3142	2805
	3145	2808
	3146	2810
	3147	2811
	3148	2812
	3149	2813
	3150	2815
	3152	2818
	3154	2820
	3157	2823
	3159	2825
	3161	2828
	3163	2831
	3165	2834
	3166	2836
	3171	2841
	3172	2842
	3174	2843
	3176	2844
	3177	2845
	3182	2850
	3183	2852
	3184	2853
	3185	2854
	3186	2855
	3187	2856
	3190	2859
	3193	2862
	3194	2863
	3196	2864
	3197	2865
	3198	2865
	3199	2866
	3200	2867
	3201	2868
	3202	2869
	3205	2871
	3206	2872
	3209	2875
	3210	2876
	3211	2877
	3212	2877
	3213	2878
	3215	2880
	3218	2883
	3220	2885
	3221	2885
	3222	2885
	3223	2885
	3224	2886
	3225	2886
	3226	2887
	3227	2888
	3228	2889
	3231	2891
	3232	2892
	3236	2894
	3239	2897
	3240	2898
	3241	2899
	3244	2902
	3245	2903
	3246	2904
	3252	242
	3254	246
	3255	248
	3256	250
	3257	252
	3258	254
	3263	2907
	3264	2908
	3265	2909
	3266	2910
	3267	2911
	3269	2913
	3270	2914
	3274	2918
	3276	2919
	3277	2920
	3279	2921
	3281	2922
	3282	2923
	3283	2924
	3284	2925
	3285	2926
	3287	2927
	3288	2928
	3291	2931
	3293	2932
	3294	2933
	3296	2934
	3297	2938
	3298	2944
	3300	2947
	3301	2948
	3302	2949
	3303	2950
	3304	2951
	3305	2952
	3306	2953
	3307	2954
	3309	2955
	3310	2956
	3313	2959
	3314	2960
	3315	2960
	3316	2960
	3317	2960
	3318	2960
	3319	2961
	3320	2962
	3321	2963
	3325	2965
	3328	2968
	3329	2970
	3330	2970
	3331	2971
	3332	2972
	3334	2974
	3335	2974
	3336	2975
	3337	2976
	3339	2977
	3340	2978
	3341	2979
	3343	2981
	3344	2982
	3345	2983
	3346	2983
	3347	2983
	3350	2985
	3351	2986
	3354	2990
	3355	2992
	3357	2993
	3358	2994
	3360	2995
	3361	2996
	3362	2997
	3363	2998
	3365	2999
	3366	3000
	3367	3001
	3372	3011
	3373	3012
	3374	3013
	3375	3015
	3378	3018
	3379	3018
	3380	3018
	3381	3018
	3382	3018
	3383	3019
	3384	3020
	3385	3021
	3386	3022
	3387	3023
	3388	3024
	3391	3027
	3392	3028
	3393	3029
	3396	3032
	3397	3033
	3398	3034
	3399	3035
	3403	3039
	3404	3040
	3405	3041
	3407	3042
	3408	3043
	3409	3044
	3410	3045
	3411	3046
	3413	3047
	3414	3048
	3415	3049
	3416	3050
	3419	3053
	3420	3054
	3421	3055
	3422	3056
	3423	3057
	3424	3058
	3425	3059
	3426	3061
	3427	3062
	3428	3063
	3429	3064
	3430	3065
	3431	3066
	3432	3067
	3440	3077
	3441	3078
	3442	3079
	3443	3082
	3445	3085
	3448	3086
	3450	3086
	3453	3086
	3455	3088
	3458	3092
	3459	3094
	3460	3095
	3463	3098
	3465	3099
	3466	3100
	3467	3101
	3468	3102
	3469	3103
	3471	3104
	3472	3105
	3475	3108
	3476	3109
	3477	3110
	3480	3113
	3481	3114
	3482	3115
	3483	3116
	3484	3116
	3486	3117
	3487	3118
	3490	3121
	3491	3122
	3492	3123
	3493	3124
	3494	3124
	3496	3125
	3497	3126
	3500	3129
	3501	3130
	3502	3131
	3503	3132
	3504	3133
	3507	3136
	3508	3137
	3509	3138
	3510	3139
	3511	3141
	3512	3143
	3513	3143
	3514	3144
	3515	3145
	3516	3146
	3519	3150
	3520	3151
	3521	3152
	3522	3152
	3523	3152
	3526	3154
	3527	3155
	3530	3158
	3531	3159
	3532	3160
	3533	3161
	3534	3162
	3535	3163
	3536	3164
	3537	3165
	3538	3166
	3539	3167
	3540	3168
	3541	3169
	3542	3170
	3547	3176
	3548	3177
	3549	3178
	3550	3179
	3551	3181
	3552	3181
	3553	3182
	3554	3183
	3556	3184
	3558	3185
	3559	3186
	3561	3187
	3563	3189
	3564	3190
	3565	3191
	3566	3191
	3567	3191
	3570	3193
	3573	3196
	3574	3197
	3575	3198
	3576	3199
	3577	3200
	3578	3201
	3579	3202
	3580	3203
	3583	3206
	3584	3207
	3585	3208
	3586	3209
	3587	3210
	3589	3212
	3591	3214
	3594	3217
	3595	3218
	3596	3219
	3597	3220
	3598	3221
	3599	3222
	3600	3223
	3603	3224
	3604	3225
	3607	3228
	3608	3229
	3609	3230
	3610	3231
	3612	3232
	3613	3233
	3614	3234
	3615	3235
	3616	3236
	3619	3240
	3620	3242
	3621	3243
	3622	3247
	3624	3249
	3625	3250
	3626	3252
	3627	3254
	3628	3256
	3629	3260
	3632	3263
	3633	3264
	3634	3265
	3635	3266
	3636	3267
	3637	3268
	3638	3269
	3641	3272
	3642	3273
	3643	3274
	3644	3275
	3645	3276
	3646	3277
	3647	3278
	3648	3279
	3649	3280
	3650	3281
	3651	3282
	3652	3283
	3653	3284
	3654	3285
	3655	3286
	3656	3287
	3657	3288
	3660	3291
	3662	3292
	3663	3293
	3664	3294
	3666	3295
	3667	3296
	3668	3297
	3673	3299
	3675	3301
	3678	3304
	3679	3305
	3680	3306
	3681	3307
	3684	3310
	3685	3311
	3686	3312
	3687	3313
	3689	3314
	3690	3315
	3691	3316
	3692	3317
	3693	3318
	3696	3321
	3697	3322
	3698	3323
	3700	3324
	3701	3325
	3702	3326
	3705	3329
	3706	3330
	3707	3331
	3708	3332
	3709	3333
	3710	3334
	3711	3335
	3712	3336
	3713	3337
	3714	3338
	3715	3339
	3716	3340
	3717	3341
	3718	3342
	3719	3343
	3720	3344
	3721	3345
	3724	3348
	3725	3349
	3726	3350
	3727	3351
	3730	3354
	3731	3356
	3732	3356
	3735	3357
	3736	3358
	3737	3359
	3738	3360
	3739	3361
	3741	3362
	3742	3363
	3743	3364
	3744	3365
	3745	3366
	3747	3367
	3748	3368
	3749	3369
	3750	3370
	3751	3371
	3753	3372
	3754	3373
	3755	3374
	3756	3375
	3757	3376
	3759	3377
	3760	3378
	3761	3379
	3762	3380
	3763	3381
	3764	3382
	3765	3383
	3766	3384
	3768	3385
	3769	3386
	3770	3387
	3771	3388
	3772	3389
	3773	3390
	3774	3391
	3775	3392
	3776	3393
	3777	3394
	3778	3395
	3779	3396
	3780	3397
	3781	3398
	3782	3399
	3783	3400
	3785	3401
	3787	3402
	3788	3403
	3789	3404
	3790	3405
	3791	3406
	3792	3407
	3793	3408
	3794	3409
	3795	3410
	3796	3411
	3797	3412
	3798	3413
	3799	3414
	3800	3415
	3801	3416
	3802	3417
	3803	3418
	3805	3419
	3806	3420
	3807	3421
	3808	3422
	3809	3423
	3810	3424
	3811	3425
	3812	3426
	3813	3427
	3814	3428
	3815	3429
	3816	3430
	3817	3431
	3818	3432
	3819	3433
	3820	3434
	3821	3435
	3822	3436
	3824	3437
	3825	3438
	3826	3439
	3827	3440
	3828	3441
	3829	3442
	3831	3443
	3832	3444
	3833	3445
	3834	3446
	3835	3447
	3836	3448
	3837	3449
	3838	3450
	3839	3451
	3840	3452
	3841	3453
	3842	3454
	3843	3455
	3844	3456
	3845	3457
	3846	3458
	3847	3459
	3848	3460
	3849	3461
	3850	3462
	3851	3463
	3852	3464
	3853	3465
	3854	3466
	3855	3467
	3856	3468
	3857	3469
	3859	3470
	3860	3471
	3861	3472
	3862	3473
	3863	3474
	3864	3475
	3865	3476
	3866	3477
	3867	3478
	3868	3479
	3869	3480
	3870	3481
	3871	3482
	3872	3483
	3873	3484
	3874	3485
	3875	3486
	3876	3487
	3877	3488
	3878	3489
	3879	3490
	3880	3491
	3881	3492
	3882	3493
	3883	3494
	3884	3495
	3885	3496
	3886	3497
	3887	3498
	3888	3499
	3889	3500
	3890	3501
	3891	3502
	3892	3503
	3893	3504
	3894	3505
	3895	3506
	3896	3507
	3897	3508
	3898	3509
	3899	3510
	3901	3511
	3903	3512
	3904	3513
	3905	3514
	3906	3515
	3907	3516
	3908	3517
	3909	3518
	3910	3519
	3911	3520
	3912	3521
	3913	3522
	3914	3523
	3915	3524
	3916	3525
	3917	3526
	3918	3527
	3919	3528
	3920	3529
	3921	3530
	3922	3531
	3923	3532
	3924	3533
	3925	3534
	3926	3535
	3927	3536
	3928	3537
	3929	3538
	3930	3539
	3931	3540
	3932	3541
	3933	3542
	3934	3543
	3935	3544
	3936	3545
	3937	3546
	3938	3547
	3939	3548
	3940	3549
	3942	3550
	3943	3551
	3945	3552
	3946	3553
	3947	3554
	3948	3555
	3949	3556
	3950	3557
	3951	3558
	3952	3559
	3953	3560
	3954	3561
	3955	3562
	3956	3563
	3958	3564
	3959	3565
	3960	3566
	3961	3567
	3962	3568
	3963	3569
	3964	3570
	3965	3571
	3966	3572
	3967	3573
	3968	3574
	3969	3575
	3970	3576
	3971	3577
	3972	3578
	3973	3579
	3974	3580
	3975	3581
	3976	3582
	3977	3583
	3978	3584
	3979	3585
	3980	3586
	3982	3587
	3983	3588
	3985	3589
	3986	3590
	3987	3591
	3988	3592
	3989	3593
	3990	3594
	3991	3595
	3992	3596
	3993	3597
	3994	3598
	3995	3599
	3996	3600
	3997	3601
	3998	3602
	3999	3603
	4000	3604
	4001	3605
	4002	3606
	4003	3607
	4004	3608
	4005	3609
	4006	3610
	4007	3611
	4008	3612
	4009	3613
	4010	3614
	4011	3615
	4012	3616
	4013	3617
	4014	3618
	4015	3619
	4016	3620
	4017	3621
	4018	3622
	4019	3623
	4020	3624
	4021	3625
	4022	3626
	4024	3627
	4025	3628
	4026	3629
	4028	3630
	4029	3631
	4031	3632
	4032	3633
	4033	3634
	4035	3635
	4036	3636
	4038	3637
	4039	3638
	4041	3639
	4042	3640
	4043	3641
	4045	3642
	4046	3643
	4048	3644
	4050	3645
	4052	3646
	4054	3647
	4055	3648
	4056	3649
	4057	3650
	4058	3651
	4059	3652
	4060	3653
	4061	3654
	4062	3655
	4063	3656
	4064	3657
	4065	3658
	4066	3659
	4067	3660
	4068	3661
	4069	3662
	4070	3663
	4071	3664
	4073	3665
	4075	3666
	4076	3667
	4077	3668
	4080	3669
	4081	3670
	4082	3671
	4083	3672
	4084	3673
	4085	3674
	4086	3675
	4087	3676
	4089	3677
	4091	3678
	4093	3679
	4095	3680
net/minecraft/client/renderer/entity/CamelHuskRenderer	30	35
	16	19
	20	23
	22	27
	23	28
	24	29
	12	15
	30	35
	15	18
net/minecraft/client/renderer/entity/state/ZombieRenderState	0	0
net/minecraft/client/gui/font/glyphs/BakedGlyph	0	0
com/mojang/realmsclient/dto/RegionPingResult	14	12
	14	12
net/minecraft/client/gui/screens/inventory/tooltip/BelowOrAboveWidgetTooltipPositioner	30	30
	17	19
	18	20
	19	21
	22	22
	23	23
	11	14
	27	26
	12	15
	28	27
	30	30
net/minecraft/client/renderer/texture/atlas/SpriteSourceList	78	81
	64	65
	68	69
	69	70
	70	72
	71	73
	72	74
	73	75
	74	76
	75	77
	78	81
	25	29
	27	30
	32	34
	33	35
	36	38
	37	39
	40	42
	41	43
	42	44
	44	46
	48	50
	49	52
	50	53
	51	54
	52	55
	53	56
	56	59
	59	61
	61	62
	62	63
	63	64
net/minecraft/client/resources/model/BlockStateDefinitions	40	43
	16	20
	32	33
	17	21
	19	22
	20	23
	36	37
	37	39
	22	25
	38	40
	40	43
	28	29
net/minecraft/client/renderer/entity/state/HoldingEntityRenderState	16	18
	16	18
	15	17
com/mojang/blaze3d/systems/CommandEncoder	0	0
net/minecraft/client/multiplayer/chat/package-info	0	0
com/mojang/realmsclient/gui/task/RepeatedDelayStrategy	40	42
	32	34
	37	39
	38	40
	39	41
	24	27
	40	42
	25	28
	10	13
	15	18
	31	33
net/minecraft/client/gui/screens/social/PlayerEntry	289	273
	256	245
	257	246
	260	249
	261	250
	262	251
	263	252
	266	255
	267	256
	268	257
	270	258
	275	262
	276	263
	278	264
	279	265
	280	266
	281	267
	282	268
	283	269
	284	270
	285	271
	286	273
	287	273
	289	273
	35	37
	36	38
	37	40
	38	40
	39	41
	40	42
	42	45
	43	45
	44	45
	46	48
	47	48
	48	48
	69	64
	70	65
	71	66
	72	67
	73	68
	74	69
	75	70
	76	71
	77	72
	81	75
	83	77
	84	78
	85	79
	86	80
	89	83
	90	84
	91	85
	92	86
	94	87
	95	88
	96	89
	97	90
	99	91
	100	92
	102	93
	103	94
	104	95
	105	96
	106	99
	107	106
	108	107
	111	112
	114	115
	115	116
	116	117
	117	118
	118	119
	119	120
	120	121
	123	124
	126	127
	127	128
	128	129
	129	130
	130	131
	131	132
	134	135
	137	138
	138	139
	140	140
	141	141
	142	142
	143	143
	145	97
	147	145
	150	148
	151	149
	154	152
	155	153
	157	154
	159	154
	165	159
	166	160
	167	161
	170	162
	171	164
	172	165
	173	166
	175	168
	176	169
	177	170
	180	173
	182	174
	184	175
	185	176
	188	179
	189	180
	191	181
	192	182
	193	183
	194	184
	195	185
	196	186
	197	187
	198	188
	199	189
	201	190
	202	191
	206	195
	207	196
	209	198
	213	202
	218	207
	222	211
	226	215
	230	219
	234	223
	235	224
	238	227
	242	231
	243	232
	246	235
	250	239
	254	243
	255	244
net/minecraft/client/data/models/blockstates/MultiPartGenerator	62	61
	32	34
	36	38
	37	39
	40	42
	41	43
	42	44
	46	48
	18	20
	19	21
	51	53
	52	54
	53	54
	23	25
	27	29
	62	61
	31	33
net/minecraft/client/gui/render/state/pip/OversizedItemRenderState	27	29
	17	19
	22	24
	27	29
	12	14
net/minecraft/client/animation/definitions/CopperGolemAnimation	1112	1363
	10	12
	11	14
	12	18
	13	19
	14	20
	15	21
	16	22
	18	25
	19	29
	20	30
	21	31
	22	32
	23	33
	25	36
	26	40
	27	41
	28	42
	30	45
	31	49
	32	50
	33	51
	35	54
	36	58
	37	59
	38	60
	40	63
	41	67
	42	68
	43	69
	45	72
	47	73
	48	74
	49	78
	50	79
	51	80
	52	81
	53	82
	54	83
	55	84
	56	85
	58	88
	59	92
	60	93
	61	94
	62	95
	63	96
	64	97
	65	98
	66	99
	67	100
	68	101
	69	102
	71	105
	73	106
	74	107
	75	108
	76	112
	77	113
	78	114
	79	115
	80	116
	82	119
	83	123
	84	124
	85	125
	86	126
	87	127
	89	130
	90	134
	92	137
	93	140
	95	143
	96	146
	98	149
	99	153
	100	154
	101	155
	103	158
	104	162
	105	163
	106	164
	108	167
	110	168
	111	169
	112	170
	113	174
	114	175
	115	176
	116	177
	117	178
	118	179
	119	180
	120	181
	121	182
	122	183
	123	184
	124	185
	125	186
	126	187
	127	188
	128	189
	129	190
	130	191
	131	192
	132	193
	133	194
	134	195
	135	196
	136	197
	137	198
	138	199
	139	200
	140	201
	141	202
	142	203
	143	204
	145	207
	146	211
	147	212
	148	213
	149	214
	150	215
	151	216
	152	217
	153	218
	154	219
	155	220
	156	221
	157	222
	158	223
	159	224
	160	225
	161	226
	163	229
	164	233
	165	234
	166	235
	167	236
	168	237
	169	238
	170	239
	171	240
	172	241
	173	242
	174	243
	175	244
	176	245
	177	246
	178	247
	179	248
	180	249
	181	250
	182	251
	183	252
	184	253
	185	254
	186	255
	187	256
	188	257
	189	258
	190	259
	191	260
	192	261
	193	262
	194	263
	195	264
	196	265
	197	266
	198	267
	200	270
	201	274
	202	275
	203	276
	204	277
	205	278
	206	279
	207	280
	208	281
	209	282
	210	283
	211	284
	212	285
	213	286
	214	287
	215	288
	216	289
	217	290
	218	291
	219	292
	220	293
	221	294
	222	295
	224	298
	225	302
	226	303
	227	304
	228	305
	229	306
	230	307
	231	308
	232	309
	233	310
	234	311
	235	312
	236	313
	237	314
	238	315
	239	316
	240	317
	241	318
	242	319
	243	320
	244	321
	245	322
	246	323
	247	324
	248	325
	249	326
	250	327
	251	328
	253	331
	254	335
	255	336
	256	337
	257	338
	258	339
	259	340
	260	341
	261	342
	262	343
	263	344
	264	345
	265	346
	266	347
	267	348
	268	349
	269	350
	271	353
	272	357
	273	358
	274	359
	275	360
	276	361
	277	362
	278	363
	279	364
	280	365
	281	366
	282	367
	283	368
	284	369
	285	370
	286	371
	287	372
	288	373
	289	374
	290	375
	291	376
	292	377
	293	378
	294	379
	295	380
	296	381
	298	384
	299	388
	300	389
	301	390
	302	391
	303	392
	304	393
	305	394
	306	395
	307	396
	308	397
	310	400
	311	404
	312	405
	313	406
	314	407
	315	408
	316	409
	317	410
	318	411
	319	412
	320	413
	321	414
	322	415
	323	416
	325	419
	326	423
	327	424
	328	425
	329	426
	330	427
	331	428
	332	429
	333	430
	334	431
	335	432
	336	433
	338	436
	339	440
	340	441
	341	442
	342	443
	343	444
	344	445
	345	446
	346	447
	347	448
	348	449
	349	450
	350	451
	352	454
	353	458
	354	459
	355	460
	356	461
	357	462
	358	463
	359	464
	360	465
	361	466
	362	467
	364	470
	366	471
	367	472
	368	473
	369	477
	370	478
	371	479
	372	480
	373	481
	374	482
	375	483
	376	484
	377	485
	378	486
	379	487
	380	488
	381	489
	382	490
	383	491
	384	492
	385	493
	386	494
	387	495
	388	496
	389	497
	390	498
	391	499
	392	500
	393	501
	395	504
	396	508
	397	509
	398	510
	399	511
	400	512
	401	513
	402	514
	403	515
	404	516
	405	517
	406	518
	407	519
	408	520
	409	521
	411	524
	412	528
	413	529
	414	530
	415	531
	416	532
	417	533
	418	534
	419	535
	420	536
	421	537
	422	538
	423	539
	424	540
	425	541
	426	542
	427	543
	428	544
	429	545
	430	546
	431	547
	432	548
	433	549
	434	550
	435	551
	436	552
	437	553
	438	554
	439	555
	440	556
	441	557
	442	558
	443	559
	444	560
	445	561
	447	564
	448	568
	449	569
	450	570
	451	571
	452	572
	453	573
	454	574
	455	575
	456	576
	457	577
	458	578
	459	579
	460	580
	461	581
	462	582
	463	583
	464	584
	465	585
	466	586
	467	587
	468	588
	469	589
	470	590
	472	593
	473	597
	474	598
	475	599
	476	600
	477	601
	478	602
	479	603
	480	604
	481	605
	482	606
	483	607
	484	608
	485	609
	486	610
	487	611
	488	612
	489	613
	490	614
	491	615
	492	616
	493	617
	494	618
	495	619
	496	620
	498	623
	499	627
	500	628
	501	629
	502	630
	503	631
	504	632
	505	633
	506	634
	507	635
	508	636
	509	637
	510	638
	511	639
	512	640
	513	641
	514	642
	515	643
	516	644
	517	645
	518	646
	519	647
	521	650
	522	654
	523	655
	524	656
	525	657
	526	658
	527	659
	528	660
	529	661
	530	662
	531	663
	532	664
	533	665
	534	666
	535	667
	536	668
	537	669
	538	670
	539	671
	540	672
	541	673
	542	674
	543	675
	544	676
	545	677
	546	678
	547	679
	549	682
	550	686
	551	687
	552	688
	553	689
	554	690
	555	691
	556	692
	557	693
	558	694
	559	695
	560	696
	561	697
	562	698
	563	699
	564	700
	565	701
	566	702
	568	705
	569	709
	570	710
	571	711
	572	712
	573	713
	574	714
	575	715
	576	716
	577	717
	579	720
	580	724
	581	725
	582	726
	583	727
	584	728
	585	729
	586	730
	587	731
	588	732
	590	735
	591	739
	592	740
	593	741
	594	742
	596	745
	597	749
	598	750
	599	751
	600	752
	601	753
	602	754
	604	757
	605	761
	606	762
	608	765
	610	766
	611	767
	612	768
	613	772
	614	773
	615	774
	616	775
	617	776
	618	777
	619	778
	620	779
	621	780
	622	781
	623	782
	624	783
	625	784
	626	785
	627	786
	628	787
	629	788
	630	789
	631	790
	632	791
	633	792
	634	793
	635	794
	636	795
	637	796
	638	797
	639	798
	640	799
	641	800
	642	801
	643	802
	645	805
	646	809
	647	810
	648	811
	649	812
	650	813
	651	814
	652	815
	653	816
	654	817
	655	818
	656	819
	657	820
	658	821
	659	822
	660	823
	661	824
	663	827
	664	831
	665	832
	666	833
	667	834
	668	835
	669	836
	670	837
	671	838
	672	839
	673	840
	674	841
	675	842
	676	843
	677	844
	678	845
	679	846
	680	847
	681	848
	682	849
	683	850
	684	851
	685	852
	686	853
	687	854
	688	855
	689	856
	690	857
	691	858
	692	859
	693	860
	694	861
	695	862
	696	863
	697	864
	698	865
	699	866
	700	867
	701	868
	702	869
	704	872
	705	876
	706	877
	707	878
	708	879
	709	880
	710	881
	711	882
	712	883
	713	884
	714	885
	715	886
	716	887
	717	888
	718	889
	719	890
	720	891
	721	892
	722	893
	723	894
	724	895
	725	896
	726	897
	727	898
	728	899
	729	900
	731	903
	732	907
	733	908
	734	909
	735	910
	736	911
	737	912
	738	913
	739	914
	740	915
	741	916
	742	917
	743	918
	744	919
	745	920
	746	921
	747	922
	748	923
	749	924
	750	925
	751	926
	752	927
	753	928
	754	929
	755	930
	756	931
	757	932
	758	933
	759	934
	760	935
	761	936
	762	937
	763	938
	764	939
	765	940
	766	941
	767	942
	768	943
	770	946
	771	950
	772	951
	773	952
	774	953
	775	954
	776	955
	777	956
	778	957
	779	958
	780	959
	781	960
	782	961
	783	962
	784	963
	785	964
	786	965
	787	966
	788	967
	789	968
	790	969
	791	970
	792	971
	793	972
	794	973
	795	974
	796	975
	797	976
	798	977
	799	978
	801	981
	802	985
	803	986
	804	987
	805	988
	806	989
	807	990
	808	991
	809	992
	810	993
	811	994
	812	995
	813	996
	814	997
	815	998
	816	999
	817	1000
	818	1001
	819	1002
	820	1003
	821	1004
	822	1005
	823	1006
	824	1007
	825	1008
	826	1009
	828	1012
	829	1016
	830	1017
	831	1018
	832	1019
	833	1020
	834	1021
	835	1022
	836	1023
	837	1024
	838	1025
	840	1028
	841	1032
	842	1033
	843	1034
	844	1035
	845	1036
	846	1037
	847	1038
	848	1039
	849	1040
	851	1043
	852	1047
	853	1048
	854	1049
	855	1050
	856	1051
	857	1052
	858	1053
	859	1054
	861	1057
	862	1061
	863	1062
	864	1063
	865	1064
	866	1065
	867	1066
	868	1067
	869	1068
	870	1069
	871	1070
	872	1071
	874	1074
	875	1078
	876	1079
	877	1080
	878	1081
	879	1082
	880	1083
	881	1084
	882	1085
	883	1086
	884	1087
	885	1088
	887	1091
	889	1092
	890	1093
	891	1094
	892	1098
	893	1099
	894	1100
	895	1101
	896	1102
	897	1103
	898	1104
	899	1105
	900	1106
	901	1107
	902	1108
	903	1109
	904	1110
	905	1111
	906	1112
	907	1113
	908	1114
	909	1115
	910	1116
	911	1117
	912	1118
	913	1119
	914	1120
	916	1123
	917	1127
	918	1128
	919	1129
	920	1130
	921	1131
	922	1132
	923	1133
	924	1134
	925	1135
	926	1136
	927	1137
	928	1138
	930	1141
	931	1145
	932	1146
	933	1147
	934	1148
	935	1149
	936	1150
	937	1151
	938	1152
	939	1153
	940	1154
	941	1155
	942	1156
	943	1157
	944	1158
	945	1159
	946	1160
	947	1161
	948	1162
	949	1163
	950	1164
	951	1165
	952	1166
	953	1167
	954	1168
	955	1169
	956	1170
	957	1171
	958	1172
	959	1173
	960	1174
	961	1175
	962	1176
	964	1179
	965	1183
	966	1184
	967	1185
	968	1186
	969	1187
	970	1188
	971	1189
	972	1190
	973	1191
	974	1192
	975	1193
	976	1194
	977	1195
	978	1196
	979	1197
	980	1198
	981	1199
	983	1202
	984	1206
	985	1207
	986	1208
	987	1209
	988	1210
	989	1211
	990	1212
	991	1213
	992	1214
	993	1215
	994	1216
	995	1217
	996	1218
	997	1219
	998	1220
	999	1221
	1000	1222
	1001	1223
	1002	1224
	1003	1225
	1004	1226
	1005	1227
	1006	1228
	1007	1229
	1008	1230
	1010	1233
	1011	1237
	1012	1238
	1013	1239
	1014	1240
	1015	1241
	1016	1242
	1017	1243
	1018	1244
	1019	1245
	1020	1246
	1021	1247
	1022	1248
	1023	1249
	1024	1250
	1025	1251
	1026	1252
	1027	1253
	1028	1254
	1029	1255
	1030	1256
	1032	1259
	1033	1263
	1034	1264
	1035	1265
	1036	1266
	1037	1267
	1038	1268
	1039	1269
	1040	1270
	1041	1271
	1042	1272
	1043	1273
	1044	1274
	1045	1275
	1046	1276
	1047	1277
	1048	1278
	1049	1279
	1050	1280
	1051	1281
	1052	1282
	1053	1283
	1054	1284
	1055	1285
	1056	1286
	1057	1287
	1058	1288
	1059	1289
	1060	1290
	1062	1293
	1063	1297
	1064	1298
	1065	1299
	1066	1300
	1067	1301
	1068	1302
	1069	1303
	1070	1304
	1071	1305
	1072	1306
	1073	1307
	1074	1308
	1075	1309
	1076	1310
	1078	1313
	1079	1317
	1080	1318
	1081	1319
	1082	1320
	1083	1321
	1084	1322
	1086	1325
	1087	1329
	1088	1330
	1089	1331
	1090	1332
	1091	1333
	1092	1334
	1094	1337
	1095	1341
	1096	1342
	1097	1343
	1098	1344
	1099	1345
	1100	1346
	1101	1347
	1103	1350
	1104	1354
	1105	1355
	1106	1356
	1107	1357
	1108	1358
	1109	1359
	1110	1360
	1112	1363
net/minecraft/client/gui/screens/worldselection/SwitchGrid	180	185
	129	144
	130	145
	131	146
	133	147
	135	148
	136	149
	138	150
	139	151
	140	152
	141	153
	144	156
	145	158
	147	161
	150	165
	151	167
	152	168
	154	171
	156	172
	157	173
	158	174
	159	175
	160	176
	161	177
	162	178
	163	179
	36	57
	164	180
	37	58
	165	181
	166	181
	167	181
	40	61
	168	182
	41	62
	170	185
	44	65
	45	66
	46	67
	176	110
	177	111
	50	71
	178	112
	51	72
	180	114
	55	76
	56	77
	60	81
	62	82
	63	83
	65	84
	66	85
	67	87
	68	88
	71	91
	72	92
	73	93
	74	94
	78	98
	79	99
	87	31
	88	32
	89	33
	92	36
	96	40
	97	41
	100	44
	112	127
	113	128
	114	129
	115	130
	116	131
	119	134
	120	135
	124	139
	125	140
net/minecraft/client/telemetry/events/PerformanceMetricsEvent	57	60
	11	14
	18	21
	19	22
	21	24
	24	27
	25	28
	26	29
	27	30
	31	34
	32	35
	33	36
	34	37
	37	40
	38	41
	39	42
	40	43
	41	44
	45	48
	46	49
	47	50
	48	51
	49	52
	50	53
	51	54
	52	55
	53	56
	54	57
	57	60
net/minecraft/client/renderer/entity/state/LivingEntityRenderState	37	38
	17	20
	18	21
	37	38
	29	31
net/minecraft/client/gui/screens/recipebook/RecipeUpdateListener	0	0
net/minecraft/client/gui/screens/options/package-info	0	0
net/minecraft/client/model/animal/camel/package-info	0	0
com/mojang/blaze3d/buffers/Std140Builder	157	154
	131	128
	132	129
	133	130
	134	131
	138	135
	139	136
	140	137
	141	138
	142	139
	143	140
	147	144
	148	145
	149	146
	150	147
	154	151
	27	24
	155	152
	28	25
	156	153
	29	26
	157	154
	32	29
	36	33
	40	37
	44	41
	45	42
	46	43
	50	47
	51	48
	52	49
	56	53
	57	54
	58	55
	62	59
	63	60
	64	61
	65	62
	69	66
	70	67
	71	68
	72	69
	76	73
	77	74
	78	75
	79	76
	83	80
	84	81
	85	82
	86	83
	90	87
	91	88
	92	89
	93	90
	94	91
	95	92
	99	96
	100	97
	101	98
	102	99
	106	103
	107	104
	108	105
	109	106
	110	107
	111	108
	115	112
	116	113
	117	114
	118	115
	122	119
	123	120
	124	121
	125	122
	126	123
	127	124
net/minecraft/client/gui/components/TabOrderedElement	5	9
	5	9
net/minecraft/client/gui/components/OptionsList	204	222
	130	213
	140	116
	141	117
	142	118
	145	121
	149	125
	150	126
	152	127
	25	25
	26	26
	27	27
	28	28
	156	133
	157	134
	31	31
	159	136
	32	32
	35	35
	163	143
	36	36
	164	144
	37	37
	165	145
	39	39
	167	148
	42	42
	43	43
	172	157
	45	45
	173	158
	174	160
	175	161
	48	48
	176	162
	49	49
	177	163
	179	165
	52	52
	53	53
	183	169
	56	56
	57	57
	58	58
	59	59
	188	174
	63	63
	192	178
	193	179
	194	180
	67	67
	68	68
	69	69
	197	184
	70	70
	71	71
	75	76
	203	221
	204	222
	79	80
	80	81
	81	82
	82	83
	83	85
	88	90
	91	93
	92	94
	93	95
	94	96
	95	97
	96	98
	101	103
	112	195
	113	196
	114	197
	115	198
	119	202
	124	207
	125	208
	126	209
net/minecraft/client/data/models/model/ModelLocationUtils	36	38
	16	18
	35	37
	20	22
	36	38
	21	23
	25	27
	26	28
	12	14
	30	32
	31	33
net/minecraft/client/User	44	46
	16	18
	32	34
	17	19
	18	20
	19	21
	20	22
	36	38
	21	23
	24	26
	40	42
	28	30
	44	46
net/minecraft/client/particle/ItemPickupParticleGroup	52	66
	32	55
	33	56
	35	66
	40	35
	41	36
	43	37
	44	38
	45	39
	47	40
	48	41
	49	42
	19	21
	51	43
	20	22
	52	44
	24	27
	30	52
	31	53
net/minecraft/client/multiplayer/chat/ChatListener	240	225
	26	27
	35	35
	36	36
	39	39
	40	40
	41	41
	43	57
	46	44
	47	45
	48	46
	50	50
	54	52
	55	53
	57	57
	60	60
	63	61
	65	62
	68	65
	69	66
	72	69
	73	70
	76	73
	80	77
	81	78
	82	79
	83	80
	86	83
	90	87
	94	91
	95	92
	97	94
	99	96
	102	99
	103	100
	104	101
	106	102
	107	103
	108	104
	109	105
	110	106
	111	107
	113	110
	115	112
	118	115
	119	116
	120	117
	123	118
	125	121
	126	122
	128	125
	129	126
	130	127
	131	128
	132	129
	134	131
	137	134
	139	135
	140	136
	141	137
	142	138
	144	139
	146	140
	147	141
	149	143
	152	148
	153	149
	154	150
	157	153
	158	172
	161	154
	163	155
	164	156
	165	157
	166	158
	167	159
	169	161
	170	162
	171	163
	172	164
	176	168
	178	169
	179	170
	183	177
	184	178
	187	181
	188	181
	191	181
	195	185
	196	186
	197	187
	200	190
	201	191
	202	192
	205	195
	206	205
	209	196
	210	197
	211	198
	213	200
	214	201
	216	202
	218	205
	221	208
	222	209
	223	210
	224	210
	227	210
	231	214
	232	215
	233	216
	235	218
	240	225
net/minecraft/client/resources/language/ClientLanguage	79	75
	32	33
	64	63
	34	35
	35	36
	37	38
	69	67
	39	40
	40	41
	41	42
	42	43
	74	71
	47	48
	79	75
	49	49
	21	23
	53	53
	54	54
	55	55
	56	56
	57	57
	27	28
	28	29
	60	60
	29	30
net/minecraft/client/gui/components/package-info	0	0
net/minecraft/client/particle/SquidInkParticle	65	68
	65	53
	12	14
	13	15
	14	16
	16	17
	17	18
	19	19
	20	20
	22	21
	24	22
	25	23
	26	24
	27	25
	31	29
	32	30
	33	31
	34	32
	35	33
	37	36
	38	37
	41	40
	47	62
	48	63
	52	68
	60	47
	61	48
net/minecraft/client/renderer/item/TrackingItemStackRenderState	18	18
	18	18
	14	14
	15	15
net/minecraft/client/model/monster/zombie/DrownedModel	63	57
	17	19
	18	20
	21	23
	22	24
	24	25
	25	26
	26	26
	27	26
	29	28
	30	29
	31	29
	32	29
	35	31
	40	36
	42	37
	43	38
	44	39
	47	42
	48	43
	49	44
	52	47
	53	48
	54	49
	55	50
	56	51
	57	52
	59	53
	60	54
	61	55
	63	57
net/minecraft/client/model/animal/sniffer/SnifferModel	114	141
	18	20
	35	34
	36	35
	37	35
	38	35
	39	35
	41	36
	42	37
	43	38
	44	39
	45	40
	46	41
	47	42
	48	43
	49	44
	52	47
	53	48
	55	49
	56	49
	58	50
	59	53
	60	55
	61	57
	63	61
	64	63
	65	66
	66	68
	67	71
	68	73
	69	76
	70	78
	71	81
	72	83
	73	86
	74	88
	76	91
	77	94
	78	96
	80	100
	81	102
	82	105
	83	107
	84	110
	85	112
	86	115
	87	117
	89	120
	94	124
	96	125
	97	126
	99	127
	100	128
	102	130
	105	133
	106	134
	107	135
	108	136
	109	137
	111	138
	112	139
	114	141
net/minecraft/client/server/package-info	0	0
net/minecraft/client/gui/spectator/categories/package-info	0	0
net/minecraft/client/particle/DustColorTransitionParticle	50	71
	32	43
	33	44
	37	48
	38	49
	39	50
	45	57
	46	58
	15	28
	17	29
	50	71
	19	30
	20	31
	21	32
	24	35
	28	39
	29	40
	30	41
	31	42
com/mojang/realmsclient/client/worldupload/RealmsUploadTooLargeException	17	20
	16	19
	17	20
	10	13
	11	14
	15	18
net/minecraft/client/multiplayer/TransferState	0	0
net/minecraft/client/main/GameConfig	112	132
	67	40
	68	41
	69	42
	70	43
	71	44
	74	47
	21	25
	22	26
	86	109
	23	27
	24	28
	25	29
	26	30
	93	93
	100	101
	39	63
	40	64
	41	65
	42	66
	43	67
	107	85
	44	68
	45	69
	46	70
	47	71
	112	77
	55	130
	56	131
	57	132
net/minecraft/client/gui/screens/options/SoundOptionsScreen	28	31
	16	18
	20	22
	21	23
	22	24
	23	25
	24	26
	25	27
	12	14
	28	31
	15	17
net/minecraft/client/renderer/texture/atlas/SpriteResourceLoader	61	72
	33	36
	34	37
	35	38
	36	39
	37	40
	38	41
	39	42
	43	46
	44	47
	45	48
	46	49
	47	50
	51	54
	52	55
	53	56
	54	57
	55	65
	56	66
	25	28
	59	69
	28	31
	61	72
net/minecraft/client/renderer/item/properties/numeric/BundleFullness	20	23
	20	23
	11	14
	15	18
net/minecraft/client/gui/screens/reporting/SkinReportScreen	87	77
	64	60
	65	61
	69	65
	70	66
	71	67
	73	69
	75	72
	76	73
	84	77
	85	77
	87	77
	25	25
	31	30
	32	31
	35	34
	36	35
	39	38
	40	39
	44	43
	45	44
	47	45
	49	46
	51	47
	52	48
	54	49
	55	50
	56	51
	57	53
	58	55
	60	56
	61	57
	62	58
	63	59
net/minecraft/client/entity/ClientAvatarEntity	0	0
net/minecraft/client/renderer/entity/WardenRenderer	89	93
	66	73
	70	76
	75	80
	13	16
	14	17
	15	18
	16	19
	80	84
	17	20
	81	85
	82	86
	83	87
	20	23
	84	88
	85	89
	22	24
	86	90
	23	25
	87	91
	24	26
	88	92
	25	27
	89	93
	27	28
	28	30
	29	30
	34	33
	36	36
	37	37
	42	43
	44	46
	45	47
	50	53
	52	56
	53	57
	58	63
	60	66
	61	67
net/minecraft/client/particle/QuadParticleGroup	35	39
	35	39
	16	19
	17	20
	18	21
	22	25
	23	26
	25	28
	26	29
	27	30
	28	31
	29	32
	30	33
	31	34
net/minecraft/client/renderer/Rect2i	73	74
	64	65
	65	66
	68	69
	69	70
	70	71
	73	74
	10	14
	11	15
	12	16
	13	17
	14	18
	17	21
	18	22
	19	23
	20	24
	22	25
	23	26
	24	27
	25	28
	27	29
	28	30
	29	31
	30	32
	32	33
	36	37
	40	41
	44	45
	45	46
	48	49
	49	50
	52	53
	56	57
	60	61
	61	62
com/mojang/realmsclient/gui/RealmsServerList	47	45
	33	31
	34	32
	37	35
	38	36
	39	37
	43	41
	47	45
	20	20
	21	21
	24	24
	25	25
	27	26
	28	27
	30	28
net/minecraft/client/renderer/entity/state/PhantomRenderState	0	0
net/minecraft/client/renderer/entity/layers/LivingEntityEmissiveLayer	45	61
	35	41
	36	61
	38	42
	39	43
	40	61
	42	44
	43	45
	44	46
	45	61
	25	32
	26	33
	27	34
	28	35
	29	36
	30	37
	31	38
net/minecraft/client/gui/components/Checkbox	179	169
	131	59
	135	63
	140	68
	141	69
	142	70
	17	20
	145	73
	18	21
	19	22
	20	23
	150	78
	151	79
	152	80
	153	81
	155	85
	158	90
	162	94
	163	95
	166	97
	167	98
	169	100
	171	103
	172	104
	174	105
	175	106
	176	107
	178	108
	179	109
	51	124
	52	125
	53	126
	54	127
	57	130
	58	131
	59	132
	63	136
	64	137
	68	141
	69	142
	70	143
	74	147
	75	148
	76	149
	80	153
	81	154
	85	158
	86	159
	90	163
	91	164
	92	165
	93	166
	95	167
	96	168
	97	169
	102	31
	104	32
	105	33
	106	34
	107	35
	108	36
	109	37
	110	38
	113	41
	114	42
	115	43
	119	47
	123	51
	127	55
net/minecraft/client/renderer/entity/PufferfishRenderer	66	63
	64	61
	33	33
	65	62
	66	63
	38	37
	43	41
	48	47
	49	48
	18	21
	50	49
	51	50
	53	52
	54	53
	25	27
	58	56
	27	28
	59	57
	28	29
	60	58
	29	30
net/minecraft/client/resources/metadata/animation/AnimationMetadataSection	45	38
	35	30
	38	33
	40	34
	44	37
	45	38
	18	17
	19	18
	20	19
	21	20
	22	21
	23	22
	24	24
	26	26
	29	29
	30	30
	31	30
net/minecraft/client/renderer/entity/ItemEntityRenderer	166	144
	128	112
	129	113
	133	114
	134	115
	136	116
	138	118
	139	119
	140	120
	141	121
	142	122
	143	123
	144	124
	145	125
	150	128
	151	129
	153	130
	26	28
	154	131
	27	29
	156	133
	29	30
	157	134
	30	31
	158	135
	31	32
	159	136
	160	137
	161	138
	162	139
	35	35
	163	140
	166	144
	40	39
	42	40
	44	41
	45	42
	49	47
	50	59
	53	48
	55	49
	57	50
	58	51
	59	52
	62	53
	63	54
	65	55
	66	56
	68	57
	69	59
	72	64
	73	65
	76	70
	77	71
	78	104
	81	72
	82	73
	86	74
	87	75
	89	76
	91	78
	92	79
	93	80
	94	81
	95	82
	96	83
	97	84
	98	85
	103	88
	104	89
	106	90
	107	91
	109	93
	110	94
	111	95
	112	96
	113	97
	114	98
	115	99
	116	100
	119	104
	122	109
	123	110
	124	111
	125	144
net/minecraft/client/gui/screens/inventory/BookEditScreen	246	223
	49	43
	50	44
	69	57
	70	58
	71	59
	72	60
	74	61
	76	62
	77	63
	80	66
	81	67
	84	70
	89	75
	90	76
	92	77
	93	78
	94	79
	95	80
	96	81
	97	82
	98	83
	99	84
	100	85
	101	86
	102	87
	103	88
	104	89
	105	90
	106	91
	108	92
	110	93
	111	94
	113	95
	114	96
	115	96
	116	98
	117	99
	118	100
	119	101
	121	102
	122	103
	125	106
	129	110
	133	114
	138	119
	139	120
	143	124
	147	128
	151	132
	152	133
	153	134
	155	137
	156	138
	159	141
	160	142
	162	144
	163	145
	164	146
	167	150
	168	151
	169	152
	172	155
	173	156
	174	157
	177	160
	178	161
	181	164
	182	166
	183	167
	185	169
	188	172
	190	173
	192	174
	193	175
	194	176
	199	179
	200	180
	203	183
	204	186
	206	184
	207	186
	211	190
	216	195
	218	197
	219	198
	221	200
	222	201
	226	203
	231	209
	232	210
	233	211
	236	214
	237	215
	239	216
	240	217
	244	221
	245	222
	246	223
net/minecraft/client/gui/screens/packs/PackSelectionModel	269	272
	131	132
	259	262
	136	137
	264	267
	265	268
	141	142
	269	272
	146	147
	151	152
	156	157
	31	33
	32	34
	33	35
	161	162
	34	36
	36	37
	37	38
	165	166
	38	39
	166	167
	39	40
	167	168
	40	41
	168	169
	169	170
	170	171
	43	44
	173	174
	174	175
	47	48
	175	176
	177	178
	51	52
	52	53
	180	181
	181	182
	182	183
	55	56
	183	184
	56	57
	184	185
	57	58
	185	186
	60	61
	189	190
	62	62
	190	191
	191	192
	64	63
	65	64
	66	65
	67	66
	196	197
	197	198
	201	202
	202	203
	203	204
	208	209
	209	210
	83	83
	214	216
	215	217
	219	221
	224	226
	101	101
	229	231
	105	105
	234	236
	238	240
	239	241
	244	247
	117	118
	245	248
	118	119
	249	252
	126	127
	254	257
net/minecraft/client/multiplayer/chat/report/NameReport	72	70
	32	33
	64	63
	65	64
	66	65
	37	38
	69	68
	71	69
	72	70
	42	44
	43	45
	46	48
	47	49
	19	21
	51	53
	20	22
	21	23
	24	26
	56	58
	57	58
	59	58
	29	30
	30	31
	31	32
net/minecraft/client/gui/screens/inventory/tooltip/ClientBundleTooltip	206	200
	128	126
	132	130
	136	134
	137	134
	138	134
	139	134
	143	138
	144	139
	146	140
	147	141
	20	20
	148	142
	21	21
	22	22
	150	144
	23	23
	24	24
	152	147
	25	25
	153	148
	155	149
	156	150
	158	152
	161	155
	162	156
	35	34
	36	35
	37	36
	165	159
	166	160
	167	161
	168	162
	169	163
	42	40
	170	164
	43	41
	171	165
	173	169
	47	45
	176	172
	177	173
	178	174
	179	175
	52	50
	180	176
	182	178
	57	55
	185	181
	186	182
	61	59
	189	185
	65	63
	193	189
	69	67
	197	193
	73	71
	201	197
	202	198
	203	200
	204	200
	77	75
	206	200
	81	79
	86	84
	87	85
	89	87
	91	89
	94	92
	95	93
	96	94
	99	97
	100	98
	101	99
	102	100
	104	101
	105	103
	106	104
	107	105
	108	106
	110	107
	111	108
	112	109
	113	110
	114	111
	118	116
	119	117
	120	118
	123	121
	124	122
net/minecraft/client/renderer/special/NoDataSpecialModelRenderer	18	21
	17	20
	18	21
	12	14
net/minecraft/client/renderer/fog/environment/PowderedSnowFogEnvironment	34	38
	16	19
	34	38
	21	24
	22	25
	23	26
	25	28
	26	29
	28	32
	29	33
	30	34
com/mojang/realmsclient/gui/task/DataFetcher	172	174
	128	68
	129	69
	131	71
	134	74
	135	75
	136	76
	137	77
	139	79
	142	82
	143	83
	144	84
	23	21
	151	92
	152	93
	153	94
	154	95
	157	98
	30	27
	158	99
	31	28
	32	29
	160	101
	33	30
	163	104
	36	33
	164	105
	37	34
	38	35
	166	107
	40	37
	169	110
	170	111
	44	42
	172	113
	62	131
	63	132
	64	133
	65	134
	66	135
	69	138
	70	139
	71	140
	73	141
	75	144
	76	145
	77	146
	78	146
	79	147
	80	148
	81	149
	82	149
	83	150
	84	151
	85	152
	86	153
	89	156
	90	157
	92	159
	93	160
	94	161
	95	162
	96	163
	97	164
	101	168
	104	171
	105	172
	106	173
	107	174
	116	56
	117	57
	118	58
	121	61
	122	62
	123	63
	126	66
	127	67
com/mojang/blaze3d/platform/DepthTestFunction	0	0
net/minecraft/client/renderer/SkyRenderer	518	505
	512	499
	513	500
	514	501
	515	502
	516	503
	517	504
	518	505
	45	47
	46	48
	47	49
	78	75
	80	76
	81	77
	82	78
	83	79
	84	80
	85	81
	86	82
	88	84
	89	85
	90	86
	91	88
	92	89
	94	92
	95	93
	96	95
	97	96
	100	99
	103	102
	107	106
	108	107
	109	109
	110	110
	111	111
	112	112
	113	113
	114	115
	115	116
	116	117
	117	118
	118	119
	120	122
	121	123
	127	129
	131	133
	135	137
	136	139
	137	140
	138	141
	139	142
	140	143
	141	144
	142	146
	143	147
	149	153
	150	154
	151	156
	152	157
	153	159
	154	160
	155	161
	156	162
	157	163
	158	164
	160	167
	161	168
	167	174
	168	175
	170	177
	171	178
	172	180
	173	181
	174	182
	175	183
	177	184
	179	185
	180	186
	184	187
	187	188
	189	189
	190	189
	191	189
	193	190
	194	191
	195	192
	196	193
	198	197
	199	198
	200	199
	206	205
	208	206
	209	208
	210	209
	212	211
	215	214
	216	215
	217	217
	218	218
	219	219
	220	221
	221	224
	222	227
	223	230
	224	233
	227	236
	228	237
	229	238
	230	239
	233	242
	234	243
	240	249
	241	251
	242	252
	243	256
	244	257
	245	258
	246	259
	247	260
	248	261
	250	263
	253	266
	254	267
	255	288
	257	268
	258	269
	259	270
	260	288
	262	271
	263	272
	264	273
	265	288
	268	276
	269	277
	270	278
	271	279
	272	280
	273	281
	274	282
	275	283
	276	284
	277	285
	278	288
	281	291
	285	295
	286	296
	287	297
	288	298
	290	300
	291	301
	292	305
	293	306
	294	307
	295	308
	296	309
	297	310
	300	313
	301	314
	304	317
	305	318
	307	319
	308	320
	309	321
	310	322
	312	323
	313	324
	314	325
	315	326
	317	327
	318	328
	319	329
	320	330
	321	331
	324	334
	325	335
	328	338
	329	339
	330	340
	331	341
	332	342
	334	343
	341	345
	342	346
	343	347
	345	349
	346	351
	347	352
	348	353
	349	354
	350	355
	351	356
	352	357
	353	358
	356	361
	357	362
	360	365
	362	366
	363	367
	364	368
	365	369
	366	370
	368	371
	375	373
	376	374
	377	375
	379	377
	380	379
	381	380
	382	381
	383	382
	384	383
	385	384
	386	385
	387	386
	390	389
	391	390
	394	393
	395	394
	396	395
	397	396
	399	397
	400	398
	401	399
	402	400
	404	404
	405	405
	406	406
	407	407
	408	408
	409	409
	410	410
	412	413
	413	414
	416	417
	417	418
	418	444
	421	419
	422	420
	423	421
	424	422
	426	423
	427	424
	428	425
	429	426
	431	427
	433	427
	438	428
	439	429
	441	431
	442	433
	443	434
	444	435
	445	436
	446	437
	447	438
	450	441
	451	442
	452	444
	455	447
	456	448
	458	449
	459	450
	460	451
	462	456
	463	457
	464	458
	465	459
	466	460
	467	461
	468	462
	469	463
	471	465
	474	468
	475	469
	477	470
	478	471
	479	472
	480	473
	481	474
	483	475
	490	476
	491	477
	492	478
	494	480
	495	482
	496	483
	497	484
	498	485
	499	486
	500	487
	501	488
	502	489
	505	492
	506	493
	510	497
	511	498
com/mojang/blaze3d/font/GlyphBitmap	37	40
	17	20
	33	36
	21	24
	37	40
	25	28
	29	32
com/mojang/realmsclient/util/task/ResettingTemplateWorldTask	19	22
	18	21
	19	22
	12	15
	13	16
	14	17
net/minecraft/client/gui/font/providers/BitmapProvider	226	218
	130	129
	131	131
	132	132
	134	133
	135	134
	137	135
	138	136
	140	137
	142	138
	144	140
	145	141
	146	143
	147	144
	148	145
	151	146
	153	147
	154	148
	155	149
	31	33
	160	155
	37	38
	165	161
	38	39
	166	161
	39	40
	167	162
	168	164
	169	165
	43	44
	171	166
	44	45
	172	167
	48	49
	176	172
	53	54
	62	59
	64	60
	65	61
	193	181
	67	63
	68	64
	198	186
	71	67
	201	191
	74	69
	75	71
	76	72
	78	75
	206	196
	80	76
	83	89
	211	201
	85	90
	86	91
	216	206
	89	94
	90	95
	92	96
	93	97
	221	211
	222	214
	96	100
	97	101
	98	102
	226	218
	99	104
	102	109
	105	78
	106	79
	107	80
	108	81
	109	82
	110	84
	113	113
	114	114
	116	115
	121	120
	126	125
net/minecraft/client/gui/screens/dialog/MultiButtonDialogScreen	17	18
	17	18
	12	14
	13	15
net/minecraft/client/renderer/item/EmptyModel	32	45
	16	28
	32	45
	19	32
	23	36
	27	40
	15	27
net/minecraft/client/model/geom/builders/CubeDefinition	34	51
	34	51
	23	39
	24	40
	25	41
	26	42
	27	43
	28	44
	29	45
	30	46
	31	47
net/minecraft/client/model/animal/package-info	0	0
net/minecraft/client/renderer/entity/MinecartRenderer	14	16
	9	12
	10	13
	14	16
net/minecraft/client/renderer/entity/ShulkerRenderer	83	78
	64	63
	65	64
	66	65
	67	66
	68	67
	69	68
	70	69
	73	72
	74	72
	76	72
	81	76
	82	77
	83	78
	20	22
	21	25
	24	29
	25	30
	29	33
	34	37
	35	38
	38	41
	39	42
	40	43
	43	46
	44	47
	45	48
	47	49
	48	50
	53	54
	58	58
	63	62
net/minecraft/client/gui/package-info	0	0
net/minecraft/client/model/animal/equine/package-info	0	0
net/minecraft/client/searchtree/package-info	0	0
net/minecraft/client/gui/navigation/ScreenAxis	30	33
	16	19
	17	20
	18	21
	23	26
	24	27
	9	12
	25	28
	10	13
	11	14
	30	33
net/minecraft/client/renderer/entity/state/FireworkRocketRenderState	0	0
net/minecraft/client/renderer/CachedPerspectiveProjectionMatrixBuffer	53	56
	33	33
	34	34
	35	36
	36	37
	37	38
	39	41
	40	42
	41	43
	43	46
	47	50
	52	55
	53	56
	25	25
	26	26
	27	27
	28	28
	29	29
	30	30
net/minecraft/client/renderer/entity/DrownedRenderer	59	57
	33	35
	38	40
	43	44
	45	45
	46	46
	47	47
	48	48
	49	49
	18	21
	51	51
	21	24
	22	26
	23	27
	55	54
	24	28
	56	55
	25	29
	57	56
	59	57
	28	31
	29	32
net/minecraft/client/gui/screens/ProgressScreen	78	72
	64	60
	67	72
	70	63
	72	64
	73	65
	75	68
	76	69
	78	72
	19	20
	20	21
	21	22
	25	26
	30	31
	35	35
	36	36
	40	39
	41	40
	42	41
	46	44
	47	45
	48	46
	52	49
	53	50
	57	53
	58	54
	62	58
	63	59
net/minecraft/client/model/animal/nautilus/NautilusModel	94	135
	65	84
	67	85
	68	90
	69	92
	71	96
	72	101
	74	105
	75	110
	76	115
	78	120
	83	124
	84	125
	85	126
	87	128
	90	131
	91	132
	92	133
	93	134
	30	29
	94	135
	31	30
	32	31
	34	32
	35	33
	38	36
	42	40
	43	41
	45	42
	47	43
	48	48
	49	50
	51	54
	52	59
	54	63
	55	68
	56	73
	58	78
	62	82
	63	83
net/minecraft/client/renderer/entity/state/WitherRenderState	5	9
	4	8
	5	9
net/minecraft/client/gui/components/debugchart/TpsDebugChart	68	66
	64	62
	33	33
	34	34
	35	35
	68	66
	37	36
	38	37
	39	38
	41	39
	42	40
	43	41
	44	42
	48	46
	21	21
	53	51
	22	22
	23	23
	58	56
	27	27
	28	28
	29	29
	63	61
net/minecraft/client/model/monster/phantom/PhantomModel	98	87
	27	27
	28	28
	29	29
	30	30
	31	31
	32	32
	33	33
	34	34
	35	35
	38	38
	39	39
	41	40
	42	41
	43	41
	44	41
	46	43
	47	44
	48	44
	49	44
	51	46
	52	47
	53	47
	54	47
	56	49
	57	51
	58	51
	59	52
	61	54
	62	56
	63	56
	64	57
	66	59
	67	61
	68	61
	69	62
	71	64
	72	66
	73	66
	74	67
	76	69
	77	71
	78	71
	79	72
	82	74
	87	78
	89	79
	90	80
	91	81
	92	82
	93	83
	94	84
	96	85
	97	86
	98	87
net/minecraft/client/multiplayer/resolver/ServerRedirectHandler	52	50
	32	30
	33	31
	34	32
	35	33
	36	34
	39	37
	40	38
	42	40
	43	41
	44	42
	46	43
	47	44
	16	17
	49	46
	18	18
	52	50
	25	25
	27	26
	29	27
	30	28
	31	29
net/minecraft/client/particle/SonicBoomParticle	26	29
	21	23
	22	24
	9	12
	26	29
	11	13
	12	14
	14	15
	15	16
net/minecraft/client/renderer/entity/state/AvatarRenderState	37	40
	33	36
	19	22
	20	23
	21	24
	37	40
	22	25
	23	26
	24	27
	25	28
	12	15
net/minecraft/client/renderer/entity/WitchRenderer	40	39
	34	33
	35	34
	36	35
	37	36
	38	37
	39	38
	40	39
	14	17
	17	20
	19	21
	20	22
	24	25
	29	29
net/minecraft/client/model/monster/hoglin/package-info	0	0
net/minecraft/client/gui/screens/options/ChatOptionsScreen	32	44
	32	44
	9	12
	12	15
	13	16
	14	18
	15	20
	16	22
	17	24
	18	26
	19	28
	20	30
	21	32
	26	38
	27	39
	31	43
net/minecraft/client/particle/GlowParticle	179	168
	132	56
	133	57
	137	62
	138	63
	140	64
	13	15
	14	16
	15	17
	16	18
	18	19
	146	65
	147	66
	20	20
	148	67
	21	21
	149	68
	22	22
	26	26
	158	107
	31	31
	159	108
	32	32
	33	33
	35	34
	163	113
	36	35
	164	114
	37	36
	165	115
	38	37
	39	38
	167	117
	41	41
	170	120
	46	46
	47	47
	48	48
	176	121
	177	122
	178	123
	179	124
	54	77
	55	78
	59	83
	60	84
	61	85
	63	87
	65	90
	66	91
	67	92
	68	93
	70	96
	71	97
	80	156
	81	157
	85	162
	86	163
	88	164
	94	165
	95	166
	96	167
	97	168
	106	134
	107	135
	111	140
	112	141
	114	142
	120	143
	121	144
	122	145
	123	146
com/mojang/blaze3d/platform/VideoMode	135	138
	129	131
	131	134
	135	138
	22	25
	23	26
	24	27
	25	28
	26	29
	27	30
	28	31
	31	34
	32	35
	33	36
	34	37
	35	38
	36	39
	37	40
	40	43
	41	44
	42	45
	43	46
	44	47
	45	48
	46	49
	49	52
	53	56
	57	60
	61	64
	65	68
	69	72
	74	77
	75	78
	77	79
	78	88
	80	80
	81	81
	92	94
	97	99
	100	22
	103	103
	104	104
	108	108
	109	109
	110	110
	111	111
	112	112
	114	114
	115	115
	117	117
	119	120
	121	122
	122	123
	124	125
	126	128
	127	129
com/mojang/blaze3d/framegraph/package-info	0	0
com/mojang/realmsclient/dto/RealmsServer	369	358
	256	244
	257	245
	258	246
	259	247
	260	248
	261	249
	262	250
	263	251
	264	252
	265	253
	266	254
	267	255
	268	256
	269	257
	270	258
	271	259
	272	260
	273	261
	274	262
	278	266
	280	268
	281	269
	28	31
	284	272
	31	33
	288	276
	33	35
	292	280
	296	284
	297	284
	42	41
	299	284
	45	43
	303	288
	51	48
	310	318
	311	319
	56	50
	315	322
	316	323
	61	52
	317	324
	318	325
	319	326
	320	327
	321	328
	322	329
	69	58
	75	62
	333	343
	78	64
	334	344
	335	345
	336	346
	81	66
	337	347
	338	348
	84	68
	343	354
	344	355
	90	72
	347	358
	96	76
	102	80
	105	82
	361	301
	365	305
	369	309
	114	87
	118	91
	122	95
	126	99
	127	100
	130	103
	131	104
	135	108
	136	109
	137	110
	138	111
	141	113
	142	114
	143	116
	144	117
	145	118
	150	123
	151	124
	153	127
	154	128
	156	131
	157	132
	159	135
	160	136
	162	139
	163	140
	165	143
	166	144
	168	147
	169	148
	172	151
	173	152
	174	153
	177	158
	178	163
	181	166
	183	168
	184	169
	185	170
	188	173
	191	176
	192	177
	193	178
	194	179
	195	180
	199	184
	203	188
	207	192
	211	196
	212	197
	216	201
	221	206
	226	211
	227	212
	229	215
	230	216
	232	219
	233	220
	235	223
	237	224
	238	225
	239	226
	240	227
	241	228
	242	229
	243	230
	244	231
	248	236
	249	237
	250	238
	251	239
	252	240
	253	241
	254	242
	255	243
net/minecraft/client/model/player/PlayerCapeModel	49	47
	32	30
	33	31
	36	33
	41	38
	43	40
	44	42
	45	43
	46	44
	47	45
	49	47
	21	21
	23	22
	26	25
	27	26
	28	27
	30	28
	31	30
net/minecraft/client/gui/screens/OutOfMemoryScreen	39	41
	34	36
	35	37
	39	41
	11	14
	12	15
	15	17
	18	20
	19	21
	23	25
	24	26
	25	27
	26	28
	27	29
	28	30
	29	31
	30	32
net/minecraft/client/gui/screens/inventory/ShulkerBoxScreen	30	32
	16	18
	17	19
	21	23
	22	24
	23	25
	11	14
	27	29
	28	30
	29	31
	14	17
	30	32
com/mojang/realmsclient/gui/screens/configuration/RealmsBackupInfoScreen	151	158
	128	145
	129	146
	130	147
	131	148
	132	149
	133	150
	134	151
	135	152
	141	158
	19	21
	147	95
	20	22
	148	101
	149	104
	151	106
	30	29
	31	30
	32	31
	33	32
	37	36
	38	37
	39	38
	41	39
	42	41
	43	43
	47	47
	48	48
	49	49
	53	53
	54	54
	57	57
	58	58
	59	59
	60	60
	61	61
	62	63
	63	63
	65	63
	70	69
	71	70
	72	71
	78	77
	79	78
	80	79
	86	85
	87	86
	88	87
	93	111
	94	112
	95	113
	96	114
	97	115
	98	116
	99	117
	100	118
	101	119
	102	120
	103	121
	111	128
	112	129
	113	130
	114	131
	115	132
	119	136
	120	137
	121	138
	124	141
	125	142
	126	143
	127	144
net/minecraft/client/gui/components/SpriteIconButton	132	170
	129	107
	130	109
	132	112
	16	29
	17	30
	18	31
	20	34
	21	35
	22	36
	23	37
	26	40
	27	43
	30	46
	35	131
	36	132
	40	136
	42	137
	43	138
	44	139
	45	140
	50	156
	51	157
	55	161
	57	162
	58	163
	60	164
	61	165
	62	166
	64	167
	65	168
	66	169
	67	170
	85	63
	86	64
	87	65
	88	66
	91	69
	92	70
	96	74
	97	75
	98	76
	102	80
	103	81
	104	82
	105	83
	109	87
	110	88
	111	89
	112	90
	116	94
	117	95
	121	99
	122	100
	126	104
	127	105
com/mojang/blaze3d/platform/DebugMemoryUntracker	46	42
	34	31
	35	38
	38	33
	39	34
	40	35
	42	38
	12	15
	45	41
	14	17
	46	42
	16	18
	17	19
	18	20
	20	21
	21	22
	22	23
	23	24
	24	24
	26	24
	28	25
	29	26
net/minecraft/client/gui/screens/inventory/EnchantmentNames	65	110
	64	109
	65	110
	44	87
	13	17
	14	18
	47	90
	18	20
	51	94
	20	63
	52	95
	54	97
	55	98
	56	99
	58	102
	60	105
net/minecraft/client/model/monster/breeze/package-info	0	0
net/minecraft/client/model/monster/spider/package-info	0	0
net/minecraft/client/model/animal/allay/package-info	0	0
net/minecraft/client/renderer/item/properties/conditional/ItemModelPropertyTest	0	0
net/minecraft/client/renderer/item/ItemModel	0	0
net/minecraft/client/telemetry/TelemetryProperty	179	190
	134	178
	135	179
	136	180
	139	182
	144	186
	145	187
	149	190
	23	25
	155	152
	28	26
	156	153
	29	27
	157	154
	30	28
	158	155
	31	29
	32	30
	160	156
	33	31
	34	32
	35	33
	163	158
	38	34
	39	35
	40	40
	169	163
	170	164
	43	42
	171	165
	44	47
	174	168
	47	53
	48	55
	51	56
	179	172
	52	57
	55	58
	56	59
	57	60
	58	61
	59	62
	60	63
	63	64
	64	65
	67	67
	68	70
	69	73
	70	76
	73	78
	74	79
	77	82
	81	86
	85	90
	89	94
	93	98
	97	103
	101	112
	105	117
	106	120
	107	121
	112	128
	113	129
	114	130
	116	132
	118	134
	121	137
	126	142
net/minecraft/client/particle/SuspendedTownParticle	127	134
	10	13
	12	14
	13	15
	14	16
	15	17
	16	18
	18	19
	20	20
	21	21
	22	22
	24	23
	25	24
	29	28
	34	33
	35	34
	36	35
	40	39
	41	40
	42	41
	44	42
	45	43
	46	50
	49	45
	50	46
	51	47
	52	48
	53	50
	59	128
	60	129
	64	134
	72	111
	73	112
	77	117
	78	118
	79	119
	87	57
	88	58
	92	63
	93	64
	94	65
	95	66
	103	75
	104	76
	108	81
	109	82
	110	83
	111	84
	112	85
	120	94
	121	95
	125	100
	126	101
	127	102
net/minecraft/client/renderer/item/properties/numeric/package-info	0	0
net/minecraft/client/model/animal/fox/FoxModel	199	164
	20	21
	37	35
	38	36
	39	37
	40	38
	41	39
	42	40
	43	41
	44	42
	45	43
	48	46
	49	47
	51	48
	52	49
	53	49
	54	49
	56	51
	57	51
	58	51
	61	52
	62	52
	63	52
	66	53
	67	53
	68	53
	72	54
	73	56
	74	56
	75	57
	77	59
	78	60
	79	60
	80	61
	81	61
	83	62
	85	63
	86	64
	87	65
	88	66
	89	68
	90	68
	91	69
	94	71
	99	75
	101	76
	102	77
	103	78
	104	79
	105	80
	106	81
	108	82
	110	83
	111	84
	112	85
	113	86
	115	87
	117	88
	118	89
	119	90
	120	91
	121	92
	122	93
	123	94
	124	95
	125	96
	126	97
	127	98
	128	99
	130	102
	131	103
	132	104
	133	105
	135	106
	136	107
	137	108
	138	109
	139	110
	140	111
	141	112
	142	113
	143	114
	144	115
	146	116
	147	117
	149	118
	150	119
	151	120
	153	122
	154	123
	157	126
	158	127
	159	128
	160	129
	161	130
	162	131
	164	132
	165	133
	168	136
	169	137
	170	138
	174	141
	175	142
	176	143
	177	144
	181	147
	182	148
	183	149
	184	150
	185	151
	186	152
	187	153
	191	156
	192	157
	193	158
	194	159
	195	160
	196	161
	197	162
	199	164
net/minecraft/client/gui/font/ActiveArea	0	0
net/minecraft/client/resources/model/MaterialSet	0	0
com/mojang/blaze3d/audio/Library	345	321
	256	163
	260	167
	261	168
	262	169
	264	172
	265	173
	267	176
	271	180
	272	181
	273	182
	275	185
	276	186
	281	190
	282	191
	283	192
	285	195
	286	196
	288	199
	289	200
	291	203
	292	204
	295	206
	40	30
	299	211
	301	212
	302	212
	305	212
	309	216
	310	217
	312	218
	313	219
	314	220
	316	222
	319	225
	66	40
	323	229
	71	45
	327	233
	328	234
	330	236
	76	50
	333	240
	80	54
	337	250
	338	251
	339	251
	85	59
	341	251
	345	255
	94	277
	95	278
	99	282
	100	283
	101	284
	103	287
	106	289
	107	290
	108	291
	111	294
	116	300
	117	301
	119	304
	120	305
	125	310
	126	311
	127	312
	131	316
	136	321
	140	62
	141	63
	146	67
	147	68
	150	71
	151	72
	153	73
	154	74
	155	75
	158	78
	159	79
	162	82
	163	83
	164	84
	167	87
	168	88
	171	91
	173	92
	174	93
	175	94
	177	95
	178	96
	180	97
	181	98
	183	99
	185	100
	187	103
	189	104
	190	105
	192	108
	193	109
	197	110
	198	111
	201	114
	202	115
	204	116
	205	117
	206	118
	208	119
	213	122
	215	123
	219	127
	220	128
	221	129
	222	130
	225	133
	226	134
	227	135
	228	136
	231	139
	232	141
	233	142
	234	143
	237	147
	239	148
	240	149
	244	154
	248	158
	249	159
	254	162
net/minecraft/client/renderer/entity/layers/DrownedOuterLayer	29	29
	20	21
	21	22
	22	23
	23	24
	27	27
	28	28
	29	29
	14	16
net/minecraft/client/gui/spectator/PlayerMenuItem	37	40
	16	19
	32	35
	17	20
	33	36
	18	21
	37	40
	22	25
	23	26
	27	30
net/minecraft/client/particle/GustParticle	63	69
	32	34
	33	35
	34	39
	36	37
	37	39
	43	46
	12	14
	44	47
	13	15
	14	16
	15	17
	16	18
	48	52
	17	19
	18	20
	22	24
	56	61
	57	62
	27	29
	61	67
	62	68
	63	69
net/minecraft/client/resources/sounds/RidingMinecartSoundInstance	34	36
	16	18
	17	19
	18	20
	34	36
	19	21
	20	22
	24	26
	29	31
net/minecraft/client/resources/sounds/BeeSoundInstance	80	70
	66	60
	67	60
	69	60
	75	65
	80	70
	18	20
	19	21
	20	22
	21	23
	22	24
	23	25
	24	26
	25	27
	26	28
	30	32
	31	33
	33	34
	34	35
	37	38
	38	51
	39	53
	42	39
	43	40
	44	41
	46	42
	47	43
	48	44
	50	45
	52	47
	53	48
	55	53
	58	56
	59	56
	61	56
net/minecraft/client/renderer/debug/package-info	0	0
net/minecraft/client/gui/components/CommandSuggestions	577	592
	512	520
	513	523
	514	524
	515	525
	517	528
	518	529
	519	530
	520	531
	521	532
	523	533
	526	535
	530	540
	531	541
	532	542
	533	543
	534	544
	535	545
	536	546
	538	552
	541	555
	543	556
	544	557
	546	560
	547	561
	550	564
	551	565
	553	567
	554	568
	556	570
	559	573
	560	574
	561	575
	562	576
	51	53
	563	577
	564	578
	53	54
	565	579
	54	55
	566	580
	55	57
	567	581
	568	582
	571	585
	572	586
	573	587
	574	588
	575	590
	577	592
	79	82
	80	83
	81	84
	82	85
	83	86
	84	87
	85	88
	86	89
	87	90
	88	91
	90	92
	91	93
	94	96
	95	97
	96	98
	98	100
	101	103
	102	104
	105	107
	107	108
	108	109
	109	112
	110	116
	111	117
	113	113
	117	121
	121	125
	125	129
	126	130
	127	131
	128	132
	129	134
	130	135
	133	138
	134	139
	135	140
	138	143
	141	146
	145	150
	146	151
	147	152
	149	153
	152	155
	153	156
	155	157
	161	162
	162	163
	166	166
	167	167
	168	168
	170	169
	171	170
	172	172
	173	173
	174	176
	176	174
	179	180
	180	181
	184	185
	186	186
	187	187
	190	190
	191	191
	192	192
	195	195
	196	196
	197	197
	198	198
	199	199
	201	202
	203	203
	204	204
	205	205
	207	206
	208	207
	211	210
	213	211
	214	212
	215	213
	216	214
	217	217
	219	215
	220	217
	223	220
	224	221
	225	222
	226	223
	228	225
	231	228
	232	229
	235	232
	237	233
	238	235
	239	236
	242	239
	246	243
	247	244
	248	245
	249	246
	251	247
	255	251
	257	252
	258	253
	259	254
	260	256
	261	257
	262	258
	263	259
	265	261
	268	265
	269	266
	271	269
	272	270
	276	274
	277	275
	279	276
	280	276
	282	276
	283	277
	288	280
	289	281
	290	282
	292	284
	295	287
	296	288
	297	289
	298	294
	299	295
	300	296
	302	298
	303	299
	304	300
	305	301
	309	305
	310	306
	311	307
	312	308
	313	309
	315	311
	319	316
	320	316
	322	316
	327	320
	328	320
	331	320
	336	324
	337	325
	338	326
	340	327
	341	329
	342	330
	343	331
	346	334
	347	335
	350	339
	351	340
	354	341
	355	342
	356	343
	358	347
	359	348
	360	349
	361	350
	362	351
	363	352
	364	353
	367	357
	368	358
	372	362
	373	363
	375	365
	378	368
	379	369
	380	370
	382	372
	386	377
	387	379
	388	380
	389	381
	390	382
	391	383
	393	385
	396	388
	397	388
	399	388
	413	403
	414	404
	415	407
	416	408
	417	409
	418	410
	419	411
	420	412
	423	415
	424	416
	425	417
	426	418
	427	419
	428	420
	430	421
	431	422
	434	425
	435	426
	436	427
	437	434
	438	435
	439	436
	440	437
	444	442
	445	443
	446	444
	447	445
	453	453
	454	455
	455	456
	456	457
	457	460
	458	461
	459	462
	461	465
	463	468
	466	473
	467	474
	468	475
	469	476
	473	480
	474	481
	476	483
	479	486
	480	487
	483	490
	484	491
	485	492
	486	493
	489	496
	493	500
	494	501
	496	502
	497	503
	498	504
	501	506
	505	511
	506	512
	507	513
	508	514
	509	517
	510	518
	511	519
net/minecraft/client/gui/screens/multiplayer/SafetyScreen	46	44
	32	32
	34	35
	35	36
	37	37
	38	37
	40	38
	13	15
	45	43
	14	16
	46	44
	15	17
	16	18
	21	22
	22	23
	23	24
	27	28
	28	29
	29	29
	30	30
	31	31
net/minecraft/client/model/object/leash/LeashKnotModel	32	28
	32	28
	18	20
	19	21
	20	22
	23	25
	24	26
	26	27
	27	27
	28	27
net/minecraft/client/renderer/block/LiquidBlockRenderer	370	339
	34	38
	35	39
	36	40
	37	41
	38	42
	39	43
	42	46
	46	50
	47	51
	48	52
	49	53
	50	54
	51	55
	53	57
	54	58
	58	63
	64	67
	68	71
	72	75
	73	76
	74	77
	76	78
	77	79
	78	80
	79	81
	81	82
	82	83
	83	84
	84	85
	85	86
	86	87
	87	88
	88	89
	89	90
	90	91
	91	92
	92	93
	94	94
	95	95
	97	96
	98	97
	99	98
	100	99
	102	100
	103	281
	106	101
	107	102
	108	103
	109	104
	111	105
	118	106
	119	111
	120	112
	121	113
	122	114
	123	115
	125	117
	126	118
	127	119
	128	120
	130	121
	131	122
	132	123
	133	124
	136	127
	137	128
	138	129
	140	130
	141	131
	143	132
	145	133
	146	134
	147	135
	148	136
	159	137
	160	146
	161	147
	162	148
	163	149
	164	150
	165	151
	166	152
	167	153
	168	154
	170	156
	171	157
	172	158
	173	159
	174	160
	175	161
	176	162
	177	163
	178	164
	179	165
	180	166
	181	167
	184	170
	185	171
	186	172
	187	173
	189	174
	190	175
	191	176
	192	177
	194	178
	196	179
	197	180
	198	181
	199	182
	203	186
	204	187
	205	188
	206	189
	207	190
	209	191
	210	192
	211	193
	212	194
	214	195
	215	196
	216	197
	217	198
	220	201
	222	203
	231	211
	233	213
	234	214
	235	215
	236	216
	237	217
	238	218
	239	219
	240	220
	242	222
	243	223
	244	224
	245	225
	246	226
	247	227
	248	228
	249	229
	251	231
	252	232
	253	233
	254	234
	255	235
	256	236
	257	237
	258	238
	260	240
	261	241
	262	242
	263	243
	264	244
	265	245
	266	246
	270	249
	272	250
	274	251
	276	252
	277	253
	278	254
	279	255
	283	259
	284	260
	286	261
	287	262
	288	263
	290	264
	292	265
	293	266
	294	267
	296	268
	297	269
	298	270
	299	271
	301	272
	302	273
	303	274
	304	275
	305	276
	309	281
	312	284
	313	300
	315	285
	316	286
	317	287
	318	288
	319	289
	321	292
	323	295
	324	296
	325	297
	326	298
	330	305
	331	306
	332	307
	333	308
	334	309
	335	310
	337	312
	340	315
	341	316
	345	320
	346	321
	347	322
	348	322
	350	322
	351	324
	352	324
	354	324
	358	329
	359	330
	362	333
	363	334
	365	335
	366	336
	367	337
	368	338
	370	339
net/minecraft/client/sounds/ChunkedSampleByteBuf	51	51
	32	33
	33	34
	34	35
	37	38
	39	39
	40	40
	43	43
	44	44
	45	45
	46	46
	47	47
	19	20
	51	51
	20	21
	21	22
	25	26
	26	27
	27	28
	28	29
	31	32
net/minecraft/client/renderer/entity/layers/BlockDecorationLayer	64	62
	64	62
	34	36
	35	37
	36	62
	39	38
	40	39
	41	40
	43	41
	45	42
	47	43
	48	44
	50	47
	51	48
	53	51
	54	52
	55	53
	56	54
	58	56
	27	29
	28	30
	29	31
	61	59
	30	32
	63	60
net/minecraft/client/renderer/entity/state/WitchRenderState	0	0
com/mojang/realmsclient/dto/Exclude	0	0
net/minecraft/client/gui/screens/inventory/ContainerScreen	38	38
	34	34
	35	35
	36	36
	37	37
	38	38
	11	14
	16	18
	18	19
	19	20
	20	21
	22	22
	23	23
	24	24
	28	28
	29	29
	30	30
net/minecraft/client/gui/components/debugchart/PingDebugChart	34	35
	34	35
	19	20
	20	21
	24	25
	29	30
	14	15
	15	16
net/minecraft/client/renderer/entity/layers/PhantomEyesLayer	19	22
	19	22
	11	14
	14	17
	15	18
net/minecraft/realms/RepeatedNarrator	38	41
	16	18
	17	19
	20	22
	36	39
	21	24
	37	40
	22	26
	38	41
	24	25
	26	28
	27	29
	29	31
com/mojang/blaze3d/platform/WindowEventHandler	0	0
net/minecraft/client/resources/model/AtlasManager	217	216
	128	127
	129	128
	131	136
	132	130
	133	131
	134	132
	136	134
	138	136
	140	137
	141	139
	142	139
	146	143
	147	144
	148	145
	149	148
	150	149
	151	150
	152	151
	153	153
	154	154
	155	155
	29	34
	31	35
	159	159
	160	161
	39	43
	167	189
	168	190
	169	191
	170	192
	179	176
	180	177
	183	180
	184	181
	57	59
	58	60
	59	61
	60	62
	61	63
	62	64
	64	67
	65	68
	195	167
	68	71
	196	168
	69	72
	70	73
	72	75
	76	80
	77	81
	205	204
	206	205
	207	206
	80	84
	208	207
	81	85
	211	210
	212	211
	85	89
	213	212
	86	90
	87	91
	88	92
	89	93
	217	216
	93	97
	94	98
	95	99
	98	101
	99	102
	100	103
	101	104
	103	106
	108	112
	109	113
	110	114
	111	115
	113	116
	115	117
	116	118
	117	119
	118	120
	119	121
	121	122
	123	123
	124	124
net/minecraft/client/gui/render/pip/GuiSignRenderer	43	42
	32	32
	33	33
	35	34
	36	35
	21	22
	37	36
	22	23
	38	37
	23	24
	39	38
	27	28
	43	42
net/minecraft/client/resources/language/LanguageManager	91	84
	64	60
	65	61
	69	65
	71	66
	73	67
	75	68
	76	69
	79	72
	80	73
	83	76
	87	80
	24	26
	25	27
	91	84
	32	33
	33	34
	34	35
	37	38
	39	39
	41	41
	42	42
	44	43
	46	45
	47	46
	49	48
	51	49
	56	53
	57	54
	58	55
	59	56
	61	57
	62	58
	63	59
net/minecraft/client/gui/screens/inventory/DispenserScreen	34	37
	32	35
	33	36
	34	37
	11	14
	14	17
	15	18
	19	22
	20	23
	21	24
	25	28
	26	29
	27	30
	31	34
com/mojang/realmsclient/client/worldupload/RealmsWorldUploadStatusTracker	21	24
	16	19
	21	24
	11	14
net/minecraft/client/multiplayer/ClientChunkCache	297	292
	257	251
	260	254
	261	255
	262	257
	263	258
	264	259
	265	260
	266	261
	267	262
	268	263
	271	266
	274	269
	278	273
	283	277
	284	278
	285	280
	286	281
	287	282
	288	283
	33	35
	289	284
	290	285
	294	289
	295	290
	41	42
	297	292
	42	43
	43	44
	44	45
	45	46
	49	49
	53	53
	54	54
	56	57
	57	58
	61	62
	62	69
	64	63
	65	64
	66	65
	67	66
	69	69
	73	72
	74	73
	75	74
	76	75
	80	79
	81	79
	83	79
	88	83
	92	87
	93	88
	94	98
	96	90
	98	91
	99	92
	100	93
	102	95
	104	98
	107	103
	108	104
	109	105
	111	108
	113	109
	114	110
	115	111
	117	112
	118	113
	119	114
	121	116
	122	117
	124	120
	125	121
	130	125
	133	128
	134	129
	135	130
	138	133
	139	134
	141	135
	142	136
	143	137
	144	138
	145	140
	146	141
	147	142
	148	143
	149	144
	150	145
	154	150
	156	152
	160	155
	165	159
	170	163
	175	167
	176	168
	179	171
	184	175
	185	176
	197	189
	198	190
	199	191
	200	192
	203	195
	207	199
	208	200
	209	201
	210	202
	211	203
	214	206
	215	207
	216	208
	218	210
	221	213
	222	214
	223	215
	225	218
	226	219
	229	222
	230	230
	232	223
	233	224
	234	225
	235	226
	236	227
	238	230
	241	233
	242	235
	243	236
	244	237
	246	239
	249	242
	250	244
	251	245
	252	246
	253	247
	254	248
net/minecraft/client/renderer/entity/LivingEntityRenderer	345	328
	258	253
	263	257
	265	258
	266	259
	268	260
	269	261
	271	262
	272	263
	273	264
	274	265
	277	268
	278	269
	279	270
	281	272
	282	273
	284	276
	285	277
	287	279
	290	282
	291	283
	292	284
	293	285
	294	286
	295	287
	298	290
	299	291
	300	292
	301	293
	302	294
	303	295
	48	51
	49	52
	305	296
	50	53
	51	54
	52	55
	308	297
	309	298
	310	299
	55	58
	311	300
	313	302
	314	303
	60	63
	316	304
	317	305
	320	307
	65	67
	66	68
	67	69
	68	70
	324	311
	70	72
	326	312
	327	313
	328	314
	75	77
	331	317
	332	318
	77	78
	78	79
	334	319
	79	80
	335	320
	80	81
	336	321
	81	82
	338	322
	339	323
	85	86
	86	87
	342	326
	88	88
	345	328
	92	89
	93	90
	96	91
	98	92
	99	93
	101	94
	102	95
	103	96
	104	97
	105	98
	106	99
	109	104
	111	105
	112	107
	113	108
	117	114
	118	115
	119	116
	122	119
	126	123
	132	129
	133	130
	134	131
	136	132
	137	133
	139	135
	140	135
	142	135
	146	140
	150	144
	154	148
	156	150
	158	152
	160	154
	162	156
	164	158
	169	163
	173	167
	175	168
	178	171
	179	172
	181	175
	182	176
	183	177
	184	178
	185	179
	187	182
	188	183
	189	184
	190	185
	191	186
	192	187
	193	188
	194	189
	195	190
	196	191
	197	192
	198	193
	199	194
	201	196
	204	199
	208	203
	212	207
	216	210
	217	211
	218	212
	219	213
	223	217
	224	218
	225	219
	226	220
	227	221
	228	222
	229	223
	230	224
	231	225
	233	227
	235	229
	237	231
	239	233
	241	235
	244	240
	248	244
	249	245
	253	249
net/minecraft/client/model/animal/nautilus/package-info	0	0
com/mojang/blaze3d/platform/SourceFactor	0	0
net/minecraft/client/resources/model/UnbakedGeometry	7	10
	7	10
net/minecraft/client/renderer/ShaderDefines	94	104
	64	73
	67	76
	68	77
	70	80
	71	81
	75	85
	79	89
	16	16
	80	90
	18	18
	19	19
	20	20
	84	94
	21	22
	85	95
	24	26
	89	99
	90	100
	28	30
	29	31
	30	34
	94	104
	31	35
	33	38
	34	39
	35	40
	36	41
	37	42
	38	43
	39	44
	43	48
	44	50
	45	51
	46	52
	47	53
	49	56
	50	57
	52	60
	56	64
	60	69
	61	70
net/minecraft/client/animation/definitions/WardenAnimation	619	829
	13	12
	14	13
	15	17
	16	18
	17	19
	18	20
	19	21
	20	22
	21	23
	22	24
	23	25
	24	26
	25	27
	26	28
	27	29
	28	30
	29	31
	30	32
	32	35
	33	39
	34	40
	35	41
	36	42
	37	43
	38	44
	39	45
	40	46
	41	47
	42	48
	43	49
	44	50
	45	51
	46	52
	47	53
	48	54
	49	55
	51	58
	52	62
	53	63
	54	64
	55	65
	56	66
	57	67
	58	68
	59	69
	60	70
	61	71
	62	72
	63	73
	64	74
	65	75
	66	76
	67	77
	68	78
	69	79
	71	82
	72	86
	73	87
	74	88
	75	89
	76	90
	77	91
	78	92
	79	93
	80	94
	81	95
	82	96
	83	97
	84	98
	85	99
	86	100
	87	101
	88	102
	90	105
	91	109
	92	110
	93	111
	94	112
	95	113
	96	114
	97	115
	98	116
	99	117
	100	118
	101	119
	102	120
	103	121
	104	122
	105	123
	106	124
	107	125
	108	126
	109	127
	111	130
	112	134
	113	135
	114	136
	115	137
	116	138
	117	139
	118	140
	119	141
	120	142
	121	143
	122	144
	123	145
	124	146
	125	147
	126	148
	127	149
	128	150
	130	153
	131	157
	132	158
	133	159
	134	160
	135	161
	136	162
	137	163
	138	164
	139	165
	140	166
	141	167
	142	168
	143	169
	144	170
	145	171
	146	172
	147	173
	148	174
	149	175
	150	176
	151	177
	152	178
	154	181
	155	185
	156	186
	157	187
	158	188
	159	189
	160	190
	161	191
	162	192
	163	193
	164	194
	165	195
	166	196
	167	197
	168	198
	169	199
	170	200
	171	201
	172	202
	173	203
	175	206
	176	210
	177	211
	178	212
	179	213
	180	214
	181	215
	182	216
	183	217
	184	218
	185	219
	186	220
	188	223
	189	227
	190	228
	191	229
	192	230
	193	231
	194	232
	195	233
	196	234
	197	235
	198	236
	199	237
	200	238
	201	239
	202	240
	203	241
	204	242
	205	243
	207	246
	208	250
	209	251
	210	252
	211	253
	212	254
	213	255
	214	256
	215	257
	216	258
	217	259
	218	260
	219	261
	221	264
	222	268
	223	269
	224	270
	225	271
	226	272
	227	273
	228	274
	229	275
	230	276
	231	277
	232	278
	233	279
	234	280
	235	281
	236	282
	238	285
	240	286
	241	287
	242	291
	243	292
	244	293
	245	294
	246	295
	247	296
	248	297
	249	298
	250	299
	251	300
	252	301
	253	302
	254	303
	255	304
	256	305
	257	306
	258	307
	259	308
	260	309
	262	312
	263	316
	264	317
	265	318
	266	319
	267	320
	268	321
	269	322
	270	323
	271	324
	272	325
	273	326
	275	329
	276	333
	277	334
	278	335
	279	336
	280	337
	281	338
	282	339
	284	342
	285	346
	286	347
	288	350
	289	354
	290	355
	291	356
	292	357
	293	358
	294	359
	295	360
	296	361
	297	362
	298	363
	300	366
	301	370
	302	371
	303	372
	304	373
	305	374
	307	377
	308	381
	309	382
	310	383
	311	384
	312	385
	313	386
	314	387
	315	388
	316	389
	317	390
	318	391
	319	392
	321	395
	322	399
	323	400
	324	401
	325	402
	326	403
	327	404
	328	405
	329	406
	331	409
	332	413
	333	414
	334	415
	335	416
	336	417
	337	418
	338	419
	339	420
	340	421
	342	424
	343	428
	344	429
	345	430
	346	431
	347	432
	348	433
	349	434
	350	435
	352	438
	353	442
	354	443
	355	444
	356	445
	357	446
	358	447
	359	448
	360	449
	361	450
	363	453
	364	457
	365	458
	366	459
	367	460
	368	461
	369	462
	370	463
	371	464
	373	467
	375	468
	376	469
	377	473
	378	474
	379	475
	380	476
	381	477
	382	478
	383	479
	384	480
	386	483
	387	487
	388	488
	389	489
	390	490
	391	491
	393	494
	394	498
	395	499
	396	500
	397	501
	398	502
	399	503
	400	504
	401	505
	403	508
	404	512
	405	513
	406	514
	407	515
	408	516
	409	517
	411	520
	412	524
	413	525
	414	526
	415	527
	416	528
	417	529
	418	530
	420	533
	421	537
	422	538
	423	539
	424	540
	425	541
	427	544
	428	548
	429	549
	430	550
	431	551
	432	552
	433	553
	434	554
	436	557
	437	561
	438	562
	439	563
	440	564
	441	565
	443	568
	445	569
	446	570
	447	574
	448	575
	449	576
	450	577
	451	578
	452	579
	454	582
	455	586
	456	587
	457	588
	458	589
	459	590
	460	591
	461	592
	462	593
	463	594
	465	597
	466	601
	467	602
	468	603
	469	604
	470	605
	472	608
	473	612
	474	613
	475	614
	476	615
	477	616
	479	619
	481	620
	482	621
	483	625
	484	626
	485	627
	486	628
	488	631
	489	635
	490	636
	491	637
	492	638
	494	641
	495	645
	496	646
	497	647
	498	648
	500	651
	501	655
	502	656
	503	657
	504	658
	506	661
	507	665
	508	666
	509	667
	510	668
	512	671
	513	675
	514	676
	515	677
	516	678
	518	681
	519	685
	520	686
	521	687
	522	688
	524	691
	525	695
	526	696
	527	697
	528	698
	530	701
	532	702
	533	703
	534	707
	535	708
	536	709
	537	710
	538	711
	539	712
	540	713
	541	714
	543	717
	544	721
	545	722
	546	723
	547	724
	548	725
	549	726
	551	729
	552	733
	553	734
	554	735
	555	736
	556	737
	557	738
	559	741
	560	745
	561	746
	562	747
	563	748
	564	749
	565	750
	567	753
	568	757
	569	758
	570	759
	571	760
	572	761
	573	762
	574	763
	576	766
	577	770
	578	771
	579	772
	580	773
	581	774
	583	777
	584	781
	585	782
	586	783
	587	784
	588	785
	589	786
	590	787
	591	788
	592	789
	593	790
	595	793
	596	797
	597	798
	598	799
	599	800
	601	803
	602	807
	603	808
	604	809
	605	810
	606	811
	607	812
	608	813
	609	814
	610	815
	611	816
	613	819
	614	823
	615	824
	616	825
	617	826
	619	829
net/minecraft/client/renderer/Sheets	246	234
	29	32
	30	33
	31	34
	32	35
	33	36
	34	37
	35	38
	36	39
	37	40
	38	41
	39	42
	40	43
	42	44
	43	45
	44	46
	45	47
	46	48
	47	49
	48	50
	49	51
	51	52
	52	53
	53	54
	54	55
	56	56
	57	57
	58	58
	60	59
	61	60
	62	61
	63	62
	64	63
	65	64
	66	65
	67	66
	69	67
	70	68
	72	72
	74	73
	76	75
	77	76
	82	79
	84	81
	87	82
	88	83
	90	84
	92	88
	94	89
	95	90
	96	91
	97	92
	98	93
	99	94
	100	95
	101	96
	102	97
	103	98
	104	99
	105	100
	106	101
	107	102
	108	103
	109	104
	110	105
	111	106
	112	107
	113	108
	114	109
	117	112
	121	116
	125	120
	129	124
	133	128
	137	132
	141	136
	145	140
	149	144
	153	148
	157	152
	161	156
	165	160
	169	164
	173	168
	177	172
	181	176
	185	180
	189	184
	193	188
	197	192
	201	196
	205	200
	209	204
	213	208
	214	208
	216	208
	220	212
	221	213
	223	214
	225	215
	227	216
	229	217
	231	219
	233	221
	234	222
	239	227
	241	229
	243	231
	246	234
net/minecraft/client/resources/sounds/RidingEntitySoundInstance	72	70
	66	63
	67	64
	68	65
	70	67
	72	70
	18	21
	19	22
	20	23
	21	24
	22	25
	23	26
	24	27
	26	28
	27	29
	28	30
	29	31
	30	32
	34	36
	39	41
	43	45
	47	49
	51	53
	56	58
	57	59
	58	70
	61	60
	62	61
	63	70
com/mojang/realmsclient/gui/screens/RealmsParentalConsentScreen	63	64
	32	35
	33	36
	34	37
	35	38
	36	39
	37	39
	40	39
	42	40
	43	42
	44	44
	45	45
	17	21
	49	49
	50	50
	54	54
	55	55
	25	28
	57	58
	26	29
	58	59
	27	30
	59	60
	31	34
	63	64
com/mojang/blaze3d/pipeline/MainTarget	127	130
	17	18
	20	21
	22	22
	23	23
	26	26
	27	27
	28	31
	31	28
	32	29
	33	33
	36	36
	38	38
	39	39
	40	40
	41	41
	43	44
	44	45
	45	46
	47	49
	48	50
	49	51
	51	54
	52	55
	53	56
	56	59
	57	60
	59	61
	60	62
	61	63
	62	64
	66	70
	71	79
	72	80
	73	81
	79	87
	80	88
	81	89
	90	99
	91	100
	92	101
	95	104
	97	105
	98	106
	99	108
	101	107
	110	113
	111	114
	113	115
	114	119
	116	116
	117	117
	122	125
	127	130
net/minecraft/client/gui/components/ContainerObjectSelectionList	196	200
	131	126
	136	131
	137	132
	139	135
	140	136
	142	139
	143	140
	147	144
	23	25
	151	148
	24	26
	152	149
	154	152
	155	153
	28	30
	30	31
	32	32
	160	158
	33	35
	161	159
	34	36
	162	162
	35	37
	163	160
	164	161
	166	164
	39	40
	167	165
	40	41
	41	42
	169	168
	170	170
	43	43
	171	171
	172	172
	45	46
	173	173
	46	47
	174	174
	49	49
	50	50
	51	51
	179	179
	54	53
	55	54
	56	55
	57	57
	185	185
	186	186
	187	187
	188	188
	61	61
	189	189
	63	65
	191	192
	64	66
	192	193
	65	67
	194	198
	67	70
	68	71
	196	200
	69	73
	73	33
	78	79
	79	85
	81	80
	82	81
	83	82
	85	85
	89	89
	91	89
	93	89
	98	94
	103	99
	104	100
	105	101
	106	102
	107	103
	108	104
	110	106
	121	116
	126	121
	127	122
net/minecraft/client/renderer/entity/state/MinecartTntRenderState	4	8
	4	8
net/minecraft/client/renderer/item/ModelRenderProperties	30	23
	17	15
	19	16
	20	16
	22	16
	27	20
	28	21
	29	22
	30	23
net/minecraft/client/gui/components/toasts/NowPlayingToast	129	123
	128	122
	65	62
	129	123
	68	65
	69	65
	71	65
	75	69
	76	70
	77	71
	78	72
	17	18
	18	19
	82	76
	83	77
	84	78
	86	80
	24	25
	90	84
	91	85
	29	29
	95	89
	96	90
	36	33
	100	94
	39	36
	40	37
	104	98
	43	40
	44	41
	45	42
	109	103
	46	43
	47	44
	48	45
	50	47
	114	108
	53	50
	119	113
	57	54
	58	55
	59	56
	60	57
	124	118
	61	58
	62	59
net/minecraft/client/gui/components/debug/DebugEntryBiome	44	41
	32	29
	33	31
	34	31
	35	31
	38	34
	41	38
	44	41
	18	20
	22	24
	23	25
	25	26
	26	38
	29	27
	31	28
net/minecraft/client/renderer/entity/AbstractMinecartRenderer	186	181
	24	26
	30	31
	31	32
	32	33
	33	34
	37	37
	39	38
	41	39
	43	40
	44	41
	45	42
	47	43
	49	44
	50	45
	52	47
	55	50
	56	51
	57	52
	60	55
	61	56
	62	57
	64	58
	65	59
	66	60
	67	61
	69	62
	72	65
	73	66
	74	76
	75	77
	78	80
	79	81
	81	82
	82	83
	85	86
	86	87
	87	88
	89	89
	90	90
	92	91
	93	92
	94	93
	95	94
	97	95
	98	96
	99	97
	100	98
	101	99
	104	103
	106	104
	107	105
	108	106
	112	109
	114	110
	115	111
	116	112
	117	113
	118	114
	119	115
	122	118
	123	119
	125	120
	126	121
	127	122
	129	123
	130	124
	131	125
	134	130
	135	131
	136	132
	137	133
	139	135
	140	136
	141	137
	143	139
	146	144
	147	145
	148	146
	150	147
	151	148
	152	149
	153	150
	154	151
	155	152
	156	153
	157	154
	158	155
	159	156
	161	158
	162	159
	163	160
	165	162
	168	165
	169	166
	173	169
	174	170
	175	170
	177	170
	182	174
	183	175
	184	176
	186	181
net/minecraft/client/gui/render/state/GuiItemRenderState	84	88
	67	71
	71	75
	75	79
	79	83
	84	88
	22	26
	23	27
	24	28
	25	29
	26	30
	27	31
	28	32
	29	33
	30	34
	33	37
	34	38
	35	39
	36	40
	37	44
	38	45
	39	46
	40	47
	41	48
	42	49
	43	50
	45	41
	50	54
	51	55
	55	59
	59	63
	63	67
net/minecraft/client/gui/font/providers/UnihexProvider	476	494
	38	40
	53	50
	54	51
	58	55
	63	60
	67	449
	68	450
	69	451
	70	452
	71	454
	73	456
	74	457
	75	458
	77	459
	89	270
	90	271
	91	271
	92	273
	94	275
	97	278
	101	282
	106	286
	111	290
	116	197
	117	198
	118	199
	119	201
	125	207
	126	208
	127	209
	131	213
	136	218
	140	222
	141	223
	146	228
	147	229
	149	231
	151	233
	152	234
	153	235
	154	236
	155	237
	160	241
	162	243
	163	244
	164	245
	165	246
	166	248
	167	249
	168	250
	169	251
	174	256
	175	257
	176	258
	177	259
	178	260
	179	261
	181	262
	192	420
	193	422
	194	423
	196	426
	200	430
	201	431
	205	434
	207	435
	208	436
	210	438
	211	439
	213	442
	219	65
	220	66
	222	68
	223	69
	224	73
	226	70
	227	71
	230	76
	233	79
	234	80
	235	81
	237	83
	242	171
	246	175
	247	176
	248	178
	249	179
	250	180
	251	181
	252	182
	254	185
	259	190
	266	473
	270	477
	271	478
	272	480
	273	481
	274	482
	275	483
	276	484
	277	485
	278	486
	280	489
	285	494
	294	367
	298	371
	299	372
	300	373
	301	375
	302	376
	303	377
	304	378
	305	379
	306	380
	307	381
	308	382
	309	383
	310	384
	312	387
	316	391
	317	392
	318	393
	319	395
	320	396
	321	397
	322	398
	323	399
	324	400
	325	401
	326	402
	327	403
	328	404
	329	405
	330	406
	332	409
	338	298
	343	303
	346	306
	351	311
	356	316
	363	323
	366	328
	371	333
	376	338
	381	343
	382	344
	383	345
	384	346
	385	349
	386	350
	391	354
	404	87
	406	88
	408	91
	409	92
	410	93
	415	97
	416	98
	418	101
	419	103
	420	104
	423	107
	424	108
	425	109
	426	111
	427	112
	428	113
	429	114
	430	115
	432	117
	435	120
	436	121
	437	122
	439	94
	442	127
	446	131
	447	132
	448	133
	449	134
	450	135
	451	136
	452	137
	453	138
	454	139
	455	140
	456	141
	457	143
	458	144
	459	145
	460	146
	461	147
	462	148
	464	142
	470	154
	471	155
	472	156
	473	159
	474	160
	476	163
net/minecraft/client/renderer/blockentity/LecternRenderer	60	70
	33	34
	38	44
	39	45
	40	46
	41	47
	45	50
	46	70
	49	51
	50	52
	52	53
	53	54
	55	55
	57	56
	27	29
	59	68
	28	30
	60	70
	29	31
net/minecraft/client/model/animal/cow/ColdCowModel	39	49
	32	39
	33	41
	34	42
	36	44
	37	46
	38	47
	39	49
	16	16
	17	17
	20	20
	21	22
	22	25
	23	27
	24	29
	25	31
	27	34
	28	36
	29	36
	30	37
net/minecraft/client/renderer/entity/state/VillagerRenderState	12	15
	12	15
net/minecraft/client/color/block/BlockColor	0	0
net/minecraft/client/renderer/debug/VillageSectionsDebugRenderer	21	21
	17	17
	18	18
	19	19
	20	20
	21	21
net/minecraft/client/sounds/SoundEngineExecutor	76	73
	64	60
	65	61
	67	64
	68	65
	69	66
	71	68
	74	71
	75	72
	76	73
	15	16
	16	12
	17	17
	20	20
	21	21
	22	22
	23	24
	24	26
	25	27
	30	31
	35	35
	36	36
	38	38
	42	41
	47	45
	51	49
	52	50
	54	52
	59	55
	60	56
	63	59
net/minecraft/client/gui/components/Button	120	123
	67	77
	68	78
	69	79
	73	83
	77	87
	78	88
	18	20
	82	92
	83	93
	87	97
	88	98
	89	99
	94	25
	30	116
	31	117
	35	121
	36	122
	101	29
	37	123
	103	30
	104	31
	105	32
	109	36
	110	37
	114	41
	51	61
	52	62
	53	63
	119	46
	120	47
	56	66
	57	67
	58	68
	62	72
	63	73
net/minecraft/client/model/monster/nautilus/ZombieNautilusCoralModel	50	78
	32	41
	33	44
	35	49
	36	50
	37	55
	39	60
	40	61
	41	66
	43	71
	48	76
	49	77
	18	19
	50	78
	19	20
	20	21
	21	22
	24	25
	26	26
	28	30
	29	31
	30	36
net/minecraft/client/model/monster/vex/package-info	0	0
net/minecraft/client/renderer/entity/state/SnifferRenderState	0	0
net/minecraft/client/renderer/entity/LlamaSpitRenderer	49	55
	32	33
	34	43
	36	44
	37	45
	41	48
	46	52
	15	18
	47	53
	48	54
	49	55
	20	22
	21	23
	22	24
	26	29
	28	30
	29	31
	30	32
com/mojang/blaze3d/opengl/GlRenderPass	187	197
	129	128
	133	132
	137	136
	142	141
	143	144
	145	142
	146	146
	150	150
	151	151
	152	152
	25	24
	156	156
	157	157
	159	160
	160	161
	164	171
	165	172
	167	175
	168	176
	172	180
	173	181
	46	39
	47	40
	175	184
	48	41
	176	185
	51	44
	180	189
	181	190
	182	191
	56	49
	184	194
	57	50
	185	195
	59	53
	187	197
	60	54
	61	55
	65	59
	66	60
	68	63
	69	64
	71	67
	72	68
	73	69
	77	73
	78	74
	79	75
	81	78
	82	79
	86	83
	87	84
	89	86
	91	89
	92	90
	96	94
	97	95
	98	96
	102	100
	103	101
	104	102
	106	105
	107	106
	108	107
	112	111
	113	112
	117	116
	118	117
	121	120
	125	124
net/minecraft/client/gui/render/state/pip/PictureInPictureRenderState	29	32
	22	25
	28	31
	29	32
com/mojang/realmsclient/dto/RealmsSetting	22	21
	17	15
	18	16
	19	17
	22	21
	13	11
net/minecraft/client/model/AdultAndBabyModelPair	5	9
	5	9
net/minecraft/client/resources/model/BlockStateModelLoader	89	95
	64	66
	66	67
	70	72
	71	73
	72	75
	73	76
	74	77
	77	81
	83	89
	85	91
	86	92
	89	95
	31	33
	32	34
	35	37
	37	38
	38	38
	39	39
	40	41
	41	42
	42	43
	43	44
	44	45
	45	46
	46	47
	49	50
	50	51
	51	53
	52	54
	53	55
	54	56
	55	57
	56	58
	57	59
	62	64
	63	65
net/minecraft/client/gui/layouts/package-info	0	0
net/minecraft/client/renderer/texture/SpriteLoader	129	168
	129	168
	34	37
	40	42
	41	43
	42	44
	45	47
	49	51
	50	55
	52	56
	53	57
	55	59
	56	60
	57	61
	58	62
	59	63
	60	71
	65	75
	66	76
	69	78
	70	79
	71	80
	73	82
	76	85
	77	86
	78	87
	79	89
	80	90
	84	94
	85	95
	86	96
	87	97
	88	102
	89	105
	90	106
	94	109
	95	110
	96	111
	97	112
	99	114
	101	133
	102	129
	106	140
	107	142
	111	148
	112	149
	113	150
	114	151
	118	155
	120	156
	121	156
	124	157
net/minecraft/client/gui/layouts/Layout	27	23
	22	18
	23	19
	24	20
	26	22
	27	23
	12	14
	13	15
net/minecraft/client/renderer/item/properties/conditional/Damaged	20	23
	20	23
	11	14
	15	18
net/minecraft/client/model/monster/guardian/GuardianParticleModel	11	14
	10	13
	11	14
net/minecraft/client/resources/sounds/package-info	0	0
net/minecraft/client/model/object/chest/package-info	0	0
net/minecraft/client/multiplayer/chat/report/package-info	0	0
net/minecraft/client/model/monster/silverfish/SilverfishModel	105	89
	64	50
	66	52
	67	53
	68	54
	72	58
	73	60
	74	60
	75	61
	77	63
	78	65
	79	65
	80	66
	82	68
	83	70
	84	70
	21	21
	85	71
	88	73
	93	77
	30	22
	95	79
	96	80
	97	81
	100	84
	101	85
	102	86
	103	87
	104	88
	41	25
	105	89
	42	26
	43	27
	44	28
	47	31
	51	35
	55	39
	56	40
	58	41
	59	42
	60	44
	61	45
	62	47
	63	48
net/minecraft/client/data/models/blockstates/package-info	0	0
net/minecraft/client/gui/components/toasts/package-info	0	0
net/minecraft/client/renderer/entity/state/TippableArrowRenderState	0	0
net/minecraft/client/renderer/entity/EntityRenderers	220	238
	20	23
	25	64
	26	65
	27	66
	28	67
	29	68
	30	69
	31	70
	32	71
	33	72
	34	73
	35	74
	36	75
	37	76
	38	77
	39	78
	40	79
	41	80
	42	81
	43	82
	44	83
	45	84
	46	85
	47	86
	48	87
	49	88
	50	89
	51	90
	52	91
	53	92
	54	93
	55	94
	56	95
	57	96
	58	97
	59	98
	60	99
	61	100
	62	101
	63	102
	64	103
	65	104
	66	105
	67	106
	68	107
	69	108
	70	109
	71	110
	72	111
	73	112
	74	113
	75	114
	76	115
	77	116
	78	117
	79	118
	80	119
	81	120
	82	121
	83	122
	84	123
	85	124
	86	125
	87	128
	88	132
	89	133
	90	134
	91	135
	92	136
	93	137
	94	138
	95	139
	96	140
	97	141
	98	142
	99	143
	100	144
	101	145
	102	146
	103	147
	104	148
	105	149
	106	150
	107	151
	108	152
	109	153
	110	154
	111	155
	112	156
	113	157
	114	158
	115	159
	116	160
	117	161
	118	162
	119	163
	120	164
	121	165
	122	166
	123	167
	124	168
	125	169
	126	170
	127	173
	128	177
	129	179
	130	180
	131	181
	132	182
	133	183
	134	184
	135	185
	136	186
	137	187
	138	188
	139	189
	140	190
	141	191
	142	192
	143	193
	144	194
	145	195
	146	196
	147	197
	148	198
	149	199
	150	200
	151	201
	152	204
	153	206
	154	207
	155	208
	156	209
	157	210
	158	211
	159	212
	160	213
	161	214
	162	215
	163	216
	164	217
	165	218
	166	219
	167	220
	168	221
	169	222
	170	223
	171	224
	172	225
	173	226
	174	227
	175	228
	176	229
	177	230
	178	231
	179	235
	180	238
	183	27
	184	28
	187	31
	188	32
	190	34
	191	35
	192	36
	194	38
	195	39
	200	44
	204	45
	205	46
	210	51
	211	53
	212	54
	215	54
	216	55
	217	56
	220	60
net/minecraft/client/gui/screens/recipebook/OverlayRecipeComponent	305	303
	260	226
	261	227
	262	228
	263	229
	264	230
	267	233
	274	240
	275	241
	279	245
	281	246
	282	247
	284	249
	285	250
	287	251
	32	33
	288	252
	289	253
	291	254
	293	255
	295	257
	299	263
	300	264
	302	266
	305	269
	52	48
	53	49
	54	50
	57	53
	59	54
	60	55
	62	56
	63	57
	65	58
	66	59
	67	60
	68	61
	71	62
	72	63
	73	64
	74	65
	77	68
	78	69
	79	70
	80	71
	83	74
	84	75
	85	76
	86	77
	89	80
	91	81
	92	83
	93	84
	94	85
	96	86
	97	87
	98	88
	99	89
	101	92
	105	97
	106	98
	109	101
	113	105
	118	110
	119	111
	122	114
	123	115
	124	116
	125	117
	129	121
	134	126
	139	131
	140	142
	143	132
	144	133
	145	134
	147	135
	148	136
	150	138
	151	139
	153	142
	156	145
	157	146
	160	149
	166	154
	170	158
	174	276
	175	277
	176	278
	177	279
	180	284
	181	285
	184	288
	185	289
	186	290
	187	291
	190	295
	195	300
	196	301
	198	303
	204	163
	205	164
	206	165
	207	166
	213	173
	214	174
	217	177
	218	178
	219	179
	220	181
	222	182
	223	183
	224	184
	226	186
	228	189
	229	191
	230	193
	231	194
	232	195
	233	196
	241	204
	246	209
	247	210
	249	212
net/minecraft/client/multiplayer/ClientAdvancements	104	108
	66	69
	69	72
	72	75
	76	79
	77	80
	78	81
	80	84
	81	85
	82	86
	83	87
	86	90
	23	26
	89	93
	90	94
	91	95
	92	96
	93	97
	94	98
	95	99
	97	101
	98	102
	35	35
	36	36
	100	104
	37	37
	103	107
	40	40
	104	108
	41	41
	42	42
	45	45
	46	46
	47	48
	48	49
	49	50
	50	51
	51	52
	52	53
	53	54
	54	55
	56	58
	57	59
	58	60
	60	63
	61	64
	62	65
net/minecraft/client/particle/CritParticle	91	96
	68	72
	69	73
	73	78
	74	79
	11	14
	75	80
	12	15
	76	81
	13	16
	14	17
	15	18
	16	19
	17	20
	18	21
	19	22
	84	55
	21	23
	85	56
	22	24
	23	25
	24	26
	25	27
	89	61
	90	62
	27	28
	91	63
	29	29
	30	30
	31	31
	35	35
	40	40
	41	41
	42	42
	43	43
	47	47
	54	90
	55	91
	59	96
	60	96
net/minecraft/client/color/item/MapColor	37	34
	32	29
	17	19
	18	19
	19	19
	37	34
	22	23
	23	24
	27	28
	28	29
	29	29
net/minecraft/client/renderer/block/model/multipart/package-info	0	0
net/minecraft/client/renderer/GlobalSettingsUniform	55	46
	17	18
	18	18
	19	18
	20	18
	21	18
	22	18
	23	18
	24	18
	29	19
	33	22
	34	24
	35	25
	36	26
	37	27
	38	28
	39	29
	40	30
	41	31
	42	32
	43	33
	44	34
	45	35
	46	36
	47	37
	49	40
	50	41
	54	45
	55	46
net/minecraft/client/data/package-info	0	0
net/minecraft/client/input/package-info	0	0
net/minecraft/client/renderer/debug/LightSectionDebugRenderer	125	120
	23	25
	26	27
	27	28
	35	35
	36	36
	37	37
	41	41
	42	42
	43	43
	44	44
	47	49
	48	50
	50	51
	51	52
	52	53
	55	56
	56	57
	57	58
	58	59
	59	60
	60	61
	61	62
	64	65
	65	66
	66	67
	67	68
	68	69
	69	70
	70	71
	71	72
	72	73
	73	74
	76	77
	77	78
	78	79
	82	79
	84	80
	87	83
	88	84
	89	85
	90	86
	91	87
	92	88
	94	89
	95	90
	96	91
	104	100
	106	101
	107	102
	109	104
	110	105
	111	106
	112	107
	113	108
	114	109
	115	110
	116	111
	117	112
	118	113
	124	119
	125	120
com/mojang/realmsclient/dto/PendingInvitesList	32	34
	32	34
	18	18
	20	21
	21	22
	22	23
	23	24
	24	25
	25	26
	29	30
	30	31
	15	15
net/minecraft/client/renderer/package-info	0	0
net/minecraft/client/renderer/block/MovingBlockRenderState	69	60
	64	56
	33	36
	69	60
	38	40
	39	40
	41	40
	46	44
	19	25
	51	48
	20	26
	52	48
	21	27
	54	48
	24	29
	59	52
	28	32
net/minecraft/client/renderer/state/LevelRenderState	32	38
	32	38
	23	29
	24	30
	25	31
	26	32
	27	33
	28	34
	29	35
	30	36
	31	37
com/mojang/realmsclient/util/task/package-info	0	0
net/minecraft/client/renderer/debug/SolidFaceRenderer	58	57
	33	34
	37	35
	38	37
	39	38
	41	39
	42	40
	43	41
	44	42
	45	43
	46	44
	47	45
	48	46
	49	47
	52	51
	21	24
	22	25
	55	54
	56	55
	26	29
	58	57
	28	30
	30	32
	31	33
net/minecraft/client/resources/WaypointStyleManager	37	36
	33	32
	18	21
	34	33
	20	22
	37	36
	22	22
	25	23
	28	26
	29	27
net/minecraft/client/gui/components/tabs/GridLayoutTab	38	40
	16	18
	32	34
	17	19
	36	38
	21	23
	37	39
	38	40
	26	28
	31	33
net/minecraft/client/gui/screens/recipebook/SearchRecipeBookCategory	37	29
	16	18
	33	25
	34	26
	21	19
	37	29
	25	20
	10	13
net/minecraft/client/gui/render/state/GuiTextRenderState	53	66
	32	44
	33	45
	34	46
	35	47
	36	48
	39	51
	40	52
	41	53
	42	54
	43	55
	44	56
	47	60
	52	65
	53	66
	26	38
	27	39
	28	40
	29	41
	30	42
	31	43
net/minecraft/client/renderer/entity/SilverfishRenderer	28	30
	18	21
	23	26
	10	13
	28	30
	13	16
	14	17
net/minecraft/client/renderer/entity/state/DonkeyRenderState	0	0
net/minecraft/client/renderer/Octree	269	250
	257	70
	259	71
	260	72
	261	72
	263	72
	266	74
	267	74
	269	74
	18	20
	19	21
	20	22
	21	23
	22	24
	26	25
	27	26
	29	27
	30	28
	31	29
	32	30
	34	31
	35	32
	38	35
	42	39
	43	40
	46	43
	47	44
	48	45
	49	46
	69	92
	70	93
	71	94
	72	95
	74	96
	75	97
	76	98
	78	99
	80	100
	81	101
	82	102
	83	103
	86	106
	87	107
	88	108
	89	109
	91	110
	92	111
	93	112
	95	113
	97	114
	98	115
	99	116
	100	117
	103	118
	104	119
	105	120
	108	122
	109	123
	110	124
	111	125
	115	130
	116	131
	117	132
	119	135
	120	136
	122	139
	123	140
	125	143
	129	147
	140	153
	141	154
	142	155
	144	157
	145	158
	147	163
	148	164
	149	165
	151	167
	152	168
	154	173
	155	174
	156	175
	158	177
	159	178
	161	181
	166	186
	167	187
	168	188
	169	189
	170	190
	172	193
	173	194
	174	198
	175	200
	176	201
	177	202
	181	206
	185	210
	190	216
	198	231
	199	232
	203	236
	204	237
	205	238
	206	239
	208	241
	212	245
	217	250
	235	51
	236	52
	237	53
	238	54
	239	55
	240	56
	247	63
	248	64
	249	65
	250	66
	253	69
	254	70
	255	70
net/minecraft/client/renderer/entity/ZombieNautilusRenderer	75	85
	34	41
	66	77
	36	46
	37	47
	71	81
	40	51
	72	82
	41	52
	73	83
	74	84
	75	85
	44	56
	45	58
	46	60
	52	66
	53	70
	55	67
	56	68
	57	70
	27	30
	28	31
	61	73
	30	36
	31	37
com/mojang/blaze3d/systems/package-info	0	0
net/minecraft/client/renderer/entity/state/CreeperRenderState	0	0
net/minecraft/client/searchtree/IntersectionIterator	41	39
	32	26
	33	27
	34	28
	35	29
	38	32
	39	33
	41	35
	19	18
	20	19
	22	20
	23	21
	28	25
	29	39
net/minecraft/client/renderer/item/properties/conditional/BundleHasSelectedItem	21	24
	16	19
	21	24
	12	15
net/minecraft/client/renderer/FaceInfo	107	108
	67	94
	68	95
	69	96
	70	97
	72	98
	73	99
	74	100
	12	15
	79	51
	80	52
	17	21
	81	53
	82	54
	83	55
	84	56
	85	57
	22	27
	86	58
	27	33
	91	62
	95	66
	32	39
	96	67
	99	70
	37	47
	104	108
	105	108
	106	108
	107	108
	55	83
	56	84
	57	85
	58	86
	60	87
	61	88
	62	89
net/minecraft/client/sounds/LoopingAudioStream	56	63
	32	23
	36	27
	41	32
	42	33
	43	34
	44	35
	45	36
	46	37
	49	40
	18	58
	19	59
	54	45
	55	46
	56	47
	24	63
	28	19
	29	20
	30	21
	31	22
net/minecraft/client/model/geom/builders/LayerDefinition	23	26
	19	22
	23	26
	10	13
	11	14
	12	15
	15	18
net/minecraft/client/resources/model/ResolvedModel	119	132
	13	15
	20	22
	21	23
	22	25
	23	26
	24	27
	27	30
	31	34
	35	38
	36	39
	37	40
	38	41
	40	44
	42	47
	46	51
	50	55
	51	56
	52	57
	53	58
	55	61
	57	64
	61	68
	65	72
	66	73
	67	74
	68	75
	70	78
	72	81
	76	85
	80	89
	84	93
	88	97
	92	101
	93	102
	94	103
	95	104
	96	105
	97	106
	100	110
	102	113
	106	117
	107	118
	108	119
	109	120
	110	121
	111	122
	112	123
	113	124
	114	125
	115	127
	119	132
com/mojang/realmsclient/dto/RegionSelectionPreferenceDto	24	25
	19	20
	20	21
	21	22
	8	11
	24	25
net/minecraft/client/particle/HugeExplosionParticle	56	58
	32	34
	34	35
	35	36
	36	40
	39	38
	40	40
	12	14
	44	44
	13	15
	14	16
	15	17
	16	18
	17	19
	18	20
	19	21
	51	52
	20	22
	52	53
	21	23
	56	58
	25	27
	30	32
	31	33
net/minecraft/client/renderer/entity/state/ThrownItemRenderState	0	0
net/minecraft/client/gui/render/state/package-info	0	0
net/minecraft/client/renderer/entity/DragonFireballRenderer	55	56
	32	32
	33	33
	35	34
	37	35
	38	36
	39	37
	40	38
	41	39
	42	40
	44	41
	46	42
	47	43
	18	19
	50	46
	19	20
	51	52
	22	23
	23	24
	55	56
	27	27
net/minecraft/client/particle/TerrainParticle	121	122
	65	64
	70	69
	75	74
	78	75
	79	75
	82	75
	23	24
	24	25
	88	122
	27	28
	28	29
	29	30
	30	31
	31	32
	95	107
	32	33
	96	108
	97	109
	34	34
	98	110
	35	35
	36	36
	100	113
	37	37
	38	38
	41	41
	43	42
	107	92
	44	43
	108	93
	45	44
	109	94
	46	45
	110	95
	112	98
	50	49
	117	81
	118	82
	55	54
	119	84
	121	83
	60	59
net/minecraft/client/model/animal/bee/BeeStingerModel	28	27
	16	18
	17	19
	20	22
	21	23
	23	24
	24	24
	25	25
	26	26
	28	27
net/minecraft/client/renderer/entity/TntRenderer	56	54
	13	16
	14	17
	15	18
	19	21
	20	22
	21	23
	22	24
	23	25
	24	26
	25	27
	26	28
	27	29
	28	30
	31	33
	32	34
	33	35
	35	36
	36	38
	39	42
	41	43
	42	44
	46	47
	51	51
	54	52
	55	53
	56	54
net/minecraft/client/model/monster/creaking/CreakingModel	94	116
	64	80
	65	85
	66	87
	68	91
	72	95
	73	96
	77	100
	78	101
	79	102
	84	106
	85	107
	86	108
	87	109
	89	110
	27	26
	91	113
	28	27
	92	114
	29	28
	93	115
	30	29
	94	116
	32	30
	33	31
	34	32
	35	33
	36	34
	39	37
	40	38
	42	39
	44	40
	46	41
	47	46
	48	48
	49	50
	51	54
	52	56
	54	59
	55	61
	57	64
	58	69
	59	71
	61	75
	62	77
com/mojang/realmsclient/util/UploadTokenCache	20	23
	16	19
	19	22
	20	23
	11	14
	15	18
net/minecraft/client/renderer/entity/BatRenderer	32	32
	32	32
	18	20
	23	24
	10	13
	28	28
	13	16
	29	29
	14	17
	30	30
	31	31
net/minecraft/client/renderer/entity/SpectralArrowRenderer	21	23
	16	19
	21	23
	8	11
	11	14
	12	15
com/mojang/blaze3d/platform/Window	522	509
	513	494
	515	495
	516	496
	517	497
	519	499
	522	502
	36	38
	75	70
	77	71
	78	72
	80	73
	82	74
	83	75
	84	76
	85	77
	86	78
	88	82
	90	85
	93	86
	95	87
	96	88
	98	89
	100	90
	101	91
	102	92
	103	93
	104	94
	105	95
	107	96
	109	97
	110	98
	111	99
	112	100
	114	102
	115	103
	116	104
	117	105
	118	106
	121	109
	123	110
	125	111
	126	112
	127	113
	128	114
	129	115
	130	116
	131	117
	134	120
	135	122
	136	123
	137	124
	138	125
	139	126
	140	127
	141	128
	142	129
	147	134
	148	135
	153	139
	157	143
	158	144
	159	145
	160	146
	161	147
	162	148
	163	149
	166	152
	170	155
	171	156
	173	159
	174	160
	175	162
	176	163
	177	165
	178	166
	179	167
	180	168
	181	169
	183	170
	184	171
	185	172
	186	173
	190	177
	192	180
	195	183
	199	188
	201	190
	204	193
	205	194
	210	197
	211	198
	214	201
	215	203
	216	205
	220	209
	221	210
	222	211
	223	212
	224	213
	225	214
	228	217
	229	218
	230	219
	232	221
	235	224
	236	225
	237	226
	238	227
	242	231
	243	232
	244	233
	245	234
	246	235
	247	236
	250	239
	251	240
	252	241
	255	244
	256	266
	258	245
	259	246
	261	247
	262	263
	263	266
	265	248
	267	249
	268	250
	269	251
	271	253
	272	254
	273	255
	274	256
	275	257
	276	258
	277	259
	280	266
	283	269
	284	270
	285	271
	287	272
	288	273
	289	274
	292	277
	293	278
	294	279
	297	282
	298	283
	300	285
	303	288
	304	289
	306	291
	309	294
	310	295
	313	298
	314	299
	315	300
	316	301
	318	303
	321	306
	325	310
	326	311
	327	312
	328	313
	330	315
	333	318
	334	319
	335	320
	336	321
	338	323
	343	326
	344	327
	345	328
	346	329
	347	330
	348	331
	350	333
	352	334
	354	337
	355	338
	356	339
	357	340
	358	341
	359	342
	361	345
	362	346
	363	347
	364	348
	365	349
	366	350
	368	351
	372	355
	373	356
	374	357
	375	358
	376	359
	378	361
	381	364
	382	365
	385	368
	386	369
	387	370
	388	371
	389	372
	392	375
	394	378
	395	379
	396	380
	397	381
	398	382
	399	383
	401	385
	404	388
	405	390
	406	391
	408	394
	409	395
	411	398
	415	402
	416	403
	417	404
	418	405
	419	406
	420	407
	421	408
	424	411
	425	412
	428	415
	432	419
	436	423
	440	427
	444	431
	448	435
	449	436
	452	439
	453	440
	456	443
	460	447
	464	451
	468	455
	472	459
	476	463
	480	467
	484	471
	488	475
	489	476
	492	479
	493	480
	494	481
	496	483
	500	508
	501	509
	505	486
	509	490
	510	491
com/mojang/realmsclient/util/JsonUtils	93	92
	64	66
	66	68
	71	73
	72	74
	73	75
	75	77
	15	17
	16	18
	80	82
	17	19
	81	83
	18	20
	82	84
	19	21
	84	86
	21	23
	25	28
	89	91
	26	29
	90	92
	27	30
	91	92
	28	31
	29	32
	93	92
	31	34
	35	39
	36	40
	37	41
	39	43
	44	49
	45	50
	46	51
	48	53
	54	59
	55	60
	56	60
	58	60
	62	64
	63	65
net/minecraft/client/gui/layouts/GridLayout	215	227
	129	140
	134	145
	135	146
	138	149
	142	153
	146	157
	19	21
	20	22
	23	25
	24	26
	28	30
	156	168
	157	169
	30	31
	158	170
	31	32
	159	171
	160	172
	33	34
	161	173
	34	35
	35	36
	164	176
	38	39
	39	40
	168	180
	41	42
	42	43
	43	44
	44	46
	45	47
	47	50
	48	51
	49	53
	177	190
	50	54
	178	191
	181	194
	54	58
	55	59
	57	60
	185	198
	58	62
	59	63
	61	66
	189	202
	62	68
	63	69
	193	206
	66	72
	194	207
	67	73
	68	75
	196	208
	69	76
	197	209
	198	210
	71	79
	199	211
	72	80
	201	214
	74	81
	75	83
	203	215
	76	84
	78	87
	79	88
	207	219
	82	91
	83	92
	211	223
	84	93
	87	96
	215	227
	91	100
	95	104
	99	108
	103	112
	104	113
	106	116
	107	117
	109	120
	110	121
	111	122
	115	126
	119	130
	120	131
	124	135
	125	136
com/mojang/realmsclient/dto/RealmsRegion	71	73
	65	67
	66	68
	67	69
	68	70
	69	71
	71	73
	13	15
	14	16
	15	17
	16	18
	17	19
	18	20
	19	21
	20	22
	21	23
	22	24
	23	25
	24	26
	25	27
	26	28
	27	29
	28	30
	29	31
	30	32
	31	33
	32	34
	33	35
	34	36
	35	37
	36	38
	42	44
	43	45
	44	46
	47	49
	48	50
	49	51
	52	55
	56	60
	60	63
	61	64
net/minecraft/client/searchtree/MergingUniqueIterator	46	44
	34	31
	35	32
	37	35
	38	36
	41	39
	42	40
	43	41
	46	44
	20	18
	21	19
	23	20
	24	21
	28	25
	29	26
	30	27
	31	28
net/minecraft/client/model/animal/equine/DonkeyModel	71	66
	64	60
	68	63
	69	64
	70	65
	71	66
	19	19
	20	20
	27	26
	30	27
	33	30
	34	30
	35	30
	39	34
	40	35
	41	36
	42	37
	46	41
	47	42
	48	43
	49	44
	53	48
	54	49
	55	49
	56	50
	57	51
	59	52
	60	53
	61	53
	62	54
	63	57
net/minecraft/client/renderer/entity/state/SlimeRenderState	5	9
	5	9
net/minecraft/client/color/item/ItemTintSources	22	24
	16	18
	17	19
	18	20
	19	21
	20	22
	21	23
	22	24
	11	13
	14	16
	15	17
net/minecraft/client/model/Model	63	67
	32	36
	35	39
	36	40
	39	43
	43	47
	47	51
	48	52
	51	55
	52	56
	21	25
	22	26
	54	58
	23	27
	24	28
	58	63
	27	31
	59	64
	31	35
	63	67
net/minecraft/client/renderer/chunk/package-info	0	0
net/minecraft/client/gui/screens/dialog/DialogScreen	249	263
	34	39
	36	42
	37	42
	38	43
	39	44
	51	55
	52	56
	53	57
	54	58
	55	59
	59	63
	61	64
	63	65
	65	66
	67	67
	68	68
	70	69
	72	71
	73	72
	74	73
	75	74
	79	78
	80	79
	83	82
	85	83
	86	84
	88	85
	90	86
	93	87
	94	88
	95	89
	97	91
	98	92
	100	93
	101	94
	104	97
	107	102
	111	106
	112	107
	113	108
	114	109
	117	112
	118	113
	119	114
	120	115
	121	116
	125	120
	126	121
	128	122
	130	123
	131	124
	133	126
	136	130
	137	135
	138	136
	140	138
	141	139
	146	144
	151	149
	156	154
	157	155
	160	158
	161	159
	164	162
	165	163
	166	164
	167	165
	170	168
	171	169
	173	171
	175	173
	179	176
	180	177
	181	188
	182	190
	183	182
	184	194
	185	195
	186	196
	187	198
	189	200
	192	203
	196	207
	197	208
	198	209
	199	210
	200	211
	201	212
	203	214
	204	215
	207	218
	208	219
	209	220
	210	222
	211	223
	213	226
	216	229
	223	237
	227	241
	228	243
	230	244
	232	246
	234	248
	235	249
	236	250
	237	251
	240	254
	241	255
	244	258
	248	262
	249	263
net/minecraft/client/renderer/blockentity/SignRenderer	122	112
	65	64
	69	68
	70	69
	71	70
	75	74
	77	75
	78	76
	80	78
	84	82
	88	88
	89	89
	90	90
	91	91
	92	92
	95	95
	32	32
	96	96
	97	97
	100	100
	37	36
	101	101
	38	37
	39	40
	40	41
	41	41
	105	105
	42	41
	106	106
	108	107
	45	44
	109	107
	110	107
	49	48
	50	49
	114	108
	115	109
	116	109
	117	109
	55	54
	122	112
	60	59
net/minecraft/client/model/object/projectile/ArrowModel	45	43
	32	32
	33	33
	35	34
	40	38
	41	39
	42	40
	43	41
	45	43
	17	20
	18	21
	21	24
	22	25
	24	26
	25	28
	26	28
	28	29
	30	31
	31	31
net/minecraft/client/server/LanServer	26	29
	17	20
	21	24
	25	28
	26	29
	11	14
	12	15
	13	16
	14	17
net/minecraft/client/particle/PlayerCloudParticle	90	93
	69	69
	70	70
	74	75
	13	16
	14	17
	15	18
	17	19
	18	20
	82	84
	19	21
	83	85
	20	22
	21	23
	22	24
	23	25
	87	90
	88	91
	25	26
	89	92
	26	27
	90	93
	27	28
	28	29
	29	30
	31	31
	32	32
	34	33
	35	34
	36	35
	40	39
	45	44
	50	49
	51	50
	52	51
	53	52
	54	53
	55	54
	56	55
	57	56
	58	57
	59	58
	63	62
net/minecraft/client/renderer/entity/PandaRenderer	137	130
	128	124
	129	125
	131	127
	134	130
	135	130
	137	130
	18	22
	19	24
	20	26
	21	28
	22	30
	23	32
	24	34
	25	36
	29	41
	31	42
	32	43
	36	46
	41	50
	46	54
	47	55
	48	56
	49	57
	50	58
	51	59
	52	60
	53	61
	54	62
	55	63
	56	64
	57	65
	58	66
	59	67
	63	70
	65	71
	66	72
	67	73
	68	74
	70	75
	71	76
	73	77
	74	78
	75	79
	76	80
	78	81
	79	82
	80	83
	81	84
	82	85
	83	86
	84	87
	86	88
	87	89
	88	90
	89	91
	90	92
	91	93
	92	94
	94	95
	95	96
	96	97
	97	98
	98	99
	99	100
	100	101
	102	102
	103	103
	107	107
	108	108
	109	109
	110	110
	113	111
	115	112
	116	113
	118	114
	119	115
	120	116
	125	121
	126	122
	127	123
net/minecraft/client/resources/metadata/animation/AnimationFrame	32	31
	16	16
	32	31
	17	18
	19	20
	22	21
	23	22
	24	23
	28	27
	29	28
	14	14
	15	15
net/minecraft/client/gui/narration/NarratableEntry	27	28
	16	18
	27	28
	12	14
net/minecraft/client/particle/WhiteSmokeParticle	27	31
	16	18
	22	25
	23	26
	27	31
	12	14
	13	15
	14	16
	15	17
net/minecraft/client/gui/screens/DirectJoinServerScreen	92	97
	65	72
	66	73
	67	74
	71	78
	72	79
	76	83
	77	84
	78	85
	15	17
	81	88
	82	89
	86	93
	24	25
	88	94
	25	26
	89	95
	26	27
	27	28
	91	96
	28	29
	92	97
	32	33
	33	34
	34	35
	36	37
	41	43
	42	44
	43	45
	44	46
	45	47
	46	49
	47	54
	49	56
	50	57
	54	61
	55	62
	59	66
	60	67
	61	68
	62	69
net/minecraft/client/renderer/entity/state/WardenRenderState	0	0
net/minecraft/client/gui/screens/dialog/package-info	0	0
net/minecraft/client/renderer/item/ClientItem	44	35
	38	28
	40	30
	41	31
	42	32
	43	33
	44	35
	17	14
	18	14
	19	14
	20	15
	23	19
	24	20
	27	23
net/minecraft/client/gui/screens/dialog/DialogListDialogScreen	32	30
	32	30
	18	20
	19	21
	23	24
	27	28
	29	29
	30	29
net/minecraft/client/gui/screens/reporting/AbstractReportScreen	243	223
	32	33
	33	34
	34	35
	35	36
	36	37
	38	38
	39	39
	40	40
	41	41
	42	42
	43	43
	44	44
	51	49
	64	58
	65	59
	66	60
	67	61
	68	62
	71	65
	73	66
	74	67
	75	68
	76	69
	78	70
	83	75
	85	76
	86	77
	87	78
	89	79
	91	81
	92	83
	93	84
	96	87
	97	88
	102	94
	103	94
	104	94
	105	94
	106	95
	107	96
	108	97
	109	97
	111	98
	112	99
	113	100
	114	101
	117	104
	118	105
	119	106
	120	107
	124	111
	125	112
	126	113
	129	116
	130	117
	132	118
	133	119
	134	120
	135	121
	137	122
	138	123
	139	124
	140	126
	141	127
	143	130
	145	133
	147	135
	148	136
	151	139
	152	141
	153	142
	156	145
	159	147
	160	148
	162	150
	165	153
	166	154
	169	157
	171	159
	172	160
	175	163
	176	164
	178	166
	181	169
	182	170
	186	174
	187	175
	189	177
	191	179
	195	183
	196	184
	197	185
	200	189
	201	190
	202	191
	203	192
	204	193
	207	196
	208	197
	212	201
	213	202
	214	203
	215	204
	216	204
	217	204
	219	205
	220	205
	221	206
	222	207
	223	208
	224	208
	226	209
	227	209
	228	210
	229	211
	230	212
	231	212
	233	213
	238	218
	239	219
	243	223
net/minecraft/client/gui/screens/inventory/ItemCombinerScreen	58	58
	33	36
	35	37
	36	38
	40	42
	41	43
	42	44
	46	48
	47	49
	48	50
	17	20
	18	21
	19	22
	22	25
	54	55
	26	29
	58	58
	27	30
	28	31
	29	32
net/minecraft/client/entity/ClientAvatarState	103	98
	65	59
	67	64
	70	67
	7	10
	74	71
	78	75
	82	79
	83	80
	84	81
	23	23
	87	84
	24	24
	88	85
	25	25
	89	86
	26	26
	92	89
	29	29
	30	30
	33	33
	98	93
	99	94
	37	37
	38	38
	39	39
	103	98
	41	40
	42	41
	43	42
	46	43
	47	44
	48	47
	49	48
	51	45
	54	51
	55	54
	56	55
	58	52
	61	58
	62	61
	63	62
net/minecraft/client/resources/ClientPackSource	131	95
	64	47
	128	92
	129	93
	131	95
	69	51
	70	52
	71	53
	74	56
	78	56
	83	60
	84	61
	85	62
	86	63
	89	67
	93	72
	94	72
	31	35
	95	73
	32	35
	33	35
	36	37
	101	74
	102	74
	103	74
	40	39
	104	74
	41	40
	105	74
	42	40
	45	43
	110	78
	47	43
	111	79
	49	43
	52	45
	116	83
	121	87
	58	46
	126	91
net/minecraft/client/renderer/texture/MipmapStrategy	23	24
	18	20
	19	21
	7	10
	23	24
	8	11
	9	12
	10	13
	11	14
	13	16
net/minecraft/client/resources/sounds/SoundEventRegistration	27	29
	16	18
	19	21
	23	25
	27	29
	13	15
	14	16
	15	17
net/minecraft/client/gui/components/debug/DebugEntryVersion	18	29
	18	29
	13	16
	14	25
com/mojang/realmsclient/gui/screens/RealmsNotificationsScreen	192	172
	128	147
	131	150
	137	153
	138	154
	139	155
	140	156
	141	157
	142	158
	143	159
	146	162
	19	21
	147	163
	20	22
	148	165
	21	23
	149	166
	22	24
	150	167
	151	168
	24	25
	154	171
	155	172
	35	61
	36	62
	166	35
	168	36
	40	66
	169	37
	41	67
	171	38
	43	69
	47	73
	176	43
	48	74
	49	75
	52	78
	53	79
	54	80
	183	49
	56	82
	185	50
	187	51
	63	88
	192	56
	64	89
	65	90
	66	91
	67	92
	69	94
	73	98
	74	99
	76	101
	79	104
	83	108
	88	113
	90	114
	91	115
	93	117
	98	121
	101	124
	103	125
	104	126
	106	127
	107	128
	109	129
	111	130
	112	131
	113	132
	116	135
	117	136
	118	137
	119	138
	122	141
	123	142
	124	143
	127	146
net/minecraft/client/main/package-info	0	0
net/minecraft/client/renderer/entity/layers/ParrotOnShoulderLayer	55	62
	32	35
	34	37
	37	42
	38	43
	39	43
	40	43
	44	44
	45	45
	46	46
	47	47
	48	48
	49	49
	50	50
	20	23
	52	51
	21	24
	22	25
	54	61
	55	62
	26	28
	27	29
	28	30
	30	33
	31	34
net/minecraft/client/multiplayer/ChunkBatchSizeCalculator	33	31
	33	31
	9	12
	10	13
	11	14
	14	17
	15	18
	18	21
	22	22
	23	23
	24	24
	25	25
	26	26
	28	28
net/minecraft/client/gui/render/pip/package-info	0	0
net/minecraft/client/model/monster/endermite/package-info	0	0
net/minecraft/client/model/animal/parrot/package-info	0	0
net/minecraft/client/gui/spectator/SpectatorMenuListener	0	0
net/minecraft/client/player/inventory/package-info	0	0
net/minecraft/client/renderer/item/properties/conditional/FishingRodCast	29	31
	18	21
	20	22
	21	23
	24	25
	29	31
	14	17
net/minecraft/client/resources/model/WeightedVariants	42	44
	17	19
	19	20
	20	21
	36	38
	21	22
	25	26
	41	43
	42	44
	30	31
	31	32
net/minecraft/client/gui/components/Tooltip	52	54
	32	33
	37	38
	38	39
	40	41
	43	44
	44	45
	45	46
	46	47
	48	50
	52	54
	23	24
	24	25
	25	26
	28	29
net/minecraft/client/renderer/item/properties/select/CustomModelDataProperty	41	42
	16	19
	18	20
	19	22
	20	22
	36	37
	21	23
	41	42
	27	31
	28	32
	29	32
	31	32
net/minecraft/client/particle/BlockMarker	34	39
	16	19
	17	20
	18	21
	34	39
	19	22
	23	26
	28	31
	14	17
	15	18
com/mojang/realmsclient/gui/screens/RealmsCreateRealmScreen	133	127
	128	122
	132	126
	133	127
	24	27
	25	28
	26	29
	40	39
	41	40
	42	41
	43	42
	47	46
	49	47
	51	48
	52	49
	54	50
	55	51
	56	52
	58	53
	59	54
	61	55
	62	56
	63	57
	65	59
	66	61
	67	62
	71	66
	72	67
	76	71
	77	72
	80	75
	81	76
	82	77
	83	78
	84	79
	85	80
	86	81
	87	82
	88	82
	89	83
	90	84
	92	86
	93	86
	94	87
	96	89
	97	90
	99	92
	101	95
	102	96
	105	99
	107	101
	110	104
	112	107
	113	108
	114	109
	119	114
	120	116
	121	116
	122	117
	123	118
	124	119
	127	121
com/mojang/realmsclient/util/task/SwitchSlotTask	54	58
	33	35
	34	36
	37	39
	38	40
	39	41
	41	44
	10	13
	42	45
	43	46
	12	14
	44	47
	46	50
	47	51
	50	54
	19	20
	20	21
	21	22
	22	23
	54	58
	26	27
	27	29
	29	31
	30	32
net/minecraft/client/renderer/entity/state/RabbitRenderState	8	11
	8	11
net/minecraft/client/model/npc/VillagerModel	126	108
	19	21
	27	28
	28	29
	29	30
	30	31
	31	32
	32	33
	35	36
	36	37
	38	38
	40	39
	41	40
	42	40
	45	42
	46	43
	47	43
	50	45
	51	46
	52	46
	53	46
	55	48
	56	49
	57	49
	58	49
	60	51
	61	52
	62	52
	65	54
	66	55
	67	55
	70	57
	71	59
	72	60
	73	62
	74	64
	75	66
	77	68
	78	69
	79	69
	80	69
	82	71
	83	72
	84	72
	85	72
	88	74
	92	78
	93	79
	94	80
	99	84
	101	85
	102	86
	104	87
	105	88
	106	89
	108	91
	111	94
	112	95
	113	96
	114	97
	115	98
	119	102
	124	106
	125	107
	126	108
net/minecraft/client/renderer/blockentity/state/BrushableBlockRenderState	0	0
net/minecraft/client/renderer/blockentity/state/BlockEntityRenderState	33	43
	32	42
	33	43
	15	21
	16	22
	17	23
	22	30
	23	31
	24	32
	25	33
	26	36
	27	37
	30	40
	31	41
net/minecraft/client/renderer/entity/AbstractZombieRenderer	47	43
	32	34
	33	35
	37	38
	42	42
	43	43
	45	43
	15	18
	47	43
	18	23
	20	24
	21	25
	25	28
	30	32
	31	33
net/minecraft/client/model/animal/polarbear/PolarBearModel	83	74
	65	60
	66	61
	67	62
	69	63
	70	64
	72	65
	73	66
	74	67
	76	68
	77	69
	78	70
	80	71
	81	72
	82	73
	83	74
	20	20
	23	23
	24	24
	27	27
	28	28
	30	29
	31	31
	32	32
	33	34
	34	36
	35	38
	36	41
	38	43
	39	45
	40	45
	41	45
	42	46
	45	48
	46	49
	47	49
	48	50
	49	51
	51	52
	52	52
	53	53
	54	54
	56	55
	57	55
	58	55
	63	59
net/minecraft/client/gui/screens/recipebook/GhostSlots	84	83
	64	63
	65	64
	68	67
	69	76
	71	68
	72	69
	73	70
	74	71
	76	76
	80	82
	81	83
	82	83
	84	83
	22	25
	23	26
	26	29
	27	30
	30	33
	31	34
	32	35
	34	37
	37	40
	38	41
	41	44
	42	45
	45	48
	46	49
	47	50
	49	51
	50	52
	52	54
	55	57
	57	58
	59	59
	61	60
	62	61
net/minecraft/client/renderer/entity/state/ItemClusterRenderState	36	36
	32	36
	33	36
	36	36
	16	19
	17	20
	18	21
	19	22
	22	25
	26	29
	27	30
	28	31
	29	32
	30	33
	31	34
net/minecraft/client/resources/model/ModelDebugName	0	0
com/mojang/realmsclient/gui/screens/RealmsSelectWorldTemplateScreen	365	389
	260	374
	261	375
	262	376
	263	377
	267	381
	271	385
	275	389
	280	244
	281	244
	282	244
	284	247
	285	247
	286	247
	289	249
	290	250
	298	256
	299	257
	44	44
	300	258
	46	45
	302	259
	48	46
	304	261
	49	47
	50	48
	306	264
	307	265
	309	266
	311	268
	313	270
	317	274
	318	275
	319	276
	320	277
	322	280
	323	281
	325	284
	326	285
	72	65
	73	66
	329	288
	76	75
	77	76
	78	77
	334	293
	79	78
	335	305
	336	306
	81	79
	337	307
	82	80
	339	308
	340	309
	85	82
	341	310
	86	83
	343	313
	88	86
	344	314
	89	87
	345	315
	347	318
	348	319
	93	91
	349	320
	94	92
	350	321
	95	93
	351	322
	96	94
	352	323
	97	95
	353	324
	99	96
	355	326
	101	97
	102	98
	103	99
	359	330
	104	100
	360	332
	105	101
	361	333
	106	102
	362	334
	363	335
	108	103
	365	338
	110	105
	111	107
	112	108
	116	112
	117	113
	118	114
	122	118
	123	119
	124	120
	125	121
	129	125
	130	126
	131	127
	132	128
	136	132
	137	133
	140	136
	141	137
	143	139
	146	142
	147	143
	149	145
	152	148
	153	149
	155	151
	158	154
	161	157
	162	158
	163	160
	165	161
	168	162
	169	165
	170	166
	171	167
	172	168
	174	171
	176	173
	177	175
	178	176
	180	179
	182	180
	183	181
	184	183
	185	185
	187	188
	189	190
	190	195
	192	197
	193	199
	194	200
	198	204
	199	205
	200	206
	206	212
	208	213
	210	214
	211	215
	213	217
	216	220
	217	221
	218	222
	219	223
	220	224
	221	226
	222	227
	223	228
	224	229
	225	230
	226	231
	227	232
	228	233
	230	236
	233	239
	237	345
	238	346
	241	350
	242	356
	243	357
	246	360
	247	361
	251	365
	252	366
	253	367
	255	369
net/minecraft/client/renderer/entity/layers/CarriedBlockLayer	37	34
	32	29
	33	30
	35	31
	36	32
	37	34
	15	17
	16	18
	20	21
	21	22
	22	34
	25	23
	27	24
	28	25
	29	26
	30	27
	31	28
net/minecraft/client/server/IntegratedPlayerList	58	65
	32	32
	33	35
	34	36
	35	37
	36	48
	39	51
	40	52
	44	55
	45	56
	48	57
	20	22
	53	61
	24	26
	26	27
	58	65
	27	28
	31	31
com/mojang/realmsclient/client/RealmsError	184	174
	131	114
	136	119
	141	124
	142	125
	144	126
	17	19
	19	20
	150	29
	152	30
	155	33
	156	34
	30	134
	35	139
	36	140
	37	141
	167	38
	168	39
	40	144
	169	40
	41	145
	170	41
	42	146
	171	42
	43	147
	172	43
	174	43
	47	151
	180	45
	52	156
	181	46
	184	49
	59	164
	64	169
	69	174
	78	58
	83	63
	88	68
	93	74
	94	75
	99	80
	103	84
	107	89
	111	94
	115	98
	119	102
	120	103
	121	104
	122	105
	125	108
	126	109
com/mojang/blaze3d/opengl/VertexArrayCache	165	179
	129	158
	130	159
	133	162
	134	163
	135	164
	136	166
	140	115
	143	116
	144	117
	17	18
	18	19
	19	20
	148	118
	21	22
	150	121
	151	122
	153	166
	31	34
	32	35
	162	176
	163	177
	36	39
	164	178
	37	40
	165	179
	40	41
	41	42
	42	43
	43	44
	44	45
	47	48
	48	49
	49	50
	50	59
	54	52
	57	53
	58	54
	59	55
	60	56
	62	59
	65	62
	66	63
	67	65
	68	66
	69	67
	70	68
	72	71
	74	75
	75	77
	77	81
	81	88
	84	92
	93	102
	94	103
	95	104
	97	105
	99	107
	101	109
	105	113
	106	114
	107	125
	108	126
	109	127
	110	128
	111	130
	112	131
	113	132
	114	133
	116	137
	117	139
	119	143
	123	150
	125	154
net/minecraft/client/renderer/RenderBuffers	76	73
	64	61
	68	65
	72	69
	76	73
	24	23
	26	24
	27	26
	28	27
	29	28
	31	29
	32	30
	33	31
	34	32
	35	33
	36	34
	37	35
	38	36
	39	37
	40	38
	41	39
	42	40
	43	41
	45	43
	46	44
	48	45
	50	47
	51	48
	52	49
	53	50
	56	53
	57	54
	60	57
net/minecraft/client/gui/components/CycleButton	304	352
	259	269
	260	270
	261	271
	264	274
	265	275
	266	276
	267	277
	269	281
	279	327
	280	328
	25	27
	26	28
	283	331
	288	336
	294	342
	295	343
	296	344
	299	347
	47	59
	48	60
	304	352
	49	61
	50	62
	51	63
	52	64
	53	65
	54	66
	55	67
	56	68
	57	69
	58	70
	59	71
	60	72
	64	76
	65	77
	66	78
	68	80
	71	83
	72	84
	74	86
	77	89
	78	90
	82	94
	83	95
	85	97
	87	99
	90	102
	91	103
	92	104
	94	105
	95	106
	96	107
	99	110
	100	111
	105	116
	106	117
	107	118
	108	119
	110	122
	114	126
	115	127
	116	128
	117	129
	121	132
	122	133
	126	137
	127	138
	130	141
	131	142
	132	143
	133	144
	134	145
	137	148
	141	152
	145	156
	150	161
	156	166
	157	167
	158	168
	159	169
	160	170
	161	171
	163	173
	166	176
	170	179
	174	183
	178	187
	182	191
	186	195
	192	203
	193	204
	200	210
	201	211
	202	212
	205	215
	210	220
	214	224
	218	228
	222	232
	223	233
	227	237
	228	238
	232	242
	233	243
	237	247
	238	248
	242	252
	243	253
	247	257
	251	261
	255	265
net/minecraft/client/renderer/entity/StriderRenderer	59	55
	36	39
	37	40
	39	40
	41	40
	13	16
	14	17
	46	44
	19	21
	51	48
	52	49
	21	22
	53	50
	54	51
	23	27
	55	52
	24	28
	25	29
	27	32
	59	55
	31	35
net/minecraft/client/renderer/entity/VillagerRenderer	51	53
	32	40
	33	41
	35	41
	37	41
	42	45
	14	17
	15	18
	47	49
	48	50
	49	51
	18	21
	50	52
	51	53
	20	22
	21	23
	22	32
	23	33
	27	36
net/minecraft/client/animation/definitions/BatAnimation	108	177
	11	12
	12	13
	13	14
	14	17
	16	20
	17	23
	19	26
	20	29
	22	32
	23	35
	25	38
	26	41
	28	44
	29	47
	31	50
	32	53
	34	56
	35	59
	37	62
	38	65
	40	68
	41	71
	43	74
	44	77
	46	80
	48	81
	49	82
	50	83
	51	87
	52	88
	53	89
	55	92
	56	96
	57	97
	58	98
	59	99
	60	100
	61	101
	63	104
	64	108
	65	109
	66	110
	68	113
	69	117
	70	118
	71	119
	72	120
	73	121
	74	122
	76	125
	77	129
	78	130
	79	131
	80	132
	82	135
	83	139
	84	140
	85	141
	86	142
	87	143
	89	146
	90	150
	91	151
	92	152
	93	153
	95	156
	96	160
	97	161
	98	162
	99	163
	100	164
	102	167
	103	171
	104	172
	105	173
	106	174
	108	177
net/minecraft/client/gui/components/debug/DebugEntryChunkGeneration	51	46
	33	31
	35	32
	37	33
	38	34
	39	35
	40	36
	42	37
	43	38
	44	39
	46	40
	47	41
	50	44
	51	46
	21	23
	25	27
	26	28
	27	29
	29	30
	30	46
net/minecraft/client/gui/screens/inventory/InventoryScreen	145	145
	129	130
	130	131
	131	132
	132	133
	133	134
	134	135
	135	136
	140	141
	141	142
	142	143
	145	145
	33	31
	34	32
	35	33
	36	34
	40	38
	42	39
	43	40
	45	45
	49	49
	50	50
	51	57
	53	55
	54	57
	58	61
	63	66
	64	67
	68	71
	69	72
	73	76
	74	77
	76	78
	77	79
	78	80
	82	84
	87	89
	92	94
	93	95
	94	96
	96	97
	97	98
	100	103
	101	104
	103	105
	104	106
	106	107
	107	108
	108	109
	110	110
	111	111
	112	112
	113	113
	114	114
	115	115
	117	117
	119	120
	120	121
	121	122
	124	125
	125	126
	126	127
net/minecraft/client/renderer/entity/state/FrogRenderState	14	16
	7	10
	14	16
net/minecraft/client/gui/layouts/EqualSpacingLayout	168	168
	130	132
	131	133
	132	134
	137	139
	138	141
	139	144
	141	146
	144	149
	145	151
	146	154
	148	156
	151	159
	152	160
	153	161
	26	19
	27	20
	30	23
	158	166
	31	24
	159	167
	32	25
	160	168
	36	29
	38	30
	39	70
	167	101
	168	102
	42	31
	43	32
	45	34
	46	35
	47	36
	50	39
	52	40
	54	41
	55	42
	56	43
	57	44
	58	45
	59	46
	60	48
	61	49
	62	50
	63	51
	64	52
	68	56
	69	58
	70	59
	73	62
	74	64
	75	67
	77	70
	81	74
	82	75
	85	78
	89	82
	93	86
	97	90
	98	91
	102	95
	109	111
	110	112
	111	113
	116	118
	117	119
	118	120
	123	125
	124	126
	125	127
net/minecraft/client/renderer/blockentity/state/EndPortalRenderState	8	10
	8	10
com/mojang/blaze3d/font/TrueTypeGlyphProvider	218	213
	128	119
	129	120
	130	121
	131	122
	132	124
	134	127
	135	128
	136	129
	140	133
	148	212
	149	213
	33	36
	161	146
	34	37
	162	147
	36	38
	164	148
	38	39
	166	149
	39	40
	167	150
	41	41
	169	151
	42	42
	170	152
	44	43
	45	44
	46	46
	174	156
	47	47
	48	48
	50	49
	51	50
	179	161
	53	53
	54	54
	182	164
	58	58
	59	59
	187	169
	62	62
	192	174
	65	55
	69	69
	197	179
	70	70
	74	74
	202	184
	75	75
	76	76
	77	77
	79	78
	207	189
	80	79
	81	80
	209	191
	82	81
	210	192
	211	193
	213	196
	87	86
	218	200
	95	90
	96	91
	97	92
	99	95
	100	96
	101	97
	104	100
	106	101
	107	102
	108	103
	109	104
	110	105
	112	106
	113	106
	116	106
	120	110
	121	113
	123	111
net/minecraft/client/renderer/chunk/RenderSectionRegion	79	82
	32	33
	65	70
	36	36
	70	74
	41	43
	75	78
	46	51
	79	82
	51	55
	56	59
	27	28
	28	29
	60	66
	29	30
	30	31
	31	32
net/minecraft/client/renderer/debug/EntityBlockIntersectionDebugRenderer	17	21
	16	20
	17	21
	14	17
	15	19
net/minecraft/client/renderer/state/WorldBorderRenderState	29	35
	18	25
	24	30
	28	34
	29	35
net/minecraft/client/model/monster/enderman/package-info	0	0
net/minecraft/client/gui/screens/advancements/AdvancementsScreen	289	276
	256	246
	260	249
	264	253
	265	254
	266	255
	268	257
	272	261
	273	262
	277	265
	278	266
	279	267
	282	270
	283	271
	28	29
	288	275
	289	276
	51	45
	52	46
	53	47
	65	56
	66	57
	69	60
	70	61
	71	62
	72	63
	76	67
	77	68
	78	69
	79	70
	80	71
	81	72
	82	73
	85	75
	87	78
	89	80
	90	82
	91	83
	95	87
	96	88
	100	92
	101	93
	105	97
	106	98
	107	99
	108	100
	110	102
	114	106
	115	107
	116	108
	118	110
	119	111
	120	112
	121	113
	125	118
	130	123
	131	124
	132	125
	133	126
	135	128
	140	134
	142	135
	143	136
	144	137
	145	138
	146	139
	147	140
	148	141
	149	142
	150	143
	151	144
	152	145
	153	146
	154	147
	157	151
	158	152
	162	156
	163	157
	164	158
	167	161
	168	162
	169	163
	170	164
	172	167
	177	172
	178	173
	183	178
	184	179
	185	180
	187	182
	191	187
	192	188
	193	189
	194	190
	195	191
	196	192
	197	196
	200	194
	201	196
	204	199
	205	200
	206	201
	207	202
	210	205
	211	206
	214	210
	215	211
	218	214
	219	215
	220	216
	222	217
	223	218
	225	219
	228	222
	229	223
	230	224
	231	225
	235	229
	239	232
	240	233
	241	236
	243	234
	244	236
	248	239
	252	242
	253	243
	254	244
net/minecraft/client/gui/screens/inventory/MenuAccess	0	0
net/minecraft/client/renderer/entity/WindChargeRenderer	38	47
	16	18
	33	42
	21	22
	22	23
	38	47
	23	24
	27	28
	29	38
	30	39
net/minecraft/client/renderer/OutlineBufferSource	78	80
	34	36
	35	37
	68	70
	41	43
	73	75
	42	44
	11	12
	13	13
	78	80
	47	49
	17	17
	18	18
	19	19
	52	54
	21	21
	22	22
	23	23
	24	24
	57	59
	26	26
	58	60
	30	32
	31	33
	63	65
net/minecraft/client/resources/server/PackReloadConfig	0	0
net/minecraft/client/gui/components/MultiLineEditBox	300	294
	260	253
	261	254
	265	258
	266	259
	270	263
	271	264
	275	268
	276	269
	23	24
	280	273
	281	274
	285	278
	286	279
	290	283
	291	284
	37	35
	38	36
	39	37
	295	288
	40	38
	296	289
	41	39
	42	40
	43	41
	44	42
	300	294
	45	43
	48	46
	49	47
	52	50
	53	51
	56	54
	57	55
	60	58
	61	59
	64	62
	65	63
	68	66
	73	71
	74	72
	78	76
	79	77
	81	79
	82	80
	84	82
	88	86
	89	87
	90	88
	91	89
	95	93
	100	98
	101	102
	104	99
	105	100
	110	108
	111	109
	112	110
	113	186
	116	112
	117	113
	118	114
	120	115
	121	116
	122	117
	123	118
	124	120
	125	121
	127	122
	128	123
	129	124
	130	125
	131	126
	132	127
	133	128
	134	129
	135	130
	137	133
	140	136
	141	137
	142	138
	143	139
	145	142
	148	145
	151	148
	152	149
	155	152
	156	153
	158	154
	159	155
	160	157
	161	158
	162	159
	164	161
	168	165
	169	166
	171	168
	172	169
	174	171
	176	174
	179	177
	183	182
	184	183
	186	186
	190	190
	192	191
	193	192
	194	193
	195	194
	197	196
	201	200
	206	205
	210	209
	212	210
	214	211
	215	212
	217	214
	219	215
	220	216
	224	220
	225	221
	228	224
	229	225
	231	226
	232	227
	236	231
	237	232
	238	233
	240	235
	243	238
	249	245
	250	246
	251	247
	252	248
	253	249
	254	250
net/minecraft/client/model/monster/guardian/package-info	0	0
net/minecraft/client/gui/components/events/GuiEventListener	84	73
	35	33
	69	61
	39	37
	73	65
	74	65
	43	41
	76	65
	47	45
	80	69
	20	18
	84	73
	23	21
	57	49
	27	25
	61	53
	31	29
net/minecraft/client/renderer/item/properties/numeric/Count	30	29
	19	22
	20	23
	22	24
	23	24
	25	24
	13	17
	14	17
	30	29
	15	17
net/minecraft/client/model/animal/wolf/package-info	0	0
net/minecraft/client/renderer/texture/atlas/SpriteSource	39	38
	39	25
	24	37
	25	38
	15	16
net/minecraft/client/input/MouseButtonEvent	21	21
	21	21
	10	10
	15	15
net/minecraft/client/resources/model/ModelState	79	23
	65	15
	72	19
	79	23
net/minecraft/client/renderer/PanoramicScreenshotParameters	0	0
net/minecraft/client/renderer/PlayerSkinRenderCache	153	144
	130	117
	131	118
	133	121
	72	63
	73	64
	137	125
	74	64
	138	126
	140	129
	77	64
	81	68
	145	134
	82	69
	83	70
	84	71
	85	72
	86	73
	150	142
	151	143
	152	144
	25	28
	89	75
	153	144
	26	29
	94	80
	34	35
	98	84
	35	35
	36	36
	37	37
	38	38
	39	39
	110	96
	111	97
	112	98
	50	48
	51	49
	115	101
	119	105
	123	109
	60	57
	124	110
	61	58
	62	59
	126	113
	63	60
net/minecraft/client/model/monster/silverfish/package-info	0	0
net/minecraft/client/renderer/DynamicUniforms	80	69
	64	68
	65	68
	66	68
	67	68
	68	68
	69	69
	75	55
	76	56
	77	57
	78	58
	79	59
	80	60
	17	18
	18	18
	19	18
	20	18
	21	18
	23	19
	24	19
	25	19
	26	19
	27	19
	34	21
	35	23
	39	27
	40	28
	41	29
	45	33
	46	34
	47	35
	50	38
	54	43
	58	47
net/minecraft/client/data/models/model/ItemModelUtils	156	146
	130	130
	67	76
	71	80
	135	136
	136	137
	137	138
	138	139
	75	84
	140	140
	141	140
	79	88
	149	144
	150	145
	87	92
	152	146
	153	146
	91	96
	155	146
	156	146
	96	103
	35	38
	100	109
	102	109
	39	42
	43	46
	108	114
	47	50
	112	118
	114	118
	51	54
	55	58
	119	122
	59	64
	123	126
	63	70
	127	130
net/minecraft/client/multiplayer/ServerData	181	164
	130	144
	131	145
	132	146
	135	148
	136	150
	137	151
	138	152
	139	153
	140	154
	147	160
	148	161
	21	23
	151	164
	41	41
	42	42
	170	128
	43	43
	44	44
	172	130
	173	131
	174	132
	47	47
	48	48
	176	134
	49	49
	177	135
	51	50
	53	51
	181	139
	54	52
	55	53
	58	56
	62	60
	66	64
	67	65
	70	68
	71	69
	72	70
	73	71
	74	72
	78	76
	82	80
	83	81
	86	84
	90	88
	94	92
	98	96
	102	100
	103	101
	106	104
	107	105
	110	108
	111	109
	112	110
	113	111
	116	114
	117	115
	118	116
	119	117
	122	120
	126	124
	127	125
net/minecraft/client/renderer/entity/state/LightningBoltRenderState	0	0
net/minecraft/client/particle/ParticleDescription	34	35
	16	18
	32	34
	17	19
	34	35
	20	22
	24	26
	25	27
	26	28
	29	31
	30	32
	31	33
net/minecraft/client/renderer/entity/SheepRenderer	40	38
	33	32
	34	33
	35	34
	36	35
	37	36
	39	37
	40	38
	12	15
	15	18
	17	19
	18	20
	19	21
	23	24
	28	28
net/minecraft/client/gui/screens/inventory/AbstractRecipeBookScreen	153	139
	128	116
	133	121
	135	122
	136	123
	140	127
	142	128
	143	129
	147	133
	148	134
	23	26
	24	27
	152	138
	25	28
	153	139
	29	32
	30	33
	31	34
	32	35
	34	36
	35	37
	40	42
	41	43
	42	44
	43	45
	44	46
	45	47
	46	48
	47	49
	48	50
	49	51
	52	54
	56	58
	57	59
	59	61
	61	64
	62	65
	64	66
	65	67
	66	68
	68	69
	69	70
	70	71
	74	75
	75	76
	76	77
	79	80
	84	85
	85	85
	87	85
	92	90
	93	90
	95	90
	100	95
	101	96
	102	97
	105	99
	106	99
	109	99
	114	105
	115	105
	117	105
	122	110
	127	115
net/minecraft/client/gui/screens/worldselection/DataPackReloadCookie	0	0
com/mojang/realmsclient/gui/screens/configuration/RealmsInviteScreen	120	109
	21	23
	22	24
	23	25
	24	26
	25	27
	37	36
	38	37
	39	38
	40	39
	44	43
	46	44
	48	45
	49	46
	50	47
	52	48
	54	50
	55	52
	56	53
	60	57
	61	58
	65	62
	66	63
	68	65
	71	68
	72	91
	75	69
	76	70
	77	91
	80	71
	81	72
	82	91
	85	74
	86	75
	87	76
	88	77
	89	78
	91	79
	92	79
	93	80
	94	81
	96	83
	98	86
	99	87
	100	88
	101	91
	104	94
	105	95
	106	96
	110	100
	111	101
	115	105
	117	106
	118	107
	120	109
net/minecraft/client/renderer/blockentity/state/BlockEntityWithBoundingBoxRenderState	0	0
com/mojang/blaze3d/resource/package-info	0	0
net/minecraft/client/renderer/entity/ItemFrameRenderer	162	157
	130	128
	135	132
	140	136
	145	140
	146	141
	147	142
	148	143
	149	144
	150	145
	151	146
	152	147
	153	148
	154	149
	155	150
	156	151
	157	152
	158	153
	162	157
	40	40
	41	41
	42	42
	43	43
	44	44
	48	47
	49	48
	51	49
	56	55
	57	56
	59	57
	61	58
	63	59
	65	60
	66	61
	70	64
	71	65
	72	66
	74	68
	75	69
	77	72
	78	73
	80	74
	81	75
	82	76
	84	77
	85	78
	86	79
	87	90
	90	93
	91	94
	93	96
	96	99
	97	100
	98	101
	100	102
	101	103
	102	104
	103	105
	104	106
	105	107
	106	108
	107	109
	108	110
	110	111
	112	112
	113	113
	116	116
	117	117
	120	120
	125	124
net/minecraft/client/gui/render/state/GuiRenderState	305	317
	261	276
	262	277
	265	280
	266	281
	268	284
	269	285
	272	288
	273	289
	275	292
	276	293
	279	296
	280	297
	282	300
	27	24
	283	301
	286	304
	287	305
	289	308
	34	30
	290	309
	35	31
	293	312
	38	34
	294	313
	39	35
	40	36
	296	316
	297	317
	43	39
	44	40
	301	259
	46	43
	302	260
	47	44
	303	261
	304	262
	305	263
	50	47
	51	48
	53	51
	54	52
	57	55
	58	60
	60	56
	61	57
	62	58
	63	60
	66	63
	67	67
	69	64
	70	65
	71	67
	74	70
	75	74
	77	71
	78	72
	79	74
	82	77
	83	81
	85	78
	86	79
	87	81
	90	84
	91	93
	93	85
	94	86
	95	93
	98	96
	99	97
	100	98
	102	101
	103	102
	105	104
	107	107
	108	108
	112	112
	113	114
	114	115
	116	118
	117	120
	118	121
	119	122
	120	123
	121	124
	122	125
	125	129
	126	130
	129	134
	130	135
	131	136
	133	138
	136	141
	137	142
	138	143
	139	144
	140	145
	144	150
	148	154
	149	155
	152	158
	153	159
	156	162
	160	166
	161	167
	162	180
	164	168
	165	169
	166	170
	169	174
	170	175
	171	176
	174	180
	175	181
	178	184
	179	185
	180	186
	181	187
	182	189
	183	190
	186	193
	187	194
	188	195
	191	198
	192	199
	193	200
	194	201
	195	202
	196	203
	199	206
	200	207
	201	208
	204	211
	205	212
	206	213
	207	214
	208	216
	209	217
	212	220
	213	221
	214	222
	217	225
	218	226
	219	227
	220	228
	222	231
	224	233
	225	234
	228	237
	229	238
	231	239
	232	240
	233	241
	234	242
	237	245
	238	246
	239	247
	241	249
	244	252
	245	253
	246	254
	248	256
net/minecraft/client/renderer/special/ShieldSpecialRenderer	82	106
	32	33
	33	34
	65	57
	66	58
	68	61
	69	63
	38	97
	71	79
	74	84
	42	101
	75	85
	79	89
	47	106
	80	90
	81	91
	82	92
	53	37
	58	50
	59	53
	60	54
	62	55
	31	32
	63	56
net/minecraft/client/player/inventory/Hotbar	80	80
	64	62
	65	63
	67	66
	68	67
	71	70
	72	71
	73	72
	76	76
	80	80
	23	26
	25	27
	27	28
	28	28
	30	29
	31	30
	32	30
	40	34
	41	35
	44	38
	45	39
	48	42
	49	44
	50	46
	51	47
	52	48
	54	50
	58	54
	59	55
	60	57
	61	58
	62	59
	63	61
com/mojang/blaze3d/TracyFrameCapture	128	115
	128	115
	32	33
	35	36
	36	37
	37	38
	38	39
	39	40
	40	41
	41	42
	44	45
	46	46
	47	47
	48	48
	50	51
	51	52
	52	53
	56	56
	57	57
	59	58
	60	59
	61	60
	63	61
	64	62
	65	63
	66	64
	67	65
	68	66
	69	67
	71	69
	78	72
	79	92
	81	73
	83	74
	84	75
	85	76
	86	77
	89	80
	90	81
	91	83
	92	84
	93	85
	94	86
	97	89
	99	90
	100	92
	107	95
	108	102
	110	96
	112	98
	113	99
	115	102
	118	105
	119	106
	120	107
	121	108
	125	112
	126	113
	127	114
net/minecraft/client/gui/screens/worldselection/WorldSelectionList	742	802
	513	613
	517	617
	518	624
	521	618
	522	619
	523	624
	526	621
	527	624
	530	628
	532	631
	533	632
	534	633
	536	636
	537	637
	538	638
	539	639
	540	640
	543	644
	546	647
	547	648
	549	655
	550	654
	551	670
	552	671
	553	672
	555	674
	558	677
	559	678
	562	682
	563	683
	564	684
	565	685
	566	686
	567	687
	568	688
	569	689
	570	690
	571	691
	575	696
	577	697
	578	698
	579	699
	581	700
	582	701
	583	702
	584	703
	585	704
	586	705
	75	80
	588	708
	77	81
	589	709
	78	82
	79	83
	80	84
	592	712
	81	85
	593	740
	82	86
	594	715
	83	87
	84	88
	596	718
	85	89
	597	719
	598	720
	87	90
	599	721
	88	91
	89	92
	601	722
	90	93
	602	723
	91	94
	603	725
	92	95
	604	727
	93	96
	605	731
	94	97
	606	732
	611	738
	613	755
	614	756
	615	757
	616	758
	617	759
	618	761
	619	763
	620	764
	621	765
	111	119
	112	120
	624	769
	114	121
	627	772
	116	122
	628	773
	117	123
	118	124
	119	125
	631	776
	120	126
	632	777
	121	127
	633	778
	634	779
	123	129
	635	780
	636	781
	125	132
	637	782
	126	133
	127	134
	640	785
	642	787
	131	138
	132	139
	133	140
	646	791
	647	792
	137	144
	649	794
	138	145
	139	146
	140	150
	652	797
	141	151
	143	147
	657	802
	146	154
	147	155
	148	156
	662	366
	154	161
	155	162
	667	370
	668	371
	159	166
	672	375
	161	167
	673	376
	162	168
	674	377
	164	171
	676	378
	165	172
	677	379
	678	380
	679	381
	168	175
	680	382
	169	190
	171	176
	172	177
	684	386
	173	179
	175	182
	176	183
	180	186
	181	187
	183	190
	186	193
	187	194
	189	197
	190	198
	702	301
	703	302
	704	303
	195	203
	707	306
	196	204
	708	307
	197	205
	198	206
	199	207
	712	311
	713	312
	202	210
	203	210
	204	211
	205	212
	717	316
	718	317
	210	217
	722	321
	211	218
	723	322
	212	219
	213	221
	214	222
	215	223
	727	326
	216	224
	728	327
	218	227
	220	230
	732	331
	221	231
	733	332
	222	232
	223	233
	225	235
	737	336
	226	236
	738	337
	227	237
	228	238
	742	342
	231	241
	235	245
	236	246
	237	247
	240	250
	241	251
	245	255
	250	259
	251	260
	252	261
	254	263
	257	266
	258	267
	259	267
	261	267
	265	271
	266	272
	267	273
	270	276
	275	281
	276	282
	277	286
	279	284
	280	286
	285	351
	288	354
	296	395
	297	396
	301	400
	306	405
	307	406
	308	407
	326	424
	327	425
	328	426
	329	427
	330	428
	331	429
	333	430
	334	431
	335	432
	336	433
	337	434
	338	435
	341	438
	342	439
	343	440
	344	441
	345	442
	347	445
	348	446
	349	447
	350	448
	351	449
	354	452
	355	453
	356	454
	357	455
	358	456
	361	459
	362	460
	363	461
	366	464
	367	487
	370	466
	371	467
	372	468
	373	469
	374	470
	375	471
	377	473
	380	477
	381	478
	383	480
	384	481
	385	482
	386	483
	387	484
	389	487
	393	491
	394	493
	395	493
	396	493
	398	495
	399	496
	401	499
	402	500
	404	503
	409	508
	410	509
	411	510
	413	511
	414	512
	416	513
	417	514
	419	515
	421	516
	422	517
	423	518
	424	519
	426	520
	427	521
	428	522
	429	523
	430	524
	431	525
	432	526
	433	527
	434	528
	437	531
	438	532
	439	533
	440	534
	442	536
	443	537
	444	538
	445	539
	447	541
	448	542
	449	543
	450	544
	452	546
	453	547
	454	548
	455	549
	456	550
	457	551
	459	555
	460	556
	461	557
	462	558
	465	564
	466	565
	469	568
	470	569
	471	570
	475	574
	478	577
	483	582
	484	583
	485	584
	487	585
	488	586
	489	587
	490	588
	491	589
	492	590
	496	595
	501	600
	502	601
	503	602
	504	603
	505	604
	506	605
	509	609
net/minecraft/client/renderer/feature/FlameFeatureRenderer	71	68
	64	61
	65	62
	67	64
	70	67
	71	68
	20	20
	21	21
	23	23
	26	28
	27	29
	29	30
	30	31
	32	32
	33	33
	35	34
	36	35
	38	36
	40	37
	41	38
	42	39
	43	40
	45	42
	46	43
	48	44
	49	45
	50	46
	51	47
	52	48
	53	49
	54	50
	55	51
	57	54
	58	55
	59	56
	60	57
	61	58
	62	59
	63	60
net/minecraft/client/resources/model/MissingBlockModel	46	38
	32	29
	38	30
	23	24
	39	31
	26	27
	28	28
	44	36
	45	37
	29	28
	46	38
net/minecraft/client/searchtree/IdSearchTree	41	38
	18	20
	19	21
	35	32
	20	22
	21	23
	39	36
	40	37
	41	38
	27	27
	28	28
	29	28
	31	28
net/minecraft/client/telemetry/TelemetryPropertyMap	109	117
	66	73
	73	79
	78	84
	82	88
	20	22
	21	23
	24	26
	89	96
	28	30
	92	99
	93	100
	31	32
	32	34
	33	35
	97	104
	98	105
	35	38
	100	108
	39	44
	40	45
	104	112
	41	45
	105	113
	43	45
	109	117
	48	50
	49	52
	50	53
	52	56
	56	62
	57	63
	58	64
	59	65
	61	67
net/minecraft/client/resources/sounds/BeeFlyingSoundInstance	19	22
	19	22
	9	12
	10	13
	14	17
net/minecraft/client/renderer/debug/LightDebugRenderer	57	66
	32	34
	34	35
	36	36
	38	38
	39	39
	40	40
	41	41
	42	43
	44	53
	45	54
	46	55
	49	58
	50	59
	51	60
	52	61
	53	62
	25	27
	57	66
	26	28
	27	29
	28	30
net/minecraft/client/model/animal/ghast/HappyGhastHarnessModel	45	51
	32	37
	37	43
	38	44
	39	45
	40	46
	42	48
	43	49
	45	51
	20	22
	21	23
	22	24
	25	27
	26	28
	28	29
	30	32
net/minecraft/client/renderer/state/ParticlesRenderState	24	26
	17	19
	18	20
	21	23
	22	24
	24	26
	12	14
	13	15
	14	16
com/mojang/realmsclient/dto/Subscription	43	39
	33	27
	38	33
	39	34
	41	36
	43	39
	20	15
	24	19
	25	20
	26	21
	27	22
	28	23
	30	25
	31	26
net/minecraft/client/gui/screens/inventory/StructureBlockEditScreen	463	469
	28	30
	29	31
	30	32
	31	33
	32	34
	33	35
	34	36
	35	37
	36	38
	37	39
	38	40
	39	42
	76	77
	77	78
	78	79
	81	82
	82	83
	84	85
	87	88
	88	89
	89	90
	90	91
	91	92
	92	93
	93	94
	94	95
	95	96
	99	100
	100	101
	102	102
	103	103
	104	104
	105	105
	106	106
	107	107
	108	108
	110	109
	111	110
	112	111
	113	112
	115	114
	116	115
	117	116
	118	117
	119	118
	121	120
	122	122
	123	123
	124	124
	125	125
	126	126
	127	127
	128	128
	131	130
	132	131
	133	132
	134	133
	136	135
	137	136
	138	139
	141	141
	142	144
	145	146
	146	148
	147	149
	148	150
	151	152
	152	155
	155	157
	156	160
	159	162
	160	163
	161	164
	162	165
	163	166
	164	167
	165	168
	166	169
	167	170
	168	171
	169	172
	170	173
	171	174
	172	175
	173	176
	174	177
	176	178
	180	181
	181	182
	183	183
	186	186
	187	187
	188	188
	190	189
	191	190
	192	191
	193	192
	194	193
	195	194
	196	195
	197	196
	198	197
	199	198
	200	199
	201	200
	202	201
	204	202
	205	203
	206	204
	207	205
	208	206
	209	207
	210	208
	211	209
	212	210
	213	211
	214	212
	215	213
	216	214
	218	215
	219	216
	220	217
	221	218
	222	219
	223	220
	224	221
	225	222
	227	223
	228	224
	229	225
	230	226
	232	227
	233	228
	234	229
	238	233
	239	234
	243	238
	244	239
	245	240
	246	241
	247	242
	248	243
	249	244
	250	245
	251	246
	252	247
	254	248
	256	249
	257	250
	258	251
	259	252
	260	253
	261	254
	262	255
	263	256
	264	257
	265	258
	266	259
	269	262
	270	263
	271	264
	272	265
	274	266
	276	268
	277	269
	279	271
	280	272
	282	274
	283	275
	285	277
	288	279
	291	282
	292	283
	293	284
	294	285
	295	286
	296	287
	297	288
	298	289
	299	290
	300	291
	302	292
	303	293
	304	294
	305	295
	306	296
	307	297
	308	298
	309	299
	310	300
	311	301
	312	302
	313	303
	315	304
	317	306
	318	307
	319	308
	320	309
	321	310
	322	311
	323	312
	324	313
	325	314
	326	315
	327	316
	328	317
	329	318
	331	320
	332	321
	333	322
	334	323
	335	324
	336	325
	337	326
	338	327
	339	328
	340	329
	341	330
	342	331
	343	332
	344	333
	345	334
	346	335
	347	336
	349	338
	350	339
	352	341
	355	343
	358	347
	359	350
	360	352
	361	353
	362	354
	363	375
	368	380
	369	381
	370	382
	376	388
	377	389
	378	390
	384	396
	385	397
	386	398
	392	404
	393	405
	397	409
	398	410
	401	411
	402	412
	403	413
	406	415
	411	421
	413	422
	414	423
	416	424
	417	425
	418	426
	421	429
	422	430
	423	431
	424	432
	425	433
	427	434
	430	437
	431	438
	432	439
	433	440
	434	441
	436	442
	437	443
	440	446
	441	447
	442	448
	443	449
	444	450
	445	451
	448	454
	449	455
	450	456
	453	459
	454	460
	458	464
	463	469
net/minecraft/client/renderer/entity/FishingHookRenderer	168	137
	128	105
	129	106
	130	107
	132	108
	133	109
	134	110
	135	111
	136	112
	137	113
	138	114
	140	115
	141	116
	145	119
	150	123
	23	25
	24	26
	152	124
	153	125
	154	126
	155	134
	29	30
	30	31
	158	128
	159	129
	161	130
	34	34
	162	131
	163	132
	164	134
	39	40
	168	137
	41	41
	42	42
	44	43
	46	44
	47	45
	48	46
	49	47
	50	48
	51	49
	53	50
	55	51
	56	52
	57	53
	58	54
	60	55
	61	56
	62	58
	63	59
	64	60
	65	61
	66	62
	68	64
	70	65
	71	66
	72	67
	81	70
	82	70
	83	70
	87	74
	89	75
	90	80
	91	81
	92	82
	93	83
	94	84
	95	85
	98	86
	101	87
	108	76
	110	77
	111	77
	112	77
	113	77
	115	78
	120	92
	124	96
	125	102
net/minecraft/client/renderer/item/ConditionalItemModel	81	97
	64	79
	65	80
	66	81
	72	88
	74	90
	79	95
	80	96
	81	97
	23	26
	24	27
	25	28
	26	29
	30	41
	31	42
	32	44
	39	49
	40	50
	41	51
	42	52
	43	54
	47	59
	52	64
	53	65
	54	65
	55	65
	60	72
	61	73
	63	77
net/minecraft/client/gui/screens/ConnectScreen	215	245
	38	39
	39	40
	41	42
	42	44
	53	55
	54	56
	55	57
	56	58
	59	63
	60	64
	61	87
	64	67
	65	68
	66	69
	67	70
	69	72
	71	75
	72	76
	73	77
	75	80
	76	81
	77	82
	78	83
	79	84
	80	85
	81	87
	84	90
	85	91
	88	94
	90	97
	91	98
	93	101
	94	101
	95	101
	96	102
	97	103
	99	106
	100	108
	101	110
	103	113
	106	115
	107	116
	108	117
	110	120
	111	121
	113	122
	115	125
	117	126
	118	127
	119	128
	120	129
	122	132
	123	133
	125	137
	126	138
	127	139
	133	155
	134	156
	135	157
	136	158
	142	162
	143	163
	145	165
	148	168
	149	169
	150	175
	152	182
	155	185
	156	186
	157	187
	158	188
	162	192
	163	193
	164	194
	167	197
	168	198
	172	202
	173	203
	174	204
	176	206
	179	209
	183	213
	188	218
	189	219
	190	220
	191	221
	192	222
	193	223
	195	226
	196	227
	199	231
	200	232
	201	233
	205	237
	207	238
	208	239
	209	240
	211	241
	214	244
	215	245
com/mojang/blaze3d/opengl/GlDevice	446	450
	257	258
	258	259
	263	264
	264	265
	266	266
	271	271
	276	276
	281	281
	286	286
	291	291
	296	296
	300	300
	301	302
	302	303
	303	304
	304	305
	305	306
	51	46
	308	310
	309	311
	54	47
	310	312
	55	48
	56	49
	57	50
	58	51
	59	52
	315	317
	320	322
	325	327
	326	328
	327	329
	330	333
	331	335
	76	68
	332	336
	77	69
	333	337
	336	341
	81	70
	82	71
	338	342
	339	343
	84	72
	340	344
	86	73
	342	346
	87	74
	88	75
	89	76
	90	77
	91	78
	347	349
	348	350
	93	79
	349	351
	94	80
	350	352
	351	353
	96	81
	352	354
	98	82
	99	83
	356	358
	101	84
	102	85
	103	86
	105	88
	361	363
	362	364
	107	90
	365	367
	110	93
	369	371
	116	98
	373	375
	374	376
	121	103
	379	380
	380	381
	126	110
	127	113
	384	385
	129	111
	385	386
	386	387
	387	388
	389	390
	134	119
	390	391
	391	392
	392	393
	394	394
	139	124
	395	395
	140	125
	396	396
	397	397
	142	128
	143	129
	400	399
	401	400
	146	132
	402	401
	147	133
	148	134
	149	135
	406	407
	151	138
	407	408
	152	139
	408	411
	409	412
	154	142
	410	413
	155	143
	412	416
	157	145
	413	417
	158	146
	414	418
	417	422
	162	149
	418	423
	163	150
	419	424
	164	151
	420	425
	165	152
	421	426
	422	427
	423	428
	168	156
	169	157
	170	158
	172	160
	428	433
	173	161
	175	164
	176	165
	432	437
	177	166
	178	167
	179	168
	436	441
	182	171
	183	172
	184	173
	185	175
	442	449
	443	450
	444	450
	189	180
	190	182
	446	450
	194	187
	195	188
	196	189
	197	192
	198	193
	201	196
	202	197
	203	198
	208	203
	213	208
	214	209
	217	210
	218	214
	221	211
	226	221
	227	222
	230	225
	231	226
	232	227
	233	228
	234	229
	235	232
	236	233
	238	236
	239	237
	244	242
	245	243
	248	246
	249	247
	250	248
	251	249
	252	250
	253	251
	254	254
	255	255
com/mojang/blaze3d/systems/SamplerCache	79	73
	71	64
	72	65
	73	66
	74	67
	11	13
	75	68
	76	69
	77	70
	14	16
	15	17
	79	73
	16	32
	18	18
	19	19
	20	20
	21	21
	22	22
	23	23
	29	34
	38	37
	42	41
	46	45
	50	49
	54	53
	58	57
	59	58
	61	60
net/minecraft/client/MusicToastDisplayState	43	43
	35	35
	39	39
	8	11
	9	12
	10	13
	43	43
	13	15
	20	21
	21	22
	22	23
	23	24
	26	27
	30	31
net/minecraft/client/model/object/cart/package-info	0	0
net/minecraft/client/renderer/blockentity/SkullBlockRenderer	138	160
	130	152
	134	156
	138	160
	40	42
	41	43
	42	44
	43	45
	44	46
	45	47
	46	48
	47	49
	48	50
	51	54
	52	55
	53	56
	54	57
	55	58
	56	59
	57	60
	58	61
	59	62
	63	66
	69	71
	70	72
	71	73
	72	74
	76	77
	81	87
	82	88
	83	89
	84	90
	85	91
	86	92
	87	93
	88	94
	89	95
	90	96
	94	101
	95	103
	96	114
	99	128
	101	129
	102	130
	104	132
	105	133
	106	133
	108	133
	112	136
	114	137
	115	138
	116	139
	117	140
	119	141
	120	142
	123	145
	124	146
	125	147
	126	148
net/minecraft/client/renderer/entity/layers/SpiderEyesLayer	19	22
	19	22
	11	14
	14	17
	15	18
net/minecraft/client/input/KeyEvent	19	15
	19	15
net/minecraft/client/resources/server/PackLoadFeedback	0	0
com/mojang/blaze3d/systems/GpuDevice	65	62
	65	62
net/minecraft/client/model/ArmedModel	0	0
net/minecraft/client/model/animal/fish/TropicalFishSmallModel	63	55
	19	21
	20	22
	21	23
	24	26
	25	27
	27	28
	29	29
	30	30
	31	30
	32	30
	34	32
	35	33
	36	33
	37	33
	39	35
	40	37
	41	37
	42	38
	44	40
	45	42
	46	42
	47	43
	49	45
	50	46
	51	46
	52	46
	55	48
	60	52
	61	53
	62	54
	63	55
net/minecraft/client/renderer/entity/state/SnowGolemRenderState	0	0
net/minecraft/client/renderer/entity/ParrotRenderer	47	48
	33	34
	34	35
	35	36
	36	37
	37	38
	38	39
	39	40
	42	43
	11	15
	43	44
	12	16
	44	45
	13	17
	45	46
	14	18
	46	47
	15	19
	47	48
	18	22
	19	23
	23	26
	28	30
net/minecraft/client/multiplayer/prediction/PredictiveAction	0	0
net/minecraft/client/renderer/chunk/SectionCopy	74	76
	64	66
	65	67
	69	71
	70	72
	71	73
	72	74
	73	75
	74	76
	28	30
	29	31
	30	32
	31	33
	32	34
	34	36
	35	37
	36	41
	38	38
	39	39
	42	44
	45	47
	50	51
	51	52
	52	53
	53	54
	54	55
	55	56
	56	57
	58	60
	59	61
	61	64
net/minecraft/client/gui/screens/advancements/AdvancementTabType	151	170
	129	146
	131	148
	135	153
	137	155
	139	157
	141	159
	143	161
	145	163
	19	14
	20	14
	21	15
	149	168
	22	16
	150	169
	151	170
	24	19
	25	20
	26	21
	28	29
	29	29
	30	30
	31	31
	33	34
	34	35
	35	36
	37	44
	38	44
	39	45
	40	46
	42	49
	43	50
	44	51
	46	59
	47	59
	48	60
	49	61
	51	64
	52	65
	53	66
	64	80
	65	81
	66	82
	67	83
	68	84
	69	85
	72	88
	76	92
	80	96
	84	100
	86	102
	87	103
	88	104
	89	105
	91	107
	93	110
	94	111
	97	114
	98	115
	99	116
	101	118
	102	119
	103	120
	105	122
	106	123
	107	124
	109	126
	110	127
	111	128
	113	130
	114	131
	117	134
	118	135
	121	138
	123	140
	125	142
	127	144
net/minecraft/client/particle/DustParticleBase	44	47
	32	35
	37	40
	42	45
	11	16
	43	46
	12	17
	44	47
	13	18
	14	19
	15	20
	16	21
	17	22
	19	23
	21	24
	22	25
	23	26
	24	27
	27	30
net/minecraft/client/telemetry/TelemetryEventLogger	0	0
net/minecraft/client/multiplayer/chat/report/AbuseReportSender	88	88
	64	71
	68	75
	72	79
	73	80
	74	81
	75	82
	81	88
	21	22
	87	36
	88	37
	29	30
	33	42
	34	43
	35	44
	39	48
	40	51
	43	51
	44	51
	45	51
	46	51
	50	55
	51	56
	52	57
	53	58
	54	59
	55	60
	56	61
	57	62
	59	65
net/minecraft/client/renderer/texture/MissingTextureAtlasSprite	39	43
	34	38
	35	39
	39	43
	12	14
	15	17
	19	21
	20	22
	21	24
	22	25
	23	26
	24	27
	26	29
	30	34
net/minecraft/client/renderer/entity/EntityRenderDispatcher	208	222
	130	138
	131	139
	132	140
	133	141
	134	142
	136	143
	137	144
	139	145
	144	152
	147	155
	148	156
	149	157
	150	158
	152	159
	153	160
	154	161
	156	162
	157	163
	160	166
	161	167
	164	170
	165	171
	168	174
	169	175
	172	178
	173	179
	174	180
	175	181
	176	182
	178	183
	180	184
	182	186
	185	189
	186	190
	187	191
	191	195
	64	65
	192	196
	195	199
	68	81
	69	82
	70	83
	71	84
	199	203
	72	85
	73	86
	74	87
	75	88
	76	89
	204	208
	77	90
	205	219
	78	91
	206	220
	79	92
	207	221
	208	222
	83	95
	84	96
	85	99
	86	100
	91	105
	95	109
	96	110
	97	111
	98	111
	100	111
	105	115
	106	116
	107	117
	108	118
	109	118
	111	118
	113	120
	117	125
	118	126
	119	127
	122	130
	123	131
	127	135
net/minecraft/client/gui/screens/dialog/DialogControlSet	56	61
	32	35
	33	36
	34	37
	35	38
	38	41
	39	42
	40	43
	41	44
	43	47
	47	51
	48	52
	49	53
	51	55
	55	60
	56	61
	26	29
	27	30
	30	33
	31	34
net/minecraft/client/searchtree/IdentifierSearchTree	49	52
	32	35
	33	36
	34	37
	35	38
	36	39
	38	42
	39	43
	41	44
	12	14
	44	47
	15	17
	49	52
	20	22
	26	28
	27	29
	30	32
	31	33
net/minecraft/client/sounds/Weighted	0	0
net/minecraft/client/resources/model/ClientItemInfoLoader	70	77
	64	69
	65	71
	66	72
	67	73
	70	77
	28	30
	29	31
	32	34
	34	35
	35	36
	36	38
	38	39
	39	40
	40	43
	41	45
	42	46
	43	47
	44	48
	45	50
	46	51
	47	52
	48	53
	49	54
	51	55
	53	57
	55	58
	56	59
	57	60
	59	61
	63	68
net/minecraft/client/DeltaTracker	130	124
	64	84
	130	38
	66	86
	69	89
	70	90
	72	93
	73	94
	76	97
	13	9
	77	98
	14	10
	79	101
	80	102
	83	105
	84	106
	88	110
	93	115
	94	116
	32	56
	96	118
	33	57
	34	58
	35	59
	101	124
	38	62
	39	63
	40	63
	105	124
	42	63
	107	124
	46	67
	47	68
	49	69
	50	70
	115	23
	51	71
	116	24
	52	72
	120	28
	56	76
	57	77
	58	78
	125	33
	61	81
	62	82
net/minecraft/client/renderer/entity/state/DisplayEntityRenderState	0	0
net/minecraft/client/multiplayer/chat/report/ChatReport	143	142
	131	124
	132	125
	134	126
	135	126
	136	126
	137	127
	139	129
	143	142
	33	35
	34	36
	37	39
	38	40
	39	41
	40	42
	42	44
	46	47
	47	48
	48	49
	49	50
	50	51
	51	52
	56	57
	61	63
	62	64
	65	67
	66	68
	69	71
	73	75
	74	76
	77	79
	82	84
	87	89
	88	90
	90	91
	91	92
	93	93
	94	94
	96	96
	97	96
	99	96
	104	102
	105	103
	106	104
	109	107
	111	108
	113	109
	115	110
	116	111
	120	115
	122	116
	123	117
	124	118
	125	119
	127	120
net/minecraft/client/renderer/debug/EntityHitboxDebugRenderer	137	107
	128	100
	129	101
	130	102
	133	103
	134	104
	135	105
	137	107
	27	29
	28	30
	32	34
	33	53
	35	35
	36	36
	40	38
	44	39
	46	40
	47	41
	48	42
	49	43
	51	46
	55	53
	58	56
	59	57
	60	58
	61	59
	62	60
	65	64
	71	68
	72	69
	73	70
	76	71
	77	72
	78	73
	81	74
	82	75
	83	76
	84	77
	85	78
	86	79
	94	79
	99	82
	100	83
	101	84
	102	85
	104	86
	107	86
	110	87
	115	91
	116	92
	117	93
	118	94
	119	95
	120	96
	121	96
	122	96
net/minecraft/client/renderer/entity/CowRenderer	57	60
	36	43
	41	47
	46	51
	47	52
	48	53
	52	56
	53	60
	22	25
	23	26
	55	57
	24	27
	56	58
	57	60
	27	31
	28	33
	29	35
	30	37
net/minecraft/client/renderer/blockentity/TestInstanceRenderer	80	85
	65	71
	66	72
	70	76
	75	81
	80	85
	29	31
	34	41
	35	42
	36	43
	37	44
	38	45
	39	46
	40	47
	41	48
	42	50
	43	51
	45	53
	49	58
	50	59
	52	61
	53	62
	55	64
	58	67
	60	68
	62	69
	63	70
net/minecraft/client/animation/definitions/FrogAnimation	303	469
	13	12
	14	13
	15	17
	16	18
	17	19
	18	20
	19	21
	20	22
	22	25
	23	29
	24	30
	25	31
	26	32
	27	33
	28	34
	29	35
	30	36
	31	37
	32	38
	33	39
	34	40
	35	41
	36	42
	37	43
	38	44
	40	47
	42	48
	43	49
	44	50
	45	54
	46	55
	47	56
	48	57
	49	58
	50	59
	52	62
	53	66
	54	67
	55	68
	56	69
	57	70
	59	73
	60	77
	61	78
	62	79
	63	80
	64	81
	65	82
	67	85
	68	89
	69	90
	70	91
	71	92
	72	93
	74	96
	75	100
	76	101
	77	102
	78	103
	79	104
	80	105
	82	108
	83	112
	84	113
	85	114
	86	115
	87	116
	89	119
	90	123
	91	124
	92	125
	93	126
	94	127
	95	128
	97	131
	98	135
	99	136
	100	137
	101	138
	102	139
	104	142
	105	146
	106	147
	107	148
	108	149
	109	150
	111	153
	113	154
	114	155
	115	159
	116	160
	118	163
	119	167
	120	168
	122	171
	123	175
	124	176
	126	179
	127	183
	128	184
	130	187
	131	191
	132	192
	134	195
	135	199
	136	200
	138	203
	139	207
	140	208
	142	211
	143	215
	144	216
	146	219
	147	223
	148	224
	150	227
	151	231
	152	232
	154	235
	156	236
	157	237
	158	241
	159	242
	160	243
	161	244
	163	247
	164	251
	165	252
	166	253
	167	254
	169	257
	170	261
	171	262
	172	263
	173	264
	175	267
	176	271
	177	272
	178	273
	180	276
	182	277
	183	278
	184	279
	185	283
	186	284
	187	285
	188	286
	190	289
	191	293
	192	294
	193	295
	194	296
	195	297
	196	298
	198	301
	199	305
	200	306
	201	307
	202	308
	203	309
	204	310
	206	313
	207	317
	208	318
	209	319
	210	320
	211	321
	212	322
	214	325
	215	329
	216	330
	217	331
	218	332
	219	333
	220	334
	222	337
	223	341
	224	342
	225	343
	226	344
	227	345
	228	346
	230	349
	231	353
	232	354
	233	355
	234	356
	235	357
	236	358
	238	361
	239	365
	240	366
	241	367
	242	368
	243	369
	244	370
	246	373
	247	377
	248	378
	249	379
	250	380
	251	381
	252	382
	254	385
	256	386
	257	387
	258	388
	259	392
	260	393
	261	394
	263	397
	264	401
	265	402
	266	403
	268	406
	269	410
	270	411
	271	412
	273	415
	274	419
	275	420
	276	421
	278	424
	279	428
	280	429
	281	430
	283	433
	284	437
	285	438
	286	439
	288	442
	289	446
	290	447
	291	448
	293	451
	294	455
	295	456
	296	457
	298	460
	299	464
	300	465
	301	466
	303	469
net/minecraft/client/model/object/equipment/ElytraModel	60	55
	17	18
	23	23
	24	24
	25	25
	26	26
	29	29
	30	30
	32	31
	33	32
	34	34
	35	34
	36	35
	38	37
	39	39
	40	39
	41	40
	44	42
	49	46
	51	47
	52	48
	53	49
	54	50
	56	51
	57	52
	58	53
	59	54
	60	55
net/minecraft/client/gui/screens/inventory/tooltip/ClientTooltipComponent	36	37
	17	18
	33	34
	18	19
	19	20
	20	21
	36	37
	13	14
	29	30
net/minecraft/client/data/models/ModelProvider	178	160
	128	119
	129	120
	130	121
	132	124
	134	125
	135	126
	136	127
	137	128
	139	131
	140	132
	142	133
	143	135
	144	136
	145	137
	147	138
	148	139
	150	141
	153	144
	159	49
	160	50
	161	51
	163	52
	164	53
	166	54
	167	55
	41	43
	169	56
	42	44
	170	57
	43	45
	171	58
	44	46
	172	59
	178	64
	51	153
	52	154
	53	155
	55	157
	58	160
	67	72
	68	73
	69	74
	70	75
	72	77
	75	80
	79	80
	82	81
	83	81
	84	81
	85	81
	87	82
	88	83
	90	85
	93	88
	94	89
	95	90
	105	101
	106	102
	109	105
	110	106
	111	107
	113	109
	117	113
	118	114
	123	117
	124	118
	125	124
net/minecraft/client/gui/components/debug/DebugEntryPostEffect	17	20
	17	20
	12	15
	13	16
	14	17
	15	18
com/mojang/realmsclient/dto/PreferredRegionsDto	11	11
	11	11
net/minecraft/client/gui/render/state/pip/GuiBookModelRenderState	12	28
	11	27
	12	28
net/minecraft/client/color/ColorLerper	61	69
	32	43
	33	44
	36	47
	38	48
	40	48
	41	48
	42	48
	13	25
	47	53
	48	54
	19	31
	20	32
	21	33
	22	34
	23	35
	55	61
	24	36
	56	63
	25	37
	57	65
	26	38
	58	66
	27	39
	61	69
com/mojang/blaze3d/pipeline/BlendFunction	20	31
	16	26
	19	30
	20	31
	9	12
	10	13
	11	14
	12	16
	13	19
	14	21
	15	23
net/minecraft/client/renderer/item/properties/conditional/ConditionalItemModelProperty	0	0
net/minecraft/client/gui/screens/options/OptionsScreen	168	180
	128	134
	129	135
	131	136
	132	137
	133	138
	135	139
	137	141
	138	142
	141	145
	146	152
	147	153
	148	159
	149	160
	153	165
	154	166
	155	167
	156	168
	157	169
	158	170
	160	172
	33	36
	34	37
	35	38
	36	39
	164	176
	37	40
	165	177
	38	41
	39	42
	40	43
	168	180
	41	44
	42	45
	43	46
	44	47
	58	56
	59	57
	60	58
	61	59
	65	63
	66	64
	67	65
	68	66
	69	67
	71	68
	72	69
	74	70
	76	71
	77	72
	78	73
	79	74
	80	75
	81	76
	82	80
	83	85
	84	86
	85	87
	86	88
	87	89
	89	92
	91	93
	92	94
	94	96
	95	98
	96	99
	100	103
	101	104
	105	108
	106	109
	109	112
	110	113
	111	114
	114	117
	115	118
	117	119
	118	120
	119	124
	121	127
	122	128
	125	132
	127	133
net/minecraft/client/multiplayer/CommonListenerCookie	0	0
net/minecraft/client/renderer/state/ParticleGroupRenderState	9	12
	9	12
net/minecraft/client/gui/screens/dialog/DialogScreens	40	36
	33	31
	34	32
	20	22
	21	23
	37	33
	38	34
	39	35
	24	26
	40	36
	25	27
	26	27
	28	27
net/minecraft/client/particle/EndRodParticle	38	39
	33	33
	34	34
	38	39
	9	12
	11	13
	12	14
	13	15
	15	16
	17	17
	19	18
	20	19
	21	20
	25	24
	26	25
	27	26
net/minecraft/client/Screenshot	115	130
	22	24
	26	28
	27	29
	30	33
	31	36
	32	37
	35	39
	36	40
	38	42
	41	45
	42	48
	43	49
	45	52
	46	53
	47	54
	48	55
	49	56
	51	58
	52	60
	53	62
	56	65
	57	66
	60	69
	61	70
	63	71
	64	72
	65	73
	67	76
	68	116
	70	77
	71	78
	72	79
	73	80
	74	81
	75	82
	76	83
	79	85
	80	86
	81	87
	82	88
	83	89
	85	91
	86	92
	87	93
	88	95
	89	96
	90	97
	91	98
	92	99
	93	100
	96	104
	97	105
	103	110
	105	113
	106	114
	107	118
	110	121
	112	130
	113	125
	114	126
	115	127
net/minecraft/client/model/animal/camel/CamelModel	126	112
	22	22
	34	32
	35	33
	36	34
	38	35
	39	36
	40	37
	41	38
	42	39
	43	40
	44	41
	47	44
	51	48
	52	49
	54	50
	55	51
	56	51
	58	53
	59	54
	60	54
	62	56
	63	57
	64	57
	66	59
	67	62
	68	64
	69	66
	70	68
	72	70
	73	71
	74	71
	76	73
	77	74
	78	74
	80	76
	81	77
	82	77
	84	79
	85	80
	86	80
	88	82
	89	83
	90	83
	92	85
	93	86
	94	86
	96	88
	101	92
	104	93
	106	94
	108	95
	109	96
	110	97
	111	98
	112	99
	113	100
	116	103
	117	104
	119	105
	120	106
	121	107
	124	110
	125	111
	126	112
net/minecraft/client/particle/ElderGuardianParticle	32	37
	32	37
	18	21
	19	22
	20	23
	21	24
	22	25
	26	29
net/minecraft/client/renderer/blockentity/ConduitRenderer	171	177
	128	123
	129	124
	131	125
	132	126
	133	127
	134	128
	135	129
	136	139
	138	140
	139	141
	141	142
	142	143
	143	144
	144	145
	149	148
	150	149
	151	150
	152	151
	153	152
	154	153
	155	154
	156	155
	157	156
	158	157
	159	158
	33	35
	161	159
	162	160
	35	36
	163	161
	36	37
	164	162
	37	38
	165	163
	38	39
	166	164
	39	40
	167	165
	40	41
	168	166
	169	167
	170	175
	171	177
	50	49
	51	50
	52	51
	53	52
	54	53
	55	54
	58	57
	59	58
	60	59
	61	60
	62	60
	65	62
	69	66
	70	67
	71	68
	72	68
	73	68
	76	69
	80	73
	81	74
	82	75
	83	75
	84	75
	87	76
	91	80
	92	81
	93	82
	94	82
	95	82
	98	83
	103	87
	108	97
	109	98
	110	99
	111	100
	112	101
	113	102
	114	103
	118	106
	119	107
	120	108
	121	109
	122	110
	123	120
	124	177
	127	122
net/minecraft/client/gui/screens/dialog/WaitingForResponseScreen	93	88
	65	61
	66	62
	67	63
	68	64
	69	65
	70	66
	71	67
	74	70
	13	16
	79	74
	16	18
	17	19
	18	20
	19	21
	20	22
	84	79
	89	84
	90	85
	93	88
	35	33
	36	34
	37	35
	38	36
	39	37
	43	41
	45	42
	47	43
	48	44
	49	45
	51	47
	52	49
	53	50
	57	54
	58	55
	59	56
	63	60
net/minecraft/client/model/animal/llama/LlamaModel	122	118
	32	31
	33	32
	34	33
	35	34
	36	35
	37	36
	38	37
	39	38
	40	39
	43	42
	44	43
	46	44
	47	46
	48	47
	49	49
	50	51
	51	53
	52	55
	54	57
	55	59
	56	59
	57	60
	59	62
	60	64
	61	64
	62	65
	64	67
	65	69
	66	69
	67	70
	69	72
	70	73
	71	74
	72	74
	73	75
	74	76
	75	77
	76	78
	78	79
	83	83
	84	84
	85	85
	87	86
	88	87
	89	88
	91	89
	93	91
	94	92
	95	93
	96	95
	97	96
	98	97
	99	98
	101	100
	104	103
	109	107
	111	108
	112	109
	114	110
	115	111
	116	112
	117	113
	118	114
	119	115
	120	116
	121	117
	122	118
net/minecraft/client/multiplayer/ProfileKeyPairManager	25	27
	20	22
	25	27
	15	17
net/minecraft/client/model/monster/piglin/PiglinModel	84	80
	12	15
	13	16
	17	19
	19	20
	21	21
	23	22
	25	23
	26	24
	27	25
	28	26
	29	27
	30	28
	31	29
	32	30
	34	31
	35	32
	37	33
	38	34
	40	35
	41	36
	42	37
	43	38
	44	40
	45	42
	46	43
	47	44
	48	45
	49	46
	50	47
	52	49
	53	50
	56	53
	60	56
	61	57
	62	58
	63	62
	65	60
	66	62
	69	65
	70	66
	72	68
	74	70
	78	74
	79	75
	80	76
	81	77
	82	78
	83	79
	84	80
net/minecraft/client/renderer/debug/PathfindingRenderer	160	121
	64	55
	128	89
	65	56
	129	90
	66	57
	130	91
	67	58
	131	94
	68	59
	69	60
	135	100
	138	103
	140	118
	77	61
	142	104
	143	106
	144	107
	82	66
	146	108
	83	67
	147	109
	84	68
	85	69
	151	111
	152	112
	154	113
	155	114
	93	70
	157	118
	160	121
	100	72
	104	77
	105	78
	47	35
	48	36
	113	79
	51	38
	54	41
	55	42
	120	81
	58	45
	60	46
	61	47
	126	87
	62	50
	127	88
net/minecraft/client/renderer/item/properties/numeric/UseDuration	33	36
	33	36
	19	22
	20	23
	21	26
	24	24
	13	17
	29	32
	14	17
	15	17
net/minecraft/client/model/monster/wither/package-info	0	0
net/minecraft/client/renderer/entity/state/LlamaRenderState	9	12
	7	10
	9	12
net/minecraft/client/renderer/entity/layers/TropicalFishPatternLayer	62	69
	16	19
	17	20
	18	21
	19	22
	20	23
	21	24
	23	25
	24	26
	25	27
	26	28
	27	29
	28	30
	34	37
	35	38
	36	39
	37	40
	41	43
	42	45
	43	46
	44	47
	46	51
	47	52
	48	53
	49	54
	50	55
	51	56
	52	57
	54	58
	55	59
	56	60
	57	61
	58	62
	59	63
	61	67
	62	69
net/minecraft/client/ClientBootstrap	33	34
	32	32
	33	34
	18	21
	19	34
	21	22
	23	23
	24	24
	25	25
	26	26
	27	27
	28	28
	29	29
	30	30
	31	31
net/minecraft/client/renderer/entity/GuardianRenderer	192	175
	28	30
	29	31
	31	32
	34	35
	35	36
	38	39
	39	40
	43	43
	44	44
	47	47
	48	48
	49	49
	51	50
	52	51
	54	52
	57	56
	61	60
	62	61
	63	62
	64	63
	69	67
	71	68
	72	69
	73	70
	74	71
	75	72
	76	74
	77	76
	79	78
	82	81
	83	82
	86	83
	87	84
	88	85
	89	86
	91	87
	93	88
	94	89
	95	90
	96	91
	98	92
	99	93
	101	94
	102	95
	103	96
	104	97
	105	98
	106	99
	107	100
	108	101
	110	102
	111	103
	112	104
	113	105
	115	106
	116	107
	117	108
	118	109
	120	110
	122	111
	123	112
	124	113
	125	114
	127	115
	128	116
	129	117
	130	118
	131	119
	133	120
	134	121
	135	122
	136	123
	138	124
	139	125
	140	126
	141	127
	142	128
	143	129
	144	130
	147	133
	148	139
	152	142
	157	146
	162	150
	163	151
	164	152
	166	153
	168	154
	169	155
	170	156
	171	157
	173	159
	174	160
	177	163
	178	164
	179	165
	180	166
	181	167
	183	169
	185	171
	188	174
	189	175
	190	175
	192	175
net/minecraft/client/model/player/package-info	0	0
net/minecraft/client/renderer/debug/PoiDebugRenderer	104	96
	66	60
	67	61
	68	62
	69	63
	70	64
	72	66
	75	69
	77	70
	78	71
	79	72
	81	74
	83	77
	86	80
	88	81
	89	81
	90	82
	27	26
	28	27
	93	85
	94	86
	32	31
	97	89
	34	32
	98	90
	35	33
	99	91
	36	34
	100	92
	37	35
	101	93
	39	37
	103	95
	104	96
	41	38
	42	39
	43	44
	45	40
	46	41
	48	44
	49	45
	52	48
	53	49
	54	50
	57	53
	58	54
	59	55
	60	56
	61	57
net/minecraft/client/renderer/debug/SupportBlockRenderer	85	88
	65	63
	66	64
	69	67
	73	71
	74	72
	75	73
	76	74
	77	75
	78	76
	79	77
	80	78
	81	83
	82	85
	83	86
	85	88
	29	30
	30	31
	34	35
	35	36
	36	37
	37	38
	38	39
	41	42
	42	43
	43	44
	46	47
	47	48
	50	49
	52	52
	55	55
	56	56
	58	57
	59	58
	61	59
	62	60
	63	61
net/minecraft/client/particle/ParticleRenderType	7	11
	4	8
	5	9
	6	10
	7	11
net/minecraft/client/renderer/entity/MushroomCowRenderer	40	39
	16	19
	17	20
	33	33
	18	21
	21	24
	38	37
	23	25
	39	38
	24	26
	40	39
	28	29
	15	18
net/minecraft/client/renderer/debug/GameEventListenerRenderer	50	52
	33	37
	34	39
	35	40
	37	41
	38	42
	39	43
	40	44
	42	45
	43	46
	44	47
	45	48
	47	49
	48	50
	49	51
	18	21
	50	52
	19	23
	21	25
	22	27
	24	29
	28	33
	29	34
	30	35
	31	36
com/mojang/blaze3d/vertex/BufferBuilder	292	280
	257	252
	262	257
	263	258
	266	259
	267	260
	268	261
	270	262
	272	263
	273	264
	18	17
	276	266
	277	267
	278	268
	280	270
	283	273
	285	274
	286	275
	287	276
	289	280
	291	278
	292	280
	38	32
	39	33
	42	36
	43	37
	44	38
	46	39
	47	40
	48	41
	50	42
	51	43
	52	44
	53	45
	54	46
	60	49
	61	50
	62	51
	63	52
	64	53
	65	54
	69	58
	70	59
	71	60
	73	62
	77	67
	78	68
	80	70
	83	73
	84	74
	86	77
	87	78
	88	79
	90	82
	91	83
	92	84
	96	88
	97	89
	98	90
	99	91
	101	94
	102	95
	103	96
	104	97
	108	101
	109	102
	110	103
	111	104
	113	106
	115	107
	116	108
	117	109
	119	111
	123	117
	124	129
	127	118
	128	119
	129	119
	130	119
	131	120
	136	123
	137	124
	138	125
	139	126
	141	129
	144	132
	146	133
	147	134
	150	137
	151	138
	153	140
	154	141
	156	143
	160	147
	161	148
	162	149
	163	150
	164	151
	165	152
	170	157
	171	158
	172	159
	173	160
	174	161
	175	162
	177	165
	182	170
	183	171
	184	172
	186	175
	191	180
	192	181
	193	182
	194	183
	196	186
	201	191
	206	196
	207	197
	208	198
	210	201
	215	206
	220	211
	221	212
	222	213
	224	216
	228	220
	229	221
	230	222
	231	223
	233	226
	238	231
	239	232
	240	233
	241	234
	242	235
	244	238
	249	243
	250	244
	251	245
	253	248
net/minecraft/client/renderer/texture/atlas/sources/package-info	0	0
net/minecraft/client/gui/GlyphSource	0	0
net/minecraft/client/renderer/blockentity/EnchantTableRenderer	76	87
	65	68
	67	69
	68	70
	70	71
	71	72
	73	73
	74	74
	75	86
	76	87
	24	25
	30	30
	31	31
	32	32
	36	35
	41	45
	42	46
	43	47
	44	48
	46	49
	48	51
	49	52
	51	55
	52	56
	55	59
	56	60
	60	65
	61	66
	63	67
net/minecraft/client/gui/components/tabs/Tab	0	0
net/minecraft/client/renderer/block/model/SimpleModelWrapper	55	53
	32	29
	34	30
	35	32
	36	33
	37	34
	38	35
	39	36
	41	39
	45	43
	46	44
	47	45
	50	47
	55	53
	24	22
	27	25
	29	26
	30	27
	31	28
net/minecraft/client/model/VillagerLikeModel	0	0
net/minecraft/client/renderer/entity/EndCrystalRenderer	80	86
	67	74
	68	75
	69	76
	70	77
	71	78
	72	79
	74	81
	76	83
	80	86
	20	23
	21	24
	26	28
	27	29
	28	30
	29	31
	33	36
	34	37
	35	38
	37	39
	39	49
	41	50
	42	51
	43	52
	44	53
	45	54
	46	55
	47	56
	48	57
	51	60
	52	61
	55	64
	56	65
	57	66
	62	70
com/mojang/realmsclient/util/RealmsTextureManager	65	61
	64	61
	65	61
	20	22
	22	23
	23	24
	26	27
	27	27
	29	27
	33	31
	34	32
	35	33
	38	35
	39	36
	40	37
	41	38
	42	39
	45	41
	46	42
	47	43
	49	44
	56	50
	57	51
	59	54
	60	55
	61	56
	63	58
net/minecraft/client/model/animal/feline/package-info	0	0
net/minecraft/client/sounds/JOrbisAudioStream	242	229
	128	95
	129	109
	135	115
	136	116
	137	117
	139	119
	141	120
	142	121
	144	123
	149	130
	150	131
	152	146
	155	135
	156	136
	157	137
	160	140
	161	144
	164	133
	165	148
	172	154
	174	156
	175	157
	176	158
	178	160
	51	41
	179	161
	53	42
	181	164
	55	43
	56	44
	57	45
	187	169
	188	170
	62	48
	190	171
	63	49
	191	172
	64	50
	192	173
	195	176
	196	177
	69	53
	199	180
	73	53
	201	183
	74	54
	202	184
	75	55
	76	56
	204	185
	205	186
	78	59
	206	188
	79	60
	207	191
	208	194
	81	53
	210	197
	85	64
	213	200
	86	65
	88	66
	89	67
	217	204
	218	205
	219	206
	220	207
	93	70
	221	208
	224	211
	98	75
	227	214
	228	215
	102	79
	230	217
	103	80
	104	81
	105	82
	233	220
	106	83
	234	221
	235	222
	109	86
	237	224
	110	87
	241	228
	242	229
	115	92
	116	93
	118	103
	119	104
	121	107
	124	97
	125	101
net/minecraft/client/renderer/special/PlayerHeadSpecialRenderer	69	70
	65	54
	66	55
	34	64
	67	55
	69	55
	39	69
	40	70
	41	70
	44	70
	50	41
	51	42
	52	43
	56	47
	25	27
	57	48
	26	28
	58	49
	27	29
	59	50
	60	51
	30	60
net/minecraft/client/renderer/entity/ThrownItemRenderer	60	57
	33	35
	38	41
	40	42
	42	43
	44	44
	46	46
	48	47
	49	48
	21	23
	53	51
	22	24
	23	25
	24	26
	25	27
	58	55
	59	56
	28	30
	60	57
	29	31
net/minecraft/client/renderer/entity/TurtleRenderer	41	36
	33	29
	34	30
	35	31
	36	32
	37	33
	41	36
	10	13
	13	16
	14	17
	18	20
	19	21
	21	21
	23	21
	28	25
net/minecraft/client/renderer/item/BundleSelectedItemSpecialRenderer	38	51
	16	28
	17	29
	33	46
	18	30
	19	31
	21	33
	38	51
	24	37
	28	41
net/minecraft/client/renderer/chunk/TranslucencyPointOfView	40	42
	34	37
	35	38
	37	40
	38	42
	40	41
	13	16
	17	20
	18	21
	19	22
	20	23
	24	27
	25	28
	29	32
net/minecraft/client/model/animal/fox/package-info	0	0
net/minecraft/client/multiplayer/ClientSuggestionProvider	173	174
	132	133
	133	134
	134	138
	137	135
	138	136
	143	143
	148	147
	153	151
	157	155
	158	156
	159	157
	160	158
	162	160
	165	163
	166	165
	167	168
	169	171
	170	172
	43	48
	44	49
	45	50
	173	174
	46	51
	50	54
	52	56
	53	57
	56	60
	61	64
	62	65
	64	68
	65	69
	66	70
	71	74
	72	75
	74	76
	79	80
	84	84
	89	88
	94	97
	95	98
	96	99
	97	100
	102	104
	103	105
	105	108
	106	109
	107	110
	108	111
	112	115
	116	119
	121	123
	122	124
	123	128
	126	125
	127	126
net/minecraft/client/renderer/entity/SpiderRenderer	42	42
	16	19
	19	22
	36	37
	21	23
	22	24
	41	41
	26	28
	42	42
	12	15
	15	18
	31	33
net/minecraft/client/InputType	15	18
	11	14
	15	18
com/mojang/realmsclient/gui/RealmsWorldSlotButton	180	176
	129	81
	130	82
	131	83
	135	85
	136	86
	137	87
	138	88
	139	89
	140	90
	141	91
	142	92
	143	93
	144	94
	145	95
	146	96
	148	98
	22	24
	23	25
	151	101
	24	26
	152	102
	25	27
	153	103
	26	28
	27	29
	28	30
	156	106
	29	31
	158	107
	159	108
	160	109
	161	110
	163	112
	166	115
	39	38
	167	116
	40	39
	41	40
	42	41
	170	119
	171	120
	172	121
	45	44
	173	122
	175	125
	177	126
	178	127
	180	131
	66	153
	67	154
	68	155
	69	156
	70	157
	71	158
	72	159
	73	160
	74	161
	75	162
	77	164
	78	165
	79	166
	80	167
	81	168
	82	169
	83	170
	84	171
	85	172
	87	175
	88	176
	92	48
	93	49
	94	50
	98	54
	99	55
	100	56
	103	58
	104	59
	107	62
	108	63
	109	64
	112	67
	113	68
	116	71
	117	71
	119	71
	124	76
com/mojang/blaze3d/vertex/CompactVectorArray	45	43
	37	35
	41	39
	11	13
	12	14
	45	43
	15	17
	19	21
	20	22
	23	25
	24	26
	25	27
	26	28
	29	31
net/minecraft/client/model/animal/pig/ColdPigModel	27	31
	16	17
	19	20
	20	21
	22	22
	23	25
	24	27
	25	29
	27	31
	15	16
net/minecraft/client/data/AtlasProvider	202	173
	128	115
	129	116
	130	116
	131	116
	132	116
	137	121
	138	122
	141	124
	154	137
	155	137
	156	137
	161	141
	162	141
	163	141
	36	40
	164	141
	38	41
	39	42
	41	42
	169	145
	44	57
	177	149
	178	150
	179	151
	180	152
	181	153
	182	154
	183	155
	184	156
	185	157
	186	158
	187	159
	188	160
	189	161
	190	162
	191	163
	192	164
	65	64
	197	169
	73	69
	74	70
	202	173
	77	73
	78	75
	79	76
	80	78
	81	79
	84	83
	89	87
	94	91
	98	95
	99	95
	104	99
	110	103
	111	104
	112	105
	113	106
	114	107
	118	111
	120	111
net/minecraft/client/gui/screens/reporting/ChatSelectionLogFiller	75	74
	65	63
	66	64
	67	65
	68	66
	69	67
	70	68
	72	71
	73	72
	75	74
	28	28
	29	29
	30	30
	31	31
	32	32
	35	35
	36	37
	37	38
	38	39
	41	43
	42	43
	44	44
	45	44
	49	45
	50	46
	51	47
	52	48
	54	51
	55	52
	57	54
	59	57
	62	60
net/minecraft/client/renderer/entity/SnowGolemRenderer	33	32
	16	18
	32	31
	17	19
	33	32
	21	22
	26	26
	11	14
	14	17
	31	30
net/minecraft/client/gui/components/debug/DebugEntrySpawnCounts	36	41
	32	29
	33	30
	34	36
	20	22
	36	41
	21	23
	22	24
	24	25
	25	41
	28	26
	29	27
	31	28
net/minecraft/client/model/monster/strider/package-info	0	0
net/minecraft/client/particle/DripParticle	468	518
	257	349
	258	351
	259	352
	267	376
	268	377
	272	382
	273	383
	274	384
	25	102
	26	103
	282	303
	27	104
	283	304
	28	105
	29	106
	287	310
	288	312
	33	110
	289	313
	34	111
	290	314
	35	112
	291	315
	37	114
	41	118
	42	119
	43	120
	299	283
	44	121
	300	284
	304	290
	49	85
	305	292
	50	86
	306	293
	307	294
	54	90
	55	91
	56	92
	57	93
	58	94
	315	324
	316	325
	320	330
	65	231
	321	331
	66	232
	322	332
	67	233
	323	333
	68	234
	72	238
	73	239
	74	240
	331	210
	332	211
	76	242
	336	217
	337	219
	81	264
	338	220
	82	265
	86	269
	87	270
	88	271
	89	272
	346	191
	90	273
	347	192
	92	275
	351	198
	352	200
	97	137
	353	201
	98	138
	102	142
	103	143
	104	144
	105	145
	361	176
	106	146
	362	177
	107	147
	109	149
	366	182
	367	182
	114	248
	115	249
	375	157
	119	253
	376	158
	120	254
	122	256
	380	164
	381	166
	382	167
	127	127
	128	128
	129	129
	390	393
	391	394
	136	26
	137	27
	138	28
	139	29
	395	399
	140	30
	396	400
	397	401
	398	402
	143	33
	399	403
	148	38
	407	474
	408	475
	153	43
	154	43
	412	480
	157	43
	413	481
	414	482
	415	483
	416	484
	162	48
	163	49
	164	50
	166	51
	167	52
	168	69
	424	433
	425	434
	171	53
	172	54
	173	55
	429	440
	174	56
	430	442
	175	69
	431	443
	432	444
	433	445
	178	57
	434	446
	179	58
	180	59
	182	60
	183	69
	186	61
	442	412
	187	62
	443	413
	188	63
	189	63
	190	64
	447	419
	448	421
	193	69
	449	422
	450	423
	451	424
	196	72
	197	73
	199	75
	202	78
	459	455
	460	456
	464	461
	208	510
	465	462
	209	511
	466	463
	467	464
	468	465
	213	516
	214	517
	215	518
	223	493
	224	494
	228	499
	229	500
	230	501
	238	361
	239	362
	243	367
	244	367
	252	342
	253	343
net/minecraft/client/gui/font/glyphs/package-info	0	0
net/minecraft/client/renderer/item/properties/conditional/ExtendedView	22	24
	17	19
	22	24
	12	15
net/minecraft/client/renderer/blockentity/state/BannerRenderState	0	0
net/minecraft/client/model/animal/llama/LlamaSpitModel	37	39
	32	34
	33	35
	34	36
	37	39
	16	19
	17	20
	20	23
	21	24
	23	25
	24	26
	25	28
	26	29
	27	30
	28	31
	29	32
	31	33
net/minecraft/client/gui/screens/telemetry/TelemetryInfoScreen	132	134
	131	133
	132	134
	22	24
	23	25
	24	26
	25	27
	26	28
	27	29
	30	31
	46	43
	47	44
	48	45
	49	46
	53	50
	58	55
	59	56
	60	57
	61	58
	62	59
	63	60
	64	61
	66	62
	67	63
	68	64
	69	65
	70	67
	71	68
	72	69
	73	70
	75	74
	76	75
	77	76
	79	77
	80	78
	81	79
	83	81
	84	83
	85	84
	89	88
	90	89
	91	90
	92	91
	93	92
	95	95
	96	96
	98	99
	99	100
	101	103
	102	104
	106	108
	107	109
	109	111
	112	114
	113	115
	115	117
	118	120
	119	121
	122	124
	123	125
	126	128
	127	129
net/minecraft/client/animation/definitions/package-info	0	0
com/mojang/realmsclient/package-info	0	0
net/minecraft/client/renderer/blockentity/TheEndPortalRenderer	9	11
	9	11
net/minecraft/client/model/monster/shulker/ShulkerModel	84	71
	65	54
	67	55
	68	56
	69	57
	70	58
	71	59
	73	62
	76	63
	77	64
	79	66
	82	69
	83	70
	84	71
	23	24
	24	25
	25	26
	26	27
	29	30
	30	31
	32	32
	33	33
	34	33
	35	33
	37	35
	38	36
	39	36
	40	36
	43	38
	47	42
	49	44
	50	44
	51	44
	52	44
	55	45
	59	49
	60	50
net/minecraft/client/renderer/entity/package-info	0	0
net/minecraft/client/renderer/entity/PaintingRenderer	174	175
	26	28
	31	32
	32	33
	33	34
	37	37
	38	38
	39	56
	42	39
	43	40
	45	41
	46	42
	48	43
	49	53
	51	54
	52	56
	56	59
	61	63
	63	64
	64	65
	65	66
	66	67
	68	68
	69	69
	70	70
	71	71
	74	74
	75	75
	77	76
	78	78
	79	79
	80	80
	81	81
	82	82
	83	83
	84	84
	85	85
	86	87
	87	90
	88	93
	89	96
	92	99
	95	102
	98	114
	99	115
	100	116
	102	117
	104	118
	105	119
	106	120
	107	121
	110	122
	111	123
	112	124
	113	125
	115	126
	116	127
	117	128
	118	129
	120	130
	121	131
	123	133
	124	134
	125	135
	126	136
	127	137
	128	138
	130	139
	133	140
	134	141
	135	142
	136	143
	138	144
	139	145
	140	146
	141	147
	143	148
	144	149
	145	150
	146	151
	148	152
	149	153
	150	154
	151	155
	153	156
	154	157
	155	158
	156	159
	158	160
	159	161
	160	162
	161	163
	163	164
	164	165
	165	166
	166	167
	169	170
	170	171
	173	174
	174	175
net/minecraft/client/gui/contextualbar/JumpableVehicleBarRenderer	45	44
	33	32
	34	33
	35	40
	38	35
	39	36
	40	37
	42	40
	45	44
	14	16
	15	17
	16	18
	22	23
	23	24
	24	25
	28	29
	29	30
	31	31
net/minecraft/client/multiplayer/ServerList	174	172
	128	127
	129	128
	132	131
	134	133
	137	136
	141	140
	142	141
	143	142
	144	143
	145	144
	20	22
	148	147
	149	148
	22	23
	152	151
	153	152
	155	153
	156	154
	157	155
	30	30
	31	31
	160	159
	35	35
	36	36
	164	163
	165	164
	38	37
	166	165
	39	38
	40	39
	168	166
	169	167
	43	42
	44	43
	172	170
	173	171
	46	44
	174	172
	47	45
	49	47
	51	49
	52	50
	53	51
	55	53
	59	57
	60	59
	61	60
	63	61
	64	62
	66	65
	67	66
	69	67
	70	68
	73	71
	74	72
	76	73
	77	74
	78	75
	80	76
	81	77
	82	78
	83	79
	84	80
	86	82
	89	85
	93	89
	94	90
	95	91
	98	95
	99	96
	100	97
	103	101
	107	105
	108	106
	109	107
	110	108
	111	109
	112	110
	115	114
	119	118
	120	119
	122	121
	125	124
	126	125
net/minecraft/client/renderer/texture/atlas/SpriteSources	29	28
	18	19
	21	23
	22	24
	23	25
	24	26
	25	27
	26	28
	29	20
net/minecraft/client/renderer/entity/WitherSkeletonRenderer	22	23
	17	19
	22	23
	9	12
	12	15
	13	16
net/minecraft/client/renderer/item/BlockModelWrapper	175	184
	131	143
	132	144
	135	145
	136	146
	139	148
	143	153
	150	159
	151	160
	152	161
	153	163
	157	168
	158	169
	162	173
	164	174
	165	175
	38	40
	166	176
	167	177
	41	42
	169	178
	42	43
	170	179
	43	44
	44	45
	175	184
	48	49
	59	59
	60	60
	61	61
	62	62
	63	63
	64	64
	65	66
	66	67
	67	68
	68	69
	71	73
	72	74
	75	77
	76	79
	77	80
	78	81
	81	85
	86	98
	87	99
	88	100
	89	101
	90	104
	91	105
	92	106
	95	109
	96	110
	98	112
	99	113
	100	114
	101	115
	104	118
	106	119
	107	120
	108	121
	109	122
	110	123
	112	125
	115	128
	117	129
	118	130
	122	133
	123	135
	124	136
	125	137
	126	138
	127	139
net/minecraft/client/renderer/item/properties/conditional/ConditionalItemModelProperties	26	29
	10	13
	13	16
	14	17
	15	18
	16	19
	17	20
	18	21
	19	22
	20	23
	21	24
	22	25
	23	26
	24	27
	25	28
	26	29
net/minecraft/client/gui/screens/DemoIntroScreen	79	84
	64	73
	68	77
	70	78
	72	79
	74	80
	75	81
	77	82
	78	83
	79	84
	17	20
	23	28
	24	29
	26	24
	27	25
	31	33
	33	34
	34	35
	35	36
	36	37
	37	38
	38	39
	39	40
	40	41
	42	42
	43	43
	44	49
	45	56
	46	57
	47	58
	50	60
	51	61
	54	64
	59	69
	61	70
	62	71
	63	72
net/minecraft/client/gui/render/GuiRenderer	669	726
	512	523
	514	526
	515	527
	516	528
	518	530
	521	533
	522	534
	523	535
	525	537
	528	540
	529	541
	530	542
	531	544
	532	545
	533	546
	534	547
	535	548
	536	549
	537	550
	539	553
	540	554
	541	555
	542	557
	543	558
	545	561
	546	562
	547	574
	549	576
	552	579
	553	581
	554	582
	555	583
	556	584
	557	585
	558	586
	559	587
	561	590
	564	593
	567	596
	568	598
	569	599
	570	600
	571	601
	572	602
	574	605
	576	608
	580	612
	582	613
	583	614
	585	615
	586	616
	587	617
	76	76
	589	619
	592	622
	593	623
	595	626
	596	627
	598	630
	87	84
	599	631
	601	634
	90	86
	91	87
	603	635
	92	87
	604	636
	93	87
	94	87
	607	639
	97	89
	98	89
	611	643
	612	644
	101	90
	102	90
	614	646
	103	91
	615	646
	104	92
	617	646
	621	651
	622	652
	623	653
	625	654
	626	655
	627	656
	628	657
	629	658
	630	659
	634	663
	635	664
	636	665
	638	668
	639	669
	641	672
	642	673
	644	676
	645	677
	647	680
	648	681
	649	682
	650	684
	651	685
	653	688
	654	689
	142	725
	143	726
	147	127
	148	128
	149	129
	150	130
	151	131
	152	133
	664	700
	153	134
	665	701
	666	702
	155	137
	667	703
	156	138
	668	704
	669	705
	159	141
	160	142
	168	145
	170	146
	172	148
	173	149
	175	152
	176	153
	177	154
	178	155
	179	156
	180	157
	181	158
	182	159
	184	161
	187	164
	188	166
	189	167
	190	168
	191	169
	192	170
	193	171
	195	173
	198	176
	201	179
	203	180
	204	181
	205	182
	207	183
	209	184
	211	185
	213	186
	215	187
	216	188
	219	191
	220	192
	221	193
	222	194
	224	195
	226	196
	227	197
	229	199
	232	202
	233	237
	236	203
	238	204
	240	206
	242	209
	243	210
	244	212
	245	213
	246	214
	249	218
	250	219
	251	220
	252	221
	253	223
	254	225
	257	229
	258	237
	261	230
	262	231
	264	233
	265	237
	268	249
	269	258
	270	259
	271	260
	272	262
	273	263
	274	264
	277	267
	280	270
	281	271
	282	272
	283	273
	284	276
	285	277
	287	280
	288	281
	289	282
	290	283
	292	286
	293	287
	296	290
	297	291
	298	292
	299	293
	302	296
	303	297
	307	301
	308	302
	311	305
	312	306
	314	308
	315	309
	318	312
	319	395
	322	313
	323	314
	324	315
	325	316
	326	317
	329	320
	330	321
	332	322
	333	323
	334	324
	335	325
	336	326
	337	327
	338	330
	339	331
	340	373
	342	333
	343	334
	345	335
	346	370
	347	373
	350	336
	351	337
	352	338
	355	341
	356	342
	357	343
	358	344
	359	345
	361	373
	364	348
	365	349
	367	350
	368	351
	371	354
	373	355
	374	356
	375	357
	377	358
	378	359
	380	361
	381	366
	383	373
	385	375
	386	376
	388	377
	389	378
	390	381
	391	382
	392	384
	394	385
	395	387
	396	389
	398	391
	400	395
	403	398
	404	399
	405	399
	406	399
	407	400
	410	403
	411	405
	412	406
	414	408
	417	411
	418	412
	419	413
	421	414
	422	415
	423	416
	425	418
	427	421
	428	422
	429	423
	430	424
	431	425
	432	426
	433	427
	436	430
	437	431
	438	433
	440	436
	441	437
	442	438
	446	447
	449	451
	452	454
	453	455
	454	456
	455	457
	456	458
	457	459
	458	460
	461	463
	463	465
	464	466
	466	468
	467	470
	468	471
	469	472
	473	477
	474	478
	475	479
	476	480
	477	481
	479	484
	481	487
	482	488
	483	489
	487	493
	488	494
	489	495
	490	497
	491	498
	493	501
	495	504
	499	508
	500	509
	501	510
	502	511
	503	512
	504	513
	506	516
	507	517
	508	518
	510	521
	511	522
net/minecraft/client/gui/screens/packs/package-info	0	0
net/minecraft/client/renderer/entity/TadpoleRenderer	23	25
	18	21
	23	25
	10	13
	13	16
	14	17
net/minecraft/client/resources/language/I18n	29	31
	16	17
	17	18
	20	21
	22	24
	23	25
	24	26
	9	11
	12	14
	29	31
net/minecraft/client/renderer/entity/CreeperRenderer	60	51
	32	32
	36	35
	38	36
	39	36
	42	36
	13	16
	47	40
	16	19
	18	20
	19	21
	52	44
	23	24
	25	25
	57	48
	26	26
	58	49
	27	27
	59	50
	28	28
	60	51
	29	29
	30	30
	31	31
net/minecraft/client/model/monster/ghast/package-info	0	0
com/mojang/realmsclient/gui/screens/RealmsPendingInvitesScreen	244	245
	39	40
	41	41
	47	45
	48	46
	49	47
	50	48
	59	55
	60	56
	61	57
	65	61
	66	62
	67	63
	68	64
	69	65
	70	66
	71	67
	72	68
	74	70
	76	71
	77	73
	78	75
	79	76
	83	80
	84	81
	85	82
	87	84
	91	88
	92	89
	96	93
	98	94
	99	95
	101	97
	107	226
	108	232
	112	236
	116	240
	120	244
	121	245
	125	101
	126	102
	128	104
	129	104
	130	104
	132	107
	133	107
	134	107
	152	121
	154	122
	155	123
	156	123
	157	124
	158	125
	159	126
	160	130
	162	131
	163	132
	164	133
	165	134
	166	135
	167	136
	168	137
	170	138
	171	139
	172	140
	173	141
	174	142
	175	143
	176	144
	177	145
	180	148
	181	149
	182	151
	183	152
	185	157
	191	163
	196	168
	201	173
	202	174
	203	175
	204	176
	205	177
	206	178
	207	179
	208	180
	209	181
	210	182
	212	183
	213	184
	214	185
	215	186
	216	187
	217	188
	220	191
	221	192
	223	194
	224	195
	225	196
	227	198
	229	201
	230	202
	231	203
	232	204
	234	206
	235	207
	236	208
	237	209
	238	210
	239	211
	241	214
	243	216
	244	217
net/minecraft/client/resources/DryFoliageColorReloadListener	26	26
	17	18
	18	19
	19	20
	25	25
	26	26
	12	14
net/minecraft/client/data/models/model/TexturedModel	106	95
	65	53
	69	57
	73	61
	74	62
	11	13
	12	14
	13	15
	14	16
	78	66
	15	17
	16	18
	17	19
	82	70
	19	20
	20	21
	22	22
	86	74
	23	23
	25	24
	26	25
	90	78
	27	26
	28	27
	30	28
	31	29
	32	30
	33	31
	98	87
	35	32
	36	33
	37	34
	38	35
	102	91
	39	36
	40	37
	41	38
	42	39
	106	95
	47	40
	48	41
	51	42
	54	43
	60	48
	61	49
	62	50
net/minecraft/client/model/object/crystal/EndCrystalModel	79	59
	65	52
	67	53
	68	54
	70	55
	71	56
	72	56
	74	57
	75	57
	77	58
	78	58
	79	59
	22	22
	30	29
	31	30
	32	31
	33	32
	34	33
	35	34
	38	37
	39	38
	41	39
	43	40
	44	40
	45	41
	46	42
	47	43
	48	44
	49	44
	50	44
	52	46
	53	46
	54	46
	58	47
	63	51
net/minecraft/client/gui/screens/social/package-info	0	0
net/minecraft/client/data/models/model/TextureMapping	451	429
	16	18
	17	19
	23	22
	24	23
	28	27
	29	28
	30	29
	34	33
	38	37
	39	38
	43	42
	44	43
	45	44
	49	48
	50	48
	51	49
	52	50
	53	51
	55	48
	57	55
	61	59
	62	60
	63	61
	64	62
	65	63
	69	67
	70	68
	74	72
	75	73
	79	77
	83	81
	87	85
	91	89
	95	93
	96	93
	97	93
	102	97
	106	101
	110	105
	111	105
	112	105
	117	109
	121	113
	125	117
	129	121
	133	125
	134	125
	135	125
	140	129
	144	133
	148	137
	149	137
	150	137
	155	141
	159	145
	163	149
	167	153
	171	157
	175	161
	176	161
	177	161
	181	165
	182	165
	183	165
	187	169
	188	170
	189	171
	190	172
	195	177
	199	183
	203	188
	207	194
	211	198
	212	199
	213	200
	214	201
	218	205
	219	206
	220	207
	221	208
	222	209
	223	210
	227	214
	228	215
	229	216
	230	217
	231	218
	232	219
	236	223
	240	227
	244	231
	248	235
	252	239
	256	243
	260	247
	264	251
	268	255
	272	259
	273	260
	274	261
	275	262
	279	266
	280	267
	281	268
	282	269
	283	270
	287	274
	291	278
	292	279
	293	280
	294	281
	298	285
	299	286
	300	287
	301	288
	302	289
	306	293
	307	294
	308	295
	309	296
	313	300
	314	301
	315	302
	316	303
	320	307
	324	311
	325	312
	326	313
	327	314
	328	315
	329	316
	330	317
	331	318
	336	322
	337	323
	338	324
	339	325
	340	326
	341	327
	342	328
	343	329
	347	333
	348	334
	349	335
	350	336
	351	337
	352	338
	353	339
	354	340
	358	344
	359	345
	360	346
	361	347
	362	348
	363	349
	364	350
	365	351
	366	352
	370	356
	371	356
	372	356
	377	360
	378	361
	379	362
	380	363
	381	364
	382	365
	387	369
	388	370
	389	371
	390	372
	391	373
	392	374
	393	375
	398	379
	399	380
	400	381
	401	382
	402	383
	403	384
	404	385
	409	389
	410	389
	411	389
	415	393
	419	397
	423	401
	427	405
	431	409
	435	413
	436	414
	440	418
	441	419
	445	423
	446	424
	450	428
	451	429
net/minecraft/client/renderer/SectionOcclusionGraph	468	454
	43	46
	45	47
	48	49
	50	50
	52	51
	59	56
	62	59
	64	61
	65	62
	66	63
	67	64
	70	68
	71	69
	72	70
	73	71
	75	73
	77	75
	80	78
	81	79
	84	82
	85	83
	86	84
	87	85
	88	86
	89	87
	92	90
	93	91
	96	94
	100	98
	101	99
	102	100
	104	103
	106	104
	107	105
	109	107
	112	110
	113	111
	114	112
	116	115
	118	116
	119	117
	121	119
	124	122
	125	123
	126	124
	128	127
	129	128
	132	131
	133	132
	134	133
	135	134
	136	135
	137	136
	138	137
	139	138
	140	139
	141	140
	142	141
	143	142
	144	143
	145	144
	148	147
	149	148
	150	149
	151	150
	152	152
	153	153
	154	154
	156	155
	157	156
	160	160
	161	161
	162	162
	163	163
	165	165
	166	166
	168	168
	171	171
	172	174
	173	175
	174	176
	175	177
	176	178
	179	182
	180	183
	183	186
	184	187
	185	188
	186	189
	187	190
	188	191
	189	192
	190	193
	191	194
	194	197
	195	198
	196	199
	197	200
	199	201
	201	202
	202	203
	203	204
	205	205
	206	206
	207	207
	208	208
	209	210
	210	211
	211	212
	212	213
	213	214
	214	215
	215	216
	216	217
	217	218
	218	219
	219	220
	221	223
	222	224
	223	225
	224	226
	226	229
	230	234
	231	235
	233	237
	235	239
	238	249
	239	250
	240	251
	242	253
	243	254
	244	255
	246	256
	247	257
	248	258
	252	261
	255	264
	256	265
	257	265
	258	266
	259	267
	261	269
	262	270
	264	271
	268	271
	272	272
	273	273
	274	274
	275	276
	276	277
	277	278
	278	279
	282	283
	287	288
	288	289
	289	290
	290	291
	291	292
	292	293
	293	294
	294	295
	295	295
	296	295
	297	295
	299	296
	300	297
	301	299
	302	300
	303	301
	304	302
	307	306
	308	307
	309	308
	310	309
	313	313
	318	318
	319	319
	321	320
	325	322
	326	323
	328	324
	329	325
	330	326
	332	327
	333	328
	334	329
	335	330
	340	336
	343	339
	347	343
	349	344
	350	345
	352	347
	353	347
	357	347
	362	353
	370	372
	371	373
	379	364
	380	365
	389	383
	390	384
	391	385
	392	386
	396	357
	403	445
	404	446
	407	449
	408	450
	411	453
	412	454
	413	454
	415	454
	429	400
	430	401
	431	402
	433	405
	434	406
	437	409
	438	410
	441	413
	445	417
	446	418
	450	422
	454	426
	459	431
	464	436
	465	436
	467	436
	468	436
net/minecraft/client/model/geom/builders/CubeListBuilder	86	87
	67	68
	68	69
	72	73
	73	74
	12	14
	13	15
	77	78
	78	79
	82	83
	20	21
	21	22
	22	23
	86	87
	26	27
	30	31
	31	32
	35	36
	36	37
	37	38
	41	42
	42	43
	43	44
	47	48
	48	49
	52	53
	53	54
	57	58
	58	59
	62	63
	63	64
net/minecraft/client/model/animal/chicken/ChickenModel	102	79
	21	22
	30	30
	31	31
	32	32
	33	33
	34	34
	35	35
	36	36
	39	39
	40	40
	44	44
	45	45
	47	46
	48	47
	49	47
	50	47
	52	49
	53	49
	54	49
	57	50
	58	50
	59	50
	62	51
	63	53
	64	53
	65	54
	67	56
	68	56
	70	57
	71	58
	73	59
	74	60
	75	60
	76	60
	78	62
	79	63
	80	63
	81	63
	84	65
	89	69
	91	70
	93	71
	94	72
	96	73
	97	74
	98	75
	99	76
	100	77
	101	78
	102	79
net/minecraft/client/gui/screens/InBedChatScreen	88	82
	64	58
	65	59
	66	60
	67	61
	68	62
	70	64
	74	69
	75	70
	76	71
	79	74
	81	75
	82	79
	83	80
	20	19
	21	20
	85	76
	86	77
	88	82
	25	24
	27	25
	28	28
	29	29
	33	33
	34	34
	35	38
	37	36
	38	38
	42	42
	43	43
	47	47
	48	47
	51	47
	57	52
	58	53
	60	56
	61	57
com/mojang/realmsclient/dto/UploadInfo	93	77
	64	54
	67	55
	71	60
	72	61
	74	63
	75	63
	77	63
	81	68
	82	68
	84	68
	24	19
	89	72
	90	73
	91	74
	29	22
	93	77
	33	26
	34	27
	35	28
	36	29
	37	30
	38	31
	39	32
	40	33
	41	34
	44	37
	45	38
	48	41
	53	46
	55	47
	57	50
	58	51
	59	52
	60	52
	62	52
	63	53
net/minecraft/client/model/monster/zombie/package-info	0	0
net/minecraft/client/renderer/blockentity/HangingSignRenderer	191	174
	128	119
	129	119
	133	122
	134	123
	135	123
	138	124
	139	126
	140	126
	141	127
	143	129
	144	131
	145	131
	146	132
	148	134
	149	136
	150	136
	151	137
	153	139
	154	141
	155	141
	156	142
	159	146
	160	147
	161	147
	162	147
	167	150
	171	155
	172	156
	173	157
	179	162
	180	163
	53	45
	183	166
	184	167
	57	49
	58	50
	186	169
	59	52
	60	52
	62	54
	63	56
	191	174
	64	56
	66	59
	69	62
	74	67
	79	72
	83	76
	84	77
	85	78
	86	79
	90	83
	91	84
	95	88
	96	89
	101	94
	106	99
	110	105
	111	106
	112	107
	113	108
	114	111
	115	112
	118	115
	119	116
	121	117
	122	117
	123	117
	126	118
	127	119
net/minecraft/client/renderer/item/properties/numeric/UseCycle	29	28
	19	22
	20	23
	21	23
	24	23
	13	17
	29	28
	14	17
	15	17
net/minecraft/client/gui/screens/options/FontOptionsScreen	22	23
	16	17
	17	18
	21	22
	22	23
	10	13
	11	13
net/minecraft/client/gui/components/SplashRenderer	46	40
	33	32
	34	33
	36	34
	37	35
	38	36
	39	37
	41	38
	42	38
	43	38
	45	39
	14	17
	46	40
	15	18
	16	19
	25	26
	26	27
	29	30
	31	31
net/minecraft/client/animation/definitions/CreakingAnimation	287	435
	11	12
	12	14
	13	18
	14	19
	15	20
	16	21
	17	22
	18	23
	20	26
	21	30
	22	31
	23	32
	24	33
	25	34
	26	35
	27	36
	28	37
	29	38
	31	41
	32	45
	33	46
	34	47
	35	48
	37	51
	38	55
	39	56
	40	57
	41	58
	42	59
	43	60
	44	61
	45	62
	47	65
	48	69
	49	70
	50	71
	51	72
	52	73
	53	74
	54	75
	56	78
	57	82
	58	83
	59	84
	60	85
	61	86
	62	87
	63	88
	65	91
	66	95
	67	96
	68	97
	69	98
	70	99
	71	100
	72	101
	74	104
	75	108
	76	109
	77	110
	78	111
	79	112
	81	115
	83	116
	84	118
	85	122
	86	123
	87	124
	88	125
	89	126
	90	127
	92	130
	93	134
	94	135
	95	136
	96	137
	97	138
	98	139
	100	142
	101	146
	102	147
	104	150
	105	154
	106	155
	107	156
	108	157
	109	158
	110	159
	111	160
	112	161
	113	162
	115	165
	116	169
	117	170
	118	171
	119	172
	120	173
	121	174
	122	175
	124	178
	125	182
	126	183
	127	184
	128	185
	130	188
	131	192
	132	193
	133	194
	134	195
	135	196
	136	197
	138	200
	139	204
	140	205
	141	206
	142	207
	144	210
	145	214
	146	215
	147	216
	148	217
	150	220
	151	224
	152	225
	153	226
	154	227
	156	230
	157	234
	158	235
	159	236
	160	237
	162	240
	163	244
	164	245
	165	246
	166	247
	168	250
	169	254
	170	255
	171	256
	172	257
	173	258
	174	259
	176	262
	177	266
	178	267
	180	270
	182	271
	183	272
	184	276
	185	277
	186	278
	187	279
	189	282
	190	286
	191	287
	192	288
	194	291
	195	295
	196	296
	197	297
	198	298
	200	301
	201	305
	202	306
	204	309
	205	313
	206	314
	207	315
	208	316
	210	319
	211	323
	212	324
	214	327
	216	328
	217	329
	218	333
	219	334
	220	335
	221	336
	222	337
	223	338
	224	339
	225	340
	226	341
	227	342
	228	343
	229	344
	231	347
	232	351
	233	352
	234	353
	235	354
	237	357
	238	361
	239	362
	240	363
	241	364
	243	367
	244	371
	245	372
	246	373
	247	374
	248	375
	249	376
	250	377
	252	380
	253	384
	254	385
	256	388
	257	392
	258	393
	259	394
	260	395
	261	396
	262	397
	263	398
	265	401
	266	405
	267	406
	269	409
	270	413
	271	414
	272	415
	273	416
	274	417
	275	418
	276	419
	277	420
	278	421
	279	422
	280	423
	281	424
	283	427
	284	431
	285	432
	287	435
net/minecraft/client/gui/components/debug/DebugEntryLocalDifficulty	32	38
	32	38
	17	19
	18	20
	20	21
	21	38
	24	22
	26	23
	27	24
	28	25
	29	26
	30	27
net/minecraft/client/sounds/AudioStream	0	0
net/minecraft/client/renderer/rendertype/RenderType	137	149
	64	69
	129	141
	68	72
	69	73
	133	145
	70	74
	71	75
	73	77
	137	149
	74	78
	77	81
	78	82
	79	85
	80	91
	81	92
	82	93
	83	94
	84	95
	86	98
	87	99
	88	100
	90	102
	91	103
	94	106
	95	107
	99	111
	100	112
	37	36
	38	37
	102	114
	39	43
	40	45
	105	117
	43	48
	109	121
	48	53
	113	125
	52	57
	53	58
	117	129
	54	59
	55	60
	56	61
	121	133
	58	64
	61	66
	125	137
	63	68
net/minecraft/client/renderer/item/properties/select/TrimMaterialProperty	37	39
	32	34
	17	20
	19	22
	37	39
	23	28
	24	29
	25	29
	27	29
net/minecraft/client/multiplayer/resolver/ServerAddressResolver	22	22
	17	18
	18	19
	19	20
	20	21
	22	22
	13	15
net/minecraft/client/renderer/CloudRenderer	350	313
	256	225
	257	226
	258	227
	259	228
	262	228
	267	229
	268	230
	270	233
	273	238
	276	243
	277	244
	278	245
	279	246
	280	253
	282	247
	283	248
	285	250
	287	253
	290	256
	291	257
	294	260
	295	261
	296	262
	297	263
	298	264
	302	267
	303	268
	49	46
	50	46
	51	46
	307	271
	52	46
	308	272
	54	47
	55	48
	311	275
	312	276
	315	279
	316	280
	319	283
	64	55
	320	284
	66	56
	67	57
	323	287
	68	58
	324	288
	72	61
	328	291
	73	62
	329	292
	330	293
	331	294
	334	297
	79	67
	80	68
	337	300
	82	70
	338	301
	83	71
	84	72
	85	74
	341	304
	86	75
	342	305
	87	76
	88	77
	89	78
	346	309
	347	310
	92	80
	348	311
	93	81
	94	82
	350	313
	95	83
	96	84
	99	89
	100	90
	101	91
	102	92
	111	97
	112	98
	113	99
	114	100
	119	104
	120	105
	121	106
	124	109
	128	113
	132	117
	136	121
	140	125
	144	129
	148	133
	149	217
	151	134
	152	135
	153	136
	154	137
	155	138
	156	139
	158	142
	161	145
	162	146
	164	148
	165	149
	166	150
	167	151
	169	153
	172	156
	175	157
	176	158
	179	159
	180	160
	181	161
	182	162
	184	163
	185	164
	187	165
	188	166
	190	167
	191	168
	193	169
	198	170
	199	171
	200	172
	201	173
	202	174
	203	175
	204	177
	205	178
	206	179
	210	183
	211	217
	214	184
	215	185
	216	185
	217	185
	218	185
	220	188
	222	190
	223	191
	226	192
	227	193
	228	196
	229	197
	230	198
	232	200
	233	201
	236	206
	237	207
	238	208
	239	209
	240	210
	241	211
	242	212
	243	213
	245	217
	248	220
	249	238
	251	221
	252	222
	253	223
net/minecraft/client/renderer/fog/FogData	0	0
net/minecraft/client/renderer/item/properties/select/MainHand	29	32
	19	22
	24	27
	13	16
	29	32
	15	17
net/minecraft/client/renderer/entity/layers/StuckInBodyLayer	82	85
	64	70
	65	73
	69	77
	70	77
	71	77
	72	77
	75	78
	77	79
	79	82
	82	85
	23	32
	24	33
	25	34
	26	35
	27	36
	28	37
	33	42
	34	43
	35	44
	37	45
	38	46
	40	47
	41	48
	45	51
	46	52
	47	82
	50	53
	51	55
	52	56
	53	57
	54	58
	55	59
	57	60
	58	61
	59	62
	60	63
	61	64
	62	65
	63	67
net/minecraft/client/renderer/blockentity/BeaconRenderer	151	174
	129	152
	130	153
	131	154
	132	155
	133	156
	136	159
	137	160
	141	164
	146	169
	151	174
	24	26
	32	33
	37	39
	38	40
	39	41
	42	44
	43	47
	45	49
	47	50
	48	51
	49	52
	53	55
	54	57
	55	58
	56	60
	57	68
	59	70
	62	73
	63	74
	66	79
	68	80
	69	81
	71	82
	72	83
	74	84
	76	85
	78	86
	79	87
	80	88
	81	89
	83	90
	84	91
	85	92
	86	93
	88	94
	89	95
	90	96
	91	97
	93	98
	94	101
	95	102
	97	103
	99	104
	100	105
	101	106
	102	107
	104	108
	105	109
	106	110
	107	111
	109	112
	110	113
	111	114
	112	115
	114	116
	115	119
	116	120
	118	121
	119	122
	122	143
	123	144
	124	145
	125	146
	126	147
net/minecraft/client/gui/components/ChatComponent	731	684
	513	480
	520	487
	521	488
	524	491
	537	439
	540	442
	541	443
	542	444
	543	445
	544	446
	545	447
	546	448
	547	449
	45	44
	53	50
	60	53
	61	54
	62	55
	63	56
	575	547
	576	548
	577	549
	578	550
	582	554
	583	555
	584	556
	588	560
	589	561
	78	68
	79	69
	80	70
	593	565
	594	566
	83	73
	84	74
	86	76
	599	571
	600	572
	89	79
	601	573
	91	80
	92	82
	93	83
	605	577
	94	84
	95	85
	96	86
	97	87
	99	88
	103	92
	107	96
	108	97
	109	103
	110	104
	622	593
	623	594
	624	595
	113	107
	625	596
	114	108
	626	597
	627	598
	628	599
	117	111
	629	600
	118	193
	630	601
	121	112
	633	604
	634	605
	123	113
	124	193
	638	609
	127	114
	639	610
	128	115
	640	611
	641	612
	130	116
	131	117
	133	118
	645	616
	646	617
	135	119
	136	120
	650	620
	651	621
	140	121
	141	122
	655	625
	144	123
	656	626
	657	627
	146	124
	658	628
	148	125
	660	631
	150	126
	152	127
	664	635
	154	128
	155	129
	156	130
	157	131
	669	640
	670	641
	671	642
	672	643
	162	132
	674	645
	163	133
	165	134
	166	135
	678	649
	167	136
	679	650
	680	651
	169	137
	681	652
	170	138
	682	653
	685	656
	174	141
	686	657
	688	659
	179	146
	691	662
	180	147
	692	663
	182	148
	694	665
	183	149
	184	150
	189	152
	701	502
	190	153
	702	503
	191	154
	193	156
	706	507
	707	508
	196	159
	708	509
	197	160
	709	510
	710	511
	199	161
	200	162
	201	163
	202	164
	715	515
	204	165
	207	168
	719	519
	720	520
	210	170
	211	171
	212	172
	213	173
	726	525
	217	176
	218	177
	219	178
	731	529
	220	179
	221	180
	223	181
	224	182
	225	183
	226	184
	227	185
	228	186
	232	190
	233	193
	236	196
	240	200
	241	201
	242	202
	243	203
	244	204
	245	205
	246	206
	248	208
	251	211
	252	212
	255	215
	256	216
	257	217
	258	218
	259	219
	262	222
	263	223
	264	224
	265	225
	267	227
	269	229
	272	232
	274	233
	276	234
	277	236
	278	237
	279	238
	280	239
	281	240
	284	243
	285	244
	288	247
	289	248
	291	250
	294	253
	296	255
	297	256
	299	258
	302	261
	303	262
	304	264
	305	264
	307	264
	309	266
	312	269
	313	270
	314	271
	316	273
	319	276
	321	277
	322	280
	323	281
	324	282
	325	283
	326	284
	327	285
	328	286
	330	289
	335	293
	339	297
	343	301
	344	302
	345	303
	348	306
	349	308
	350	309
	352	311
	355	314
	359	318
	360	319
	361	320
	363	323
	365	326
	366	327
	368	329
	371	332
	372	333
	373	334
	376	337
	377	338
	379	339
	380	340
	383	343
	384	344
	385	345
	387	347
	390	350
	394	354
	398	358
	402	362
	406	366
	407	367
	408	368
	412	372
	413	373
	414	374
	418	378
	419	379
	420	380
	424	384
	428	388
	432	392
	433	393
	434	394
	437	397
	438	398
	441	401
	442	402
	444	403
	449	407
	450	408
	453	411
	454	412
	456	414
	459	417
	460	418
	461	419
	468	423
	469	423
	470	423
	471	423
	476	427
	477	428
	479	429
	480	430
	482	431
	483	432
	485	433
	486	434
	494	681
	495	682
	496	683
	497	684
	504	471
	507	474
	510	477
com/mojang/blaze3d/pipeline/package-info	0	0
net/minecraft/client/model/HeadedModel	11	14
	10	13
	11	14
net/minecraft/client/renderer/entity/CodRenderer	40	40
	16	19
	17	20
	33	34
	34	35
	36	36
	21	24
	37	37
	38	38
	40	40
	26	28
	13	16
	31	33
net/minecraft/client/color/block/BlockTintCache	164	166
	129	76
	130	78
	134	81
	135	82
	137	85
	138	86
	139	87
	142	90
	143	93
	145	93
	19	118
	148	96
	149	97
	21	120
	150	98
	152	101
	154	102
	26	124
	155	103
	156	104
	28	127
	157	105
	29	128
	30	129
	160	109
	161	110
	33	132
	34	135
	164	112
	36	135
	39	138
	41	140
	46	145
	47	146
	48	147
	52	151
	56	155
	57	156
	61	161
	62	166
	78	25
	79	26
	82	29
	83	30
	85	31
	86	32
	87	33
	88	34
	89	35
	91	38
	93	39
	94	40
	95	41
	96	42
	97	43
	98	44
	100	47
	101	48
	102	49
	107	54
	109	56
	110	57
	111	58
	112	59
	113	60
	114	61
	119	66
	120	68
	125	72
	126	73
	127	74
com/mojang/realmsclient/util/task/LongRunningTask	69	67
	65	63
	68	66
	69	67
	15	18
	16	19
	20	23
	21	24
	22	25
	23	26
	25	28
	29	31
	30	32
	31	33
	34	36
	35	37
	36	38
	37	38
	41	39
	44	42
	45	43
	47	45
	49	47
	52	50
	53	51
	58	56
	62	60
net/minecraft/client/renderer/entity/AbstractBoatRenderer	72	68
	64	60
	65	61
	66	62
	67	63
	68	64
	69	65
	70	66
	71	67
	72	68
	17	20
	18	21
	19	22
	23	25
	25	26
	26	27
	27	28
	28	29
	29	30
	32	33
	34	34
	37	37
	38	38
	40	39
	42	42
	44	43
	46	44
	47	45
	50	48
	58	55
	63	59
net/minecraft/client/renderer/entity/state/PaintingRenderState	10	13
	8	11
	10	13
com/mojang/realmsclient/util/task/ConnectTask	47	49
	35	37
	36	38
	37	39
	38	40
	42	44
	43	45
	12	15
	47	49
	19	21
	20	22
	21	23
	22	24
	26	28
	27	29
	29	31
	31	33
net/minecraft/client/renderer/entity/layers/RopesLayer	35	38
	33	33
	34	34
	35	38
	22	25
	23	26
	24	27
	25	28
	26	29
	30	32
	31	38
net/minecraft/client/multiplayer/ClientHandshakePacketListenerImpl	266	260
	256	258
	257	259
	258	260
	263	242
	264	243
	265	244
	266	245
	58	60
	79	87
	80	88
	81	89
	82	90
	83	91
	84	92
	85	93
	86	94
	87	95
	88	96
	89	97
	90	98
	91	99
	94	102
	95	103
	96	104
	98	106
	100	109
	101	110
	105	113
	113	120
	114	121
	116	122
	118	123
	119	124
	121	125
	122	126
	123	127
	124	128
	127	131
	128	132
	129	133
	130	134
	131	135
	132	140
	134	136
	135	137
	138	143
	139	144
	141	146
	143	148
	146	151
	147	152
	148	153
	152	157
	153	159
	154	160
	155	161
	156	162
	157	163
	158	164
	159	165
	160	166
	161	167
	162	168
	165	158
	170	173
	172	174
	174	176
	180	184
	181	185
	188	192
	195	199
	196	200
	197	201
	198	202
	199	203
	203	206
	204	207
	205	208
	207	210
	209	212
	213	215
	218	219
	219	220
	223	223
	225	224
	227	226
	231	229
	232	230
	233	231
	236	234
	237	235
	241	238
	242	239
	245	249
	246	250
	247	251
	249	252
net/minecraft/client/multiplayer/resolver/ServerAddress	97	89
	64	59
	66	62
	71	67
	72	68
	75	69
	12	13
	16	15
	80	75
	19	18
	20	19
	85	80
	86	81
	23	22
	24	23
	88	83
	89	83
	28	27
	92	83
	29	28
	30	29
	97	89
	35	34
	39	38
	40	39
	44	43
	45	44
	46	44
	48	44
	50	45
	51	46
	52	47
	58	53
	59	54
	60	55
	61	56
	62	57
net/minecraft/client/gui/components/debug/DebugScreenEntryStatus	20	22
	16	19
	20	22
	6	10
	7	11
	8	12
	11	14
	15	18
net/minecraft/client/gui/screens/reporting/ReportPlayerScreen	80	94
	65	78
	67	80
	68	82
	69	83
	73	87
	74	88
	75	89
	79	93
	80	94
	17	21
	18	22
	20	23
	21	24
	22	25
	33	33
	34	34
	35	35
	36	36
	37	37
	41	41
	46	46
	47	47
	49	48
	51	51
	52	53
	53	54
	54	55
	55	56
	56	57
	57	58
	60	65
	61	73
	63	77
net/minecraft/client/renderer/blockentity/state/CondiutRenderState	0	0
net/minecraft/client/renderer/blockentity/TrialSpawnerRenderer	60	68
	32	39
	33	45
	35	40
	36	41
	37	42
	38	43
	39	45
	42	50
	43	60
	45	51
	46	52
	47	53
	48	54
	49	55
	50	56
	51	57
	21	24
	53	60
	22	25
	57	63
	26	28
	58	65
	60	68
	31	38
net/minecraft/client/particle/FallingLeavesParticle	163	138
	130	98
	131	99
	135	104
	143	113
	144	114
	148	119
	156	128
	157	129
	161	135
	162	137
	35	28
	163	138
	40	29
	41	30
	42	31
	45	32
	47	33
	50	34
	51	35
	52	36
	55	37
	56	38
	59	39
	60	40
	61	41
	62	42
	63	43
	67	47
	73	52
	74	53
	75	54
	77	55
	78	56
	80	59
	81	91
	85	60
	86	61
	88	62
	89	63
	90	64
	91	65
	92	66
	94	69
	95	70
	96	71
	99	74
	100	75
	103	76
	105	77
	107	78
	108	79
	111	80
	114	81
	115	82
	117	85
	118	91
	121	86
	122	87
	123	88
	124	91
com/mojang/blaze3d/vertex/DefaultVertexFormat	99	86
	4	8
	5	8
	7	9
	8	10
	9	11
	10	12
	11	13
	12	14
	13	15
	14	16
	16	17
	17	18
	18	19
	19	20
	20	21
	21	22
	22	23
	23	24
	24	25
	26	26
	27	27
	28	28
	29	29
	30	30
	31	31
	33	32
	34	32
	35	32
	37	33
	38	34
	39	35
	40	36
	42	37
	43	38
	44	39
	45	40
	46	41
	47	42
	49	43
	50	44
	51	45
	52	46
	53	47
	55	48
	56	49
	57	50
	58	51
	60	52
	61	53
	62	54
	63	55
	64	56
	66	57
	67	58
	68	59
	69	60
	70	61
	71	62
	73	63
	74	64
	75	65
	76	66
	77	67
	78	68
	80	69
	81	70
	82	71
	83	72
	84	73
	85	74
	86	75
	88	76
	89	77
	90	78
	91	79
	92	80
	94	81
	95	82
	96	83
	97	84
	98	85
	99	86
com/mojang/realmsclient/dto/RealmsServerPlayerLists	85	75
	66	59
	68	61
	69	62
	70	63
	71	64
	72	65
	77	70
	81	74
	82	75
	83	75
	85	75
	27	25
	30	28
	33	31
	35	32
	36	33
	38	33
	40	34
	41	35
	43	37
	44	38
	46	39
	47	40
	49	42
	52	45
	55	48
	58	51
	59	52
	62	55
net/minecraft/client/renderer/special/DecoratedPotSpecialRenderer	51	59
	50	45
	34	59
	51	46
	21	23
	22	24
	40	27
	25	50
	45	40
	29	54
	46	41
net/minecraft/client/gui/components/CommonButtons	19	19
	16	19
	17	19
	18	19
	19	19
	8	11
	9	12
	10	13
	11	14
	15	18
net/minecraft/client/gui/components/debug/DebugEntryMemory	79	80
	64	69
	65	70
	69	74
	70	76
	71	77
	73	80
	15	17
	79	42
	20	22
	21	23
	22	24
	23	25
	25	28
	26	29
	27	30
	28	31
	30	34
	33	37
	38	48
	40	49
	41	50
	42	51
	43	52
	46	55
	48	56
	49	57
	52	60
	56	61
	57	62
	58	63
	59	64
	62	67
	63	68
net/minecraft/client/gui/screens/inventory/AnvilScreen	148	145
	130	125
	131	126
	132	129
	136	133
	137	134
	139	136
	143	140
	144	141
	145	142
	146	143
	20	22
	148	145
	21	23
	22	24
	23	25
	24	26
	29	31
	30	32
	31	33
	32	34
	36	38
	37	39
	39	40
	40	41
	41	42
	42	43
	43	44
	44	45
	45	46
	46	47
	47	48
	48	49
	49	50
	50	51
	54	55
	55	56
	56	57
	60	61
	61	62
	65	66
	66	67
	67	68
	68	69
	72	73
	73	74
	74	75
	77	77
	78	77
	80	77
	84	82
	85	83
	86	93
	89	84
	90	85
	91	86
	94	89
	95	90
	97	93
	101	97
	103	98
	104	99
	105	100
	107	102
	108	103
	109	104
	110	105
	111	106
	113	108
	114	109
	115	110
	119	114
	120	115
	121	116
	122	117
	123	118
	126	121
net/minecraft/client/data/models/model/ModelInstance	0	0
net/minecraft/client/gui/screens/advancements/AdvancementWidget	303	301
	256	252
	257	253
	258	254
	262	258
	263	259
	265	261
	268	264
	269	265
	272	268
	273	270
	274	271
	276	273
	279	276
	280	283
	26	27
	282	277
	283	278
	284	279
	285	280
	286	281
	290	288
	291	289
	292	290
	293	291
	296	294
	41	42
	299	297
	303	301
	57	57
	58	58
	59	59
	60	60
	61	61
	62	62
	63	63
	65	64
	67	65
	68	66
	69	67
	70	72
	71	73
	73	76
	74	77
	77	80
	78	81
	79	82
	81	85
	82	86
	83	87
	87	91
	91	95
	93	96
	94	97
	96	99
	97	100
	98	101
	99	102
	100	103
	102	106
	103	107
	104	108
	108	112
	113	117
	114	118
	115	120
	116	120
	118	120
	122	124
	123	125
	124	126
	125	127
	126	128
	127	129
	128	130
	129	131
	130	132
	131	133
	132	134
	133	135
	134	136
	135	137
	136	138
	137	139
	139	141
	140	142
	141	143
	145	147
	146	148
	148	150
	151	153
	152	154
	155	156
	156	157
	158	159
	161	162
	162	163
	165	166
	166	167
	168	169
	171	172
	175	176
	176	177
	179	180
	180	181
	183	184
	184	185
	186	186
	187	187
	188	188
	189	189
	191	190
	192	191
	193	192
	194	193
	195	194
	199	195
	201	199
	202	200
	203	201
	204	202
	205	203
	206	204
	207	205
	208	206
	209	207
	210	208
	211	209
	212	210
	213	211
	214	212
	215	213
	217	215
	218	216
	219	217
	221	220
	224	222
	225	223
	227	225
	230	228
	231	229
	232	230
	233	231
	235	233
	239	237
	240	238
	241	239
	243	241
	246	244
	248	245
	250	246
	251	247
	252	248
	253	249
net/minecraft/client/particle/ParticleProvider	0	0
net/minecraft/client/gui/components/Whence	0	0
net/minecraft/client/model/monster/skeleton/BoggedModel	68	65
	66	63
	67	64
	68	65
	19	20
	20	21
	21	22
	24	25
	25	26
	27	27
	29	28
	30	29
	31	31
	32	31
	33	32
	35	34
	36	36
	37	36
	38	37
	40	39
	41	41
	42	41
	43	42
	45	44
	46	46
	47	46
	48	47
	50	49
	51	51
	52	51
	53	52
	55	54
	56	56
	57	56
	58	57
	61	59
net/minecraft/client/particle/NoRenderParticleGroup	16	19
	16	19
	11	14
	12	15
net/minecraft/client/renderer/entity/CaveSpiderRenderer	18	21
	18	21
	9	12
	12	15
	13	16
	14	17
net/minecraft/client/resources/sounds/UnderwaterAmbientSoundInstances	62	62
	14	17
	16	18
	17	19
	18	20
	19	21
	20	22
	21	23
	25	27
	26	28
	28	30
	38	40
	40	41
	41	42
	42	43
	43	44
	44	45
	45	46
	49	50
	50	60
	51	62
	54	51
	55	52
	57	54
	60	57
	61	58
	62	62
net/minecraft/client/renderer/entity/layers/CreeperPowerLayer	37	37
	16	18
	32	33
	17	19
	18	20
	37	37
	22	23
	11	14
	27	28
net/minecraft/client/gui/screens/Overlay	11	14
	7	10
	11	14
net/minecraft/client/renderer/debug/BreezeDebugRenderer	53	51
	17	18
	18	19
	19	20
	20	21
	21	22
	26	26
	27	27
	31	31
	32	32
	34	35
	35	36
	36	37
	37	38
	38	39
	40	40
	41	41
	42	42
	43	43
	44	44
	47	45
	48	45
	49	46
	50	47
	51	48
	52	49
	53	51
net/minecraft/client/particle/SnowflakeParticle	51	53
	32	33
	33	34
	35	35
	36	36
	37	37
	38	38
	11	14
	12	15
	44	45
	13	16
	45	46
	14	17
	15	18
	16	19
	17	20
	49	51
	50	52
	19	21
	51	53
	21	22
	22	23
	23	24
	27	28
net/minecraft/client/renderer/ScreenEffectRenderer	223	206
	30	33
	44	44
	45	45
	46	46
	47	47
	50	50
	51	51
	52	52
	53	53
	56	56
	59	59
	60	60
	61	61
	62	62
	63	63
	64	64
	65	65
	69	69
	70	70
	71	71
	74	74
	75	75
	76	76
	80	81
	81	82
	83	84
	86	87
	87	112
	90	88
	91	89
	92	90
	93	91
	94	92
	95	93
	97	94
	99	95
	100	96
	102	97
	103	98
	104	99
	105	100
	106	101
	107	102
	108	103
	110	104
	111	105
	112	106
	113	109
	115	110
	116	112
	119	115
	120	116
	123	119
	124	120
	125	121
	126	122
	127	123
	130	126
	131	128
	132	129
	133	130
	134	131
	136	132
	137	133
	138	134
	139	135
	142	139
	146	143
	147	144
	149	145
	150	146
	151	147
	152	148
	153	149
	155	150
	156	151
	157	152
	158	153
	160	154
	162	155
	163	156
	164	157
	165	158
	166	159
	167	160
	171	163
	172	164
	174	165
	176	166
	178	167
	179	168
	180	169
	181	170
	182	171
	184	172
	185	173
	187	174
	189	175
	190	176
	191	177
	192	178
	193	179
	194	180
	197	183
	199	184
	200	185
	201	186
	202	187
	204	188
	205	190
	206	191
	208	192
	209	193
	210	194
	211	195
	212	196
	213	197
	214	198
	216	199
	217	200
	218	201
	219	202
	220	203
	221	204
	223	206
com/mojang/realmsclient/gui/RealmsDataFetcher	51	57
	35	33
	36	36
	37	37
	38	38
	40	39
	41	41
	42	44
	43	46
	44	48
	45	49
	46	50
	47	51
	48	54
	51	57
net/minecraft/client/renderer/entity/AxolotlRenderer	43	43
	32	33
	37	37
	38	38
	39	39
	40	40
	41	41
	42	42
	43	43
	15	18
	16	19
	17	20
	19	22
	22	25
	23	26
	27	29
net/minecraft/client/gui/components/LoadingDotsWidget	50	50
	32	32
	33	33
	37	37
	41	41
	45	45
	50	50
	19	21
	20	22
	21	23
	25	27
	26	28
	28	29
	29	30
	31	31
com/mojang/blaze3d/vertex/MeshData	110	112
	17	19
	18	20
	19	21
	22	24
	23	25
	24	26
	27	29
	28	30
	29	31
	30	32
	32	33
	34	35
	35	36
	36	37
	37	38
	38	39
	39	40
	40	41
	41	42
	42	43
	43	44
	44	45
	45	46
	46	47
	49	50
	53	54
	57	58
	61	62
	65	66
	66	67
	68	70
	69	71
	70	72
	71	73
	76	78
	77	79
	78	80
	80	82
	90	91
	92	92
	93	93
	94	95
	95	96
	96	97
	97	98
	98	99
	99	100
	100	101
	103	104
	107	108
	108	110
	109	111
	110	112
net/minecraft/client/gui/screens/TitleScreen	318	401
	256	329
	259	332
	260	333
	263	336
	265	337
	266	338
	268	340
	273	344
	277	348
	278	349
	281	350
	290	355
	291	356
	293	358
	297	362
	298	363
	299	364
	45	48
	301	366
	47	49
	48	50
	304	369
	306	375
	307	374
	308	390
	309	391
	310	392
	313	396
	314	397
	61	59
	62	60
	318	401
	65	63
	66	64
	69	67
	70	68
	71	69
	72	70
	75	73
	80	78
	81	79
	83	81
	86	84
	87	85
	88	86
	89	87
	93	91
	98	96
	103	101
	104	102
	106	105
	107	106
	109	107
	110	108
	112	109
	113	110
	115	112
	117	115
	119	118
	120	123
	121	125
	122	129
	123	131
	124	133
	125	135
	127	137
	128	138
	131	141
	132	142
	134	144
	137	147
	138	148
	139	149
	140	149
	141	150
	144	155
	148	160
	149	164
	150	165
	152	166
	153	168
	154	169
	156	170
	157	171
	158	173
	159	179
	163	183
	164	184
	167	185
	168	186
	171	188
	172	189
	173	190
	174	191
	176	192
	180	194
	184	200
	186	201
	187	205
	188	206
	190	208
	192	212
	193	218
	194	222
	196	240
	197	228
	198	230
	199	233
	200	234
	201	235
	205	255
	206	256
	207	257
	209	259
	210	264
	211	265
	216	275
	217	291
	218	292
	219	293
	220	294
	222	295
	227	301
	228	302
	231	305
	232	306
	233	307
	234	308
	235	309
	237	311
	238	312
	240	315
	242	318
	244	319
	245	320
	247	321
	248	322
	251	325
	253	326
	254	327
net/minecraft/client/renderer/SectionBufferBuilderPack	30	33
	16	19
	20	23
	21	24
	24	27
	25	28
	11	13
	13	15
	29	32
	30	33
com/mojang/blaze3d/GpuOutOfMemoryException	6	10
	5	9
	6	10
net/minecraft/client/renderer/entity/layers/WolfCollarLayer	30	41
	17	20
	18	21
	23	24
	24	25
	25	41
	28	26
	29	27
	14	17
	30	41
net/minecraft/client/model/geom/ModelPart	384	374
	46	46
	47	47
	48	48
	51	51
	55	55
	59	59
	60	60
	63	63
	64	64
	67	67
	68	68
	69	69
	70	70
	71	71
	72	72
	73	73
	74	74
	75	75
	76	76
	79	79
	83	83
	84	84
	85	85
	87	87
	91	92
	92	93
	93	94
	94	95
	97	98
	98	99
	99	100
	100	101
	103	104
	104	105
	107	108
	108	123
	110	109
	111	123
	114	110
	115	111
	117	112
	118	113
	121	116
	122	117
	125	120
	126	123
	129	126
	130	127
	131	128
	132	129
	133	130
	141	133
	142	134
	143	135
	144	136
	145	137
	146	138
	147	139
	148	140
	151	143
	152	144
	155	147
	156	148
	159	151
	160	164
	163	152
	164	153
	166	154
	167	156
	168	157
	171	160
	172	161
	173	161
	176	162
	177	164
	180	167
	181	168
	182	169
	184	172
	185	173
	187	175
	190	178
	191	179
	193	181
	196	184
	200	188
	204	192
	205	193
	206	194
	207	195
	210	198
	211	199
	212	200
	213	201
	216	204
	217	205
	218	206
	219	207
	222	210
	223	211
	224	212
	225	213
	229	217
	230	218
	231	219
	232	220
	236	224
	237	225
	239	228
	240	229
	242	231
	254	244
	255	245
	256	246
	257	247
	258	248
	259	249
	260	250
	262	251
	263	252
	264	253
	266	254
	267	255
	268	256
	269	257
	270	258
	271	259
	273	260
	274	261
	275	262
	276	263
	279	266
	280	267
	281	268
	282	269
	284	270
	285	271
	286	272
	287	273
	289	274
	290	275
	291	276
	292	277
	293	278
	294	279
	296	280
	297	281
	298	282
	300	283
	301	284
	302	285
	304	288
	305	289
	308	292
	309	293
	311	296
	312	297
	314	300
	315	301
	317	304
	318	305
	320	307
	323	310
	324	311
	325	313
	326	314
	327	315
	328	316
	329	317
	331	319
	332	320
	333	321
	334	322
	335	323
	336	324
	339	327
	344	334
	346	335
	347	336
	348	337
	349	338
	350	339
	351	340
	353	341
	354	342
	355	344
	356	345
	357	346
	358	347
	361	350
	364	353
	372	362
	376	366
	380	370
	384	374
com/mojang/realmsclient/client/FileUpload	154	162
	130	138
	134	142
	138	146
	146	154
	147	155
	148	156
	152	160
	153	161
	154	162
	27	32
	45	47
	46	48
	47	49
	48	50
	49	51
	50	52
	51	53
	52	54
	53	55
	55	56
	56	57
	60	61
	61	62
	64	65
	65	66
	66	67
	71	78
	73	73
	74	74
	75	75
	76	76
	80	79
	81	80
	82	81
	83	82
	84	83
	85	84
	87	85
	88	86
	89	87
	90	88
	92	91
	93	92
	95	95
	97	97
	102	103
	103	103
	109	108
	113	120
	114	121
	115	122
	117	125
	118	126
	119	127
	121	129
	122	130
	123	131
	125	133
	126	134
net/minecraft/client/particle/BreakingItemParticle	101	112
	64	66
	71	83
	72	84
	73	85
	80	94
	23	26
	87	103
	24	27
	25	28
	26	29
	27	30
	28	31
	29	32
	30	33
	94	74
	33	36
	34	37
	35	38
	37	39
	101	112
	38	40
	39	41
	40	42
	44	46
	49	51
	54	56
	59	61
com/mojang/realmsclient/dto/package-info	0	0
net/minecraft/client/gui/screens/inventory/CartographyTableScreen	111	109
	19	22
	20	23
	21	24
	22	25
	23	26
	24	27
	28	31
	29	32
	30	33
	34	37
	35	38
	36	39
	40	43
	41	44
	42	45
	44	46
	45	47
	46	48
	47	49
	49	50
	50	51
	53	52
	54	54
	55	55
	56	56
	57	57
	58	58
	60	59
	61	60
	64	64
	65	65
	66	66
	70	70
	73	73
	74	74
	77	79
	78	80
	80	81
	81	82
	82	83
	83	84
	84	85
	85	86
	86	87
	87	88
	88	89
	89	90
	90	91
	91	92
	93	93
	95	95
	96	96
	98	98
	101	101
	102	102
	103	103
	104	104
	106	105
	107	106
	109	107
	111	109
net/minecraft/client/renderer/SpecialBlockModelRenderer	29	32
	17	18
	18	19
	21	22
	25	28
	26	29
	27	30
	12	14
	29	32
com/mojang/realmsclient/gui/screens/configuration/RealmsSubscriptionTab	173	179
	128	138
	131	140
	132	141
	133	142
	134	143
	136	144
	137	145
	138	146
	139	147
	140	149
	141	149
	143	149
	149	156
	150	157
	152	158
	153	159
	154	160
	155	161
	156	162
	158	165
	160	166
	161	167
	35	37
	163	168
	164	169
	166	171
	39	41
	40	42
	168	174
	41	43
	169	175
	42	44
	43	45
	44	46
	45	48
	173	179
	46	49
	61	63
	62	64
	63	65
	64	66
	66	67
	68	68
	69	69
	70	70
	72	71
	73	72
	74	73
	76	74
	77	75
	78	77
	79	79
	80	82
	82	85
	83	86
	84	88
	85	89
	86	91
	87	95
	90	98
	91	99
	92	102
	94	103
	95	104
	98	107
	99	108
	100	109
	101	111
	103	112
	104	113
	107	116
	109	119
	110	120
	111	121
	112	122
	113	123
	114	124
	115	125
	117	127
	120	130
	121	131
	125	135
	126	136
	127	137
net/minecraft/client/particle/FlyStraightTowardsParticle	98	91
	65	62
	66	63
	67	74
	70	65
	71	66
	73	67
	74	68
	75	69
	77	70
	79	71
	80	71
	81	71
	82	71
	20	23
	84	72
	85	74
	22	24
	23	25
	24	26
	25	27
	26	28
	27	29
	91	81
	28	30
	92	82
	29	31
	30	32
	31	33
	32	34
	96	88
	33	35
	97	90
	98	91
	35	36
	36	37
	38	38
	40	39
	41	40
	42	41
	46	45
	52	50
	56	54
	61	59
	62	60
	63	61
net/minecraft/client/multiplayer/resolver/package-info	0	0
net/minecraft/client/gui/font/glyphs/BakedSheetGlyph	250	254
	128	125
	129	126
	130	127
	132	130
	133	131
	136	134
	137	135
	138	136
	139	137
	140	138
	144	142
	149	147
	154	152
	30	34
	31	35
	32	36
	160	210
	33	37
	34	38
	35	39
	36	40
	165	215
	38	41
	39	42
	40	43
	41	44
	42	45
	170	220
	45	48
	46	50
	47	51
	175	225
	51	55
	52	55
	180	230
	56	59
	184	234
	57	61
	58	62
	59	63
	189	239
	190	240
	63	67
	64	67
	65	67
	194	244
	69	71
	70	72
	71	73
	199	249
	72	74
	73	75
	74	76
	204	254
	77	77
	79	79
	80	80
	81	81
	82	82
	83	83
	211	161
	85	86
	87	88
	216	166
	90	91
	91	92
	92	93
	221	171
	94	95
	97	98
	98	99
	226	176
	100	100
	101	101
	230	180
	103	102
	104	103
	106	104
	235	185
	108	105
	236	186
	109	106
	110	107
	111	108
	112	109
	240	190
	115	112
	245	195
	119	116
	250	200
	123	120
	127	124
net/minecraft/client/renderer/item/properties/select/LocalTime	114	96
	64	50
	65	51
	66	52
	69	55
	73	59
	75	60
	76	60
	77	60
	79	61
	80	62
	84	65
	85	66
	86	67
	25	27
	89	70
	27	28
	29	29
	94	76
	31	30
	95	77
	32	31
	96	78
	33	31
	97	79
	35	31
	100	82
	104	86
	109	91
	46	34
	47	35
	48	36
	49	37
	50	39
	114	96
	52	41
	53	42
net/minecraft/client/gui/screens/options/UnsupportedGraphicsWarningScreen	85	84
	66	65
	67	66
	69	67
	70	68
	71	69
	75	73
	83	82
	84	83
	85	84
	31	32
	32	33
	33	34
	34	35
	35	36
	39	40
	44	45
	45	46
	47	49
	49	50
	50	51
	52	52
	53	53
	55	54
	57	55
	58	57
	59	58
	60	59
	62	61
net/minecraft/client/gui/font/FontSet	235	214
	130	121
	132	122
	135	125
	136	126
	137	130
	140	127
	141	128
	149	135
	151	137
	152	138
	153	139
	157	140
	158	141
	160	144
	161	145
	162	146
	164	149
	37	37
	169	154
	42	42
	170	154
	173	154
	177	158
	51	49
	181	162
	182	163
	56	54
	185	163
	187	163
	191	167
	69	63
	199	180
	200	181
	204	184
	205	185
	78	70
	79	71
	207	188
	82	74
	83	75
	84	76
	212	171
	87	79
	88	80
	89	81
	217	195
	90	82
	93	85
	94	86
	95	87
	97	88
	225	204
	98	89
	226	205
	99	90
	102	93
	230	209
	103	94
	104	96
	105	97
	106	98
	107	99
	235	214
	111	103
	112	104
	113	105
	114	106
	115	107
	116	108
	117	109
	118	110
	123	115
	125	116
net/minecraft/client/particle/BaseAshSmokeParticle	49	66
	10	30
	11	31
	12	32
	13	33
	15	34
	16	35
	17	36
	18	37
	19	38
	20	39
	21	40
	23	41
	24	42
	25	43
	26	44
	27	45
	29	46
	30	47
	31	48
	32	49
	33	50
	37	54
	42	59
	47	64
	48	65
	49	66
net/minecraft/client/renderer/block/model/BlockElementRotation	95	72
	64	43
	65	44
	78	65
	79	66
	80	67
	82	70
	19	16
	83	71
	20	17
	84	72
	23	20
	24	21
	25	22
	26	23
	28	26
	95	52
	44	30
	45	31
	46	32
	47	33
	48	34
	58	38
	59	39
	60	40
	61	41
	62	42
net/minecraft/client/gui/screens/CreateBuffetWorldScreen	159	155
	133	132
	134	133
	136	134
	137	135
	138	136
	140	138
	142	140
	146	144
	151	149
	152	150
	158	154
	159	155
	32	34
	47	46
	48	47
	49	48
	50	49
	52	50
	55	51
	56	52
	57	53
	61	57
	62	58
	66	62
	67	63
	68	64
	69	65
	70	66
	71	67
	72	68
	74	69
	76	70
	77	71
	78	72
	79	73
	80	74
	81	75
	83	76
	85	77
	86	78
	87	79
	91	83
	92	84
	93	85
	96	88
	97	89
	101	95
	102	101
	103	102
	106	105
	107	106
	108	107
	109	109
	110	110
	111	111
	112	112
	114	113
	115	114
	116	115
	120	118
	122	119
	123	120
	125	123
	126	124
com/mojang/blaze3d/platform/Monitor	86	92
	65	71
	69	75
	73	79
	77	83
	81	87
	19	22
	20	23
	21	24
	22	25
	86	92
	25	28
	26	29
	27	31
	28	32
	29	33
	30	34
	31	35
	34	39
	35	40
	36	41
	37	42
	38	43
	39	44
	40	45
	41	46
	44	49
	45	50
	47	52
	48	53
	49	54
	53	59
	57	63
	61	67
net/minecraft/client/gui/narration/NarrationSupplier	0	0
net/minecraft/client/model/animal/rabbit/package-info	0	0
net/minecraft/client/renderer/entity/OminousItemSpawnerRenderer	56	53
	34	33
	36	34
	37	35
	38	36
	42	41
	43	53
	46	42
	47	43
	48	44
	49	45
	52	48
	53	49
	54	50
	23	24
	55	51
	24	25
	56	53
	25	26
	29	29
com/mojang/realmsclient/client/RealmsClient	539	552
	513	495
	515	496
	516	516
	517	517
	520	497
	522	498
	523	502
	524	503
	525	504
	526	505
	529	508
	530	509
	531	510
	533	513
	534	514
	537	499
	538	519
	539	520
	60	533
	61	534
	62	535
	69	542
	70	543
	71	544
	72	545
	75	548
	76	549
	77	550
	78	551
	79	552
	84	60
	85	61
	86	62
	87	63
	89	64
	91	65
	145	116
	146	117
	150	121
	151	122
	152	123
	153	124
	154	125
	156	128
	157	129
	158	130
	159	131
	161	134
	162	135
	163	136
	168	141
	169	142
	170	143
	172	144
	173	145
	174	146
	177	149
	181	153
	182	154
	184	157
	186	160
	187	161
	188	162
	189	162
	190	162
	191	163
	192	164
	193	165
	194	166
	195	167
	196	168
	198	171
	202	175
	203	176
	204	177
	206	180
	207	181
	211	185
	212	186
	213	187
	217	191
	218	192
	219	193
	223	197
	224	198
	225	199
	229	203
	230	205
	231	206
	232	207
	235	211
	239	215
	240	216
	241	217
	244	220
	245	221
	246	222
	249	225
	250	226
	251	227
	255	231
	256	232
	258	235
	259	236
	260	237
	263	240
	264	240
	265	240
	267	242
	268	243
	269	244
	273	248
	274	249
	275	250
	277	251
	281	256
	282	257
	283	258
	287	262
	288	263
	289	264
	293	268
	294	269
	295	270
	296	271
	297	272
	300	275
	301	276
	302	277
	306	281
	307	282
	311	285
	312	286
	313	287
	316	285
	320	292
	321	293
	322	294
	325	297
	326	298
	327	299
	330	302
	331	303
	333	304
	334	305
	335	306
	339	310
	340	311
	341	312
	345	324
	346	327
	347	328
	348	329
	349	330
	350	331
	351	332
	354	335
	355	336
	356	337
	357	338
	361	341
	362	342
	363	343
	367	347
	368	348
	369	349
	372	352
	373	355
	374	356
	378	360
	379	361
	380	362
	384	366
	385	367
	386	368
	390	372
	391	373
	392	374
	396	378
	397	379
	398	380
	402	384
	403	385
	404	386
	408	390
	409	391
	410	392
	411	393
	415	397
	416	398
	417	399
	422	403
	426	407
	427	408
	428	409
	429	410
	430	411
	434	415
	438	419
	439	420
	440	421
	443	424
	444	425
	445	426
	449	430
	450	431
	451	432
	452	433
	453	434
	455	437
	459	441
	460	442
	461	443
	464	446
	465	447
	466	448
	469	451
	470	452
	471	453
	475	457
	476	458
	477	459
	480	462
	481	463
	482	464
	486	468
	487	469
	488	470
	491	473
	495	477
	500	482
	501	483
	502	484
	507	489
	508	490
	509	491
	510	492
com/mojang/blaze3d/textures/AddressMode	0	0
net/minecraft/client/renderer/item/properties/package-info	0	0
net/minecraft/client/renderer/entity/layers/EquipmentLayerRenderer	91	119
	64	86
	66	89
	69	93
	70	94
	71	95
	72	96
	73	97
	75	100
	78	103
	79	104
	80	105
	81	106
	83	108
	91	119
	38	39
	39	40
	40	41
	41	42
	44	55
	45	56
	48	71
	49	72
	50	100
	52	73
	53	74
	55	75
	56	77
	57	78
	58	79
	61	80
	62	83
	63	85
net/minecraft/client/model/animal/nautilus/NautilusSaddleModel	31	33
	18	19
	19	20
	20	21
	21	22
	24	25
	25	26
	27	27
	29	28
	31	33
net/minecraft/client/renderer/item/properties/numeric/CompassAngleState	143	136
	128	124
	133	128
	138	132
	139	133
	143	136
	22	25
	23	26
	24	27
	25	29
	34	37
	36	38
	37	39
	39	40
	40	41
	44	45
	45	46
	47	47
	48	48
	51	49
	55	53
	56	54
	58	57
	59	58
	63	62
	64	63
	68	65
	69	65
	70	66
	71	67
	73	70
	75	72
	78	75
	82	79
	83	79
	87	83
	88	84
	89	85
	93	89
	97	93
	101	97
	105	102
	108	105
	111	108
	114	111
	115	112
	118	115
	121	118
	124	121
	127	124
net/minecraft/client/gui/screens/inventory/BookSignScreen	119	108
	24	23
	25	24
	26	25
	27	26
	41	36
	42	37
	43	38
	44	39
	45	40
	47	41
	48	42
	52	46
	53	47
	54	48
	55	49
	56	50
	58	51
	59	52
	60	53
	61	54
	62	55
	63	56
	64	57
	65	58
	67	59
	68	60
	69	61
	70	62
	71	63
	72	64
	76	68
	77	69
	80	72
	81	73
	82	74
	86	78
	91	83
	92	84
	93	85
	94	86
	96	88
	101	94
	103	95
	104	96
	106	97
	107	98
	109	99
	110	100
	112	101
	113	102
	117	106
	118	107
	119	108
net/minecraft/client/renderer/texture/OverlayTexture	63	57
	32	26
	33	27
	38	32
	39	33
	43	37
	44	38
	47	41
	16	15
	51	45
	21	16
	22	19
	55	49
	25	21
	26	22
	27	23
	59	53
	29	24
	63	57
net/minecraft/client/renderer/entity/layers/EnderEyesLayer	19	22
	19	22
	11	14
	14	17
	15	18
net/minecraft/client/renderer/fog/package-info	0	0
net/minecraft/client/resources/metadata/texture/package-info	0	0
net/minecraft/client/gui/components/debug/DebugEntryCategory	8	10
	7	9
	8	10
com/mojang/realmsclient/util/task/ResettingWorldTask	62	66
	11	14
	19	20
	20	21
	21	22
	22	23
	28	29
	29	30
	31	34
	32	35
	35	38
	37	39
	38	40
	41	43
	43	44
	44	45
	45	46
	46	47
	48	50
	49	52
	50	53
	51	54
	53	57
	54	58
	55	59
	56	51
	58	62
	62	66
net/minecraft/client/renderer/entity/RabbitRenderer	51	52
	10	13
	11	14
	12	15
	13	16
	14	17
	15	18
	16	19
	17	20
	20	23
	21	24
	25	27
	26	28
	29	31
	30	32
	31	33
	32	34
	33	35
	34	36
	35	37
	36	38
	42	44
	47	48
	48	49
	49	50
	50	51
	51	52
net/minecraft/client/gui/components/debug/DebugScreenEntryList	195	204
	129	133
	130	134
	136	139
	140	143
	141	144
	144	147
	145	148
	146	149
	148	151
	151	154
	155	158
	29	32
	157	159
	158	161
	159	162
	160	163
	161	164
	162	165
	167	170
	168	171
	169	172
	42	43
	43	44
	44	45
	172	175
	45	46
	176	179
	49	50
	50	51
	51	52
	52	53
	180	184
	54	57
	182	189
	55	61
	183	191
	56	62
	184	192
	57	63
	186	194
	59	65
	60	66
	61	67
	189	198
	63	70
	191	200
	192	201
	65	72
	193	202
	66	73
	67	74
	195	204
	68	75
	70	78
	71	79
	74	82
	75	83
	76	84
	77	85
	78	86
	81	89
	82	90
	83	91
	86	94
	87	95
	88	95
	90	95
	94	99
	98	103
	99	104
	100	105
	101	106
	102	107
	105	110
	106	111
	108	113
	109	114
	112	116
	113	117
	114	118
	116	121
	117	122
	121	124
	122	125
	124	127
	126	130
net/minecraft/client/renderer/entity/CopperGolemRenderer	64	77
	64	77
	24	26
	25	31
	26	37
	27	38
	28	39
	29	40
	33	43
	37	47
	42	51
	47	55
	48	56
	49	57
	50	58
	51	59
	52	60
	53	61
	54	62
	55	63
	56	64
	57	65
	58	67
	59	73
	61	69
	62	71
net/minecraft/client/model/animal/dolphin/DolphinModel	92	75
	16	18
	23	24
	24	25
	25	26
	26	27
	27	28
	30	31
	31	32
	33	33
	34	34
	36	35
	37	36
	38	36
	39	36
	41	38
	42	39
	43	39
	44	39
	46	41
	47	43
	48	43
	49	44
	51	46
	52	48
	53	48
	54	49
	56	51
	57	53
	58	53
	59	54
	61	56
	62	57
	63	57
	64	57
	66	59
	67	60
	68	60
	69	60
	71	62
	72	62
	73	62
	77	63
	82	67
	84	68
	85	69
	87	70
	88	71
	89	72
	90	73
	92	75
com/mojang/blaze3d/shaders/package-info	0	0
net/minecraft/client/renderer/GameRenderer	901	897
	104	106
	108	108
	167	150
	168	151
	169	152
	170	153
	171	154
	172	155
	173	156
	174	157
	175	158
	176	172
	177	173
	184	181
	185	182
	189	186
	190	187
	191	188
	192	189
	193	190
	194	191
	195	192
	196	193
	197	194
	198	195
	199	196
	200	197
	203	200
	207	204
	211	208
	215	212
	216	213
	219	216
	220	217
	223	220
	227	224
	231	228
	232	229
	233	230
	236	233
	237	234
	240	237
	241	238
	242	241
	243	244
	244	249
	246	251
	249	254
	250	255
	251	256
	254	259
	255	260
	256	261
	258	263
	261	266
	262	267
	263	268
	264	270
	265	271
	266	272
	267	273
	268	274
	271	277
	272	278
	273	279
	274	280
	276	282
	279	285
	280	286
	282	287
	283	288
	284	289
	286	292
	287	293
	289	294
	290	295
	291	296
	292	299
	293	300
	295	297
	298	303
	299	320
	302	304
	303	305
	304	306
	305	307
	306	308
	308	310
	309	311
	312	314
	314	315
	315	316
	316	317
	317	318
	318	320
	321	323
	325	327
	326	328
	327	329
	330	332
	331	333
	332	341
	334	334
	335	341
	338	335
	339	336
	340	337
	341	338
	342	341
	346	345
	347	346
	348	347
	349	348
	350	349
	352	351
	355	354
	356	355
	357	356
	358	357
	361	360
	362	361
	365	364
	366	365
	367	366
	368	367
	371	370
	372	371
	373	372
	376	375
	377	376
	378	377
	379	378
	382	381
	386	385
	388	386
	390	387
	391	388
	393	389
	396	392
	397	393
	399	396
	400	397
	402	398
	404	399
	405	400
	406	401
	407	402
	409	404
	412	407
	413	415
	416	408
	417	409
	418	410
	419	411
	420	412
	421	413
	425	418
	426	448
	429	419
	430	420
	432	421
	433	422
	434	423
	435	424
	436	425
	438	426
	439	427
	440	428
	443	431
	444	435
	447	445
	448	446
	449	448
	452	451
	453	452
	457	458
	461	462
	462	463
	463	463
	465	463
	470	467
	471	474
	473	470
	474	471
	478	477
	479	602
	482	478
	483	479
	484	480
	485	481
	487	482
	489	493
	491	494
	492	495
	494	496
	495	497
	497	498
	499	499
	501	500
	503	501
	504	502
	505	503
	506	504
	509	508
	511	511
	513	512
	514	513
	516	514
	518	515
	519	516
	520	517
	521	518
	522	519
	524	522
	526	524
	527	525
	528	526
	529	527
	531	528
	533	529
	535	531
	537	533
	538	534
	539	535
	540	536
	542	537
	543	538
	545	539
	547	542
	548	543
	553	547
	554	548
	556	550
	557	551
	558	552
	559	553
	561	554
	565	558
	566	559
	569	562
	570	567
	571	566
	572	579
	574	584
	575	585
	578	588
	580	589
	581	590
	584	593
	585	594
	586	595
	587	596
	589	597
	590	598
	591	599
	593	600
	594	602
	597	605
	598	606
	599	608
	604	615
	605	616
	609	620
	610	621
	613	624
	615	625
	616	626
	617	627
	618	628
	619	629
	621	631
	623	634
	625	636
	626	637
	627	638
	628	639
	633	645
	635	648
	636	649
	639	652
	640	668
	643	653
	644	654
	645	668
	647	655
	649	656
	650	657
	651	668
	654	658
	655	659
	656	660
	659	662
	661	664
	662	668
	665	671
	666	672
	667	673
	668	674
	669	675
	670	676
	671	677
	672	678
	673	679
	675	681
	676	682
	679	685
	680	686
	681	687
	682	688
	683	689
	685	691
	687	693
	689	695
	692	698
	693	699
	696	702
	697	703
	698	704
	700	705
	701	706
	702	707
	703	708
	704	709
	705	710
	706	711
	708	713
	709	714
	710	715
	714	720
	718	724
	719	725
	720	726
	721	736
	723	727
	724	728
	726	731
	728	732
	729	733
	730	736
	733	739
	734	740
	737	741
	739	742
	741	743
	742	744
	744	745
	746	746
	748	747
	749	748
	750	749
	752	750
	753	751
	754	752
	755	753
	757	756
	759	757
	760	758
	761	759
	762	760
	763	761
	764	762
	765	763
	767	764
	768	765
	769	766
	770	767
	771	768
	774	771
	776	772
	777	773
	779	774
	780	775
	781	777
	783	778
	784	779
	785	780
	787	785
	788	786
	789	788
	790	792
	792	793
	794	794
	795	795
	796	796
	797	797
	798	798
	799	799
	800	800
	802	801
	803	804
	805	806
	808	809
	809	810
	810	811
	811	812
	812	813
	813	814
	814	815
	818	818
	819	819
	823	823
	824	824
	825	825
	826	826
	827	827
	830	830
	831	831
	834	834
	838	838
	842	842
	846	846
	850	850
	854	854
	859	858
	861	859
	862	860
	864	861
	866	862
	867	863
	869	864
	870	865
	875	869
	876	870
	877	871
	878	874
	879	875
	881	878
	882	879
	887	883
	891	887
	895	891
	896	892
	898	894
	901	897
net/minecraft/client/model/monster/skeleton/SkeletonModel	120	119
	20	22
	21	23
	24	26
	25	27
	27	28
	28	29
	32	33
	33	34
	34	34
	35	34
	37	36
	38	37
	39	37
	40	37
	42	39
	43	40
	44	40
	45	40
	47	42
	48	43
	49	43
	50	43
	52	45
	55	48
	56	49
	57	50
	58	53
	59	55
	60	57
	61	59
	63	61
	64	64
	65	66
	66	68
	67	70
	68	71
	69	73
	70	73
	71	74
	73	76
	74	78
	75	78
	76	79
	78	81
	79	83
	80	83
	81	84
	83	86
	84	88
	85	88
	86	89
	88	91
	93	95
	95	96
	96	97
	97	98
	98	99
	99	100
	100	101
	101	102
	102	103
	103	104
	104	105
	105	106
	106	107
	108	108
	110	110
	114	113
	115	114
	116	115
	117	116
	118	117
	119	118
	120	119
net/minecraft/client/model/EntityModel	20	22
	16	18
	19	21
	20	22
	15	17
net/minecraft/client/gui/screens/worldselection/OptimizeWorldScreen	127	147
	31	33
	33	34
	34	36
	35	37
	36	38
	37	39
	38	40
	45	49
	46	50
	47	59
	48	55
	49	56
	50	57
	51	75
	52	71
	53	76
	54	77
	55	78
	60	85
	61	86
	62	87
	63	88
	67	92
	69	93
	70	94
	71	95
	72	96
	73	97
	77	101
	78	102
	80	104
	84	108
	85	109
	89	113
	90	114
	91	115
	95	119
	97	120
	99	121
	100	122
	101	123
	102	124
	104	125
	106	126
	107	127
	109	128
	110	129
	111	130
	113	133
	114	135
	115	136
	116	137
	117	138
	120	141
	122	142
	123	143
	124	144
	125	145
	127	147
net/minecraft/client/model/animal/chicken/package-info	0	0
net/minecraft/client/renderer/entity/ZombieVillagerRenderer	51	60
	33	45
	38	49
	43	53
	12	15
	44	54
	45	55
	46	56
	15	18
	47	57
	17	20
	18	21
	51	60
	23	25
	24	28
	25	29
	26	30
	28	33
	29	42
net/minecraft/client/resources/server/ServerPackManager	407	386
	257	172
	259	175
	262	178
	264	179
	265	180
	266	181
	267	182
	269	184
	275	190
	276	191
	277	192
	278	193
	279	194
	281	195
	282	196
	286	201
	287	202
	294	205
	295	206
	296	208
	297	209
	301	210
	302	211
	305	214
	306	215
	307	216
	55	35
	311	221
	56	36
	312	222
	57	37
	313	224
	58	38
	314	225
	59	39
	60	40
	316	228
	318	231
	63	43
	64	44
	322	235
	323	236
	324	237
	326	239
	327	240
	329	241
	332	244
	333	245
	334	246
	335	247
	79	348
	80	349
	81	350
	338	250
	82	351
	339	251
	83	352
	340	252
	84	353
	341	253
	344	255
	90	358
	91	359
	349	260
	350	261
	351	262
	352	263
	356	267
	357	268
	360	271
	363	274
	364	275
	365	276
	366	277
	111	374
	112	375
	369	281
	113	376
	370	282
	114	377
	372	285
	373	286
	117	380
	118	381
	120	383
	377	290
	379	291
	123	386
	380	293
	381	294
	382	303
	384	299
	129	47
	385	300
	130	48
	386	301
	131	49
	387	296
	134	52
	390	307
	137	55
	393	309
	138	56
	394	310
	139	60
	395	311
	142	58
	143	60
	399	315
	146	63
	147	64
	403	319
	148	78
	407	323
	153	68
	154	69
	155	70
	158	73
	159	74
	160	75
	161	76
	162	78
	166	81
	168	82
	170	83
	171	84
	174	87
	175	88
	178	91
	179	92
	180	93
	183	96
	184	97
	185	98
	188	102
	192	106
	193	107
	194	108
	195	109
	197	111
	200	114
	201	115
	203	118
	204	119
	207	122
	209	124
	210	125
	211	126
	215	130
	216	131
	219	134
	220	136
	221	137
	222	138
	225	142
	226	143
	229	146
	231	147
	234	150
	235	151
	236	152
	239	155
	240	156
	243	159
	244	160
	247	161
	250	164
	251	165
	252	166
	253	167
	255	170
net/minecraft/client/renderer/blockentity/state/BellRenderState	0	0
net/minecraft/client/renderer/entity/GlowSquidRenderer	29	27
	16	18
	20	22
	25	26
	26	27
	27	27
	12	14
	29	27
	15	17
net/minecraft/client/renderer/entity/layers/ArrowLayer	19	28
	19	28
	14	18
	15	24
net/minecraft/client/renderer/entity/state/CopperGolemRenderState	18	20
	18	20
	11	13
	12	14
net/minecraft/client/model/animal/turtle/TurtleModel	106	92
	20	21
	25	25
	26	26
	27	27
	30	30
	31	31
	33	32
	34	33
	35	33
	36	33
	38	35
	39	37
	40	38
	41	40
	42	42
	44	44
	45	46
	46	46
	47	47
	49	49
	50	50
	51	51
	52	51
	53	51
	55	53
	56	54
	57	54
	58	54
	60	56
	61	57
	62	57
	63	57
	65	59
	66	60
	67	60
	68	60
	71	62
	76	66
	78	67
	79	68
	81	69
	82	70
	83	71
	84	72
	85	73
	86	74
	88	75
	89	76
	90	77
	91	78
	93	80
	94	81
	95	82
	96	83
	97	84
	98	85
	101	88
	103	89
	104	90
	106	92
net/minecraft/client/renderer/debug/WaterDebugRenderer	57	53
	32	34
	33	35
	35	36
	36	37
	37	37
	38	37
	39	37
	41	37
	42	38
	46	43
	47	44
	48	45
	49	46
	50	48
	52	48
	22	24
	54	49
	23	25
	57	53
	27	29
	28	30
	30	32
	31	33
net/minecraft/client/TextureFilteringMethod	27	30
	16	20
	22	25
	23	26
	24	27
	10	13
	11	14
	27	30
	12	15
	15	18
net/minecraft/client/gui/components/debugchart/ProfilerPieChart	124	114
	27	26
	28	27
	31	30
	32	31
	35	34
	36	35
	39	38
	40	88
	43	39
	44	40
	46	41
	47	42
	48	43
	50	44
	51	45
	52	46
	53	47
	54	48
	56	49
	58	50
	60	51
	62	52
	63	53
	64	54
	65	55
	67	58
	68	59
	70	61
	72	64
	73	65
	74	66
	76	67
	77	68
	79	70
	80	71
	81	72
	82	73
	83	74
	85	76
	88	79
	89	80
	90	81
	91	82
	92	83
	93	84
	94	85
	96	88
	99	91
	100	114
	102	92
	103	93
	104	114
	107	94
	108	95
	109	96
	110	97
	111	98
	112	99
	116	103
	117	104
	118	105
	119	106
	121	109
	124	114
net/minecraft/client/tutorial/CompletedTutorialStepInstance	5	9
	5	9
net/minecraft/client/gui/screens/recipebook/RecipeCollection	81	73
	67	60
	68	61
	70	62
	71	63
	74	65
	75	67
	76	68
	77	69
	16	17
	81	73
	25	23
	26	24
	29	27
	30	28
	31	29
	32	30
	34	32
	36	35
	37	36
	39	38
	42	41
	45	44
	49	48
	53	52
	57	56
net/minecraft/client/gui/screens/package-info	0	0
com/mojang/blaze3d/audio/ListenerTransform	9	12
	6	9
	9	12
net/minecraft/client/gui/components/spectator/package-info	0	0
net/minecraft/client/gui/render/state/TiledBlitRenderState	57	95
	14	49
	15	50
	19	54
	20	55
	21	57
	23	58
	25	61
	26	62
	27	63
	29	65
	30	66
	32	69
	34	70
	36	73
	37	74
	38	75
	40	77
	41	78
	43	81
	44	82
	45	83
	46	84
	47	85
	48	86
	49	87
	50	88
	53	91
	56	94
	57	95
net/minecraft/client/data/models/WaypointStyleProvider	62	70
	32	38
	33	39
	36	43
	39	48
	40	49
	41	50
	42	51
	43	52
	44	53
	47	57
	51	60
	52	61
	53	62
	22	26
	54	63
	23	27
	56	65
	57	66
	26	30
	29	35
	30	36
	62	70
	31	37
net/minecraft/client/gui/screens/inventory/MerchantScreen	358	328
	257	228
	259	230
	262	233
	263	234
	264	235
	266	237
	267	238
	269	239
	271	241
	274	244
	22	24
	23	25
	279	249
	24	26
	280	250
	25	27
	26	28
	27	29
	283	253
	28	30
	284	254
	29	31
	285	255
	30	32
	286	256
	31	33
	288	259
	293	264
	295	265
	296	266
	297	267
	298	268
	300	269
	301	270
	303	271
	305	272
	307	274
	55	52
	56	53
	312	280
	313	281
	315	282
	316	283
	317	285
	319	287
	64	60
	65	61
	321	290
	66	62
	67	63
	70	66
	326	295
	71	67
	327	296
	72	68
	73	69
	77	73
	334	304
	79	74
	335	305
	80	75
	336	306
	337	307
	82	76
	83	78
	84	79
	340	310
	85	80
	86	81
	87	82
	344	314
	89	84
	345	315
	346	316
	91	85
	347	317
	348	318
	93	87
	349	319
	350	320
	351	321
	97	91
	353	323
	98	92
	354	324
	99	93
	355	325
	100	94
	101	95
	102	96
	358	328
	104	98
	106	101
	108	102
	109	103
	110	104
	114	108
	115	109
	117	110
	119	111
	120	112
	121	113
	122	114
	123	115
	126	118
	127	119
	128	120
	131	123
	134	126
	135	127
	137	128
	138	143
	142	129
	144	130
	145	131
	146	143
	149	132
	150	133
	151	134
	154	135
	155	136
	156	137
	157	138
	158	139
	160	143
	163	146
	164	147
	165	148
	166	149
	167	150
	168	151
	169	152
	171	153
	173	156
	174	157
	175	158
	176	159
	177	160
	181	163
	183	165
	187	169
	189	170
	190	171
	191	172
	192	173
	194	174
	195	175
	197	176
	199	177
	200	179
	201	180
	202	198
	206	181
	207	182
	208	183
	209	184
	211	185
	213	186
	215	187
	216	188
	217	189
	220	192
	222	193
	223	194
	225	195
	226	196
	229	202
	230	203
	232	204
	233	205
	236	208
	237	209
	240	212
	241	213
	242	214
	244	217
	248	221
	249	222
	252	225
	254	226
net/minecraft/client/particle/FlyTowardsPositionParticle	154	162
	133	137
	134	138
	138	143
	139	143
	19	21
	147	152
	20	22
	148	153
	23	36
	24	37
	152	159
	25	38
	153	161
	26	39
	154	162
	28	40
	29	41
	30	42
	31	43
	32	44
	33	45
	34	46
	35	47
	36	48
	37	49
	38	50
	39	51
	41	52
	43	53
	44	54
	45	55
	46	56
	48	57
	50	58
	51	59
	55	63
	56	63
	58	63
	63	68
	64	69
	65	70
	69	74
	70	75
	72	78
	74	79
	75	80
	76	81
	78	82
	79	83
	80	84
	81	85
	82	86
	84	89
	89	94
	90	95
	91	96
	93	97
	94	98
	95	109
	98	100
	99	101
	101	102
	102	103
	103	104
	104	105
	105	106
	106	107
	107	109
	111	113
	112	114
	113	115
	119	122
	120	123
	124	128
	125	128
net/minecraft/client/renderer/rendertype/LayeringTransform	35	33
	16	25
	33	19
	34	19
	35	20
	20	29
	24	33
	27	14
	29	16
	30	16
	14	23
	31	17
	15	24
net/minecraft/client/renderer/blockentity/BannerRenderer	151	215
	130	181
	132	183
	133	184
	134	185
	135	186
	137	188
	140	202
	141	203
	142	206
	145	209
	146	210
	147	211
	148	212
	149	213
	150	214
	151	215
	50	50
	51	51
	54	54
	55	55
	58	58
	59	59
	60	60
	61	61
	62	62
	63	63
	67	66
	72	76
	73	77
	74	78
	76	79
	77	80
	78	81
	79	82
	81	84
	82	85
	85	88
	86	89
	88	90
	89	91
	96	96
	97	97
	98	98
	100	100
	101	101
	104	105
	105	119
	108	125
	109	127
	112	144
	113	145
	114	146
	115	147
	116	148
	117	149
	119	153
	121	155
	122	156
	125	174
	126	177
	127	178
net/minecraft/client/telemetry/TelemetryEventSender	13	16
	10	13
	11	14
	12	15
	13	16
net/minecraft/client/model/animal/allay/AllayModel	113	127
	33	34
	40	35
	43	38
	44	39
	46	40
	47	41
	48	44
	49	49
	50	53
	51	58
	52	63
	53	68
	55	73
	60	77
	62	78
	63	79
	64	80
	65	81
	66	82
	67	83
	68	84
	69	85
	71	86
	72	87
	73	88
	74	89
	75	90
	76	91
	77	92
	78	93
	79	94
	80	95
	82	97
	83	98
	86	101
	87	102
	88	103
	89	104
	90	105
	91	106
	92	107
	93	108
	94	109
	95	110
	96	111
	97	112
	98	113
	99	114
	100	115
	101	116
	105	119
	106	120
	107	121
	108	122
	109	123
	110	124
	111	125
	112	126
	113	127
net/minecraft/client/gui/screens/inventory/BrewingStandScreen	60	60
	15	15
	16	16
	17	17
	18	18
	19	19
	22	22
	23	23
	27	27
	28	28
	29	29
	33	33
	34	34
	35	35
	39	39
	40	40
	41	41
	42	42
	43	43
	44	44
	45	45
	48	48
	49	49
	50	50
	51	51
	52	52
	55	55
	56	56
	57	57
	60	60
net/minecraft/client/sounds/package-info	0	0
net/minecraft/client/renderer/entity/TippableArrowRenderer	29	29
	17	19
	22	23
	8	11
	9	12
	27	27
	12	15
	28	28
	13	16
	29	29
net/minecraft/client/renderer/texture/TextureAtlasSprite	117	121
	65	65
	66	66
	70	70
	74	74
	78	78
	79	79
	83	83
	88	88
	28	29
	92	92
	29	30
	93	93
	30	31
	31	32
	32	33
	96	96
	34	34
	35	35
	36	36
	100	100
	37	37
	38	38
	104	104
	41	41
	105	105
	106	106
	107	109
	108	112
	45	45
	109	113
	110	114
	112	116
	49	49
	116	120
	53	53
	117	121
	57	57
	61	61
com/mojang/blaze3d/systems/GpuQuery	0	0
com/mojang/blaze3d/platform/cursor/CursorTypes	13	15
	6	8
	7	9
	8	10
	9	11
	10	12
	11	13
	12	14
	13	15
net/minecraft/client/renderer/entity/layers/package-info	0	0
net/minecraft/client/gui/screens/options/VideoSettingsScreen	273	259
	256	242
	257	243
	258	244
	259	245
	262	248
	265	251
	266	252
	267	253
	268	254
	269	255
	270	256
	273	259
	26	28
	28	29
	29	31
	30	33
	31	34
	32	35
	33	36
	34	37
	35	38
	38	45
	39	46
	40	47
	42	48
	43	49
	45	50
	46	51
	48	52
	49	53
	51	54
	52	55
	54	56
	55	57
	57	58
	58	59
	60	60
	61	61
	63	62
	68	67
	69	68
	70	68
	72	68
	73	68
	75	68
	76	68
	81	73
	82	73
	83	73
	85	73
	86	73
	96	77
	97	78
	99	79
	100	80
	102	81
	105	84
	106	85
	107	86
	108	87
	112	91
	114	92
	115	93
	117	95
	118	96
	120	98
	121	99
	124	103
	126	104
	128	106
	129	107
	131	110
	132	111
	135	114
	136	116
	138	125
	139	126
	141	128
	142	131
	144	129
	145	131
	148	133
	149	134
	150	135
	152	136
	153	137
	154	138
	156	139
	157	140
	158	141
	162	145
	163	146
	165	149
	166	150
	170	154
	171	155
	172	156
	176	160
	177	163
	178	164
	180	167
	181	168
	185	172
	186	173
	188	174
	190	175
	191	176
	192	177
	193	178
	196	181
	197	182
	198	183
	199	184
	202	187
	203	188
	204	189
	205	190
	208	193
	210	196
	211	197
	213	198
	214	199
	215	200
	218	201
	219	202
	220	203
	221	204
	222	205
	225	209
	227	211
	232	217
	233	218
	234	219
	235	220
	236	221
	237	222
	238	223
	239	224
	240	225
	241	226
	242	227
	243	228
	244	229
	248	234
	250	236
	255	241
com/mojang/realmsclient/client/worldupload/RealmsUploadException	12	15
	8	11
	12	15
net/minecraft/client/multiplayer/resolver/ServerNameResolver	37	34
	32	28
	34	29
	37	32
	8	11
	16	19
	17	20
	18	21
	19	22
	23	25
	26	26
	27	26
	28	34
	31	27
net/minecraft/client/tutorial/TutorialStepInstance	33	36
	33	36
	18	21
	21	24
	24	27
	27	30
	12	15
	30	33
	15	18
com/mojang/blaze3d/platform/ClipboardManager	51	53
	32	34
	33	35
	34	36
	35	37
	38	40
	40	41
	41	42
	42	43
	44	45
	46	48
	16	17
	48	50
	19	20
	51	53
	20	21
	21	22
	22	23
	23	24
	24	25
	26	28
	30	32
	31	33
net/minecraft/client/animation/definitions/ArmadilloAnimation	489	686
	15	12
	16	13
	17	17
	18	18
	20	21
	21	25
	22	26
	23	27
	24	28
	25	29
	27	32
	28	36
	29	37
	31	40
	32	44
	33	45
	34	46
	35	47
	37	50
	38	54
	39	55
	40	56
	42	59
	43	63
	44	64
	45	65
	46	66
	47	67
	48	68
	50	71
	51	75
	52	76
	54	79
	55	83
	56	84
	57	85
	58	86
	59	87
	60	88
	62	91
	63	95
	64	96
	66	99
	67	103
	68	104
	69	105
	70	106
	71	107
	72	108
	74	111
	75	115
	76	116
	77	117
	78	118
	80	121
	81	125
	82	126
	83	127
	84	128
	85	129
	86	130
	88	133
	89	137
	90	138
	91	139
	92	140
	94	143
	95	147
	96	148
	97	149
	98	150
	99	151
	100	152
	102	155
	103	159
	104	160
	105	161
	106	162
	107	163
	109	166
	110	170
	111	171
	112	172
	113	173
	114	174
	115	175
	116	176
	117	177
	119	180
	121	181
	122	183
	123	187
	124	188
	125	189
	126	190
	127	191
	128	192
	129	193
	130	194
	131	195
	133	198
	134	202
	135	203
	136	204
	137	205
	138	206
	139	207
	140	208
	142	211
	143	215
	144	216
	145	217
	146	218
	147	219
	149	222
	150	226
	151	227
	152	228
	153	229
	154	230
	155	231
	156	232
	158	235
	159	239
	160	240
	161	241
	162	242
	163	243
	164	244
	166	247
	167	251
	168	252
	169	253
	170	254
	171	255
	172	256
	173	257
	175	260
	176	264
	177	265
	178	266
	179	267
	180	268
	181	269
	182	270
	184	273
	185	277
	186	278
	187	279
	188	280
	189	281
	190	282
	191	283
	193	286
	194	290
	195	291
	196	292
	197	293
	198	294
	199	295
	200	296
	202	299
	203	303
	204	304
	205	305
	206	306
	207	307
	208	308
	209	309
	211	312
	212	316
	213	317
	214	318
	215	319
	216	320
	217	321
	219	324
	220	328
	221	329
	222	330
	223	331
	224	332
	225	333
	226	334
	228	337
	230	338
	231	339
	232	343
	233	344
	234	345
	235	346
	236	347
	237	348
	238	349
	239	350
	240	351
	241	352
	242	353
	243	354
	245	357
	246	361
	247	362
	248	363
	249	364
	250	365
	251	366
	252	367
	253	368
	254	369
	255	370
	256	371
	257	372
	258	373
	259	374
	260	375
	262	378
	263	381
	265	384
	266	387
	268	390
	269	394
	270	395
	271	396
	272	397
	273	398
	274	399
	275	400
	277	403
	278	407
	279	408
	280	409
	281	410
	282	411
	283	412
	284	413
	285	414
	286	415
	288	418
	289	422
	290	423
	291	424
	292	425
	293	426
	294	427
	295	428
	297	431
	298	435
	299	436
	300	437
	301	438
	302	439
	303	440
	304	441
	305	442
	306	443
	308	446
	309	450
	310	451
	311	452
	312	453
	313	454
	314	455
	315	456
	316	457
	317	458
	318	459
	319	460
	321	463
	322	467
	323	468
	324	469
	325	470
	326	471
	327	472
	328	473
	329	474
	330	475
	331	476
	333	479
	335	480
	336	481
	337	485
	338	486
	339	487
	340	488
	341	489
	342	490
	343	491
	344	492
	345	493
	346	494
	347	495
	349	498
	350	502
	351	503
	352	504
	353	505
	354	506
	355	507
	356	508
	357	509
	358	510
	359	511
	360	512
	361	513
	362	514
	363	515
	364	516
	365	517
	366	518
	367	519
	369	522
	370	526
	371	527
	372	528
	373	529
	374	530
	376	533
	377	537
	378	538
	379	539
	380	540
	381	541
	382	542
	384	545
	385	549
	386	550
	387	551
	388	552
	389	553
	391	556
	392	560
	393	561
	394	562
	395	563
	396	564
	397	565
	398	566
	400	569
	401	573
	402	574
	403	575
	404	576
	405	577
	406	578
	407	579
	408	580
	409	581
	410	582
	412	585
	413	589
	414	590
	415	591
	416	592
	417	593
	418	594
	419	595
	420	596
	421	597
	422	598
	423	599
	425	602
	426	606
	427	607
	428	608
	429	609
	430	610
	431	611
	432	612
	433	613
	434	614
	435	615
	437	618
	438	622
	439	623
	440	624
	441	625
	442	626
	443	627
	444	628
	445	629
	446	630
	447	631
	448	632
	449	633
	450	634
	451	635
	453	638
	454	642
	455	643
	456	644
	457	645
	458	646
	459	647
	460	648
	461	649
	462	650
	463	651
	464	652
	466	655
	467	659
	468	660
	469	661
	470	662
	471	663
	472	664
	473	665
	474	666
	475	667
	476	668
	477	669
	478	670
	479	671
	481	674
	482	678
	483	679
	484	680
	485	681
	486	682
	487	683
	489	686
net/minecraft/client/animation/KeyframeAnimation	102	93
	66	63
	67	64
	68	66
	69	67
	71	69
	74	72
	75	73
	20	20
	21	21
	22	22
	86	79
	87	80
	25	25
	89	81
	26	26
	90	82
	28	28
	92	83
	29	29
	30	30
	94	85
	95	86
	32	31
	33	32
	97	88
	34	33
	100	91
	37	36
	101	92
	38	37
	102	93
	42	41
	46	45
	47	46
	50	49
	51	50
	52	51
	53	52
	56	55
	57	56
	60	59
	61	59
	63	60
net/minecraft/client/resources/sounds/Sound	105	107
	65	66
	68	69
	72	73
	12	15
	76	77
	80	81
	84	91
	85	92
	24	26
	25	27
	26	28
	90	97
	27	29
	91	98
	28	30
	29	31
	30	32
	94	101
	31	33
	95	102
	32	34
	96	103
	35	37
	99	107
	39	41
	105	86
	43	45
	47	49
	52	54
	57	58
	62	63
	63	64
com/mojang/blaze3d/platform/FramerateLimitTracker	76	73
	66	62
	67	63
	71	68
	72	69
	75	72
	76	73
	29	24
	30	25
	31	26
	32	27
	35	30
	36	31
	37	32
	38	33
	39	34
	40	35
	45	40
	46	41
	47	42
	49	45
	50	46
	51	47
	52	48
	54	51
	55	52
	58	56
	59	58
	61	57
net/minecraft/client/renderer/blockentity/ShelfRenderer	90	88
	64	63
	65	64
	68	67
	71	72
	73	73
	75	74
	76	75
	77	76
	78	77
	79	78
	81	79
	82	80
	83	81
	84	82
	86	85
	88	86
	89	87
	90	88
	31	32
	32	33
	36	36
	41	42
	42	43
	44	44
	45	45
	47	47
	48	48
	49	49
	50	50
	51	51
	52	52
	55	55
	59	58
	60	59
	62	61
	63	62
net/minecraft/client/renderer/special/BannerSpecialRenderer	57	67
	35	62
	40	67
	46	31
	51	44
	52	46
	24	26
	56	50
	25	27
	57	51
	26	28
	29	56
	30	56
	31	57
net/minecraft/client/renderer/entity/IllagerRenderer	27	32
	12	16
	13	17
	14	18
	18	21
	19	22
	20	23
	21	24
	22	25
	23	26
	24	29
	25	30
	26	31
	27	32
net/minecraft/client/color/item/GrassColorSource	32	35
	32	35
	17	25
	18	26
	20	17
	21	18
	22	19
	23	21
	27	30
net/minecraft/client/model/object/projectile/WindChargeModel	51	55
	32	32
	34	33
	36	34
	37	37
	38	39
	40	43
	41	45
	43	48
	48	52
	49	53
	50	54
	51	55
	24	24
	25	25
	26	26
	27	27
	28	28
	31	31
com/mojang/blaze3d/opengl/GlShaderModule	40	43
	32	35
	36	39
	40	43
	9	12
	16	18
	17	19
	18	20
	19	21
	23	25
	24	26
	26	29
	27	30
	28	31
	29	32
net/minecraft/client/renderer/blockentity/BellRenderer	50	61
	34	34
	39	40
	40	41
	41	42
	42	43
	46	46
	47	47
	48	48
	49	49
	50	61
	22	24
	28	29
	29	30
	30	31
com/mojang/blaze3d/opengl/GlTextureView	73	72
	66	66
	67	67
	68	68
	73	72
	20	20
	21	21
	22	22
	26	26
	31	31
	32	32
	33	33
	34	34
	35	35
	38	38
	39	39
	40	40
	44	44
	47	47
	49	48
	50	49
	53	52
	54	53
	55	54
	56	55
	59	58
	60	59
	62	62
com/mojang/blaze3d/vertex/ByteBufferBuilder	178	180
	128	130
	129	131
	130	132
	131	133
	135	137
	136	138
	137	139
	138	140
	139	141
	141	143
	14	17
	15	18
	16	19
	144	146
	145	147
	147	149
	157	159
	158	160
	159	161
	160	162
	34	32
	35	33
	163	165
	36	34
	164	166
	37	35
	38	36
	166	168
	39	37
	41	39
	171	174
	44	42
	172	180
	45	43
	174	175
	175	176
	48	46
	176	177
	178	180
	52	50
	53	51
	54	52
	55	53
	56	54
	60	58
	61	59
	62	60
	64	63
	65	64
	66	65
	68	67
	71	70
	72	71
	74	72
	75	73
	76	74
	77	75
	79	78
	80	79
	83	82
	84	83
	85	84
	86	85
	87	86
	88	89
	90	90
	92	93
	93	94
	94	95
	98	99
	99	100
	101	103
	102	104
	105	107
	106	108
	107	109
	108	110
	110	112
	113	115
	117	119
	118	120
	120	122
	123	125
	125	126
	126	127
net/minecraft/client/gui/screens/dialog/SimpleDialogScreen	25	29
	18	21
	20	22
	21	24
	22	25
	24	28
	25	29
	13	15
	14	16
net/minecraft/client/gui/components/ScrollableLayout	178	173
	131	129
	136	134
	137	135
	138	146
	141	136
	142	137
	143	138
	144	139
	146	140
	147	141
	148	142
	149	143
	151	146
	155	150
	156	151
	157	152
	30	31
	31	32
	32	33
	161	156
	162	157
	35	36
	163	158
	36	37
	37	38
	167	162
	40	41
	168	163
	41	42
	169	164
	42	43
	43	44
	173	168
	47	48
	48	49
	178	173
	51	50
	52	51
	53	52
	54	53
	58	57
	59	58
	63	62
	64	63
	68	67
	69	68
	73	72
	78	77
	83	82
	88	87
	96	96
	97	97
	98	98
	99	99
	103	103
	108	108
	113	113
	115	115
	116	116
	119	119
	121	120
	122	121
	127	125
net/minecraft/client/renderer/fog/environment/LavaFogEnvironment	39	43
	33	37
	34	38
	35	39
	39	43
	18	21
	23	26
	24	27
	25	28
	26	29
	27	30
	28	31
	30	33
	31	34
net/minecraft/client/renderer/ShaderManager	266	259
	259	259
	265	246
	266	247
	43	47
	49	51
	58	58
	59	59
	60	60
	64	63
	66	64
	67	66
	68	67
	69	68
	70	69
	71	70
	76	74
	77	76
	78	77
	81	80
	85	86
	86	87
	87	89
	88	90
	89	91
	90	92
	91	93
	93	95
	96	98
	97	99
	104	106
	105	107
	107	109
	109	111
	110	112
	111	113
	114	116
	115	117
	118	120
	119	121
	120	122
	121	123
	122	124
	129	131
	130	133
	131	134
	132	135
	133	136
	134	137
	136	139
	139	142
	144	146
	145	147
	146	148
	148	149
	149	150
	152	152
	153	153
	154	154
	155	155
	159	159
	161	160
	162	162
	163	162
	164	162
	168	166
	169	167
	170	168
	174	171
	180	175
	181	179
	183	176
	184	177
	185	179
	189	183
	190	184
	191	185
	193	186
	194	187
	195	188
	201	194
	202	195
	203	196
	206	199
	213	252
	224	209
	225	210
	228	213
	229	214
	230	215
	232	218
	233	219
	234	220
	238	224
	239	225
	240	226
	242	228
	247	234
	248	235
	249	236
	252	239
net/minecraft/client/gui/screens/PauseScreen	249	239
	40	42
	48	48
	49	49
	50	50
	51	51
	52	52
	53	53
	54	54
	55	55
	56	56
	57	57
	58	58
	60	59
	67	64
	68	65
	69	66
	72	69
	77	74
	78	75
	81	78
	82	79
	83	80
	86	83
	87	84
	89	85
	91	86
	92	86
	93	87
	94	88
	95	89
	96	89
	99	90
	100	91
	102	92
	103	93
	104	94
	106	96
	109	99
	111	100
	112	101
	114	103
	117	106
	118	108
	120	110
	121	113
	122	114
	126	120
	127	121
	129	122
	130	123
	133	126
	134	127
	136	128
	137	129
	138	130
	139	131
	141	132
	144	135
	150	139
	151	140
	152	140
	155	140
	159	144
	160	147
	161	150
	164	153
	165	154
	166	155
	167	156
	168	157
	169	158
	171	160
	175	164
	176	165
	178	167
	182	171
	184	172
	185	173
	188	176
	189	177
	191	186
	195	190
	196	191
	198	193
	201	196
	202	197
	203	197
	208	201
	212	205
	216	210
	220	215
	221	216
	222	217
	228	221
	230	222
	231	223
	232	224
	233	225
	235	226
	237	227
	238	228
	239	229
	243	233
	244	234
	248	238
	249	239
net/minecraft/client/renderer/entity/EndermiteRenderer	28	30
	18	21
	23	26
	10	13
	28	30
	13	16
	14	17
com/mojang/realmsclient/gui/RealmsNewsManager	43	44
	34	36
	35	37
	36	44
	39	38
	40	39
	41	40
	42	41
	43	42
	13	15
	14	16
	15	17
	16	18
	17	19
	20	22
	24	26
	28	30
	29	31
	30	32
	31	33
net/minecraft/client/model/effects/SpearAnimations	175	180
	128	96
	131	97
	132	98
	134	99
	135	100
	136	102
	139	105
	143	109
	144	110
	145	139
	147	111
	20	23
	148	112
	150	113
	151	115
	152	116
	154	120
	26	164
	155	121
	27	165
	28	166
	29	167
	158	132
	30	168
	159	132
	31	169
	33	170
	162	137
	34	171
	163	139
	35	172
	36	173
	166	142
	38	174
	167	143
	39	175
	168	144
	40	176
	170	145
	42	177
	44	178
	173	146
	45	179
	174	147
	175	148
	47	180
	53	29
	55	30
	56	31
	58	32
	59	33
	62	36
	63	37
	66	38
	67	57
	70	40
	71	41
	72	57
	74	42
	76	43
	77	44
	78	45
	79	48
	80	53
	82	57
	85	62
	86	63
	87	77
	91	64
	92	65
	94	66
	95	67
	97	68
	98	69
	99	70
	100	71
	102	72
	104	75
	105	77
	108	80
	109	81
	110	82
	111	83
	112	84
	114	85
	115	86
	116	87
	117	88
	118	89
	121	92
	122	102
	124	93
	125	94
	127	95
net/minecraft/client/profiling/package-info	0	0
net/minecraft/client/renderer/item/properties/select/ContextDimension	31	36
	17	20
	21	26
	26	31
	15	18
	31	36
net/minecraft/client/player/package-info	0	0
net/minecraft/client/renderer/entity/LeashKnotRenderer	38	45
	33	40
	34	41
	19	21
	20	22
	21	23
	38	45
	25	27
	27	28
	29	29
	14	17
	31	39
net/minecraft/client/model/monster/creeper/CreeperModel	72	61
	64	54
	66	55
	67	56
	68	57
	69	58
	70	59
	71	60
	72	61
	24	26
	25	27
	26	28
	27	29
	28	30
	29	31
	30	32
	33	35
	34	36
	36	37
	37	38
	38	38
	39	38
	43	40
	44	41
	45	41
	46	41
	49	43
	50	43
	51	44
	52	45
	53	46
	54	47
	56	48
	61	52
	63	53
net/minecraft/client/renderer/blockentity/state/ChestRenderState	9	12
	6	9
	9	12
com/mojang/blaze3d/opengl/GlFence	38	30
	32	27
	34	28
	38	30
	9	9
	14	13
	15	14
	16	15
	18	17
	22	21
	24	22
	27	24
	28	25
	30	26
net/minecraft/client/renderer/RunningTrimmedMean	38	38
	32	36
	35	38
	36	38
	38	38
	9	13
	10	14
	13	17
	14	18
	16	21
	17	22
	19	23
	20	24
	22	25
	23	27
	24	28
	25	29
	26	30
	27	31
	30	34
	31	35
net/minecraft/client/renderer/entity/state/AllayRenderState	0	0
net/minecraft/client/gui/screens/inventory/AbstractFurnaceScreen	54	64
	32	42
	33	43
	37	47
	42	52
	43	53
	44	54
	45	55
	46	56
	47	57
	48	58
	51	61
	52	62
	53	63
	22	33
	54	64
	24	34
	25	35
	26	36
	27	37
	31	41
com/mojang/blaze3d/audio/Listener	23	26
	16	19
	19	22
	20	23
	7	10
	23	26
	10	13
	11	14
	12	15
	13	16
	14	17
	15	18
net/minecraft/client/CameraType	28	30
	16	18
	17	19
	4	8
	20	22
	5	9
	6	10
	24	26
	9	12
	28	30
	15	17
net/minecraft/client/gui/layouts/CommonLayouts	23	25
	16	18
	20	22
	21	23
	22	24
	23	25
	13	15
net/minecraft/client/AttackIndicatorStatus	27	30
	16	20
	22	25
	23	26
	24	27
	10	13
	11	14
	27	30
	12	15
	15	18
net/minecraft/client/renderer/blockentity/ChestRenderer	134	164
	128	157
	129	158
	130	159
	131	160
	134	164
	45	48
	47	49
	49	50
	50	51
	51	52
	52	53
	55	56
	60	60
	65	66
	67	67
	68	68
	69	69
	70	70
	71	71
	74	73
	75	74
	77	76
	80	79
	82	80
	83	81
	85	83
	89	86
	91	87
	92	88
	93	89
	95	90
	97	91
	98	92
	100	93
	102	94
	103	95
	105	96
	106	97
	107	98
	109	111
	112	125
	115	139
	116	140
	119	143
	120	144
	121	147
	122	148
	123	151
	124	152
	126	155
	127	156
net/minecraft/client/model/object/armorstand/package-info	0	0
net/minecraft/client/model/animal/bee/BeeModel	155	118
	128	98
	129	99
	131	100
	132	101
	133	102
	136	105
	138	105
	139	106
	140	107
	142	108
	143	109
	145	110
	18	19
	146	111
	148	112
	152	115
	153	116
	155	118
	41	39
	42	40
	44	41
	45	42
	46	43
	47	44
	49	45
	50	46
	51	47
	52	48
	53	49
	54	50
	57	53
	58	54
	60	55
	61	55
	62	55
	64	56
	65	57
	66	57
	68	59
	69	59
	70	59
	73	60
	74	61
	75	61
	76	61
	78	63
	79	64
	80	64
	81	64
	84	66
	85	67
	86	69
	87	69
	88	70
	90	72
	91	74
	92	74
	93	75
	95	77
	96	78
	97	78
	98	78
	100	80
	101	81
	102	81
	103	81
	105	83
	106	84
	107	84
	108	84
	111	86
	116	90
	117	91
	120	92
	122	93
	123	94
	124	95
	125	96
	127	97
net/minecraft/client/renderer/block/model/BlockElement	163	173
	128	130
	129	131
	130	132
	132	135
	136	139
	137	140
	138	141
	140	143
	144	148
	145	149
	146	152
	148	157
	150	155
	154	162
	155	163
	156	164
	159	167
	160	169
	161	170
	34	32
	35	33
	163	173
	57	54
	58	55
	59	56
	60	57
	61	58
	62	59
	63	60
	65	63
	66	64
	67	65
	68	66
	69	67
	70	68
	72	71
	73	72
	77	76
	81	80
	82	84
	83	85
	84	86
	87	88
	88	98
	89	99
	90	100
	91	89
	92	93
	93	94
	94	95
	95	96
	97	90
	99	103
	101	104
	103	81
	107	108
	108	109
	109	110
	110	111
	112	113
	116	118
	118	119
	119	120
	122	122
	126	127
	127	128
net/minecraft/client/multiplayer/CacheSlot	37	33
	19	15
	35	31
	20	16
	36	32
	37	33
	23	19
	24	20
	27	23
	28	24
	29	25
	30	26
	31	27
net/minecraft/client/renderer/feature/FeatureRenderDispatcher	71	81
	65	75
	70	80
	71	81
	33	43
	34	44
	35	45
	36	46
	37	47
	38	48
	39	49
	40	50
	43	53
	44	54
	45	55
	46	56
	47	57
	48	58
	49	59
	50	60
	51	61
	52	62
	53	63
	54	64
	57	67
	58	68
	61	71
	62	72
net/minecraft/client/renderer/blockentity/TheEndGatewayRenderer	67	91
	32	41
	33	42
	34	43
	35	44
	67	91
	36	45
	38	49
	40	51
	44	56
	45	58
	47	71
	48	72
	19	22
	52	76
	23	25
	57	81
	28	35
	29	36
	30	37
	62	86
	31	38
net/minecraft/client/gui/screens/DatapackLoadFailureScreen	41	48
	34	41
	35	42
	36	43
	37	44
	41	48
	18	20
	19	21
	20	22
	21	23
	25	27
	27	28
	28	30
	29	35
	30	37
net/minecraft/client/gui/font/FontManager	424	426
	258	188
	259	189
	262	192
	264	193
	265	194
	268	197
	269	198
	272	201
	276	205
	278	206
	279	207
	281	208
	282	209
	284	210
	285	211
	287	212
	289	213
	290	214
	291	215
	294	216
	296	217
	298	218
	300	219
	303	222
	304	223
	305	224
	308	227
	309	229
	310	230
	55	62
	312	232
	57	64
	58	65
	315	235
	60	66
	317	237
	318	238
	319	239
	320	240
	321	243
	323	245
	324	246
	325	247
	327	249
	328	250
	74	78
	75	79
	331	254
	76	80
	77	81
	78	82
	335	258
	81	85
	82	86
	83	87
	339	262
	84	88
	343	266
	88	92
	347	270
	348	271
	349	271
	94	287
	351	271
	356	276
	100	295
	357	277
	101	297
	358	278
	359	279
	103	299
	360	280
	104	300
	361	281
	105	301
	106	303
	108	305
	364	376
	365	376
	366	377
	115	312
	125	390
	383	323
	384	324
	130	391
	387	327
	388	328
	389	329
	133	394
	134	395
	135	396
	393	333
	394	334
	138	399
	139	400
	397	337
	398	338
	142	403
	399	339
	400	340
	401	341
	146	407
	147	409
	148	410
	149	411
	150	415
	407	347
	408	348
	152	412
	409	349
	411	352
	155	418
	413	353
	414	354
	160	422
	161	423
	419	359
	420	360
	421	361
	422	362
	166	426
	424	365
	173	96
	174	97
	175	98
	179	102
	181	104
	182	105
	183	106
	184	107
	186	108
	187	110
	188	111
	189	112
	190	113
	191	113
	192	114
	193	115
	194	116
	195	116
	197	119
	201	123
	202	126
	203	129
	204	130
	206	131
	207	134
	209	137
	210	139
	211	140
	212	141
	219	159
	221	154
	222	155
	223	156
	225	157
	230	163
	232	164
	233	165
	235	167
	236	169
	241	173
	243	174
	244	176
	245	177
	249	180
	250	181
	251	188
	253	182
	254	183
net/minecraft/client/renderer/item/properties/conditional/IsUsingItem	23	23
	16	18
	18	18
	23	23
	11	14
	15	18
net/minecraft/client/model/animal/fish/PufferfishMidModel	93	86
	19	21
	20	22
	21	23
	22	24
	25	27
	26	28
	28	29
	29	30
	30	31
	31	31
	32	31
	34	33
	35	34
	36	34
	37	34
	39	36
	40	37
	41	37
	42	37
	44	39
	45	41
	46	41
	47	42
	49	44
	50	46
	51	46
	52	47
	54	49
	55	51
	56	51
	57	52
	59	54
	60	56
	61	56
	62	57
	64	59
	65	61
	66	61
	67	62
	69	64
	70	66
	71	66
	72	67
	74	69
	75	71
	76	71
	77	72
	79	74
	80	76
	81	76
	82	77
	85	79
	90	83
	91	84
	92	85
	93	86
com/mojang/realmsclient/dto/RealmsDescriptionDto	0	0
net/minecraft/client/gui/components/toasts/Toast	68	70
	64	66
	33	35
	67	69
	68	70
	37	39
	41	43
	45	47
	49	51
	53	55
	23	25
	56	59
	57	60
	29	31
	63	65
net/minecraft/client/renderer/entity/layers/PlayerItemInHandLayer	59	64
	33	39
	34	40
	35	44
	37	46
	39	49
	42	52
	44	53
	45	54
	46	55
	47	56
	48	57
	49	58
	51	59
	53	60
	54	61
	24	26
	56	62
	25	27
	58	63
	59	64
	29	38
	30	49
net/minecraft/client/renderer/ViewArea	137	139
	131	134
	132	139
	134	135
	135	136
	137	137
	22	25
	23	26
	25	27
	26	28
	27	29
	28	30
	31	33
	32	34
	34	37
	35	38
	37	40
	38	41
	39	42
	40	43
	41	44
	45	48
	48	51
	49	52
	51	54
	54	57
	58	61
	59	62
	60	63
	61	64
	62	65
	63	66
	66	69
	70	73
	74	77
	75	78
	76	79
	78	81
	79	82
	80	83
	82	85
	83	86
	84	87
	86	88
	87	89
	88	90
	93	96
	94	97
	95	98
	98	101
	102	105
	103	106
	104	107
	106	109
	109	112
	113	116
	114	117
	115	118
	116	119
	120	123
	121	124
	123	127
	124	128
	125	129
	127	130
net/minecraft/realms/RealmsLabel	27	30
	16	19
	17	20
	18	21
	19	22
	23	26
	24	27
	27	30
	15	18
net/minecraft/client/renderer/blockentity/state/TestInstanceRenderState	0	0
net/minecraft/client/renderer/debug/CollisionBoxRenderer	42	44
	32	33
	33	34
	36	37
	37	38
	38	40
	39	41
	24	25
	25	26
	42	44
	29	30
	30	31
	31	32
net/minecraft/client/gui/screens/ManageServerScreen	97	105
	15	17
	16	18
	17	19
	27	28
	28	29
	29	30
	30	31
	31	32
	35	36
	36	37
	37	38
	38	39
	39	40
	41	41
	42	42
	43	43
	44	44
	45	45
	47	46
	48	48
	49	55
	51	59
	52	62
	54	64
	55	65
	59	69
	60	70
	64	74
	65	75
	66	76
	67	77
	68	78
	69	79
	72	82
	73	83
	74	84
	75	85
	76	86
	80	90
	81	91
	84	94
	85	95
	89	99
	91	100
	92	101
	93	102
	95	103
	96	104
	97	105
net/minecraft/client/renderer/entity/layers/BreezeWindLayer	33	34
	33	34
	18	19
	22	23
	23	24
	24	25
	28	28
	29	29
	30	31
net/minecraft/client/renderer/entity/PiglinRenderer	51	62
	32	46
	37	50
	42	54
	43	55
	44	56
	45	57
	14	17
	46	58
	15	18
	47	59
	18	19
	51	62
	21	29
	23	35
	24	38
	25	39
	26	40
	28	43
net/minecraft/client/renderer/feature/ParticleFeatureRenderer	124	132
	30	32
	31	71
	33	33
	34	34
	35	35
	36	36
	37	37
	39	39
	40	40
	41	41
	42	42
	44	45
	45	46
	46	47
	52	50
	53	52
	54	53
	56	54
	58	55
	63	59
	64	62
	65	64
	66	65
	70	71
	73	74
	74	75
	76	78
	77	79
	78	80
	81	83
	82	84
	83	85
	84	88
	88	92
	89	93
	95	100
	96	101
	97	102
	99	105
	101	108
	102	109
	104	111
	107	114
	108	115
	110	117
	114	122
	115	123
	117	125
	121	129
	122	130
	124	132
net/minecraft/client/gui/spectator/SpectatorMenuCategory	0	0
com/mojang/blaze3d/font/package-info	0	0
net/minecraft/client/renderer/entity/state/CowRenderState	0	0
net/minecraft/client/renderer/entity/NoopRenderer	13	16
	8	11
	9	12
	13	16
net/minecraft/client/renderer/entity/state/ShulkerBulletRenderState	0	0
net/minecraft/client/renderer/feature/CustomFeatureRenderer	50	56
	34	40
	35	41
	36	42
	39	45
	40	46
	41	47
	42	48
	45	51
	48	54
	49	55
	50	56
	20	23
	21	25
	22	26
	23	28
	24	29
	27	32
com/mojang/realmsclient/gui/screens/package-info	0	0
net/minecraft/client/renderer/entity/state/NautilusRenderState	9	12
	8	11
	9	12
net/minecraft/client/renderer/entity/VexRenderer	45	40
	32	29
	37	33
	42	37
	43	38
	44	39
	45	40
	14	16
	15	17
	18	20
	19	21
	20	22
	24	25
	29	29
	30	29
net/minecraft/client/model/animal/fish/PufferfishSmallModel	68	55
	65	52
	66	53
	67	54
	68	55
	19	21
	20	22
	21	23
	22	24
	25	27
	26	28
	28	29
	29	30
	30	31
	31	31
	32	31
	34	33
	35	34
	36	34
	37	34
	39	36
	40	37
	41	37
	42	37
	44	39
	45	40
	46	40
	47	40
	49	42
	50	43
	51	43
	52	43
	54	45
	55	46
	56	46
	57	46
	60	48
net/minecraft/client/resources/metadata/animation/package-info	0	0
net/minecraft/client/renderer/entity/state/IllusionerRenderState	6	9
	6	9
com/mojang/realmsclient/client/worldupload/RealmsUploadFailedException	18	21
	18	21
	9	12
	10	13
	13	16
	14	17
net/minecraft/client/renderer/OrderedSubmitNodeCollector	54	92
	49	85
	50	86
	53	91
	54	92
	41	68
	42	69
	45	72
	46	73
net/minecraft/client/gui/components/AbstractContainerWidget	77	81
	32	34
	65	69
	66	70
	37	39
	38	40
	71	75
	40	43
	41	44
	43	47
	44	48
	76	80
	77	81
	48	52
	17	19
	18	20
	53	57
	22	24
	54	58
	27	29
	59	63
	28	30
	60	64
com/mojang/realmsclient/util/TextRenderingUtils	174	176
	132	23
	136	27
	137	28
	141	32
	14	15
	142	33
	143	35
	144	36
	145	38
	146	38
	147	39
	148	40
	20	82
	21	83
	150	42
	24	86
	153	46
	25	87
	155	49
	29	91
	159	53
	160	54
	162	57
	163	58
	164	61
	36	96
	165	62
	37	97
	166	63
	39	98
	168	66
	40	102
	169	67
	42	99
	171	70
	43	100
	172	71
	174	74
	48	108
	58	119
	59	120
	60	121
	61	122
	64	125
	65	126
	66	127
	67	128
	71	132
	72	133
	74	134
	75	140
	77	135
	78	136
	79	137
	80	138
	85	146
	90	151
	98	155
	102	159
	106	163
	107	164
	109	166
	113	171
	118	176
	124	19
net/minecraft/client/renderer/entity/layers/SheepWoolLayer	46	52
	32	52
	35	32
	37	33
	38	34
	39	35
	42	52
	45	49
	46	52
	18	20
	24	25
	25	26
	26	27
	27	28
	31	31
net/minecraft/client/renderer/entity/state/EvokerRenderState	0	0
net/minecraft/realms/RealmsScreen	55	51
	51	47
	38	34
	39	35
	55	51
	42	38
	29	26
	46	42
	47	43
net/minecraft/client/renderer/entity/state/PufferfishRenderState	0	0
net/minecraft/client/renderer/entity/BeeRenderer	46	41
	35	31
	40	35
	41	36
	42	37
	11	13
	43	38
	12	14
	44	39
	13	15
	45	40
	14	16
	46	41
	17	19
	18	20
	22	23
	23	24
	24	24
	26	24
	27	26
	28	26
	30	26
net/minecraft/client/particle/HeartParticle	59	64
	38	58
	39	59
	11	14
	43	64
	12	15
	44	64
	13	16
	14	17
	15	18
	16	19
	17	20
	19	21
	20	22
	52	41
	21	23
	53	42
	22	24
	57	47
	26	28
	58	48
	59	49
	31	33
com/mojang/blaze3d/font/GlyphInfo	19	23
	19	23
	7	11
	11	15
	15	19
net/minecraft/client/gui/Gui	1462	1429
	88	86
	89	87
	90	88
	91	89
	92	90
	93	91
	94	92
	95	93
	96	94
	97	95
	98	96
	99	97
	100	98
	101	99
	102	100
	103	101
	104	102
	105	103
	106	104
	107	105
	108	106
	109	107
	110	108
	111	109
	112	110
	113	111
	114	112
	115	113
	116	114
	117	115
	118	116
	120	117
	122	120
	123	121
	192	179
	193	180
	194	181
	195	182
	196	183
	197	184
	198	185
	200	186
	201	188
	202	190
	203	192
	204	194
	207	196
	208	197
	211	200
	212	201
	213	202
	214	203
	219	206
	220	229
	222	207
	223	208
	224	209
	225	210
	226	211
	227	212
	228	213
	230	216
	232	217
	233	218
	234	219
	235	220
	236	221
	237	222
	238	223
	239	224
	240	225
	241	226
	243	229
	246	232
	247	233
	250	236
	251	237
	254	240
	255	241
	257	243
	258	244
	260	246
	263	249
	264	250
	265	251
	267	253
	270	256
	271	257
	274	260
	275	261
	277	262
	279	263
	280	264
	281	265
	283	267
	285	269
	286	270
	287	271
	288	272
	289	273
	295	279
	296	280
	299	283
	300	284
	301	285
	302	286
	303	287
	304	288
	305	289
	306	290
	307	291
	308	292
	311	295
	314	298
	315	311
	318	299
	320	300
	321	301
	322	302
	323	303
	325	304
	328	307
	329	308
	330	309
	331	311
	334	314
	335	315
	336	341
	338	316
	339	317
	340	318
	341	319
	342	320
	344	323
	345	324
	346	325
	347	326
	350	328
	351	329
	353	331
	355	334
	356	335
	358	336
	360	339
	361	341
	364	344
	365	382
	368	345
	369	346
	370	347
	371	348
	372	349
	373	350
	374	351
	376	354
	377	355
	379	358
	380	359
	381	360
	382	361
	383	362
	385	363
	386	364
	388	365
	389	366
	390	367
	392	368
	394	369
	395	370
	396	371
	398	372
	399	373
	400	374
	403	377
	405	380
	406	382
	409	385
	410	386
	411	387
	412	388
	413	389
	414	390
	416	392
	419	395
	420	396
	421	397
	422	398
	423	399
	424	400
	425	401
	428	405
	429	406
	430	407
	431	408
	433	410
	436	413
	437	414
	438	415
	439	419
	440	420
	441	421
	443	417
	445	423
	448	426
	450	427
	451	456
	454	428
	455	428
	456	456
	460	429
	461	430
	462	431
	463	432
	465	433
	466	434
	467	435
	468	436
	469	437
	470	438
	471	439
	472	440
	475	443
	476	444
	478	445
	479	446
	480	447
	481	448
	483	449
	484	450
	488	456
	491	459
	492	460
	495	461
	496	462
	497	463
	498	464
	499	465
	500	466
	503	468
	507	473
	509	474
	510	513
	513	475
	514	476
	516	478
	517	479
	519	480
	520	481
	521	482
	522	483
	523	484
	526	487
	527	488
	528	489
	530	491
	531	492
	532	493
	535	496
	536	497
	537	498
	539	500
	541	501
	542	502
	543	503
	544	504
	545	505
	549	509
	552	513
	555	516
	556	518
	557	519
	561	523
	562	524
	564	526
	567	529
	568	530
	570	533
	572	534
	573	535
	574	536
	577	539
	579	540
	580	541
	582	544
	584	545
	585	546
	586	547
	587	548
	589	550
	592	553
	593	554
	594	604
	597	555
	598	556
	599	557
	600	558
	601	559
	603	560
	604	561
	606	564
	607	565
	608	566
	610	568
	614	572
	615	574
	616	575
	617	576
	618	577
	621	580
	622	581
	623	582
	624	583
	626	585
	630	589
	631	590
	632	591
	633	592
	634	593
	635	594
	636	595
	639	598
	641	599
	642	600
	645	604
	648	607
	650	608
	651	609
	652	610
	653	611
	656	614
	657	615
	658	616
	659	617
	661	618
	664	621
	665	622
	666	623
	668	626
	669	627
	673	631
	674	632
	677	635
	678	654
	681	636
	682	637
	684	639
	685	640
	687	643
	690	648
	691	649
	692	650
	693	651
	694	652
	695	654
	700	657
	701	658
	702	664
	703	666
	704	667
	705	668
	706	669
	707	670
	708	671
	709	672
	710	673
	711	674
	712	675
	714	677
	716	678
	717	679
	718	680
	720	681
	721	683
	722	684
	725	687
	726	688
	727	689
	728	690
	729	691
	730	692
	731	693
	733	694
	734	695
	736	696
	738	697
	739	698
	741	699
	742	701
	743	702
	744	703
	746	704
	747	705
	749	707
	752	710
	756	714
	757	715
	758	716
	759	717
	760	718
	762	721
	763	722
	766	726
	770	730
	771	739
	774	731
	775	732
	776	733
	777	734
	779	737
	783	744
	787	748
	788	749
	789	798
	791	750
	793	751
	794	752
	795	753
	796	754
	797	755
	798	756
	799	757
	800	758
	802	761
	803	762
	804	763
	806	766
	807	767
	808	768
	810	769
	811	770
	813	771
	814	772
	815	773
	816	774
	817	775
	818	776
	819	777
	820	778
	821	779
	825	782
	826	783
	828	784
	829	785
	831	786
	832	787
	833	788
	834	789
	835	790
	836	791
	839	794
	840	795
	842	796
	843	798
	846	801
	847	802
	848	820
	850	803
	851	805
	852	806
	853	807
	854	808
	856	811
	857	812
	859	815
	860	816
	863	820
	866	1314
	867	1314
	868	1315
	869	1316
	870	1317
	871	1318
	872	1319
	873	1320
	874	1321
	876	1324
	877	1324
	878	1325
	879	1326
	880	1327
	881	1328
	882	1329
	883	1330
	884	1331
	886	1334
	887	1334
	888	1335
	889	1336
	890	1337
	891	1338
	892	1339
	893	1340
	894	1341
	896	1344
	897	1344
	898	1345
	899	1346
	900	1347
	901	1348
	902	1349
	903	1350
	904	1351
	906	1354
	907	1354
	908	1355
	909	1356
	910	1357
	911	1358
	912	1359
	913	1360
	914	1361
	916	1364
	917	1364
	918	1365
	919	1366
	920	1367
	921	1368
	922	1369
	923	1370
	924	1371
	938	1393
	939	1394
	940	1395
	941	1396
	942	1397
	943	1398
	944	1399
	945	1400
	946	1401
	949	1404
	950	1405
	951	1406
	953	1408
	956	1410
	957	1411
	959	1413
	966	1419
	967	1420
	968	1421
	969	1422
	970	1423
	971	1424
	973	1426
	975	1429
	980	823
	981	824
	983	825
	984	826
	985	827
	987	829
	988	830
	989	831
	991	832
	992	833
	994	834
	995	835
	997	838
	998	839
	1001	842
	1003	843
	1005	844
	1006	845
	1007	846
	1008	847
	1009	848
	1010	849
	1013	853
	1014	854
	1015	855
	1017	858
	1018	859
	1019	860
	1022	863
	1025	866
	1026	867
	1029	870
	1030	871
	1031	872
	1032	873
	1033	874
	1034	875
	1035	876
	1036	877
	1037	878
	1039	879
	1040	880
	1043	883
	1044	884
	1046	885
	1047	886
	1048	887
	1049	888
	1050	889
	1051	890
	1052	891
	1053	892
	1057	896
	1061	899
	1062	900
	1063	900
	1067	904
	1071	908
	1075	912
	1076	913
	1077	914
	1078	915
	1079	916
	1081	918
	1084	921
	1085	922
	1086	924
	1087	925
	1092	929
	1093	930
	1094	931
	1095	932
	1097	934
	1098	935
	1099	936
	1102	939
	1103	939
	1104	940
	1108	943
	1109	944
	1110	945
	1111	946
	1113	949
	1114	950
	1117	953
	1120	956
	1121	957
	1122	986
	1124	958
	1125	959
	1126	986
	1128	960
	1131	961
	1134	962
	1135	963
	1136	964
	1137	966
	1139	966
	1140	967
	1141	968
	1143	970
	1144	971
	1145	972
	1146	973
	1147	974
	1149	977
	1150	978
	1153	982
	1154	966
	1156	986
	1159	989
	1160	990
	1161	1003
	1164	1006
	1165	1007
	1166	1008
	1168	1009
	1169	1010
	1171	1011
	1172	1012
	1173	1013
	1174	1014
	1177	1015
	1179	1016
	1181	1017
	1183	1018
	1185	1019
	1186	1020
	1189	1023
	1190	1024
	1191	1025
	1192	1026
	1193	1027
	1196	1030
	1198	1031
	1200	1032
	1201	1033
	1202	1034
	1203	1035
	1204	1036
	1205	1037
	1211	1042
	1212	1043
	1213	1044
	1215	1046
	1216	1047
	1217	1048
	1220	1051
	1221	1064
	1224	1067
	1225	1068
	1226	1069
	1227	1070
	1229	1073
	1231	1074
	1232	1075
	1233	1076
	1236	1079
	1237	1080
	1239	1081
	1240	1082
	1241	1083
	1242	1084
	1243	1085
	1245	1086
	1246	1087
	1247	1088
	1249	1089
	1251	1090
	1252	1091
	1255	1094
	1256	1111
	1259	1095
	1260	1096
	1261	1097
	1263	1098
	1264	1099
	1265	1100
	1266	1101
	1269	1104
	1271	1105
	1272	1106
	1274	1109
	1275	1111
	1278	1114
	1279	1115
	1280	1116
	1282	1118
	1285	1121
	1286	1122
	1288	1125
	1289	1126
	1290	1127
	1291	1128
	1292	1129
	1295	1133
	1297	1134
	1298	1135
	1299	1136
	1302	1139
	1303	1140
	1305	1141
	1306	1142
	1307	1143
	1308	1146
	1309	1147
	1310	1148
	1312	1151
	1315	1154
	1316	1155
	1319	1158
	1320	1159
	1321	1160
	1322	1161
	1323	1162
	1326	1165
	1327	1166
	1328	1167
	1329	1168
	1332	1171
	1333	1172
	1334	1173
	1335	1174
	1336	1175
	1339	1178
	1340	1179
	1343	1182
	1347	1186
	1348	1187
	1350	1190
	1351	1191
	1353	1194
	1354	1195
	1356	1198
	1357	1199
	1359	1201
	1362	1204
	1363	1205
	1366	1208
	1367	1209
	1368	1210
	1371	1213
	1372	1214
	1373	1215
	1374	1216
	1377	1219
	1381	1223
	1385	1227
	1389	1231
	1393	1235
	1397	1239
	1398	1240
	1399	1241
	1400	1242
	1401	1243
	1402	1244
	1403	1245
	1404	1246
	1407	1249
	1411	1253
	1415	1257
	1416	1258
	1419	1261
	1420	1263
	1421	1265
	1422	1266
	1423	1267
	1424	1268
	1425	1269
	1426	1270
	1427	1271
	1428	1272
	1431	1275
	1434	1278
	1438	1282
	1442	1287
	1443	1288
	1444	1289
	1446	1290
	1447	1291
	1448	1292
	1450	1294
	1451	1294
	1453	1294
	1456	1296
	1457	1297
	1459	1299
	1460	1299
	1462	1299
net/minecraft/client/model/monster/ravager/package-info	0	0
net/minecraft/client/gui/components/AbstractSelectionList	567	575
	516	527
	521	532
	526	537
	531	542
	535	546
	544	555
	34	35
	35	36
	549	560
	554	564
	555	565
	556	566
	46	46
	47	47
	48	48
	49	49
	561	570
	562	571
	563	572
	52	52
	567	575
	56	56
	57	57
	58	58
	59	59
	60	60
	61	61
	64	64
	69	67
	74	72
	78	76
	79	77
	80	78
	83	81
	84	82
	85	83
	86	84
	89	87
	91	88
	92	89
	95	92
	96	93
	97	94
	99	96
	102	99
	103	101
	104	102
	106	104
	109	107
	113	111
	114	113
	115	114
	117	117
	121	121
	125	125
	126	126
	127	127
	128	128
	129	129
	130	130
	134	134
	135	135
	138	138
	139	139
	140	140
	141	141
	142	142
	143	143
	146	146
	147	148
	148	149
	149	150
	150	151
	151	152
	153	154
	156	157
	157	158
	158	159
	159	160
	162	163
	166	167
	170	171
	171	172
	172	173
	175	177
	180	181
	181	182
	184	185
	185	186
	188	189
	189	190
	190	191
	191	192
	192	193
	194	196
	195	197
	199	201
	200	203
	201	204
	203	207
	208	212
	210	213
	212	214
	213	215
	214	216
	216	217
	218	218
	219	219
	222	222
	223	223
	224	224
	225	225
	226	226
	229	229
	230	230
	231	242
	234	245
	235	246
	238	249
	239	250
	240	251
	242	254
	243	255
	244	256
	246	258
	249	261
	250	263
	251	264
	252	265
	253	266
	255	269
	257	272
	258	273
	261	276
	262	277
	266	281
	267	282
	268	283
	272	287
	277	292
	282	297
	287	302
	288	303
	289	304
	291	306
	295	310
	297	311
	298	312
	301	315
	303	316
	304	317
	305	318
	306	319
	308	321
	311	324
	315	328
	319	332
	320	333
	321	334
	322	335
	324	337
	326	339
	327	340
	329	342
	332	345
	333	346
	334	347
	335	348
	339	353
	343	357
	344	358
	345	359
	348	362
	351	365
	352	366
	353	367
	356	370
	357	371
	360	374
	361	375
	362	376
	363	377
	364	378
	365	379
	366	380
	369	383
	373	387
	377	391
	381	395
	382	396
	386	400
	391	405
	392	406
	394	408
	395	408
	397	408
	401	413
	402	414
	405	417
	406	418
	407	419
	408	420
	409	421
	412	424
	415	427
	419	431
	420	432
	423	435
	424	436
	425	437
	426	438
	427	439
	430	442
	434	447
	435	448
	436	449
	445	456
	449	460
	456	467
	461	472
	462	473
	466	477
	467	478
	470	481
	471	482
	474	485
	475	486
	478	489
	482	493
	486	497
	490	501
	494	505
	498	509
	502	513
	506	517
	511	522
net/minecraft/client/gui/components/debug/DebugEntrySystemSpecs	33	39
	16	18
	33	39
	20	22
	22	25
	23	26
	24	27
	25	29
	26	31
	27	32
	29	35
net/minecraft/client/renderer/blockentity/package-info	0	0
net/minecraft/client/renderer/entity/ThrownTridentRenderer	57	66
	33	33
	34	34
	36	35
	37	37
	38	38
	41	53
	43	54
	44	55
	48	58
	20	21
	53	62
	54	63
	55	64
	56	65
	25	25
	57	66
	26	26
	27	27
	31	32
com/mojang/blaze3d/audio/package-info	0	0
net/minecraft/client/renderer/chunk/SectionCompiler	136	138
	130	132
	135	137
	136	138
	37	40
	38	41
	39	42
	42	47
	44	48
	45	49
	47	50
	48	51
	50	52
	52	53
	54	54
	55	55
	57	57
	58	58
	59	59
	60	60
	63	63
	64	64
	65	65
	66	66
	70	70
	71	71
	72	72
	73	73
	74	74
	77	77
	78	78
	79	79
	81	80
	82	81
	84	82
	85	83
	86	86
	87	87
	89	88
	93	92
	94	93
	95	94
	96	95
	97	96
	98	97
	100	100
	104	104
	106	105
	108	106
	112	112
	113	113
	114	114
	115	115
	116	116
	118	119
	122	123
	123	124
	124	125
	126	127
net/minecraft/client/gui/render/pip/PictureInPictureRenderer	126	131
	33	34
	34	35
	37	38
	38	39
	40	40
	41	41
	42	42
	43	57
	45	44
	47	45
	48	46
	50	47
	52	48
	54	49
	55	50
	57	51
	58	52
	60	53
	61	54
	63	55
	64	57
	67	60
	69	63
	70	64
	71	65
	75	74
	78	78
	81	81
	82	82
	83	83
	84	84
	85	85
	86	86
	87	87
	88	88
	89	89
	91	92
	92	93
	93	94
	94	95
	95	96
	96	97
	98	100
	100	101
	101	102
	104	105
	108	109
	113	114
	114	115
	116	118
	117	119
	119	122
	120	123
	122	126
	123	127
	125	130
	126	131
net/minecraft/client/data/models/blockstates/MultiVariantGenerator	120	113
	64	55
	69	60
	70	62
	71	63
	73	66
	74	66
	75	66
	81	71
	85	75
	24	26
	25	27
	89	79
	26	28
	27	29
	30	32
	32	33
	96	87
	33	34
	97	88
	34	35
	100	91
	37	38
	101	95
	38	39
	102	97
	40	41
	42	42
	43	43
	44	44
	48	48
	112	105
	113	106
	50	49
	114	107
	51	49
	115	108
	52	49
	53	49
	55	50
	120	113
	59	54
	60	54
	61	54
	62	54
net/minecraft/client/gui/screens/worldselection/WorldCreationContext	77	109
	66	91
	35	42
	37	44
	70	102
	40	54
	42	56
	74	106
	75	107
	44	58
	77	109
	49	63
	52	67
	59	79
	29	36
	30	37
	31	38
net/minecraft/client/renderer/special/HangingSignSpecialRenderer	66	69
	64	42
	32	49
	65	43
	33	50
	66	44
	34	51
	35	53
	38	57
	39	58
	43	62
	49	67
	50	68
	51	69
	57	35
	26	28
	58	36
	27	29
	28	30
	29	31
	62	40
	63	41
net/minecraft/client/resources/FoliageColorReloadListener	26	26
	17	18
	18	19
	19	20
	25	25
	26	26
	12	14
com/mojang/blaze3d/opengl/GlSampler	94	100
	67	73
	72	78
	77	83
	82	88
	22	23
	23	24
	87	93
	24	25
	88	94
	25	26
	89	95
	26	27
	27	28
	91	97
	29	29
	30	30
	94	100
	31	31
	32	32
	34	33
	36	36
	38	38
	40	41
	42	44
	43	46
	44	49
	46	52
	47	53
	49	55
	52	58
	57	63
	62	68
com/mojang/blaze3d/vertex/VertexFormatElement	114	118
	67	69
	72	104
	73	105
	74	106
	75	107
	76	108
	14	15
	15	16
	17	17
	81	113
	18	18
	82	114
	19	19
	20	20
	21	21
	22	22
	86	118
	23	23
	24	24
	27	37
	28	38
	92	75
	29	39
	93	76
	94	77
	31	42
	95	78
	32	43
	96	79
	33	44
	97	80
	98	81
	37	27
	38	28
	40	31
	104	87
	41	32
	105	88
	106	89
	43	34
	109	92
	46	48
	114	97
	51	53
	55	57
	59	61
	63	65
net/minecraft/client/gui/components/PlayerSkinWidget	71	69
	67	65
	71	69
	40	36
	41	37
	42	38
	43	39
	44	40
	48	44
	49	45
	50	46
	51	47
	52	48
	53	51
	57	55
	58	56
	59	57
	63	61
net/minecraft/client/renderer/entity/HoglinRenderer	28	28
	17	19
	22	23
	23	24
	24	25
	9	12
	12	15
	28	28
	13	16
net/minecraft/client/model/animal/wolf/WolfModel	158	139
	128	113
	129	114
	130	115
	131	116
	132	117
	133	118
	135	119
	136	120
	137	121
	138	122
	139	123
	140	124
	142	126
	143	127
	144	128
	145	129
	19	20
	148	132
	150	133
	151	134
	152	135
	154	136
	155	137
	157	138
	158	139
	39	37
	40	38
	41	39
	42	40
	43	41
	44	42
	45	43
	46	44
	47	45
	48	46
	49	47
	50	48
	53	51
	54	52
	56	53
	58	54
	59	54
	60	54
	62	55
	63	57
	64	58
	65	60
	66	62
	67	64
	70	68
	71	70
	72	70
	73	71
	75	73
	76	75
	77	75
	78	76
	81	78
	82	79
	83	80
	84	81
	85	82
	86	83
	88	84
	89	85
	90	85
	92	87
	93	88
	94	88
	98	90
	103	94
	105	95
	106	96
	108	97
	109	98
	111	100
	114	103
	115	104
	117	105
	118	106
	119	107
	121	108
	122	109
	123	110
	125	111
	126	112
net/minecraft/client/telemetry/events/package-info	0	0
net/minecraft/client/renderer/entity/state/VillagerDataHolderRenderState	0	0
net/minecraft/client/resources/server/PackDownloader	0	0
net/minecraft/client/multiplayer/resolver/AddressCheck	33	34
	32	33
	17	19
	33	34
	18	20
	19	21
	20	22
	22	23
	25	26
	26	27
	27	28
net/minecraft/client/gui/font/SingleSpriteSource	18	18
	18	18
	13	13
net/minecraft/client/gui/screens/worldselection/CreateWorldScreen	764	810
	92	100
	94	102
	95	103
	96	104
	97	105
	98	106
	102	109
	107	114
	118	604
	119	605
	123	609
	125	610
	126	610
	127	610
	128	611
	130	612
	131	613
	132	614
	133	617
	134	626
	135	627
	137	631
	138	632
	139	633
	140	635
	144	639
	145	640
	146	641
	147	642
	148	643
	150	644
	151	645
	152	646
	153	648
	156	652
	157	653
	158	654
	159	655
	160	656
	162	657
	163	659
	164	660
	166	662
	167	663
	168	664
	169	665
	171	666
	172	670
	174	676
	178	721
	179	722
	180	723
	181	724
	182	725
	183	726
	184	727
	190	733
	192	734
	193	734
	194	734
	195	734
	197	735
	198	737
	199	738
	200	745
	203	748
	204	749
	205	750
	206	751
	208	752
	209	753
	211	755
	213	758
	214	759
	216	760
	217	762
	219	763
	222	766
	225	769
	226	770
	227	771
	228	772
	230	773
	231	774
	232	775
	233	776
	234	777
	235	778
	236	779
	237	780
	238	781
	239	782
	242	785
	243	786
	244	787
	246	789
	249	792
	252	795
	257	802
	263	808
	264	809
	266	810
	271	681
	272	682
	273	683
	276	686
	278	687
	279	687
	280	687
	282	688
	283	688
	284	688
	287	692
	288	694
	289	695
	291	699
	292	701
	293	702
	294	704
	297	707
	298	711
	299	712
	300	713
	301	716
	305	127
	306	129
	309	132
	310	132
	312	135
	313	135
	314	136
	315	136
	318	138
	319	139
	322	142
	323	142
	324	143
	325	144
	328	147
	332	150
	333	150
	334	150
	335	150
	340	154
	341	154
	342	155
	343	155
	346	163
	347	165
	350	175
	352	176
	353	177
	354	178
	355	179
	356	180
	358	181
	360	183
	362	184
	363	184
	365	184
	368	187
	369	188
	371	190
	374	193
	377	194
	378	195
	381	206
	382	208
	384	209
	385	210
	386	211
	387	212
	389	213
	390	214
	391	215
	392	216
	393	217
	394	218
	396	221
	397	222
	401	233
	402	234
	403	235
	404	236
	406	237
	407	238
	410	241
	415	246
	416	247
	417	248
	418	249
	420	250
	421	251
	422	252
	424	253
	425	254
	426	255
	427	256
	429	257
	432	258
	434	259
	435	260
	440	264
	444	268
	445	277
	447	269
	448	270
	450	271
	451	272
	452	273
	453	274
	454	275
	455	277
	458	280
	459	281
	462	284
	463	285
	465	286
	466	288
	467	289
	468	290
	471	291
	472	292
	473	293
	474	294
	475	295
	478	298
	479	299
	480	300
	481	301
	483	303
	486	306
	487	307
	488	308
	490	309
	491	310
	492	311
	493	312
	496	314
	498	317
	502	322
	503	323
	504	324
	505	325
	506	326
	508	329
	513	342
	514	343
	517	344
	518	345
	521	346
	522	347
	523	348
	526	350
	531	356
	532	357
	535	360
	536	361
	537	362
	541	366
	542	367
	543	368
	547	372
	548	373
	549	374
	554	377
	556	379
	557	380
	558	381
	559	382
	560	383
	564	387
	568	391
	570	392
	571	394
	573	396
	576	399
	578	400
	579	405
	581	411
	584	414
	585	415
	586	417
	588	419
	590	420
	591	435
	594	422
	595	423
	596	424
	597	424
	599	425
	600	426
	602	428
	604	430
	607	432
	609	435
	613	438
	615	439
	617	440
	620	443
	621	444
	624	447
	625	448
	628	451
	629	452
	630	453
	632	455
	633	457
	635	458
	636	458
	637	458
	641	461
	642	463
	644	466
	647	469
	648	470
	649	471
	651	473
	652	474
	653	476
	654	477
	655	479
	656	482
	657	483
	659	485
	661	487
	662	488
	664	490
	665	491
	668	495
	670	498
	672	502
	675	505
	676	506
	680	510
	681	511
	682	512
	684	514
	685	515
	686	516
	688	518
	689	519
	690	520
	693	524
	694	525
	698	529
	699	530
	700	531
	701	532
	703	534
	708	538
	709	539
	710	540
	712	543
	713	544
	714	545
	715	546
	716	547
	717	548
	718	549
	719	550
	721	552
	722	553
	724	556
	728	560
	729	562
	730	563
	732	564
	733	565
	735	567
	736	568
	737	569
	738	570
	740	573
	742	576
	743	577
	744	578
	745	579
	746	580
	747	581
	749	584
	753	588
	754	589
	755	590
	756	591
	757	592
	760	595
	761	596
	764	598
com/mojang/realmsclient/util/RealmsUtil	109	101
	66	62
	67	63
	69	66
	70	67
	71	68
	72	69
	73	70
	76	73
	78	76
	80	78
	84	82
	24	26
	88	86
	25	27
	89	87
	93	91
	94	91
	32	33
	33	34
	36	36
	38	37
	39	38
	42	39
	43	40
	44	41
	108	100
	109	101
	47	42
	48	43
	49	44
	52	46
	53	47
	57	53
	61	57
	62	58
	63	59
net/minecraft/client/renderer/debug/BrainDebugRenderer	183	161
	131	115
	132	116
	133	117
	137	120
	138	120
	139	121
	140	122
	144	125
	145	126
	146	127
	147	128
	149	130
	151	133
	155	137
	156	138
	157	139
	158	140
	161	143
	164	146
	172	150
	173	151
	174	152
	175	153
	177	155
	178	156
	182	160
	183	161
	70	55
	71	56
	75	60
	77	61
	78	62
	80	64
	83	67
	84	68
	85	69
	87	71
	88	72
	91	75
	92	76
	95	77
	96	78
	99	79
	100	80
	101	81
	104	84
	105	85
	106	87
	107	93
	110	96
	111	96
	112	97
	113	98
	117	101
	118	102
	119	103
	120	104
	123	108
	124	109
	125	110
	126	111
net/minecraft/client/gui/components/FocusableTextWidget	163	175
	128	149
	129	150
	130	151
	131	152
	134	155
	135	156
	139	160
	140	161
	144	165
	145	166
	21	22
	149	170
	22	23
	150	171
	23	24
	24	25
	25	26
	26	27
	154	175
	27	28
	28	29
	29	30
	30	31
	159	121
	34	35
	35	36
	163	125
	39	40
	40	41
	41	43
	43	46
	44	47
	49	52
	50	53
	52	56
	53	57
	57	61
	62	66
	67	71
	72	76
	77	81
	81	85
	85	89
	86	90
	87	91
	89	93
	91	95
	94	98
	95	99
	96	100
	100	104
	102	106
	103	107
	105	109
	107	112
	108	113
	109	114
	113	118
	124	145
	125	146
net/minecraft/client/particle/CampfireSmokeParticle	77	81
	70	73
	71	74
	10	13
	11	14
	75	79
	12	15
	76	80
	13	16
	77	81
	14	17
	16	19
	18	22
	19	23
	20	24
	21	25
	22	26
	26	30
	27	31
	28	32
	30	33
	31	42
	32	44
	35	34
	36	35
	37	36
	39	37
	41	38
	42	39
	44	44
	48	48
	55	56
	56	57
	60	62
	61	63
	62	64
net/minecraft/client/model/animal/axolotl/AxolotlModel	268	212
	259	200
	260	212
	262	201
	263	202
	264	204
	265	206
	266	207
	267	209
	268	212
	19	20
	33	33
	34	34
	35	35
	36	36
	37	37
	38	38
	39	39
	40	40
	41	41
	42	42
	43	43
	44	44
	47	47
	48	48
	50	49
	51	51
	52	51
	53	51
	54	52
	57	54
	58	55
	59	56
	60	56
	61	56
	64	58
	65	58
	66	59
	67	59
	68	60
	69	60
	71	61
	72	62
	73	63
	75	64
	76	64
	77	65
	78	65
	80	66
	81	67
	82	68
	83	69
	84	70
	85	71
	86	71
	87	71
	90	73
	95	77
	97	78
	98	79
	99	80
	100	81
	101	82
	103	83
	105	84
	107	85
	108	86
	109	87
	110	88
	112	89
	114	90
	115	91
	119	94
	120	113
	123	95
	124	96
	125	97
	126	98
	127	99
	129	100
	130	101
	132	102
	134	103
	135	104
	136	105
	137	106
	139	107
	140	108
	141	109
	142	110
	143	111
	144	113
	148	116
	149	140
	152	117
	153	118
	154	119
	155	120
	157	121
	158	122
	159	123
	161	124
	162	125
	163	126
	164	127
	166	128
	167	129
	168	130
	169	131
	170	132
	171	133
	172	134
	173	135
	174	136
	175	137
	176	138
	177	140
	181	143
	182	162
	185	144
	186	145
	187	146
	189	147
	190	148
	191	149
	193	150
	195	151
	196	152
	197	153
	198	154
	200	155
	201	156
	202	157
	203	158
	204	159
	206	160
	207	162
	211	165
	212	185
	215	166
	216	167
	217	168
	218	169
	220	170
	221	171
	222	172
	224	173
	225	174
	226	175
	227	176
	229	177
	231	178
	232	179
	233	180
	234	181
	235	182
	236	183
	237	185
	241	188
	242	197
	245	189
	246	190
	247	191
	248	192
	249	193
	251	194
	252	195
	253	197
com/mojang/realmsclient/gui/screens/configuration/RealmsPlayersTab	298	323
	256	316
	257	317
	258	318
	259	319
	260	320
	261	321
	262	322
	263	323
	271	93
	272	94
	273	98
	277	102
	278	103
	279	104
	280	105
	281	106
	283	109
	284	114
	285	115
	288	118
	34	35
	36	36
	37	37
	293	123
	298	128
	48	46
	49	47
	50	48
	51	49
	52	50
	53	51
	54	52
	55	56
	56	59
	57	61
	59	64
	60	65
	63	68
	68	73
	69	74
	70	75
	74	79
	75	80
	76	81
	82	137
	83	138
	86	141
	87	142
	88	143
	91	146
	92	147
	93	149
	94	150
	96	152
	99	156
	102	160
	106	164
	115	171
	116	172
	117	173
	119	174
	120	175
	121	176
	132	185
	133	186
	135	187
	136	188
	137	189
	138	190
	139	191
	140	194
	141	195
	142	199
	144	200
	145	201
	146	202
	147	203
	148	204
	149	207
	150	208
	151	212
	153	213
	154	214
	155	215
	156	216
	157	217
	158	218
	159	221
	161	222
	162	223
	165	226
	166	227
	167	228
	168	229
	169	231
	170	232
	171	233
	172	234
	173	235
	174	236
	177	239
	178	240
	179	241
	180	242
	181	244
	182	245
	183	246
	184	247
	185	248
	186	249
	189	252
	190	253
	191	267
	192	256
	193	257
	194	258
	195	259
	197	261
	198	262
	200	265
	201	266
	202	270
	204	272
	207	275
	208	276
	210	278
	213	281
	214	282
	215	283
	218	286
	219	286
	221	286
	227	291
	232	296
	239	302
	240	303
	242	304
	243	305
	245	307
	248	310
	249	311
	251	312
	252	313
	254	314
	255	315
net/minecraft/client/resources/server/package-info	0	0
com/mojang/realmsclient/util/RealmsPersistence	57	58
	33	35
	34	36
	36	37
	37	38
	39	40
	40	41
	41	42
	44	45
	48	49
	19	21
	51	52
	52	53
	22	24
	54	55
	57	58
	26	28
	27	29
	30	32
net/minecraft/client/renderer/entity/AbstractHoglinRenderer	23	24
	16	18
	21	22
	22	23
	23	24
	11	14
	12	15
net/minecraft/client/gui/components/debug/DebugEntryLookingAtFluid	66	63
	66	63
	24	27
	28	31
	29	32
	30	33
	31	51
	34	34
	35	35
	37	36
	38	37
	39	38
	41	39
	42	40
	44	42
	45	43
	48	46
	52	49
	53	51
	56	54
	57	55
	58	56
	60	57
	61	58
	62	59
	63	60
net/minecraft/client/sounds/ChannelAccess	94	92
	64	35
	66	37
	68	39
	69	40
	73	44
	74	45
	77	48
	78	49
	79	51
	80	52
	81	53
	82	54
	83	55
	84	56
	22	73
	87	59
	88	60
	26	77
	27	78
	92	63
	93	64
	94	65
	30	81
	32	82
	33	83
	35	85
	37	86
	40	89
	41	90
	42	91
	43	92
	53	24
	54	25
	55	26
	58	29
	59	30
	60	31
	61	32
	62	33
	63	34
net/minecraft/client/model/animal/equine/HorseModel	9	12
	8	11
	9	12
net/minecraft/client/gui/screens/dialog/body/DialogBodyHandlers	85	115
	65	109
	66	114
	67	115
	74	65
	75	66
	76	67
	77	68
	78	70
	79	80
	81	81
	82	87
	83	89
	85	92
	25	27
	30	31
	31	32
	35	35
	39	39
	40	40
	41	41
	42	42
	45	44
	49	49
	50	50
	51	51
	54	54
	55	55
	56	56
	57	57
	60	60
net/minecraft/client/renderer/feature/ModelFeatureRenderer	118	159
	30	37
	31	38
	32	39
	33	39
	35	40
	36	41
	39	49
	40	50
	42	58
	46	67
	47	68
	48	69
	49	70
	51	72
	53	75
	54	76
	55	78
	56	79
	59	82
	62	91
	63	92
	65	93
	66	94
	68	95
	69	96
	71	97
	72	98
	73	99
	74	100
	77	109
	78	111
	79	113
	82	122
	83	123
	93	136
	95	137
	96	137
	97	137
	99	139
	100	140
	102	142
	105	145
	106	147
	107	148
	108	149
	109	150
	110	151
	113	154
	116	157
	117	158
	118	159
net/minecraft/client/gui/components/ResettableOptionWidget	0	0
net/minecraft/client/gui/components/debugchart/package-info	0	0
net/minecraft/client/model/effects/EvokerFangsModel	66	60
	64	58
	65	59
	66	60
	23	25
	24	26
	25	27
	26	28
	27	29
	30	32
	31	33
	33	34
	34	35
	35	35
	36	35
	38	37
	39	37
	40	38
	41	39
	43	40
	48	44
	50	45
	51	46
	52	47
	53	48
	54	49
	56	50
	58	51
	59	52
	60	53
	62	56
	63	57
com/mojang/realmsclient/dto/RealmsText	58	58
	33	34
	34	34
	36	34
	41	39
	42	40
	44	42
	45	50
	47	43
	48	44
	49	46
	50	47
	21	22
	53	53
	22	23
	23	24
	26	27
	58	58
	30	31
	31	32
net/minecraft/client/data/models/model/ModelTemplates	242	245
	9	12
	10	15
	11	17
	12	18
	13	19
	14	20
	15	21
	16	22
	17	23
	18	24
	19	25
	20	26
	21	27
	22	28
	23	29
	24	30
	25	32
	26	34
	28	35
	29	36
	30	37
	32	38
	33	39
	34	40
	35	41
	36	42
	37	43
	38	44
	39	45
	41	46
	42	47
	43	48
	44	49
	45	50
	46	51
	49	52
	50	53
	51	54
	53	55
	54	56
	55	57
	56	58
	58	59
	59	60
	60	61
	61	63
	64	65
	65	66
	66	67
	67	68
	69	69
	70	70
	72	71
	74	72
	75	73
	77	74
	79	75
	80	76
	81	77
	83	78
	84	79
	85	80
	87	81
	88	82
	89	83
	91	84
	92	85
	93	86
	94	87
	96	88
	97	89
	98	90
	100	91
	101	92
	102	93
	103	94
	105	95
	106	96
	108	97
	109	98
	110	99
	111	100
	113	101
	114	102
	115	103
	116	104
	118	105
	119	106
	120	107
	121	108
	122	109
	124	110
	125	111
	126	112
	127	113
	128	114
	130	115
	132	116
	133	117
	134	119
	135	122
	136	125
	137	128
	139	130
	140	131
	141	132
	142	133
	143	134
	144	135
	145	136
	147	137
	148	139
	149	141
	150	142
	151	143
	153	144
	154	145
	155	146
	156	147
	157	148
	159	149
	161	150
	162	151
	163	152
	165	153
	166	154
	167	155
	168	156
	169	157
	170	158
	172	159
	173	160
	174	161
	175	162
	176	163
	177	164
	179	165
	180	166
	181	167
	182	168
	183	169
	184	171
	185	181
	186	182
	187	183
	188	184
	189	186
	190	189
	191	192
	192	194
	193	195
	194	196
	195	198
	197	200
	198	201
	199	202
	200	203
	201	204
	202	205
	203	206
	204	207
	205	208
	206	209
	207	210
	208	211
	209	212
	210	213
	212	214
	213	215
	214	216
	215	217
	217	219
	218	222
	219	224
	221	225
	223	226
	226	229
	230	233
	234	237
	238	241
	242	245
net/minecraft/client/profiling/ClientMetricsSamplersProvider	50	55
	32	33
	33	34
	34	35
	36	36
	37	37
	38	38
	39	40
	40	44
	44	50
	45	51
	49	54
	50	55
	24	26
	25	27
	26	28
	27	29
	30	32
net/minecraft/client/renderer/item/properties/numeric/NeedleDirectionHelper	99	89
	67	58
	72	63
	73	64
	75	65
	76	66
	13	16
	77	67
	14	17
	78	68
	17	20
	18	21
	83	73
	21	24
	22	25
	88	78
	25	28
	26	29
	29	32
	93	83
	30	32
	33	32
	98	88
	99	89
	39	38
	43	42
	55	46
	62	53
net/minecraft/client/renderer/texture/atlas/sources/SourceFilter	27	24
	22	19
	23	20
	27	24
	12	14
	13	14
	14	14
net/minecraft/client/model/monster/dragon/package-info	0	0
net/minecraft/client/gui/render/TextureSetup	37	54
	16	26
	32	49
	20	31
	36	53
	37	54
	24	41
	12	22
	28	45
net/minecraft/client/gui/screens/options/controls/package-info	0	0
net/minecraft/client/gui/screens/achievement/package-info	0	0
net/minecraft/client/model/object/book/BookModel	91	71
	66	52
	67	52
	68	53
	69	54
	71	55
	76	59
	77	60
	79	61
	80	62
	81	63
	82	64
	84	65
	85	66
	87	67
	88	68
	89	69
	90	70
	91	71
	28	29
	29	30
	30	31
	31	32
	32	33
	33	34
	34	35
	35	36
	38	39
	39	40
	41	41
	42	42
	43	42
	44	42
	46	44
	47	45
	48	45
	49	45
	51	47
	52	48
	53	48
	54	48
	56	50
	57	50
	58	50
	61	51
	62	51
	63	51
net/minecraft/client/resources/sounds/SoundEventRegistrationSerializer	83	74
	65	59
	66	60
	68	61
	70	62
	72	63
	74	64
	78	68
	79	69
	80	70
	81	71
	83	74
	21	23
	25	26
	27	27
	28	28
	29	29
	31	30
	35	34
	37	35
	38	36
	39	38
	40	39
	42	40
	43	41
	44	42
	46	44
	51	49
	55	53
	57	54
	59	55
	60	56
	62	57
	63	58
com/mojang/blaze3d/vertex/VertexConsumer	117	106
	65	63
	67	65
	68	66
	69	67
	71	68
	73	69
	80	70
	82	71
	83	72
	84	73
	85	74
	87	76
	90	79
	94	83
	32	35
	33	36
	34	37
	98	87
	35	38
	36	39
	37	40
	38	41
	102	91
	103	92
	41	44
	107	96
	108	97
	45	48
	112	101
	49	52
	113	102
	53	56
	117	106
	54	57
	60	60
	62	61
	63	62
net/minecraft/client/renderer/MappableRingBuffer	65	67
	65	67
	22	21
	23	22
	24	23
	27	26
	28	27
	29	28
	30	29
	32	32
	33	33
	36	36
	40	40
	41	41
	42	42
	43	43
	44	44
	46	47
	50	51
	51	52
	53	55
	54	56
	55	57
	59	61
	60	62
	61	63
	62	64
com/mojang/realmsclient/dto/RegionSelectionPreference	43	45
	32	33
	36	36
	37	38
	38	39
	39	40
	42	44
	43	45
	12	14
	13	15
	14	16
	16	18
	22	23
	23	24
	24	25
	27	29
	31	32
com/mojang/realmsclient/util/task/CloseServerTask	57	61
	12	15
	14	16
	20	21
	21	22
	22	23
	26	27
	27	29
	28	30
	29	31
	33	35
	34	36
	35	37
	36	38
	37	39
	40	42
	41	43
	42	44
	44	47
	45	48
	46	49
	47	50
	49	53
	50	54
	53	57
	57	61
net/minecraft/client/renderer/entity/layers/IronGolemCrackinessLayer	37	38
	32	33
	33	38
	35	34
	36	35
	37	38
	16	17
	17	19
	18	21
	19	23
	23	27
	24	28
	28	31
	29	38
	31	32
com/mojang/realmsclient/gui/screens/UploadResult	35	33
	17	11
	35	33
	21	19
	25	23
	26	24
	11	10
	12	13
	13	13
	30	28
	15	13
	31	29
com/mojang/realmsclient/client/worldupload/RealmsUploadWorldNotClosedException	8	11
	8	11
net/minecraft/client/model/HumanoidModel	494	458
	29	30
	46	420
	47	421
	48	422
	49	423
	50	424
	51	425
	52	426
	53	427
	54	428
	55	429
	56	430
	59	435
	60	436
	68	443
	69	444
	70	445
	73	448
	77	452
	81	458
	93	52
	94	53
	97	56
	98	57
	99	58
	100	59
	101	60
	102	61
	103	62
	104	63
	105	64
	108	67
	109	68
	110	69
	111	70
	112	70
	113	70
	115	72
	116	73
	117	73
	120	75
	121	76
	122	76
	123	76
	125	78
	126	80
	127	80
	128	81
	130	83
	131	85
	132	85
	133	86
	135	88
	136	89
	137	89
	138	89
	140	91
	141	93
	142	93
	143	94
	145	96
	149	100
	153	106
	154	107
	156	108
	157	109
	159	110
	160	111
	162	112
	163	113
	165	114
	169	118
	170	119
	171	120
	172	122
	173	122
	174	123
	176	125
	177	127
	178	127
	179	128
	181	130
	186	134
	188	135
	189	136
	190	137
	192	138
	194	139
	195	140
	197	141
	198	142
	199	143
	200	144
	203	147
	204	148
	205	149
	206	150
	208	151
	209	152
	210	153
	211	154
	212	155
	213	156
	215	157
	216	158
	217	159
	219	160
	220	161
	221	162
	223	163
	224	164
	225	165
	229	168
	230	169
	231	170
	232	171
	233	172
	234	173
	235	174
	237	177
	238	178
	239	179
	242	183
	243	184
	244	185
	245	186
	246	187
	248	190
	249	191
	250	192
	254	197
	256	198
	257	199
	258	200
	259	201
	260	202
	261	203
	262	204
	263	205
	264	206
	265	207
	268	210
	269	211
	271	214
	272	215
	275	218
	276	219
	279	220
	280	221
	281	224
	283	227
	284	228
	285	229
	286	230
	288	231
	289	232
	291	233
	292	234
	293	235
	294	236
	296	237
	297	238
	299	239
	300	240
	302	241
	303	242
	304	243
	305	244
	307	245
	308	246
	310	247
	311	248
	313	249
	314	250
	318	254
	319	255
	320	256
	321	257
	323	259
	326	262
	328	264
	329	265
	331	271
	332	272
	334	267
	335	268
	336	269
	338	280
	339	281
	340	282
	342	302
	345	274
	346	275
	347	276
	348	277
	349	278
	351	284
	352	285
	354	287
	355	288
	357	298
	358	299
	359	300
	361	290
	362	291
	363	292
	365	294
	366	295
	369	304
	372	307
	374	309
	375	310
	377	316
	378	317
	380	312
	381	313
	382	314
	384	325
	385	326
	386	327
	388	347
	391	319
	392	320
	393	321
	394	322
	395	323
	397	329
	398	330
	400	332
	401	333
	403	343
	404	344
	405	345
	407	335
	408	336
	409	337
	411	339
	412	340
	415	349
	418	352
	419	353
	420	354
	423	357
	424	358
	425	388
	428	359
	429	360
	430	361
	432	364
	433	365
	434	366
	435	367
	436	368
	437	369
	438	370
	439	371
	441	372
	443	374
	445	375
	446	376
	448	377
	450	378
	451	379
	452	380
	459	385
	462	388
	465	391
	469	395
	470	396
	471	397
	472	398
	473	399
	474	400
	475	401
	476	402
	480	405
	481	406
	482	407
	485	410
	486	410
	488	410
	494	415
net/minecraft/client/renderer/entity/EnderDragonRenderer	243	239
	31	32
	32	33
	33	34
	34	35
	36	36
	37	37
	38	38
	39	39
	41	40
	46	44
	47	45
	49	46
	50	47
	54	52
	56	53
	57	54
	58	55
	59	56
	60	57
	64	58
	67	59
	69	60
	70	61
	72	62
	73	63
	74	76
	76	81
	79	87
	81	97
	82	98
	83	99
	84	100
	85	101
	86	102
	87	103
	90	106
	92	107
	93	109
	96	119
	97	120
	100	123
	101	127
	102	128
	103	129
	104	130
	105	131
	106	132
	107	133
	108	134
	109	135
	111	136
	112	138
	113	139
	114	139
	115	140
	116	140
	117	140
	119	142
	120	143
	121	144
	122	145
	124	147
	126	148
	127	149
	129	150
	130	151
	131	152
	133	153
	134	154
	135	155
	137	156
	138	157
	139	158
	141	159
	142	160
	143	161
	145	163
	146	165
	149	168
	150	169
	152	170
	153	171
	154	172
	155	173
	157	174
	158	175
	160	176
	161	180
	162	181
	163	182
	164	183
	165	185
	166	186
	167	187
	168	188
	169	189
	170	189
	171	190
	172	191
	173	192
	174	193
	175	194
	177	195
	178	195
	179	195
	180	195
	181	195
	182	195
	183	195
	185	196
	186	196
	187	196
	188	196
	189	196
	190	196
	191	196
	193	197
	194	197
	195	198
	196	199
	197	200
	198	201
	199	202
	201	203
	202	204
	203	205
	205	207
	206	209
	207	210
	211	213
	216	217
	217	218
	218	219
	219	220
	221	221
	222	222
	223	223
	224	223
	225	224
	227	226
	230	229
	231	230
	232	231
	234	232
	235	233
	237	234
	238	235
	239	236
	243	239
com/mojang/realmsclient/dto/PendingInvite	37	29
	32	25
	34	27
	35	28
	37	29
	23	16
	27	20
	28	21
	29	22
	30	23
	31	24
net/minecraft/client/renderer/state/QuadParticleRenderState	248	208
	128	108
	130	109
	131	110
	132	111
	133	112
	134	113
	137	118
	138	119
	139	120
	143	124
	144	125
	146	127
	172	145
	173	146
	174	147
	52	40
	53	41
	54	42
	58	46
	59	47
	60	48
	64	52
	192	151
	65	54
	193	152
	66	55
	67	56
	195	155
	68	57
	196	156
	69	59
	197	157
	70	60
	198	158
	71	61
	199	159
	200	160
	73	62
	201	161
	74	63
	202	162
	203	163
	76	66
	204	164
	205	165
	78	69
	206	166
	79	70
	207	167
	80	71
	208	168
	209	169
	82	72
	210	170
	83	73
	211	171
	84	75
	212	172
	86	77
	215	175
	216	176
	217	177
	218	178
	93	90
	94	91
	95	92
	97	93
	99	95
	100	96
	105	97
	106	98
	107	99
	235	195
	109	100
	238	198
	111	103
	239	199
	242	202
	243	203
	244	204
	245	205
	248	208
com/mojang/blaze3d/systems/ScissorState	39	43
	35	39
	39	43
	11	15
	12	16
	13	17
	14	18
	15	19
	16	20
	19	23
	20	24
	23	27
	27	31
	31	35
net/minecraft/client/model/animal/polarbear/package-info	0	0
net/minecraft/client/renderer/texture/ReloadableTexture	44	45
	33	34
	34	35
	36	37
	39	40
	40	41
	41	42
	42	43
	43	44
	44	45
	19	20
	20	21
	23	24
	27	28
	28	29
	29	30
	30	31
	31	32
net/minecraft/client/data/models/model/TextureSlot	79	80
	6	9
	7	10
	8	11
	9	12
	10	13
	11	14
	12	15
	13	16
	14	17
	15	18
	16	19
	17	20
	18	21
	19	22
	20	23
	21	24
	22	25
	23	26
	24	27
	25	28
	26	29
	27	30
	28	31
	29	32
	30	33
	31	34
	32	35
	33	36
	34	37
	35	38
	36	39
	37	40
	38	41
	39	42
	40	43
	41	44
	42	45
	43	46
	44	47
	45	48
	46	49
	47	50
	48	51
	49	52
	50	53
	57	58
	61	62
	65	66
	66	67
	67	68
	70	71
	74	75
	79	80
net/minecraft/client/renderer/SubmitNodeCollector	0	0
net/minecraft/client/input/CharacterEvent	16	14
	16	14
	12	10
net/minecraft/client/gui/screens/options/controls/ControlsScreen	37	41
	32	36
	33	37
	34	38
	36	40
	37	41
	12	15
	15	18
	16	19
	17	20
	18	21
	19	22
	20	23
	21	24
	22	25
	27	30
	28	31
com/mojang/blaze3d/font/GlyphProvider	34	28
	33	27
	34	28
	19	15
	22	18
net/minecraft/client/renderer/entity/state/MinecartRenderState	16	19
	16	19
net/minecraft/client/tutorial/Tutorial	114	113
	65	66
	66	67
	67	69
	70	72
	71	73
	73	76
	74	77
	77	80
	78	81
	79	82
	81	84
	83	86
	84	87
	22	25
	86	89
	23	26
	89	92
	26	29
	90	93
	27	30
	91	94
	92	95
	29	32
	93	96
	95	98
	32	35
	33	36
	98	101
	35	38
	38	41
	102	105
	39	42
	103	105
	41	44
	105	105
	44	47
	45	48
	110	109
	47	50
	50	53
	114	113
	51	54
	53	56
	56	59
	57	60
	59	62
	62	65
	63	69
com/mojang/blaze3d/systems/TimerQuery	102	101
	64	59
	65	61
	68	64
	70	65
	71	66
	10	14
	74	68
	75	69
	76	70
	77	71
	78	72
	80	74
	17	18
	84	80
	21	22
	86	81
	23	23
	87	82
	24	24
	88	83
	89	84
	90	85
	27	27
	28	28
	29	29
	93	89
	32	32
	97	98
	34	33
	35	40
	99	101
	38	34
	102	95
	39	35
	40	36
	41	37
	42	38
	53	52
	54	53
	57	56
	59	57
	60	61
	63	58
net/minecraft/client/renderer/entity/state/VexRenderState	0	0
net/minecraft/client/gui/font/glyphs/SpecialGlyphs	80	78
	33	29
	65	61
	34	31
	35	32
	36	33
	70	66
	39	37
	40	38
	75	71
	76	74
	46	42
	15	16
	47	43
	80	78
	17	18
	18	19
	51	47
	20	20
	21	21
	22	22
	55	51
	60	56
net/minecraft/client/renderer/rendertype/RenderTypes	701	680
	33	22
	34	23
	35	26
	36	27
	37	28
	38	29
	41	32
	43	34
	44	37
	45	38
	46	39
	47	40
	48	41
	51	410
	54	43
	55	46
	56	47
	57	48
	58	49
	59	50
	62	414
	65	52
	66	55
	67	56
	68	57
	69	58
	70	59
	71	60
	72	61
	75	418
	78	63
	79	65
	80	66
	81	67
	82	68
	83	69
	84	70
	85	71
	86	72
	88	73
	92	422
	96	426
	97	427
	98	428
	99	429
	100	430
	101	431
	102	432
	103	433
	105	434
	108	76
	109	78
	110	79
	111	80
	112	81
	113	82
	114	83
	115	84
	116	85
	117	86
	119	87
	123	438
	126	90
	127	92
	128	93
	129	94
	130	95
	131	96
	132	97
	133	98
	135	99
	139	442
	142	102
	143	104
	144	105
	145	106
	146	107
	147	108
	148	109
	149	110
	150	111
	152	112
	156	446
	159	115
	160	117
	161	118
	162	119
	163	120
	164	121
	165	122
	166	123
	168	124
	172	450
	175	127
	176	129
	177	130
	178	131
	179	132
	180	133
	181	134
	182	135
	184	136
	188	454
	192	458
	195	139
	196	141
	197	142
	198	143
	199	144
	200	145
	201	146
	202	147
	203	148
	205	149
	209	462
	213	466
	216	152
	217	154
	218	155
	219	156
	220	157
	221	158
	222	159
	223	160
	224	161
	225	162
	227	163
	231	470
	234	166
	235	168
	236	169
	237	170
	238	171
	239	172
	240	173
	241	174
	242	175
	244	176
	248	474
	252	478
	255	179
	256	181
	257	182
	258	183
	259	184
	260	185
	261	186
	262	187
	264	188
	268	482
	272	486
	275	191
	276	193
	277	194
	278	195
	279	196
	280	197
	281	198
	283	199
	287	490
	290	202
	291	204
	292	205
	293	206
	294	207
	296	208
	300	494
	303	211
	304	213
	305	214
	306	215
	307	216
	308	217
	310	218
	314	498
	317	221
	318	223
	319	224
	320	225
	321	226
	322	227
	323	228
	325	229
	329	502
	332	232
	333	234
	334	235
	335	236
	336	237
	337	238
	338	239
	340	240
	344	506
	347	243
	348	245
	349	246
	350	247
	351	248
	353	249
	357	510
	360	252
	361	253
	362	253
	363	253
	364	253
	368	514
	372	518
	376	522
	377	525
	378	526
	379	527
	380	528
	381	529
	386	534
	387	537
	388	538
	389	539
	390	540
	391	541
	392	542
	395	255
	396	255
	397	255
	400	547
	403	256
	406	551
	410	555
	413	257
	414	260
	415	261
	416	262
	417	263
	420	559
	423	265
	424	268
	425	269
	426	270
	427	271
	430	563
	433	273
	434	276
	435	277
	436	278
	439	567
	442	280
	443	283
	444	284
	445	285
	448	571
	451	287
	452	288
	453	289
	454	289
	455	289
	459	575
	462	292
	463	293
	464	294
	465	294
	466	294
	467	294
	471	579
	474	298
	475	297
	476	298
	477	298
	478	298
	481	583
	484	300
	485	301
	486	303
	487	303
	488	303
	489	303
	493	587
	496	306
	497	307
	498	309
	499	309
	500	309
	501	309
	505	591
	508	312
	509	313
	510	315
	511	315
	512	315
	513	315
	517	595
	520	318
	521	319
	522	320
	523	320
	524	320
	528	599
	531	324
	532	323
	533	324
	534	324
	535	324
	538	603
	541	326
	542	327
	543	329
	544	329
	545	329
	546	329
	550	607
	553	332
	554	333
	555	333
	556	333
	559	611
	562	335
	563	335
	566	615
	569	336
	570	337
	573	619
	576	339
	577	342
	578	343
	579	344
	580	345
	581	346
	582	347
	583	348
	586	623
	589	350
	590	353
	591	354
	592	355
	595	627
	598	357
	599	360
	600	361
	601	362
	604	631
	607	364
	608	367
	609	368
	610	369
	613	635
	616	371
	617	374
	618	375
	619	376
	622	639
	625	378
	626	381
	627	382
	628	383
	631	643
	634	385
	635	387
	636	387
	637	387
	640	647
	643	389
	644	389
	647	651
	650	390
	651	391
	652	391
	655	655
	658	393
	659	394
	660	394
	663	659
	666	396
	668	397
	671	663
	672	664
	673	666
	674	666
	675	666
	676	666
	681	672
	684	398
	685	399
	686	400
	687	400
	691	676
	694	403
	695	404
	696	405
	697	405
	701	680
net/minecraft/client/particle/BubbleColumnUpParticle	49	50
	32	32
	36	36
	43	44
	12	15
	44	45
	13	16
	14	17
	15	18
	48	50
	17	19
	49	50
	19	20
	20	21
	21	22
	23	23
	24	24
	28	28
	29	29
	30	30
net/minecraft/client/resources/sounds/GuardianAttackSoundInstance	44	42
	32	32
	33	40
	34	42
	37	33
	38	34
	39	35
	41	36
	42	37
	43	38
	44	42
	16	18
	18	19
	20	20
	21	21
	22	22
	23	23
	27	27
com/mojang/blaze3d/shaders/ShaderType	38	40
	34	36
	20	21
	21	22
	22	23
	38	40
	25	26
	26	27
	11	13
	27	28
	12	14
	14	16
	30	32
net/minecraft/client/renderer/entity/ParchedRenderer	22	23
	17	19
	22	23
	9	12
	12	15
	13	16
net/minecraft/client/renderer/item/properties/select/SelectItemModelProperty	64	60
	32	32
	64	60
	33	33
	34	33
	35	35
	37	37
	41	41
	45	45
	46	46
	49	49
	50	51
	51	52
	54	55
	55	56
	56	58
	57	58
	58	58
	59	58
	60	58
net/minecraft/client/renderer/blockentity/state/SpawnerRenderState	0	0
net/minecraft/client/data/models/model/DelegatedModel	18	20
	16	18
	17	19
	18	20
	11	14
	12	15
net/minecraft/client/renderer/item/properties/select/ItemBlockState	40	40
	17	19
	18	21
	19	21
	35	35
	20	21
	40	40
	26	29
	27	30
	28	30
	30	30
	15	18
net/minecraft/client/gui/ItemSlotMouseAction	0	0
net/minecraft/client/renderer/block/BlockModelShaper	37	43
	16	22
	32	38
	19	25
	36	42
	37	43
	23	29
	24	30
	25	31
	28	34
	15	21
net/minecraft/client/resources/metadata/language/LanguageMetadataSection	16	15
	16	15
	11	12
	13	13
	14	14
net/minecraft/client/gui/screens/inventory/PageButton	48	52
	32	35
	34	37
	36	40
	37	41
	41	45
	42	46
	44	48
	13	16
	14	17
	15	18
	16	19
	48	52
	17	20
	18	21
	23	26
	24	27
	25	28
	26	29
	31	34
net/minecraft/client/particle/WakeParticle	65	64
	65	64
	11	14
	12	15
	13	16
	14	17
	15	18
	17	19
	19	20
	20	21
	21	22
	22	23
	23	24
	24	25
	25	26
	29	30
	34	35
	35	36
	36	37
	38	38
	39	39
	40	40
	41	51
	44	42
	45	43
	46	44
	47	45
	48	46
	50	47
	51	48
	53	49
	54	51
	60	58
	61	59
net/minecraft/client/renderer/DynamicUniformStorage	113	121
	17	19
	28	29
	30	30
	31	31
	32	32
	33	33
	34	34
	35	35
	38	38
	39	39
	40	40
	42	41
	43	42
	44	43
	46	46
	48	48
	51	51
	52	52
	53	53
	54	54
	55	55
	56	56
	59	59
	60	60
	63	63
	64	64
	65	65
	66	66
	69	69
	70	71
	71	74
	73	77
	74	78
	75	79
	81	83
	82	84
	85	87
	86	88
	87	89
	88	90
	91	93
	92	94
	93	96
	94	99
	95	101
	96	102
	97	103
	98	104
	99	105
	102	109
	103	110
	104	111
	109	116
	110	117
	112	120
	113	121
net/minecraft/client/renderer/entity/layers/LlamaDecorLayer	44	66
	32	36
	33	37
	34	38
	35	39
	36	40
	37	41
	39	43
	42	53
	43	54
	44	66
	24	29
	25	30
	26	31
	27	32
	28	33
net/minecraft/client/model/animal/squid/SquidModel	67	61
	64	58
	65	59
	67	61
	18	19
	22	23
	23	24
	24	25
	27	28
	31	32
	32	33
	33	34
	35	35
	36	36
	37	37
	38	37
	39	37
	42	39
	43	40
	44	40
	46	42
	47	43
	48	44
	49	45
	50	46
	52	47
	53	48
	55	49
	58	52
	63	56
net/minecraft/client/multiplayer/chat/report/ReportReason	51	50
	32	31
	33	32
	36	35
	40	39
	10	11
	11	12
	12	13
	44	43
	13	14
	14	15
	15	16
	16	17
	48	47
	17	18
	49	48
	18	19
	50	49
	19	20
	51	50
	20	21
	29	28
	30	29
	31	30
com/mojang/realmsclient/gui/screens/configuration/RealmsSlotOptionsScreen	236	236
	128	109
	131	111
	132	113
	133	114
	136	119
	138	122
	140	125
	141	126
	142	127
	145	130
	146	131
	147	132
	148	133
	151	137
	152	141
	153	142
	28	28
	156	145
	157	146
	159	147
	162	149
	163	149
	36	30
	165	150
	166	151
	167	152
	42	31
	43	32
	171	154
	176	159
	181	164
	183	165
	184	166
	186	167
	187	168
	190	171
	191	172
	193	174
	66	48
	67	49
	195	176
	68	50
	69	51
	71	52
	72	53
	74	54
	202	212
	75	55
	204	213
	77	56
	205	214
	78	57
	79	58
	207	215
	81	60
	209	216
	82	61
	210	217
	84	63
	214	221
	215	224
	88	67
	89	68
	218	222
	219	224
	93	72
	94	73
	95	74
	223	228
	224	236
	100	79
	228	179
	101	80
	229	180
	231	181
	232	193
	106	85
	234	184
	107	86
	108	87
	236	204
	110	88
	112	90
	113	91
	114	92
	115	93
	117	95
	119	98
	122	101
	123	104
	124	105
	126	106
	127	108
net/minecraft/client/resources/model/ModelBaker	26	25
	26	25
net/minecraft/client/model/geom/ModelLayers	357	354
	14	16
	16	17
	17	18
	18	19
	19	20
	20	21
	21	22
	22	23
	23	24
	24	25
	25	26
	26	27
	27	28
	28	29
	29	30
	30	31
	31	32
	32	33
	33	34
	34	35
	35	36
	36	37
	37	38
	38	39
	39	40
	40	41
	41	42
	42	43
	43	44
	44	45
	45	46
	46	47
	47	48
	48	49
	49	50
	50	51
	51	52
	52	53
	53	54
	54	55
	55	56
	56	57
	57	58
	58	59
	59	60
	60	61
	61	62
	62	63
	63	64
	64	65
	65	66
	66	67
	67	68
	68	69
	69	70
	70	71
	71	72
	72	73
	73	74
	74	75
	75	76
	76	77
	77	78
	78	79
	79	80
	80	81
	81	82
	82	83
	83	84
	84	85
	85	86
	86	87
	87	88
	88	89
	89	90
	90	91
	91	92
	92	93
	93	94
	94	95
	95	96
	96	97
	97	98
	98	99
	99	100
	100	101
	101	102
	102	103
	103	104
	104	105
	105	106
	106	107
	107	108
	108	109
	109	110
	110	111
	111	112
	112	113
	113	114
	114	115
	115	116
	116	117
	117	118
	118	119
	119	120
	120	121
	121	122
	122	123
	123	124
	124	125
	125	126
	126	127
	127	128
	128	129
	129	130
	130	131
	131	132
	132	133
	133	134
	134	135
	135	136
	136	137
	137	138
	138	139
	139	140
	140	141
	141	142
	142	143
	143	144
	144	145
	145	146
	146	147
	147	148
	148	149
	149	150
	150	151
	151	152
	152	153
	153	154
	154	155
	155	156
	156	157
	157	158
	158	159
	159	160
	160	161
	161	162
	162	163
	163	164
	164	165
	165	166
	166	167
	167	168
	168	169
	169	170
	170	171
	171	172
	172	173
	173	174
	174	175
	175	176
	176	177
	177	178
	178	179
	179	180
	180	181
	181	182
	182	183
	183	184
	184	185
	185	186
	186	187
	187	188
	188	189
	189	190
	190	191
	191	192
	192	193
	193	194
	194	195
	195	196
	196	197
	197	198
	198	199
	199	200
	200	201
	201	202
	202	203
	203	204
	204	205
	205	206
	206	207
	207	208
	208	209
	209	210
	210	211
	211	212
	212	213
	213	214
	214	215
	215	216
	216	217
	217	218
	218	219
	219	220
	220	221
	221	222
	222	223
	223	224
	224	225
	225	226
	226	227
	227	228
	228	229
	229	230
	230	231
	231	232
	232	233
	233	234
	234	235
	235	236
	236	237
	237	238
	238	239
	239	240
	240	241
	241	242
	242	243
	243	244
	244	245
	245	246
	246	247
	247	248
	248	249
	249	250
	250	251
	251	252
	252	253
	253	254
	254	255
	255	256
	256	257
	257	258
	258	259
	259	260
	260	261
	261	262
	262	263
	263	264
	264	265
	265	266
	266	267
	267	268
	268	269
	269	270
	270	271
	271	272
	272	273
	273	274
	274	275
	275	276
	276	277
	277	278
	278	279
	279	280
	280	281
	281	282
	282	283
	283	284
	284	285
	285	286
	286	287
	287	288
	288	289
	289	290
	290	291
	291	292
	292	293
	293	294
	294	295
	295	296
	296	297
	297	298
	298	299
	299	300
	300	301
	301	302
	302	303
	303	304
	304	305
	305	306
	306	307
	307	308
	308	309
	309	310
	310	311
	311	312
	312	313
	313	314
	314	315
	315	316
	316	317
	317	318
	320	321
	324	325
	325	326
	326	327
	328	329
	332	334
	336	338
	337	338
	338	338
	339	338
	340	338
	345	342
	349	346
	353	350
	357	354
net/minecraft/client/gui/font/providers/TrueTypeGlyphProviderDefinition	94	92
	66	53
	67	54
	68	56
	69	57
	71	58
	72	59
	73	60
	74	61
	75	62
	78	65
	79	66
	80	67
	83	70
	85	71
	87	73
	88	74
	89	75
	90	76
	93	80
	94	81
	32	87
	34	88
	35	91
	36	92
	40	28
	41	28
	43	28
	44	28
	47	30
	48	31
	49	32
	50	33
	51	35
	52	37
	53	39
	57	44
	62	49
net/minecraft/client/renderer/debug/BeeDebugRenderer	280	229
	256	210
	257	211
	259	213
	260	214
	268	218
	269	219
	270	220
	272	221
	274	223
	275	224
	279	228
	280	229
	68	57
	69	58
	73	62
	75	63
	76	64
	78	66
	81	69
	83	70
	84	71
	85	72
	86	73
	88	75
	91	76
	95	77
	97	78
	98	79
	99	80
	101	81
	102	82
	104	84
	106	85
	107	86
	108	87
	110	89
	112	90
	118	93
	119	94
	120	95
	121	96
	123	98
	124	99
	128	103
	130	104
	131	105
	132	106
	134	108
	136	109
	137	110
	139	111
	140	112
	141	113
	143	114
	144	115
	145	116
	148	119
	149	120
	150	122
	151	123
	153	124
	158	129
	159	130
	160	131
	163	134
	164	135
	165	136
	166	137
	167	138
	172	141
	174	142
	175	143
	178	146
	180	147
	181	148
	182	149
	183	150
	185	152
	188	155
	190	156
	191	157
	194	160
	197	161
	200	162
	204	163
	205	164
	207	166
	212	169
	213	170
	215	172
	219	175
	220	176
	221	177
	222	178
	228	183
	229	184
	230	185
	233	187
	236	190
	237	191
	240	194
	244	198
	245	199
	246	200
	250	204
	254	208
	255	209
com/mojang/realmsclient/gui/screens/configuration/package-info	0	0
net/minecraft/client/gui/components/debug/DebugEntryTps	56	59
	18	20
	19	21
	20	22
	21	23
	22	55
	25	24
	26	25
	27	26
	29	27
	30	29
	31	30
	32	31
	33	32
	35	34
	39	38
	40	39
	41	40
	42	41
	43	42
	45	45
	46	47
	48	50
	51	53
	52	55
	56	59
net/minecraft/client/gui/screens/inventory/HorseInventoryScreen	43	46
	33	36
	18	21
	19	22
	38	41
	23	26
	43	46
	28	31
	13	16
	14	17
	15	18
net/minecraft/client/renderer/blockentity/ShulkerBoxRenderer	113	136
	64	67
	66	69
	67	70
	69	72
	71	75
	72	86
	75	99
	76	100
	77	101
	78	104
	79	105
	82	108
	83	109
	84	110
	86	111
	88	112
	89	113
	91	114
	92	115
	95	118
	96	119
	97	120
	98	121
	37	35
	38	36
	104	128
	41	39
	105	129
	42	40
	106	130
	45	43
	46	44
	110	133
	47	45
	111	134
	112	135
	113	136
	51	48
	56	58
	57	59
	58	60
	59	61
	60	62
net/minecraft/client/resources/metadata/language/package-info	0	0
net/minecraft/client/multiplayer/chat/LoggedChatMessage	105	115
	64	70
	68	74
	69	75
	74	80
	78	84
	83	89
	22	24
	88	96
	89	97
	26	28
	90	98
	91	100
	95	105
	32	34
	100	110
	38	42
	39	43
	40	44
	41	45
	105	115
	42	47
	44	49
	48	53
	49	54
	50	55
	52	57
	57	63
	58	64
	59	65
	63	69
net/minecraft/client/renderer/feature/ItemFeatureRenderer	26	49
	16	18
	17	19
	18	20
	19	22
	20	32
	21	33
	22	35
	24	47
	26	49
net/minecraft/client/resources/model/package-info	0	0
net/minecraft/client/animation/Keyframe	13	11
	12	10
	13	11
com/mojang/blaze3d/opengl/GlTimerQuery	43	43
	32	32
	37	38
	38	39
	39	43
	41	40
	42	41
	43	43
	16	18
	17	19
	21	23
	22	24
	23	25
	25	26
	26	27
	28	28
	29	29
	30	30
net/minecraft/client/renderer/feature/BlockFeatureRenderer	50	87
	33	50
	34	51
	35	52
	36	53
	37	54
	38	55
	39	56
	41	59
	43	62
	44	64
	45	73
	46	74
	47	76
	50	87
	24	30
	25	31
	26	32
	27	33
	29	35
	30	36
	31	37
net/minecraft/client/renderer/PanoramaRenderer	37	39
	32	34
	36	38
	37	39
	9	12
	16	18
	17	19
	18	20
	21	23
	22	24
	23	25
	24	26
	27	29
	28	30
	29	31
net/minecraft/client/renderer/entity/state/GhastRenderState	0	0
net/minecraft/client/renderer/item/CompositeModel	51	62
	33	44
	34	44
	35	45
	39	50
	44	55
	45	56
	47	58
	17	20
	18	21
	51	62
	22	33
	24	34
	25	36
	26	37
	28	39
net/minecraft/client/renderer/block/model/VariantMutator	26	28
	26	19
	15	28
net/minecraft/client/renderer/entity/state/package-info	0	0
com/mojang/blaze3d/platform/InputConstants	522	500
	512	229
	513	230
	514	231
	519	236
	520	237
	522	239
	39	242
	40	243
	42	244
	43	245
	46	248
	47	249
	48	250
	49	251
	50	252
	51	253
	54	256
	55	257
	207	258
	210	326
	211	327
	212	328
	214	331
	215	332
	217	334
	218	335
	219	336
	221	340
	224	349
	225	350
	226	351
	231	371
	233	372
	234	373
	235	374
	236	375
	237	376
	238	377
	239	378
	240	379
	242	380
	243	381
	244	382
	245	383
	246	384
	247	385
	248	386
	249	387
	250	388
	251	389
	253	390
	254	391
	255	392
	256	393
	257	394
	258	395
	259	396
	260	397
	261	398
	262	399
	263	400
	264	401
	265	402
	266	403
	267	404
	268	405
	269	406
	270	407
	271	408
	272	409
	273	410
	274	411
	275	412
	276	413
	277	414
	278	415
	280	416
	281	417
	282	418
	283	419
	284	420
	285	421
	286	422
	287	423
	288	424
	289	425
	290	426
	291	427
	292	428
	293	429
	294	430
	295	431
	296	432
	297	433
	298	434
	299	435
	300	436
	301	437
	302	438
	303	439
	304	440
	306	441
	307	442
	308	443
	309	444
	310	445
	311	446
	312	447
	313	448
	314	449
	315	450
	316	451
	317	452
	318	453
	319	454
	320	455
	321	456
	322	457
	323	458
	325	459
	326	460
	327	461
	328	462
	330	463
	331	464
	332	465
	333	466
	334	467
	335	468
	336	469
	337	470
	338	471
	339	472
	340	473
	341	474
	342	475
	344	476
	345	477
	346	478
	347	479
	348	480
	349	481
	350	482
	351	483
	353	484
	354	485
	356	486
	357	487
	358	488
	359	489
	360	490
	361	491
	362	492
	364	493
	365	494
	366	495
	368	496
	369	497
	370	498
	371	499
	372	500
	381	354
	382	355
	383	356
	386	359
	387	360
	388	361
	389	362
	392	365
	393	366
	404	267
	407	270
	408	271
	409	272
	411	273
	412	274
	413	275
	416	278
	420	282
	424	286
	428	290
	432	294
	433	295
	435	297
	436	297
	438	297
	443	303
	444	304
	446	305
	447	309
	449	306
	450	307
	455	315
	460	320
	465	177
	466	177
	468	177
	472	181
	473	182
	476	185
	477	186
	478	187
	479	188
	480	189
	481	190
	483	193
	486	197
	490	201
	494	205
	495	206
	496	207
	499	216
	500	217
	501	218
	502	219
	503	220
	506	223
	507	224
	508	225
net/minecraft/client/renderer/WeatherEffectRenderer	240	214
	38	42
	39	43
	44	47
	45	48
	48	51
	49	52
	50	53
	51	54
	52	55
	53	56
	54	57
	57	60
	60	63
	61	64
	62	94
	65	65
	66	66
	67	67
	68	68
	70	69
	71	70
	73	72
	74	73
	75	74
	76	75
	77	76
	78	77
	82	78
	83	79
	87	80
	88	81
	91	82
	92	83
	94	84
	95	85
	96	86
	97	87
	101	94
	104	97
	105	98
	106	99
	108	104
	109	105
	110	106
	112	110
	116	113
	117	114
	118	115
	119	116
	120	117
	122	118
	126	122
	128	123
	129	124
	130	125
	132	126
	133	126
	134	126
	137	127
	144	131
	145	133
	146	134
	147	135
	148	136
	150	137
	151	138
	153	139
	154	140
	155	141
	157	142
	158	143
	159	144
	160	145
	161	146
	162	147
	164	148
	165	149
	166	150
	167	151
	169	152
	170	153
	171	154
	172	155
	174	157
	177	160
	178	161
	179	206
	182	162
	183	163
	185	164
	187	165
	188	166
	189	167
	190	169
	191	170
	192	171
	195	172
	196	173
	200	176
	201	177
	203	178
	208	182
	209	183
	211	184
	212	185
	213	186
	215	187
	216	188
	217	189
	219	190
	220	193
	224	197
	225	198
	226	199
	228	200
	230	202
	233	206
	236	209
	237	210
	239	213
	240	214
net/minecraft/client/renderer/block/model/ItemModelGenerator	203	201
	129	128
	130	129
	132	130
	133	131
	136	133
	138	135
	140	138
	142	141
	144	144
	148	148
	152	152
	153	153
	26	27
	155	154
	28	28
	156	155
	157	156
	158	157
	159	158
	32	31
	161	159
	34	32
	162	160
	35	33
	163	161
	164	162
	165	163
	40	38
	169	167
	170	168
	45	43
	174	174
	175	175
	177	177
	50	48
	180	180
	181	180
	54	52
	55	54
	183	180
	56	55
	57	56
	58	57
	187	185
	188	186
	189	187
	62	61
	190	188
	63	62
	66	65
	195	193
	196	194
	70	70
	199	197
	75	75
	203	201
	76	76
	78	77
	80	78
	84	82
	85	83
	86	84
	88	86
	89	87
	90	88
	92	89
	93	90
	94	91
	97	94
	98	95
	99	96
	101	98
	102	99
	105	102
	106	103
	107	104
	108	105
	109	106
	110	108
	112	111
	113	112
	114	113
	115	114
	116	116
	118	119
	119	120
	120	121
	124	124
	125	125
	126	126
	127	127
net/minecraft/client/model/geom/LayerDefinitions	527	529
	130	132
	131	133
	132	134
	135	137
	137	138
	138	140
	139	141
	140	143
	141	145
	142	146
	143	147
	144	148
	145	149
	146	150
	147	151
	148	152
	149	153
	150	154
	151	155
	152	156
	153	157
	154	158
	155	159
	156	160
	157	161
	158	162
	159	163
	160	164
	161	165
	162	166
	163	167
	164	168
	165	169
	166	170
	167	171
	168	172
	169	173
	170	174
	171	175
	172	176
	173	177
	174	178
	175	179
	176	180
	177	181
	178	182
	179	183
	180	184
	181	185
	182	186
	183	187
	184	188
	185	189
	186	190
	187	191
	188	192
	189	193
	190	194
	191	195
	192	196
	193	197
	194	198
	195	199
	196	200
	197	201
	199	202
	200	203
	201	204
	202	205
	203	206
	204	207
	205	208
	206	209
	207	210
	208	211
	209	212
	210	213
	211	214
	212	215
	213	216
	214	217
	215	218
	216	219
	217	220
	218	221
	219	222
	220	223
	221	224
	222	225
	223	226
	224	227
	225	228
	226	229
	227	230
	228	231
	229	232
	230	233
	231	234
	232	235
	233	236
	234	237
	235	238
	236	239
	237	240
	238	241
	239	242
	240	243
	241	244
	242	245
	243	246
	244	247
	245	248
	246	249
	247	250
	248	251
	249	252
	250	253
	251	254
	252	255
	253	256
	254	257
	255	258
	256	259
	257	260
	258	261
	259	262
	260	263
	261	264
	262	265
	263	266
	264	267
	265	268
	266	269
	267	270
	268	271
	269	272
	270	273
	271	274
	272	275
	273	276
	274	277
	275	278
	276	279
	277	280
	278	281
	279	282
	280	283
	281	284
	282	285
	283	286
	284	287
	285	288
	286	289
	287	290
	288	291
	289	292
	290	293
	291	294
	292	295
	293	296
	294	297
	295	298
	296	299
	297	300
	298	301
	299	302
	300	303
	301	304
	302	305
	303	306
	304	307
	305	308
	306	309
	307	310
	308	311
	309	312
	310	313
	311	314
	312	315
	313	316
	314	317
	315	318
	316	319
	317	320
	318	321
	319	322
	320	323
	321	326
	322	327
	323	328
	324	329
	325	330
	326	331
	327	332
	328	333
	329	334
	330	335
	331	336
	332	337
	333	338
	334	339
	335	340
	336	341
	337	342
	338	343
	339	344
	340	345
	341	346
	342	347
	343	348
	344	349
	345	350
	346	351
	347	352
	348	353
	349	354
	350	355
	351	356
	352	357
	353	358
	354	359
	355	360
	356	361
	357	362
	358	363
	359	364
	360	365
	361	366
	362	367
	363	368
	364	369
	365	370
	366	371
	367	372
	368	373
	369	374
	370	375
	371	376
	372	377
	373	378
	374	379
	375	380
	376	381
	377	382
	378	383
	379	384
	380	385
	381	386
	382	387
	383	388
	384	389
	385	390
	386	391
	387	392
	388	393
	389	394
	390	395
	391	396
	392	397
	393	398
	394	399
	395	400
	396	401
	397	402
	398	403
	399	404
	400	405
	401	406
	402	407
	403	408
	404	409
	405	410
	406	411
	407	412
	408	413
	409	414
	410	415
	411	416
	412	417
	413	418
	414	419
	415	420
	416	421
	417	422
	418	423
	419	424
	420	425
	421	426
	422	427
	423	428
	424	429
	425	430
	426	431
	427	432
	428	433
	429	434
	430	435
	431	436
	432	437
	433	438
	434	439
	435	440
	436	441
	437	442
	438	443
	439	444
	440	445
	441	446
	442	447
	443	448
	444	449
	445	450
	446	451
	447	452
	448	453
	449	454
	450	455
	451	456
	452	457
	453	458
	454	459
	455	460
	456	461
	457	462
	458	463
	459	464
	460	465
	461	466
	462	467
	463	468
	464	469
	465	470
	466	471
	467	472
	468	473
	469	474
	470	475
	471	476
	472	477
	473	478
	474	479
	475	480
	476	481
	477	482
	478	483
	479	484
	480	485
	481	486
	482	487
	483	488
	484	489
	485	490
	487	491
	488	492
	490	493
	491	494
	492	495
	493	496
	494	497
	495	498
	496	499
	497	500
	498	501
	499	502
	500	503
	501	504
	502	505
	503	506
	504	507
	505	508
	506	509
	507	510
	508	511
	509	512
	511	513
	512	514
	513	515
	514	516
	515	517
	516	519
	517	520
	518	521
	520	523
	522	524
	523	525
	524	526
	525	527
	527	529
com/mojang/realmsclient/exception/RealmsHttpException	6	10
	5	9
	6	10
net/minecraft/client/gui/screens/inventory/MinecartCommandBlockEditScreen	33	38
	16	19
	32	35
	33	38
	21	24
	26	29
	11	14
	27	30
	12	15
	28	31
net/minecraft/client/renderer/special/CopperGolemStatueSpecialRenderer	81	82
	66	35
	67	36
	68	37
	72	41
	73	42
	74	43
	75	44
	76	45
	79	48
	80	49
	81	50
	23	24
	29	29
	30	30
	31	31
	34	55
	35	56
	36	57
	37	59
	40	63
	41	64
	45	68
	50	73
	51	74
	55	78
	56	79
	57	80
	58	81
	59	82
net/minecraft/client/gui/render/state/GlyphRenderState	38	35
	32	30
	22	20
	38	35
	23	21
	27	25
net/minecraft/client/renderer/blockentity/state/LecternRenderState	0	0
net/minecraft/client/model/monster/strider/StriderModel	160	136
	128	112
	130	113
	131	114
	133	115
	134	116
	135	117
	136	118
	137	119
	138	120
	140	121
	142	122
	143	123
	16	18
	144	124
	146	125
	147	126
	148	127
	150	128
	151	129
	153	130
	154	131
	155	132
	157	133
	158	134
	159	135
	160	136
	36	36
	37	37
	38	38
	39	39
	40	40
	41	41
	42	42
	43	43
	44	44
	45	45
	46	46
	49	49
	50	50
	52	51
	53	52
	54	52
	55	52
	57	54
	58	55
	59	55
	60	55
	62	57
	63	58
	64	58
	65	58
	68	60
	69	62
	70	62
	71	63
	73	65
	74	67
	75	67
	76	68
	78	70
	79	72
	80	72
	81	73
	83	75
	84	77
	85	77
	86	78
	88	80
	89	82
	90	82
	91	83
	93	85
	94	87
	95	87
	96	88
	99	90
	104	94
	106	95
	107	96
	109	97
	110	98
	111	99
	113	101
	114	102
	117	105
	119	106
	121	107
	122	108
	124	109
	125	110
	127	111
net/minecraft/client/multiplayer/RegistryDataCollector	165	161
	129	117
	132	120
	133	121
	134	122
	136	124
	137	125
	142	129
	144	130
	147	132
	148	133
	150	136
	153	139
	32	38
	160	156
	33	39
	161	157
	36	42
	164	160
	37	43
	165	161
	40	46
	41	47
	44	50
	45	51
	52	147
	53	148
	57	54
	58	55
	63	59
	64	60
	66	61
	67	63
	69	64
	70	65
	71	66
	72	67
	73	77
	76	68
	77	69
	78	70
	79	71
	82	73
	83	74
	87	77
	90	80
	93	84
	94	85
	95	86
	96	87
	97	88
	100	91
	101	91
	102	91
	105	92
	106	93
	110	97
	111	98
	112	100
	113	101
	114	102
	115	104
	116	105
	117	105
	118	105
	119	108
	121	110
	122	112
	123	113
	124	114
	125	114
	126	114
	127	115
net/minecraft/client/renderer/fog/environment/MobEffectFogEnvironment	25	28
	20	23
	25	28
	15	18
net/minecraft/client/renderer/entity/state/HappyGhastRenderState	6	9
	6	9
com/mojang/realmsclient/util/task/RealmCreationTask	41	42
	32	33
	33	34
	34	35
	35	36
	37	38
	41	42
	10	13
	12	14
	19	20
	20	21
	21	22
	22	23
	26	27
	29	30
	30	31
	31	32
net/minecraft/client/animation/KeyframeAnimations	24	18
	24	18
	9	10
	13	14
net/minecraft/client/model/animal/dolphin/package-info	0	0
net/minecraft/client/model/monster/warden/WardenModel	240	192
	43	42
	45	43
	46	44
	47	45
	48	46
	49	47
	50	48
	51	49
	52	50
	53	51
	54	52
	55	53
	57	54
	58	55
	59	56
	60	57
	61	58
	62	59
	63	60
	66	63
	67	64
	69	65
	70	65
	71	65
	73	66
	74	67
	75	67
	76	67
	78	69
	79	70
	80	70
	83	72
	84	74
	85	74
	86	75
	89	77
	90	78
	91	78
	92	78
	95	80
	96	81
	97	81
	98	81
	101	83
	102	84
	103	84
	104	84
	107	86
	108	87
	109	87
	110	87
	113	89
	114	90
	115	90
	116	90
	119	92
	120	93
	121	93
	122	93
	125	95
	126	96
	127	96
	128	96
	131	98
	135	102
	136	103
	137	104
	142	109
	143	110
	144	111
	149	116
	150	117
	151	118
	156	123
	157	124
	158	125
	164	130
	167	131
	168	132
	169	133
	170	134
	173	135
	174	136
	175	137
	176	138
	177	139
	178	140
	179	141
	182	144
	183	145
	184	146
	187	149
	188	150
	189	151
	192	152
	193	153
	195	154
	196	155
	197	156
	200	159
	201	160
	202	161
	203	162
	204	163
	206	164
	207	165
	209	166
	210	167
	212	168
	213	169
	215	170
	216	171
	218	172
	219	173
	221	174
	222	175
	225	178
	226	179
	227	180
	228	181
	230	182
	231	183
	232	184
	233	185
	234	186
	237	189
	238	190
	239	191
	240	192
net/minecraft/client/renderer/entity/ChickenRenderer	60	64
	37	45
	38	49
	40	46
	41	47
	42	49
	46	52
	51	56
	24	27
	56	60
	25	28
	57	61
	26	29
	58	62
	59	63
	60	64
	29	33
	30	35
	31	38
net/minecraft/client/renderer/entity/state/EnderDragonRenderState	38	38
	32	32
	33	33
	35	35
	22	23
	38	38
	27	28
	28	29
	29	30
	30	31
com/mojang/realmsclient/dto/RealmsNotification	192	200
	138	110
	139	111
	140	112
	141	113
	142	114
	143	115
	146	118
	147	119
	148	120
	149	121
	150	122
	154	126
	27	28
	155	127
	156	128
	157	129
	159	132
	160	133
	161	134
	162	135
	163	136
	36	35
	164	137
	165	138
	166	139
	167	140
	168	141
	170	143
	44	42
	172	145
	45	43
	173	146
	46	44
	174	147
	47	45
	48	46
	176	150
	177	151
	178	152
	51	49
	179	153
	180	154
	181	155
	55	53
	59	57
	190	165
	63	61
	191	166
	192	167
	65	64
	66	64
	67	65
	69	67
	70	68
	72	71
	76	75
	77	76
	78	77
	80	80
	81	81
	82	82
	84	83
	85	85
	86	86
	87	87
	88	88
	102	181
	103	182
	104	183
	105	184
	106	185
	109	188
	110	189
	111	190
	112	191
	116	195
	120	199
	121	200
net/minecraft/client/model/object/skull/SkullModelBase	10	13
	9	12
	10	13
net/minecraft/client/particle/SpellParticle	129	137
	128	85
	129	86
	13	16
	19	21
	20	22
	21	23
	22	24
	23	25
	24	26
	25	27
	26	28
	27	29
	30	32
	32	33
	34	34
	35	35
	37	36
	38	37
	40	39
	44	43
	49	48
	50	49
	52	50
	53	51
	55	53
	57	55
	61	59
	62	60
	63	61
	66	64
	67	65
	68	66
	75	113
	76	114
	80	119
	88	95
	89	96
	93	101
	95	102
	96	103
	97	104
	105	128
	106	129
	110	134
	111	135
	112	136
	113	137
	121	77
	122	78
	126	83
	127	84
net/minecraft/client/renderer/entity/layers/WitherArmorLayer	38	38
	17	19
	33	34
	18	20
	19	21
	38	38
	23	24
	12	15
	28	29
net/minecraft/client/model/BabyModelTransform	46	39
	32	27
	33	28
	34	29
	35	30
	37	31
	40	33
	41	34
	42	35
	43	36
	46	39
	23	18
	24	19
	27	22
	28	23
net/minecraft/client/model/geom/EntityModelSet	26	28
	18	19
	19	20
	20	21
	22	23
	9	11
	26	28
	14	15
	15	16
net/minecraft/client/multiplayer/PlayerInfo	122	119
	66	62
	67	63
	68	64
	71	67
	75	71
	79	75
	80	76
	83	79
	87	83
	88	84
	91	87
	92	88
	94	91
	32	30
	33	31
	34	32
	98	95
	37	35
	102	99
	103	100
	40	36
	41	37
	106	103
	45	41
	110	107
	111	108
	49	45
	114	111
	53	49
	118	115
	119	116
	57	53
	122	119
	61	57
	62	58
	63	59
com/mojang/blaze3d/vertex/package-info	0	0
net/minecraft/client/resources/sounds/SnifferSoundInstance	42	39
	32	37
	33	39
	36	31
	37	32
	38	33
	40	34
	41	35
	42	39
	15	16
	17	17
	19	18
	20	19
	21	20
	22	21
	26	25
	31	30
net/minecraft/client/gui/components/events/AbstractContainerEventHandler	43	40
	33	29
	18	14
	34	40
	36	30
	37	31
	23	19
	39	34
	24	20
	40	35
	42	38
	43	40
	28	24
net/minecraft/client/model/animal/pig/PigModel	38	42
	33	33
	34	36
	19	20
	35	38
	36	40
	22	23
	38	42
	23	24
	26	27
	30	31
	31	32
net/minecraft/client/gui/components/toasts/RecipeToast	87	84
	65	65
	66	66
	69	69
	70	70
	71	71
	74	74
	76	75
	77	76
	78	77
	81	80
	18	19
	83	81
	20	21
	84	82
	21	22
	86	83
	87	84
	26	26
	30	30
	34	34
	39	39
	40	40
	41	41
	43	44
	44	45
	46	47
	48	50
	49	53
	53	57
	55	58
	56	59
	58	60
	60	61
	61	62
	62	63
	63	64
net/minecraft/client/gui/contextualbar/ContextualBarRenderer	44	47
	35	39
	36	40
	37	41
	39	42
	40	43
	41	44
	42	45
	43	46
	44	47
	17	19
	20	23
	24	27
	28	31
net/minecraft/client/gui/screens/inventory/tooltip/ClientActivePlayersTooltip	51	53
	33	33
	34	35
	35	36
	36	37
	37	38
	40	42
	45	47
	46	48
	47	49
	48	50
	49	51
	19	19
	51	53
	20	20
	24	24
	28	28
net/minecraft/client/GraphicsPreset	118	120
	14	18
	15	19
	16	20
	17	21
	23	25
	26	28
	27	29
	28	30
	32	33
	36	37
	40	41
	41	42
	42	43
	44	45
	45	46
	46	47
	47	48
	48	49
	49	50
	50	51
	51	52
	52	53
	53	54
	54	55
	55	56
	56	57
	57	58
	58	59
	59	60
	60	61
	61	62
	62	63
	64	66
	65	67
	66	68
	67	69
	68	70
	69	71
	70	72
	71	73
	72	74
	73	75
	74	76
	75	77
	76	78
	77	79
	78	80
	79	81
	80	82
	81	83
	82	84
	84	87
	85	88
	86	89
	87	90
	88	91
	89	92
	90	93
	91	94
	92	95
	93	96
	94	97
	95	98
	96	99
	97	100
	98	101
	99	102
	100	103
	102	104
	103	105
	105	107
	109	111
	112	114
	113	115
	114	116
	115	117
	118	120
net/minecraft/client/renderer/blockentity/state/ShulkerBoxRenderState	8	11
	8	11
com/mojang/realmsclient/dto/RegionDataDto	0	0
net/minecraft/client/particle/LargeSmokeParticle	21	26
	16	20
	17	21
	21	26
	9	12
	10	13
net/minecraft/client/gui/font/GlyphRenderTypes	38	33
	17	15
	18	16
	19	17
	35	30
	20	18
	36	31
	37	32
	38	33
	26	24
	27	25
	28	25
	29	25
net/minecraft/client/multiplayer/ServerStatusPinger	227	205
	42	44
	43	45
	45	46
	48	49
	49	50
	50	50
	51	50
	52	51
	53	52
	54	143
	57	54
	59	55
	61	56
	63	57
	64	58
	66	59
	73	65
	74	66
	75	114
	77	68
	78	69
	79	70
	81	71
	82	72
	83	73
	84	74
	85	75
	86	76
	87	77
	89	78
	90	79
	91	80
	93	81
	94	82
	95	84
	97	86
	98	87
	100	89
	102	92
	104	95
	105	96
	107	99
	109	101
	111	103
	112	103
	113	103
	115	104
	116	105
	117	106
	118	107
	120	109
	122	110
	123	111
	124	112
	125	114
	129	117
	130	118
	131	119
	133	120
	135	121
	136	122
	140	125
	141	126
	142	127
	144	129
	148	132
	153	137
	154	138
	155	139
	156	140
	158	143
	161	146
	162	147
	163	148
	164	149
	167	152
	168	152
	169	152
	174	156
	175	157
	178	160
	180	161
	181	162
	182	163
	183	164
	184	165
	185	166
	187	167
	189	168
	190	168
	191	169
	194	172
	195	173
	196	174
	200	178
	201	179
	202	181
	203	182
	205	183
	206	184
	208	186
	209	187
	213	191
	216	194
	217	195
	218	197
	219	198
	221	199
	222	200
	223	201
	227	205
net/minecraft/client/gui/screens/reporting/ChatReportScreen	90	88
	65	69
	66	70
	67	71
	69	73
	72	76
	73	77
	74	78
	76	80
	78	83
	79	84
	19	20
	20	21
	87	88
	88	88
	90	88
	27	27
	28	28
	31	31
	32	32
	35	35
	36	36
	40	41
	41	43
	42	44
	43	45
	44	46
	45	48
	47	51
	48	52
	50	53
	51	54
	52	55
	53	57
	54	59
	56	60
	57	61
	58	62
	59	63
	60	64
	61	65
net/minecraft/client/renderer/special/StandingSignSpecialRenderer	64	68
	64	43
	32	48
	33	49
	34	50
	35	52
	38	56
	39	57
	43	61
	48	66
	49	67
	50	68
	56	35
	57	36
	26	28
	27	29
	28	30
	29	31
	61	40
	62	41
	63	42
com/mojang/realmsclient/dto/RealmsWorldOptions	121	113
	13	16
	16	18
	19	20
	22	22
	25	24
	28	26
	31	28
	34	30
	37	32
	44	37
	47	40
	48	41
	49	42
	50	43
	51	44
	52	45
	53	46
	54	47
	57	50
	61	54
	62	55
	63	56
	64	57
	65	58
	66	59
	70	63
	74	67
	75	68
	76	69
	80	73
	81	74
	84	77
	85	78
	86	79
	88	82
	89	83
	93	87
	94	88
	96	91
	97	92
	99	95
	100	96
	102	98
	105	101
	106	102
	107	102
	110	102
	112	104
	117	109
	121	113
net/minecraft/client/gui/screens/dialog/ButtonListDialogScreen	41	44
	33	38
	18	20
	19	21
	35	39
	36	41
	37	42
	23	26
	25	28
	41	44
	26	30
	27	31
net/minecraft/client/model/effects/package-info	0	0
net/minecraft/client/model/monster/phantom/package-info	0	0
net/minecraft/client/gui/screens/inventory/BlastFurnaceScreen	29	29
	16	18
	17	19
	19	20
	21	24
	28	28
	29	29
	15	17
net/minecraft/client/particle/BubbleParticle	61	59
	12	15
	13	16
	15	17
	17	18
	18	19
	19	20
	21	21
	22	22
	26	26
	27	27
	28	28
	30	29
	31	30
	32	41
	35	32
	36	33
	37	34
	38	35
	39	36
	41	37
	42	38
	44	41
	48	45
	55	53
	56	54
	60	59
	61	59
com/mojang/blaze3d/preprocessor/package-info	0	0
com/mojang/realmsclient/client/worldupload/RealmsCreateWorldFlow	98	117
	64	76
	66	78
	68	81
	71	84
	72	85
	74	88
	75	89
	77	91
	79	94
	81	97
	83	99
	85	102
	88	107
	89	108
	90	109
	93	112
	94	113
	95	114
	96	115
	97	116
	98	117
	35	36
	38	43
	41	47
	42	48
	43	49
	44	50
	45	51
	47	55
	48	57
	49	58
	50	59
	52	62
	53	63
	55	66
	56	67
	57	68
	58	69
	60	72
	61	73
	63	75
net/minecraft/client/renderer/item/ItemModels	22	24
	16	18
	17	19
	18	20
	19	21
	20	22
	21	23
	22	24
	11	13
	14	16
	15	17
net/minecraft/client/gui/screens/inventory/CrafterScreen	126	132
	18	22
	19	23
	20	24
	21	25
	22	26
	27	30
	28	31
	29	32
	33	36
	34	37
	35	38
	39	42
	40	43
	42	45
	43	46
	44	47
	45	48
	49	52
	50	53
	51	54
	57	59
	58	60
	61	63
	62	64
	65	67
	66	68
	69	71
	70	72
	71	73
	72	74
	73	75
	77	79
	78	80
	79	81
	81	83
	83	86
	84	87
	85	88
	86	89
	89	92
	91	94
	94	97
	95	98
	99	102
	100	103
	101	104
	103	105
	104	107
	105	110
	107	112
	110	115
	111	116
	113	118
	114	119
	116	121
	118	124
	119	125
	123	129
	124	130
	125	131
	126	132
com/mojang/realmsclient/dto/OutboundPlayer	0	0
net/minecraft/client/renderer/entity/player/package-info	0	0
net/minecraft/client/renderer/item/properties/select/SelectItemModelProperties	22	25
	16	19
	17	20
	18	21
	19	22
	20	23
	21	24
	22	25
	9	12
	12	15
	13	16
	14	17
	15	18
net/minecraft/client/model/monster/warden/package-info	0	0
net/minecraft/client/renderer/blockentity/state/package-info	0	0
net/minecraft/client/renderer/item/properties/select/Charge	41	40
	16	19
	17	20
	36	35
	21	25
	22	26
	23	27
	41	40
	26	29
	27	29
	31	29
net/minecraft/client/gui/components/AbstractTextAreaWidget	128	127
	128	127
	65	66
	67	67
	68	68
	69	69
	71	72
	74	75
	12	16
	77	78
	81	82
	19	24
	20	25
	23	28
	87	87
	24	29
	25	30
	26	31
	92	92
	30	35
	31	36
	97	97
	36	41
	37	42
	101	101
	38	43
	102	102
	39	44
	40	45
	41	46
	105	105
	42	47
	106	106
	107	107
	45	51
	110	110
	50	56
	51	72
	54	57
	118	118
	55	58
	58	61
	122	122
	60	62
	61	63
	62	64
	63	65
net/minecraft/client/renderer/entity/player/AvatarRenderer	329	324
	258	271
	259	272
	262	275
	263	276
	268	279
	269	280
	270	281
	271	282
	272	283
	273	284
	274	285
	275	286
	276	287
	280	290
	281	291
	283	292
	284	293
	286	294
	288	295
	289	296
	292	299
	293	300
	295	302
	296	303
	300	304
	303	305
	304	306
	306	307
	51	54
	308	308
	53	55
	54	58
	55	59
	311	311
	57	62
	313	313
	58	63
	59	64
	60	65
	61	66
	62	67
	318	316
	63	68
	319	317
	64	69
	320	317
	65	70
	66	71
	322	317
	325	319
	70	74
	329	324
	75	78
	76	79
	77	79
	80	79
	84	83
	85	84
	87	85
	88	86
	91	87
	92	88
	95	91
	96	91
	98	91
	104	95
	105	96
	108	99
	109	100
	112	103
	113	104
	114	105
	115	106
	116	109
	117	110
	118	113
	119	114
	120	117
	121	118
	122	121
	123	122
	124	125
	125	126
	126	129
	127	130
	128	133
	129	134
	132	138
	133	139
	134	140
	136	142
	137	142
	139	142
	144	147
	149	151
	150	152
	151	153
	155	158
	156	159
	158	160
	159	161
	160	171
	162	174
	163	175
	165	187
	166	188
	170	191
	175	195
	176	196
	177	197
	178	198
	179	199
	180	200
	181	201
	182	202
	183	203
	184	204
	185	205
	186	206
	187	207
	188	208
	189	209
	190	210
	191	211
	193	212
	194	213
	196	215
	199	218
	200	219
	201	220
	202	221
	204	222
	205	223
	206	224
	207	225
	208	226
	211	229
	215	232
	219	236
	220	237
	221	238
	222	239
	223	240
	224	241
	225	242
	226	243
	228	245
	229	246
	231	248
	234	251
	235	252
	236	253
	237	254
	239	255
	241	256
	242	257
	244	258
	245	259
	246	260
	247	261
	248	262
	249	263
	250	264
	252	265
	253	266
	254	267
	255	268
com/mojang/realmsclient/gui/screens/RealmsBrokenWorldScreen	235	257
	37	38
	38	39
	59	52
	60	53
	61	54
	62	55
	66	59
	68	60
	70	61
	71	62
	73	64
	75	66
	79	70
	83	74
	84	75
	85	76
	88	78
	89	80
	90	81
	91	84
	92	86
	94	89
	95	91
	96	92
	97	92
	100	94
	103	99
	104	100
	105	101
	108	104
	110	106
	114	110
	115	111
	119	115
	121	116
	123	118
	124	119
	127	122
	128	155
	131	123
	132	124
	133	125
	135	139
	138	155
	141	158
	145	162
	149	166
	150	167
	151	167
	152	169
	153	170
	154	171
	155	172
	156	173
	160	178
	162	179
	163	181
	166	184
	167	185
	168	186
	169	187
	170	188
	173	193
	174	194
	177	197
	180	200
	181	202
	182	203
	183	204
	185	205
	186	206
	188	208
	190	210
	191	212
	192	213
	193	214
	194	215
	196	217
	200	221
	201	222
	204	225
	210	232
	211	233
	212	234
	213	235
	214	236
	215	237
	216	238
	217	239
	218	240
	219	241
	221	243
	224	246
	225	247
	226	248
	227	249
	229	251
	230	252
	231	253
	234	256
	235	257
net/minecraft/client/gui/screens/RecoverWorldDataScreen	178	164
	128	110
	129	111
	130	114
	131	115
	132	116
	133	117
	134	118
	135	119
	136	120
	138	122
	140	125
	145	130
	146	131
	148	133
	150	137
	151	138
	153	136
	158	144
	159	145
	32	34
	160	146
	36	36
	164	150
	37	37
	165	151
	38	38
	166	152
	39	39
	167	153
	40	40
	168	154
	41	41
	42	42
	43	43
	44	44
	172	158
	177	163
	178	164
	54	53
	55	54
	56	55
	57	58
	58	59
	59	60
	60	61
	61	62
	62	63
	63	64
	64	65
	65	66
	66	67
	68	68
	70	69
	71	70
	72	71
	74	72
	75	73
	76	73
	78	73
	80	73
	81	73
	83	74
	84	75
	86	75
	88	75
	89	75
	90	75
	92	78
	93	79
	94	79
	96	79
	98	79
	99	79
	102	80
	103	81
	107	84
	108	85
	109	86
	110	95
	111	100
	112	102
	114	87
	115	88
	116	89
	117	90
	119	92
	121	102
	124	105
	125	106
	127	109
net/minecraft/client/gui/contextualbar/package-info	0	0
net/minecraft/client/particle/GustSeedParticle	49	53
	33	36
	42	45
	43	46
	44	47
	45	48
	14	16
	15	17
	16	18
	17	19
	49	53
	18	20
	22	24
	23	25
	24	26
	25	27
	26	28
	27	29
	30	33
	31	34
com/mojang/blaze3d/font/UnbakedGlyph	0	0
net/minecraft/client/model/monster/illager/package-info	0	0
net/minecraft/client/renderer/MapRenderer	102	99
	31	32
	32	33
	33	34
	37	37
	38	38
	39	39
	40	40
	41	41
	42	42
	44	43
	45	45
	46	46
	49	47
	50	48
	51	49
	52	50
	53	51
	55	52
	56	53
	57	54
	58	55
	59	56
	60	57
	61	58
	62	59
	63	60
	65	61
	68	64
	69	65
	70	66
	71	67
	73	68
	74	69
	75	70
	76	71
	77	72
	78	74
	81	77
	83	80
	86	83
	87	84
	89	86
	90	87
	92	89
	95	92
	96	93
	97	94
	98	95
	99	96
	100	97
	101	98
	102	99
net/minecraft/client/renderer/entity/layers/CapeLayer	63	72
	32	39
	33	40
	34	44
	36	41
	37	42
	42	49
	43	72
	46	50
	47	51
	48	72
	51	52
	52	72
	55	53
	56	54
	57	55
	26	33
	27	34
	28	35
	60	58
	29	36
	62	68
	63	72
net/minecraft/client/gui/components/PlainTextButton	26	29
	16	19
	17	20
	18	21
	19	22
	20	23
	24	27
	25	28
	26	29
net/minecraft/client/model/geom/ModelLayerLocation	8	11
	8	11
net/minecraft/client/renderer/ItemBlockRenderTypes	434	405
	21	21
	22	22
	23	23
	25	24
	26	25
	27	26
	28	27
	29	28
	30	29
	31	30
	32	31
	34	32
	35	33
	36	34
	37	35
	38	36
	39	37
	40	38
	41	39
	42	40
	43	41
	44	42
	45	43
	46	44
	47	45
	48	46
	49	47
	50	48
	51	49
	52	50
	53	51
	54	52
	55	53
	56	54
	57	55
	58	56
	59	57
	60	58
	61	59
	62	60
	63	61
	64	62
	65	63
	66	64
	67	65
	68	66
	69	67
	70	68
	71	69
	72	70
	73	71
	74	72
	75	73
	76	74
	77	75
	78	76
	79	77
	80	78
	81	79
	82	80
	83	81
	84	82
	85	83
	86	84
	87	85
	88	86
	89	87
	90	88
	91	89
	92	90
	93	91
	94	92
	95	93
	96	94
	97	95
	98	96
	99	97
	100	98
	101	99
	102	100
	103	101
	104	102
	105	103
	106	104
	107	105
	108	106
	109	107
	110	108
	111	109
	112	110
	113	111
	114	112
	115	113
	116	114
	117	115
	118	116
	119	117
	120	118
	121	119
	122	120
	123	121
	124	122
	125	123
	126	124
	127	125
	128	126
	129	127
	130	128
	131	129
	132	130
	133	131
	134	132
	135	133
	136	134
	137	135
	138	136
	139	137
	140	138
	141	139
	142	140
	143	141
	144	142
	145	143
	146	144
	147	145
	148	146
	149	147
	150	148
	151	149
	152	150
	153	151
	154	152
	155	153
	156	154
	157	155
	158	156
	159	157
	160	158
	161	159
	162	160
	163	161
	164	162
	165	163
	166	164
	167	165
	168	166
	169	167
	170	168
	171	169
	172	170
	173	171
	174	172
	175	173
	176	174
	177	175
	178	176
	179	177
	180	178
	181	179
	182	180
	183	181
	184	182
	185	183
	186	184
	187	185
	188	186
	189	187
	190	188
	191	189
	192	190
	193	191
	194	192
	195	193
	196	194
	197	195
	198	196
	199	197
	200	198
	201	199
	202	200
	203	201
	204	202
	205	203
	206	204
	207	205
	208	206
	209	207
	210	208
	211	209
	212	210
	213	211
	214	212
	215	213
	216	214
	217	215
	218	216
	219	217
	220	218
	221	219
	222	220
	223	221
	224	222
	225	223
	226	224
	227	225
	228	226
	229	227
	230	228
	231	229
	232	230
	233	231
	234	232
	235	233
	236	234
	237	235
	238	236
	239	237
	240	238
	241	239
	242	240
	243	241
	244	242
	245	243
	246	244
	247	245
	248	246
	249	247
	250	248
	251	249
	252	250
	253	251
	254	252
	255	253
	256	254
	257	255
	258	256
	259	257
	260	258
	261	259
	262	260
	263	261
	264	262
	265	263
	266	264
	267	265
	268	266
	269	267
	270	268
	271	269
	272	270
	273	271
	274	272
	275	273
	276	274
	277	275
	278	276
	279	277
	280	278
	281	279
	282	280
	283	281
	284	282
	285	283
	286	284
	287	285
	288	286
	289	287
	290	288
	291	289
	292	290
	293	291
	294	292
	295	293
	296	294
	297	295
	298	296
	299	297
	300	298
	301	299
	302	300
	303	301
	304	302
	305	303
	306	304
	307	305
	308	306
	309	307
	310	308
	311	309
	312	310
	313	311
	314	312
	315	313
	317	314
	318	315
	319	316
	320	317
	321	318
	322	319
	323	320
	324	321
	325	322
	326	323
	327	324
	328	325
	329	326
	330	327
	331	328
	332	329
	333	330
	334	331
	335	332
	336	333
	337	334
	338	335
	339	336
	340	337
	341	338
	342	339
	343	340
	344	341
	345	342
	346	343
	347	344
	348	345
	349	346
	350	347
	351	348
	352	349
	353	350
	354	351
	355	352
	356	353
	357	354
	358	355
	359	356
	378	357
	380	358
	381	359
	382	360
	383	361
	388	365
	389	366
	390	367
	392	370
	393	371
	394	371
	396	371
	400	375
	401	376
	402	377
	404	380
	405	381
	406	382
	407	383
	408	384
	409	385
	410	386
	413	389
	417	394
	418	395
	419	395
	421	395
	425	399
	426	400
	427	400
	429	400
	433	404
	434	405
net/minecraft/client/multiplayer/LegacyServerPinger	78	72
	64	59
	65	60
	66	61
	68	62
	72	66
	73	67
	77	71
	78	72
	15	17
	21	22
	22	23
	23	24
	27	28
	28	29
	30	32
	31	33
	35	34
	36	35
	37	36
	38	37
	39	38
	40	39
	41	40
	42	41
	43	42
	44	43
	46	44
	47	45
	48	46
	49	47
	51	49
	55	52
	57	53
	58	54
	59	55
	61	56
	62	57
	63	58
net/minecraft/client/multiplayer/prediction/package-info	0	0
net/minecraft/client/renderer/block/model/ItemTransforms	70	80
	66	79
	67	80
	68	80
	70	80
	24	26
	27	38
	28	39
	29	40
	30	41
	31	42
	32	43
	33	44
	34	45
	35	46
	36	47
	37	48
	44	55
	46	56
	47	57
	48	58
	49	59
	51	62
	52	63
	53	64
	54	65
	56	68
	57	69
	58	70
	59	71
	60	72
	62	74
net/minecraft/client/sounds/SoundEventListener	0	0
net/minecraft/client/particle/WaterDropParticle	73	73
	68	67
	69	68
	73	73
	12	15
	13	16
	14	17
	15	18
	17	19
	18	20
	20	21
	21	22
	25	26
	30	31
	31	32
	32	33
	34	34
	35	35
	36	60
	39	37
	40	38
	41	39
	42	40
	43	41
	45	42
	46	43
	47	44
	49	47
	50	48
	53	51
	54	52
	55	53
	56	54
	59	56
	60	57
	62	60
net/minecraft/client/gui/components/ImageButton	29	32
	17	20
	18	21
	21	24
	22	25
	23	26
	27	30
	28	31
	13	16
	29	32
	14	17
net/minecraft/client/renderer/block/model/multipart/Condition	43	39
	33	34
	34	35
	35	35
	38	36
	39	37
	40	38
	41	39
	43	36
	16	20
	18	22
	20	23
	21	23
	22	25
	24	27
	25	28
	27	31
	28	32
	30	33
com/mojang/blaze3d/resource/ResourceHandle	10	13
	5	9
	10	13
com/mojang/realmsclient/dto/WorldDownload	29	26
	18	16
	20	19
	21	20
	22	21
	23	22
	25	24
	26	25
	29	26
	15	13
net/minecraft/client/resources/WaypointStyle	70	66
	66	61
	67	62
	69	65
	70	66
	26	20
	28	22
	29	23
	30	24
	31	25
	32	27
	36	37
	37	38
	39	39
	40	40
	42	42
	43	43
	45	44
	49	32
	51	32
	53	33
	56	49
	57	50
	59	53
	60	54
	62	57
	63	58
net/minecraft/client/resources/metadata/gui/GuiMetadataSection	14	16
	8	11
	10	13
	11	13
	12	14
	14	16
net/minecraft/client/renderer/blockentity/SpawnerRenderer	56	71
	32	39
	33	44
	35	40
	36	41
	37	42
	38	44
	42	47
	43	49
	45	52
	48	63
	49	64
	50	65
	51	66
	52	67
	21	24
	53	68
	22	25
	54	69
	55	70
	56	71
	26	28
	31	38
net/minecraft/client/data/models/blockstates/ConditionBuilder	41	44
	32	35
	36	39
	37	40
	41	44
	12	15
	15	18
	16	19
	19	22
	20	23
	25	28
	26	29
	27	30
	28	31
	29	32
	30	33
	31	34
net/minecraft/client/multiplayer/chat/report/ReportingContext	76	80
	64	68
	68	72
	69	73
	72	76
	76	80
	23	24
	24	25
	25	26
	26	27
	29	30
	30	31
	31	32
	35	36
	36	37
	37	38
	38	41
	39	42
	40	43
	42	45
	44	47
	45	48
	46	49
	47	50
	48	51
	51	55
	53	57
	56	60
	60	64
net/minecraft/client/renderer/feature/package-info	0	0
net/minecraft/client/renderer/entity/ElderGuardianRenderer	16	19
	16	19
	8	11
	11	14
	12	15
net/minecraft/client/gui/layouts/LayoutSettings	168	147
	128	113
	129	114
	67	61
	134	118
	139	122
	79	74
	144	126
	145	127
	82	77
	146	128
	83	78
	84	79
	85	80
	86	81
	87	82
	151	132
	88	83
	152	133
	92	86
	157	137
	158	138
	97	90
	163	142
	102	94
	39	33
	103	94
	104	94
	168	147
	105	94
	43	37
	110	98
	47	41
	111	99
	51	45
	116	103
	117	104
	55	49
	122	108
	59	53
	123	109
com/mojang/blaze3d/buffers/Std140SizeCalculator	75	73
	67	65
	68	66
	69	67
	73	71
	74	72
	75	73
	16	14
	20	18
	21	19
	25	23
	26	24
	27	25
	31	29
	32	30
	33	31
	37	35
	38	36
	39	37
	43	41
	44	42
	45	43
	49	47
	50	48
	51	49
	55	53
	56	54
	57	55
	61	59
	62	60
	63	61
net/minecraft/client/renderer/entity/PillagerRenderer	26	26
	16	18
	17	19
	21	22
	26	26
	11	14
	14	17
net/minecraft/client/renderer/blockentity/state/SkullBlockRenderState	11	15
	9	13
	11	15
net/minecraft/client/renderer/special/BedSpecialRenderer	54	56
	32	46
	33	47
	37	51
	42	56
	48	30
	49	31
	53	35
	22	24
	54	36
	23	25
	24	26
	27	41
	28	41
	29	42
net/minecraft/client/searchtree/SearchTree	25	29
	16	19
	19	22
	20	24
	21	25
	23	28
	25	29
	11	14
	15	18
net/minecraft/client/particle/SpitParticle	22	27
	17	21
	18	22
	22	27
	9	12
	10	13
	11	14
net/minecraft/client/gui/screens/worldselection/EditWorldScreen	218	185
	42	42
	43	43
	44	44
	45	45
	46	46
	47	47
	48	48
	49	49
	50	50
	51	51
	52	52
	65	62
	66	63
	70	67
	71	68
	72	69
	74	70
	75	71
	76	72
	77	73
	78	74
	81	75
	82	76
	83	76
	84	76
	85	76
	86	77
	87	77
	88	77
	89	77
	92	78
	93	79
	94	79
	95	80
	96	81
	97	82
	98	82
	99	82
	100	82
	102	84
	103	84
	104	84
	106	84
	107	84
	109	85
	110	85
	111	86
	113	87
	114	88
	115	88
	116	88
	118	89
	119	89
	120	90
	121	91
	123	94
	124	95
	125	96
	127	99
	128	100
	129	100
	130	100
	132	101
	133	101
	134	101
	135	102
	136	103
	139	106
	140	107
	141	107
	142	107
	143	107
	146	108
	147	109
	149	111
	150	113
	154	117
	155	118
	159	122
	160	123
	164	127
	165	128
	166	129
	170	133
	171	134
	172	135
	173	136
	175	138
	180	144
	181	145
	185	149
	186	150
	187	151
	188	152
	190	155
	191	156
	194	159
	195	160
	197	163
	198	164
	199	165
	202	168
	203	169
	204	170
	205	171
	206	172
	208	174
	209	175
	210	176
	211	177
	216	183
	217	184
	218	185
net/minecraft/client/renderer/blockentity/BrushableBlockRenderer	77	96
	66	74
	68	75
	69	76
	70	78
	71	81
	72	84
	73	87
	74	90
	75	93
	77	96
	24	26
	25	27
	29	30
	34	40
	35	41
	36	42
	38	43
	39	44
	42	52
	43	54
	47	59
	48	71
	51	60
	52	61
	53	62
	55	63
	56	64
	57	65
	58	66
	59	67
	61	68
	62	69
	63	71
net/minecraft/client/renderer/texture/Stitcher	267	215
	256	203
	257	204
	130	113
	258	205
	131	114
	259	206
	260	207
	133	115
	263	210
	267	215
	13	17
	151	141
	152	142
	153	143
	26	28
	154	144
	27	29
	155	145
	28	30
	29	31
	30	32
	158	148
	33	35
	162	152
	37	39
	167	156
	168	157
	41	44
	43	44
	171	160
	44	44
	172	161
	46	46
	47	47
	175	162
	176	198
	50	50
	51	51
	180	163
	53	53
	54	54
	182	164
	55	55
	183	165
	58	58
	187	168
	188	169
	191	170
	65	61
	193	171
	66	62
	194	172
	68	64
	196	173
	71	67
	75	71
	76	72
	77	73
	81	77
	211	174
	212	175
	213	176
	214	177
	215	178
	217	180
	218	181
	220	183
	93	81
	94	82
	95	83
	96	84
	98	85
	99	86
	101	87
	102	88
	230	184
	231	185
	105	91
	106	92
	108	94
	109	95
	112	97
	242	186
	116	101
	118	102
	246	190
	119	103
	247	191
	248	192
	122	106
	123	107
	252	196
	126	109
	127	110
net/minecraft/client/renderer/texture/atlas/sources/LazyLoadedImage	52	54
	32	34
	33	35
	34	36
	35	37
	41	43
	45	47
	46	48
	47	49
	48	50
	49	51
	20	22
	52	54
	21	23
	22	24
	23	25
	26	28
	27	29
	28	30
	29	31
	30	32
	31	33
net/minecraft/client/renderer/entity/layers/SpinAttackEffectLayer	31	32
	20	22
	21	23
	22	24
	26	27
	27	32
	30	28
	15	18
	31	32
net/minecraft/client/particle/LavaParticle	65	66
	64	66
	65	66
	11	14
	12	15
	13	16
	14	17
	15	18
	16	19
	17	20
	19	21
	21	22
	22	23
	26	27
	31	32
	33	33
	34	34
	35	35
	40	40
	41	41
	46	46
	47	47
	48	48
	49	49
	50	50
	53	53
	59	60
	60	61
net/minecraft/client/telemetry/TelemetryEventType	198	183
	131	113
	135	117
	136	119
	137	120
	139	123
	143	127
	20	21
	148	132
	21	22
	22	23
	23	23
	152	136
	25	23
	28	26
	156	140
	160	144
	164	148
	44	38
	174	159
	175	160
	48	40
	176	161
	50	41
	51	42
	179	164
	52	43
	180	165
	53	44
	54	45
	56	46
	184	169
	57	47
	185	170
	58	48
	59	49
	60	50
	61	51
	189	174
	62	52
	190	175
	63	53
	64	54
	65	55
	194	179
	67	56
	195	180
	68	57
	196	181
	69	58
	70	59
	198	183
	71	60
	72	61
	74	62
	75	63
	76	64
	77	65
	78	66
	80	67
	81	68
	82	69
	83	70
	84	71
	85	72
	87	73
	88	74
	89	75
	90	76
	91	77
	92	78
	93	79
	94	80
	104	88
	105	89
	106	90
	107	91
	108	92
	109	93
	112	94
	115	97
	119	101
	123	105
	127	109
net/minecraft/client/model/ambient/BatModel	107	87
	30	30
	31	31
	32	32
	33	33
	34	34
	35	35
	36	36
	37	37
	39	38
	40	39
	41	40
	44	43
	45	44
	47	45
	48	46
	49	46
	50	46
	52	48
	53	49
	54	49
	55	49
	57	51
	58	52
	59	52
	60	52
	62	54
	63	55
	64	55
	65	55
	67	57
	68	58
	69	58
	70	58
	72	60
	73	61
	74	61
	75	61
	77	63
	78	64
	79	64
	80	64
	82	66
	83	67
	84	67
	85	67
	87	69
	88	70
	89	70
	90	70
	92	72
	97	76
	98	77
	99	78
	101	81
	102	82
	103	83
	106	86
	107	87
net/minecraft/client/model/animal/armadillo/package-info	0	0
net/minecraft/client/player/ClientInput	27	34
	18	17
	22	21
	8	10
	9	11
	26	25
	27	34
	12	14
net/minecraft/client/resources/metadata/package-info	0	0
net/minecraft/client/renderer/entity/ArmorModelSet	45	40
	34	31
	35	32
	36	33
	37	34
	38	35
	45	40
	20	17
	21	18
	22	19
	23	20
	24	21
	25	22
	30	27
net/minecraft/client/gui/narration/NarrationThunk	54	52
	34	35
	35	36
	39	40
	40	41
	43	43
	44	45
	14	15
	47	44
	17	18
	18	19
	19	20
	52	51
	53	52
	22	23
	54	52
	26	27
	30	31
net/minecraft/client/gui/screens/options/LanguageSelectScreen	188	191
	130	130
	132	131
	133	133
	134	134
	135	135
	136	136
	137	138
	138	139
	140	140
	141	141
	142	142
	146	146
	154	155
	155	156
	28	28
	156	157
	31	30
	160	161
	161	162
	165	166
	166	167
	167	168
	40	37
	168	169
	41	38
	42	39
	170	171
	43	40
	47	44
	175	177
	48	45
	176	178
	49	46
	177	179
	50	47
	51	48
	179	182
	52	49
	53	50
	54	51
	183	186
	56	53
	184	187
	57	54
	58	55
	188	191
	62	59
	63	60
	65	62
	67	64
	71	68
	72	69
	77	73
	81	77
	82	78
	83	79
	84	80
	85	82
	86	84
	87	85
	91	89
	92	90
	93	91
	95	93
	98	96
	99	99
	100	100
	101	101
	103	104
	104	105
	108	109
	113	115
	115	116
	116	117
	117	118
	118	119
	119	120
	120	121
	122	123
	124	124
	125	125
	127	127
com/mojang/realmsclient/Unit	48	46
	34	31
	38	35
	39	36
	40	37
	42	40
	43	41
	44	42
	15	17
	16	18
	48	46
	20	22
	21	23
	23	24
	24	25
	25	26
	30	31
	31	31
net/minecraft/client/package-info	0	0
net/minecraft/client/particle/AshParticle	21	26
	16	20
	17	21
	21	26
	9	12
	10	13
net/minecraft/client/resources/sounds/UnderwaterAmbientSoundHandler	39	40
	32	33
	33	34
	34	35
	35	36
	36	37
	39	40
	18	20
	19	21
	20	22
	24	26
	26	27
	27	28
	28	29
	29	30
	30	31
	31	32
net/minecraft/client/model/object/crystal/package-info	0	0
net/minecraft/client/multiplayer/prediction/BlockStatePredictionHandler	86	92
	65	70
	74	80
	75	81
	76	82
	77	83
	80	86
	81	87
	18	21
	19	24
	20	25
	85	91
	22	26
	86	92
	24	28
	27	31
	28	32
	29	33
	31	36
	32	37
	36	41
	37	43
	38	44
	39	45
	40	46
	41	47
	42	48
	44	49
	47	52
	50	55
	51	56
	52	57
	57	62
	58	63
	61	66
net/minecraft/client/multiplayer/chat/ChatTrustLevel	81	67
	64	51
	68	55
	72	59
	73	60
	74	61
	75	62
	16	18
	17	19
	81	67
	18	20
	21	22
	26	26
	27	27
	30	30
	31	31
	34	33
	35	33
	38	33
	42	38
	43	39
	46	42
	47	43
	48	43
	51	43
	55	47
	56	47
	57	47
	59	47
	60	47
net/minecraft/client/renderer/entity/state/PiglinRenderState	9	12
	9	12
net/minecraft/client/particle/SimpleAnimatedParticle	58	58
	15	16
	16	17
	17	18
	18	19
	19	20
	22	23
	23	24
	24	25
	25	26
	26	27
	27	28
	30	31
	31	32
	32	33
	33	34
	34	35
	38	39
	43	44
	44	45
	45	46
	46	47
	48	48
	49	49
	50	50
	51	51
	54	54
	58	58
net/minecraft/client/multiplayer/chat/report/BanReason	50	49
	8	10
	9	11
	10	12
	11	13
	12	14
	13	15
	14	16
	15	17
	16	18
	17	19
	18	20
	19	21
	20	22
	26	27
	27	28
	30	31
	34	35
	37	40
	38	36
	39	38
	40	39
	41	41
	42	42
	43	43
	44	44
	45	45
	46	46
	47	47
	48	48
	49	49
	50	37
net/minecraft/client/renderer/entity/state/AxolotlRenderState	9	12
	6	9
	9	12
net/minecraft/client/particle/WhiteAshParticle	30	35
	16	19
	22	26
	23	27
	27	32
	12	15
	28	33
	13	16
	29	34
	14	17
	30	35
	15	18
net/minecraft/client/renderer/entity/layers/CrossedArmsItemLayer	42	37
	33	27
	34	29
	37	32
	38	33
	39	34
	40	35
	41	36
	42	37
	18	18
	19	19
	23	22
	24	23
	25	29
	28	24
	29	25
	31	26
net/minecraft/client/renderer/item/properties/select/ContextEntityType	31	36
	17	20
	21	26
	26	31
	15	18
	31	36
net/minecraft/client/model/animal/nautilus/NautilusArmorModel	32	39
	32	39
	17	19
	18	20
	19	21
	20	22
	23	25
	24	26
	26	27
	28	28
	29	33
	30	35
net/minecraft/client/gui/narration/NarratedElementType	0	0
net/minecraft/client/player/LocalPlayerResolver	49	44
	32	28
	36	32
	41	36
	42	37
	43	38
	44	39
	45	40
	49	44
	21	19
	22	20
	23	21
	27	24
	28	25
	30	26
	31	27
com/mojang/blaze3d/opengl/GlCommandEncoder	896	1096
	44	42
	56	52
	57	53
	58	54
	59	55
	63	59
	68	66
	69	67
	71	70
	72	71
	74	74
	75	75
	77	78
	78	79
	80	82
	81	83
	83	86
	84	87
	85	88
	87	91
	88	92
	90	95
	91	96
	95	100
	96	101
	97	102
	98	103
	99	104
	100	105
	101	106
	102	107
	103	108
	105	111
	106	112
	107	113
	109	116
	110	117
	111	118
	112	119
	113	120
	115	123
	116	124
	117	125
	122	130
	123	131
	126	134
	128	135
	129	136
	130	137
	131	138
	132	139
	133	140
	134	141
	135	142
	139	146
	140	147
	143	150
	144	151
	146	152
	147	153
	148	154
	149	155
	150	156
	151	157
	152	158
	153	159
	154	160
	155	161
	159	165
	160	166
	163	169
	164	170
	166	171
	168	172
	169	173
	170	174
	171	175
	172	176
	173	177
	174	178
	175	179
	176	180
	177	181
	178	182
	181	185
	182	186
	184	189
	185	190
	187	193
	188	194
	190	197
	191	198
	193	201
	194	202
	196	205
	197	206
	199	208
	203	212
	204	213
	207	216
	209	217
	210	218
	211	219
	212	220
	213	221
	214	222
	215	223
	216	224
	217	225
	218	226
	221	229
	222	230
	224	233
	225	234
	227	237
	228	238
	230	241
	231	242
	233	244
	236	247
	237	248
	239	251
	240	252
	242	255
	243	256
	245	259
	246	260
	248	262
	252	266
	253	267
	256	270
	257	271
	258	272
	260	275
	261	276
	264	279
	265	280
	266	282
	268	286
	269	289
	272	298
	273	299
	277	303
	282	308
	283	309
	286	312
	287	313
	288	314
	290	317
	291	318
	293	321
	294	322
	296	325
	297	326
	299	329
	300	332
	303	341
	304	342
	305	343
	307	346
	308	347
	310	350
	315	355
	316	356
	319	359
	320	360
	321	361
	322	364
	323	365
	326	368
	327	369
	328	370
	329	373
	330	374
	333	377
	334	379
	337	383
	338	386
	341	395
	342	398
	345	407
	346	410
	350	414
	351	415
	352	416
	353	418
	355	422
	356	423
	358	426
	359	427
	362	430
	363	431
	367	435
	368	436
	371	439
	372	490
	374	440
	375	443
	377	457
	378	459
	380	463
	381	464
	383	467
	384	468
	386	471
	387	472
	391	476
	392	477
	393	478
	395	480
	396	481
	398	484
	399	485
	400	486
	401	487
	402	488
	403	492
	407	496
	408	497
	411	500
	412	551
	414	501
	415	503
	417	507
	418	510
	420	524
	421	525
	423	528
	424	529
	426	532
	427	533
	431	537
	432	538
	433	539
	435	541
	436	542
	438	545
	439	546
	440	547
	441	548
	442	549
	443	553
	447	557
	448	558
	451	561
	452	562
	456	566
	457	567
	460	570
	461	637
	463	571
	464	574
	466	586
	467	587
	469	590
	470	591
	472	594
	473	597
	475	611
	476	612
	478	615
	479	616
	481	619
	482	620
	486	623
	487	624
	488	625
	489	626
	490	627
	491	628
	492	629
	493	630
	494	631
	496	632
	497	633
	498	634
	500	639
	504	643
	505	644
	508	647
	509	719
	511	648
	512	651
	514	665
	515	668
	517	682
	518	683
	520	686
	521	687
	523	690
	524	691
	526	694
	527	695
	529	698
	530	699
	532	702
	533	703
	537	706
	538	707
	539	708
	540	709
	541	710
	542	711
	543	712
	544	713
	546	714
	547	715
	548	716
	550	721
	554	725
	555	726
	557	729
	558	730
	560	733
	561	734
	563	737
	564	738
	567	741
	568	742
	569	743
	570	744
	571	745
	572	746
	573	751
	577	755
	578	756
	580	758
	584	770
	585	809
	588	771
	589	772
	592	775
	593	776
	594	777
	595	778
	596	779
	597	780
	598	781
	600	784
	601	785
	603	788
	605	789
	607	792
	608	793
	611	797
	612	798
	613	799
	614	800
	615	801
	617	803
	619	806
	621	809
	624	812
	625	844
	628	813
	629	814
	630	815
	631	816
	633	819
	634	820
	636	823
	637	824
	640	828
	641	829
	642	830
	644	833
	645	834
	647	837
	648	838
	652	842
	653	844
	656	849
	658	850
	659	851
	660	852
	661	853
	662	855
	664	858
	666	860
	667	861
	669	863
	671	865
	672	866
	674	868
	676	870
	679	873
	681	874
	682	875
	685	878
	686	879
	689	882
	690	883
	691	884
	695	885
	696	886
	699	889
	700	890
	701	891
	703	894
	704	895
	707	899
	708	900
	709	901
	711	904
	712	905
	717	911
	718	912
	719	913
	720	914
	721	915
	722	916
	724	919
	725	920
	726	921
	727	924
	728	925
	730	928
	731	929
	737	934
	738	935
	740	937
	741	938
	747	941
	748	942
	750	943
	752	944
	753	945
	754	946
	755	947
	758	950
	759	951
	760	952
	762	953
	763	954
	764	955
	767	956
	768	957
	770	960
	771	961
	772	962
	774	965
	775	966
	776	967
	777	968
	778	969
	781	972
	782	973
	783	974
	787	978
	788	979
	789	980
	791	983
	792	984
	794	986
	795	987
	796	988
	798	990
	799	991
	801	994
	802	995
	803	996
	807	1003
	809	1004
	810	1005
	811	1006
	813	1008
	815	1011
	820	1015
	821	1062
	823	1016
	825	1017
	826	1018
	827	1019
	829	1021
	832	1024
	833	1025
	835	1027
	838	1030
	839	1031
	840	1032
	841	1034
	843	1040
	846	1043
	847	1044
	848	1045
	850	1046
	851	1049
	852	1050
	854	1047
	857	1053
	858	1055
	860	1058
	861	1059
	864	1062
	867	1065
	868	1066
	869	1067
	870	1068
	873	1071
	878	1076
	879	1077
	880	1078
	882	1081
	883	1082
	884	1083
	885	1084
	890	1089
	891	1090
	892	1091
	894	1094
	895	1095
	896	1096
net/minecraft/client/renderer/item/properties/numeric/RangeSelectItemModelProperties	23	26
	16	19
	17	20
	18	21
	19	22
	20	23
	21	24
	22	25
	23	26
	10	13
	13	16
	14	17
	15	18
net/minecraft/client/gui/components/ImageWidget	85	92
	32	35
	36	39
	71	76
	72	77
	73	78
	74	79
	43	46
	75	80
	15	18
	79	84
	16	19
	80	87
	50	54
	19	22
	51	55
	52	56
	84	91
	85	92
	23	26
	56	60
	57	61
	28	31
	61	65
	62	66
net/minecraft/client/gui/render/pip/GuiProfilerChartRenderer	73	73
	64	64
	68	68
	73	73
	18	18
	19	19
	23	23
	28	27
	29	28
	30	29
	31	31
	32	32
	34	33
	35	34
	36	35
	37	36
	38	38
	39	39
	40	40
	41	41
	42	42
	45	45
	46	47
	47	48
	48	49
	49	50
	50	51
	51	52
	52	53
	53	54
	56	55
	57	56
	58	57
	59	58
	62	62
net/minecraft/client/renderer/entity/ShulkerBulletRenderer	69	81
	32	32
	66	78
	67	79
	68	80
	37	38
	69	81
	39	39
	41	40
	42	41
	43	42
	44	43
	46	44
	48	45
	50	55
	20	22
	52	56
	21	23
	54	69
	56	70
	57	71
	26	27
	27	28
	28	29
	61	74
net/minecraft/client/gui/components/PlayerFaceRenderer	44	44
	32	34
	34	35
	35	36
	37	38
	40	41
	41	42
	43	43
	44	44
	22	24
	23	25
	26	28
	27	29
	30	32
	31	33
net/minecraft/client/particle/ElderGuardianParticleGroup	55	72
	34	58
	35	59
	37	72
	42	40
	43	41
	44	42
	45	43
	47	44
	48	45
	49	46
	51	47
	52	48
	53	49
	23	23
	55	50
	24	24
	28	31
net/minecraft/client/color/package-info	0	0
net/minecraft/client/multiplayer/SessionSearchTrees	116	132
	36	39
	37	40
	38	41
	43	45
	44	46
	45	47
	48	50
	49	51
	51	53
	54	56
	55	56
	56	57
	57	58
	61	62
	62	65
	63	66
	64	67
	65	68
	66	69
	67	70
	69	71
	71	81
	72	75
	73	80
	75	83
	76	85
	77	86
	78	88
	81	91
	85	95
	86	98
	87	99
	88	100
	89	100
	91	100
	92	102
	93	103
	94	105
	97	108
	101	112
	102	115
	103	116
	105	117
	106	122
	107	120
	108	121
	110	124
	111	126
	112	127
	113	129
	116	132
net/minecraft/client/model/object/chest/ChestModel	100	71
	22	23
	23	24
	24	25
	25	26
	28	29
	29	30
	31	31
	32	31
	33	31
	36	32
	37	33
	38	33
	39	33
	41	35
	42	36
	43	36
	44	36
	47	38
	51	42
	52	43
	54	44
	55	44
	56	44
	59	45
	60	46
	61	46
	62	46
	64	48
	65	49
	66	49
	67	49
	69	51
	73	55
	74	56
	76	57
	77	57
	78	57
	81	58
	82	59
	83	59
	84	59
	86	61
	87	62
	88	62
	89	62
	92	64
	97	68
	98	69
	99	70
	100	71
net/minecraft/client/telemetry/TelemetryEventInstance	19	22
	16	19
	19	22
	8	11
	11	14
	12	15
	13	16
	15	18
net/minecraft/client/renderer/entity/CamelRenderer	52	53
	32	36
	37	40
	42	44
	43	45
	44	46
	14	17
	46	47
	47	48
	48	49
	17	20
	49	50
	18	21
	50	51
	19	22
	51	52
	52	53
	22	25
	24	29
	25	30
	26	31
com/mojang/blaze3d/opengl/GlBuffer	73	76
	68	72
	69	76
	71	73
	72	74
	73	76
	12	14
	21	24
	22	25
	23	26
	24	27
	25	28
	26	29
	27	30
	28	31
	32	35
	37	40
	38	50
	40	41
	41	42
	42	43
	43	44
	45	47
	46	48
	47	50
	56	60
	57	61
	58	62
	59	63
	63	67
net/minecraft/client/gui/screens/inventory/AbstractContainerScreen	696	687
	513	495
	514	496
	515	497
	516	498
	519	501
	521	502
	522	503
	523	504
	525	505
	526	506
	528	508
	529	509
	531	516
	532	517
	535	525
	537	527
	538	528
	540	530
	541	531
	544	534
	545	535
	34	34
	546	536
	547	537
	36	35
	37	36
	549	539
	550	540
	551	541
	553	544
	558	549
	560	550
	564	554
	565	555
	566	556
	569	559
	573	563
	574	564
	575	565
	576	566
	578	567
	582	571
	583	572
	584	573
	585	574
	589	578
	80	71
	592	581
	81	72
	593	582
	82	73
	83	74
	595	585
	84	75
	596	586
	85	76
	597	587
	86	77
	87	78
	88	79
	600	590
	89	80
	601	591
	602	592
	603	593
	93	84
	94	85
	95	86
	607	597
	96	87
	97	88
	610	600
	611	601
	100	91
	101	92
	615	605
	616	606
	105	96
	106	97
	618	609
	107	98
	619	610
	108	99
	620	611
	622	614
	111	102
	112	103
	624	615
	625	616
	114	104
	626	617
	627	618
	116	105
	628	619
	117	106
	119	107
	631	623
	121	108
	122	109
	635	627
	124	110
	636	628
	125	111
	637	629
	126	112
	638	630
	128	113
	640	633
	129	114
	641	634
	642	635
	643	636
	132	117
	133	118
	136	121
	648	641
	137	122
	138	123
	139	124
	140	125
	653	646
	142	126
	654	649
	143	127
	144	128
	656	647
	145	129
	657	649
	147	130
	148	131
	661	653
	151	135
	152	136
	154	138
	666	658
	157	141
	158	142
	671	663
	160	143
	161	144
	162	145
	674	664
	163	146
	675	667
	165	147
	677	665
	166	148
	679	669
	168	149
	169	150
	682	672
	172	153
	686	676
	175	156
	176	157
	177	158
	691	681
	180	161
	692	682
	693	683
	695	686
	184	165
	696	687
	185	166
	186	167
	190	171
	191	172
	192	173
	193	173
	194	174
	199	179
	203	183
	204	184
	206	186
	209	189
	210	190
	212	192
	215	195
	216	203
	219	196
	220	197
	221	198
	223	203
	226	206
	227	206
	228	206
	229	206
	233	210
	237	214
	238	215
	239	216
	242	219
	243	220
	244	221
	249	226
	250	227
	251	228
	252	229
	253	230
	254	231
	255	232
	257	233
	258	234
	259	235
	260	236
	261	237
	263	240
	264	241
	266	242
	267	243
	268	244
	269	245
	270	246
	271	247
	274	250
	276	252
	277	253
	281	257
	282	258
	283	259
	284	260
	285	261
	289	265
	290	266
	291	267
	293	270
	294	271
	295	272
	297	274
	299	277
	301	279
	304	282
	305	283
	306	298
	309	284
	310	285
	311	298
	314	287
	316	289
	317	290
	318	291
	319	292
	320	293
	321	294
	323	298
	326	301
	327	302
	328	303
	331	307
	336	312
	337	313
	339	316
	340	317
	341	318
	342	319
	344	320
	345	323
	346	324
	347	325
	349	326
	350	327
	351	328
	354	331
	355	332
	358	335
	359	336
	360	337
	363	340
	364	341
	365	342
	366	343
	367	344
	368	345
	370	347
	372	349
	373	350
	374	351
	375	352
	377	354
	378	355
	379	356
	380	357
	381	358
	382	359
	383	360
	385	363
	387	366
	389	368
	390	369
	391	370
	393	371
	394	372
	395	373
	396	374
	397	375
	398	376
	404	321
	407	383
	409	384
	413	388
	414	389
	415	390
	416	391
	418	394
	419	395
	420	396
	424	400
	427	403
	432	408
	433	409
	435	410
	436	411
	437	412
	438	413
	439	414
	441	416
	442	417
	444	418
	445	419
	446	420
	447	421
	448	422
	449	423
	450	424
	453	427
	454	428
	458	433
	459	434
	460	441
	461	442
	462	443
	466	445
	467	445
	470	445
	475	451
	476	452
	477	453
	478	454
	480	455
	481	456
	482	457
	485	460
	486	461
	489	464
	490	465
	491	466
	492	467
	493	468
	494	473
	499	478
	501	481
	503	483
	504	484
	505	485
	506	486
	507	487
	508	490
	509	491
	510	492
net/minecraft/client/renderer/texture/CubeMapTexture	53	71
	32	34
	33	37
	35	51
	38	55
	44	61
	45	62
	46	63
	47	64
	16	16
	48	65
	49	66
	50	68
	19	19
	51	69
	20	20
	53	71
	24	24
	25	26
	26	27
	27	28
	28	29
	29	30
	30	32
	31	33
net/minecraft/client/renderer/PerspectiveProjectionMatrixBuffer	34	37
	33	36
	18	20
	34	37
	19	21
	20	22
	21	23
	24	26
	25	27
	26	28
	28	31
com/mojang/realmsclient/RealmsAvailability	81	87
	68	72
	69	73
	72	76
	73	77
	76	80
	77	81
	78	82
	79	83
	80	85
	81	87
	22	23
	27	27
	28	28
	30	31
	34	35
	35	36
	39	40
	40	41
	42	43
	43	44
	45	45
	46	47
	48	50
	49	51
	51	53
	52	54
	54	55
	56	58
	57	59
	58	60
	60	61
	63	64
net/minecraft/client/renderer/entity/state/SalmonRenderState	6	9
	6	9
net/minecraft/client/gui/components/debug/DebugEntrySoundMood	19	21
	18	17
	19	21
	13	15
	14	16
	15	21
net/minecraft/client/tutorial/CraftPlanksTutorialStep	84	82
	65	62
	66	63
	67	64
	69	66
	73	70
	74	71
	76	73
	79	76
	80	77
	81	78
	20	21
	84	82
	21	22
	28	28
	29	29
	33	33
	35	34
	36	35
	37	58
	40	37
	41	38
	42	39
	43	40
	44	41
	45	42
	46	43
	48	46
	49	47
	50	48
	55	53
	56	53
	57	54
	58	55
	61	58
net/minecraft/client/model/object/banner/package-info	0	0
net/minecraft/client/renderer/texture/atlas/sources/DirectoryLister	32	33
	16	17
	32	33
	17	17
	18	19
	22	24
	24	25
	25	26
	26	27
	27	28
	28	29
	15	16
net/minecraft/client/gui/components/ComponentRenderUtils	42	36
	32	32
	33	33
	35	34
	36	35
	38	36
	40	36
	42	36
	17	19
	20	22
	24	26
	25	27
	26	28
	27	29
	30	31
net/minecraft/client/renderer/block/model/SimpleUnbakedGeometry	73	84
	64	75
	66	77
	73	84
	20	20
	24	26
	26	28
	27	29
	28	30
	29	31
	31	32
	32	33
	34	34
	35	35
	36	36
	39	39
	40	40
	41	41
	44	44
	45	45
	46	46
	49	49
	50	50
	51	51
	52	52
	54	54
	55	55
	56	56
	57	57
	60	60
	61	61
	62	63
	63	74
com/mojang/blaze3d/framegraph/FrameGraphBuilder	362	360
	256	189
	257	190
	261	194
	265	198
	266	199
	268	202
	269	203
	270	204
	271	205
	276	210
	277	210
	23	25
	279	210
	24	26
	25	27
	29	31
	30	32
	31	33
	288	352
	289	353
	290	354
	35	37
	39	43
	40	44
	296	360
	41	45
	42	46
	46	50
	47	51
	50	54
	52	55
	308	238
	53	56
	309	239
	54	58
	310	240
	55	59
	311	241
	58	62
	315	245
	60	64
	61	65
	62	66
	63	67
	319	249
	320	250
	66	70
	322	253
	67	71
	323	254
	68	72
	70	74
	326	257
	71	75
	327	258
	72	76
	73	77
	329	261
	330	262
	331	263
	76	80
	79	83
	80	84
	338	168
	83	86
	339	169
	84	87
	340	170
	85	88
	86	89
	344	174
	89	93
	90	94
	91	95
	95	99
	353	219
	99	103
	100	105
	356	222
	101	106
	102	107
	359	225
	105	108
	106	110
	362	228
	107	111
	110	115
	114	118
	115	119
	116	119
	117	119
	118	120
	121	123
	122	142
	125	124
	126	125
	129	127
	130	128
	135	131
	136	132
	137	133
	138	134
	143	139
	144	140
	145	142
	148	145
	149	147
	150	148
	151	149
	152	150
	153	151
	154	152
	155	153
	157	155
	159	158
	162	161
	179	279
	180	280
	181	281
	184	284
	185	285
	187	287
	190	290
	191	291
	195	295
	196	296
	197	297
	202	302
	203	303
	206	306
	208	307
	209	308
	211	311
	212	312
	216	316
	221	321
	222	322
	226	326
	227	327
	230	330
	231	331
	232	332
	237	337
	238	338
	242	342
	254	187
	255	188
com/mojang/blaze3d/opengl/GlDebugLabel	142	146
	128	132
	132	136
	133	137
	137	141
	138	142
	142	146
	15	17
	18	20
	21	23
	24	26
	27	29
	30	32
	33	35
	36	38
	39	41
	40	42
	41	43
	42	44
	44	47
	45	48
	46	49
	48	52
	50	55
	54	59
	64	64
	69	68
	70	69
	71	70
	73	72
	77	76
	78	77
	82	81
	83	82
	87	86
	88	87
	92	91
	93	92
	97	96
	98	97
	102	101
	103	102
	107	106
	114	118
	115	119
	116	120
	118	122
	122	126
	123	127
	127	131
net/minecraft/client/gui/render/package-info	0	0
net/minecraft/client/renderer/chunk/ChunkSectionsToRender	48	63
	32	41
	33	47
	34	48
	36	50
	37	51
	38	52
	39	53
	40	54
	42	57
	43	58
	44	59
	48	63
	24	30
	25	31
	26	32
	27	33
	28	34
	29	35
	31	36
net/minecraft/client/model/monster/shulker/package-info	0	0
net/minecraft/client/renderer/debug/RedstoneWireOrientationsRenderer	19	21
	16	18
	17	19
	18	20
	19	21
	13	15
	14	16
	15	17
net/minecraft/client/particle/TotemParticle	38	38
	33	32
	34	33
	38	38
	9	12
	11	13
	13	14
	14	15
	15	16
	17	17
	19	18
	20	19
	22	20
	23	21
	25	23
	27	25
com/mojang/realmsclient/util/task/DownloadTask	72	80
	64	72
	65	73
	66	57
	68	76
	72	80
	15	18
	17	19
	25	26
	26	27
	27	28
	28	29
	29	30
	33	34
	35	35
	37	39
	38	40
	40	43
	41	44
	42	45
	43	46
	45	49
	46	50
	47	51
	48	52
	49	53
	51	56
	52	58
	53	59
	54	60
	56	63
	57	64
	58	65
	59	66
	60	67
	61	68
	63	71
net/minecraft/client/resources/sounds/MinecartSoundInstance	61	60
	20	22
	21	23
	22	24
	23	25
	24	26
	25	27
	26	28
	27	29
	28	30
	32	34
	37	39
	42	44
	43	45
	44	60
	47	47
	48	48
	49	49
	51	50
	52	51
	53	52
	54	53
	56	54
	58	56
	59	57
	61	60
net/minecraft/client/gui/screens/inventory/EnchantmentScreen	238	234
	30	34
	31	34
	32	35
	33	36
	35	39
	36	39
	37	40
	38	41
	40	43
	41	45
	42	47
	43	48
	44	49
	59	61
	60	62
	64	66
	65	67
	66	68
	70	72
	71	73
	72	74
	73	75
	77	79
	78	80
	79	82
	80	83
	81	84
	82	85
	83	85
	84	86
	85	87
	89	91
	94	96
	95	97
	96	98
	97	99
	99	100
	101	101
	102	103
	103	104
	104	105
	106	106
	107	107
	108	108
	111	110
	112	111
	113	112
	114	113
	116	114
	117	115
	118	116
	119	117
	120	118
	122	120
	123	121
	124	122
	125	123
	126	124
	127	125
	129	127
	131	130
	132	131
	133	132
	135	135
	137	138
	140	141
	141	142
	142	143
	144	144
	145	145
	146	146
	147	147
	148	148
	149	149
	153	153
	154	154
	155	155
	157	156
	158	157
	160	159
	161	160
	163	161
	164	162
	167	163
	169	164
	170	165
	171	166
	173	167
	175	170
	176	171
	177	172
	178	173
	181	176
	182	177
	184	179
	186	182
	189	184
	190	185
	192	187
	194	190
	198	194
	199	195
	202	199
	205	202
	207	203
	208	204
	210	207
	211	208
	214	211
	215	212
	217	213
	218	215
	219	216
	220	217
	221	218
	225	222
	226	223
	228	225
	230	228
	232	229
	233	230
	234	231
	235	232
	237	233
	238	234
net/minecraft/client/renderer/entity/state/BlockDisplayEntityRenderState	11	14
	11	14
net/minecraft/client/model/animal/fish/package-info	0	0
net/minecraft/client/entity/ClientMannequin	102	96
	66	61
	68	62
	69	63
	70	64
	73	67
	74	68
	78	72
	83	77
	20	22
	22	23
	87	81
	88	82
	92	86
	32	30
	33	31
	97	91
	34	32
	35	33
	38	36
	102	96
	39	37
	40	38
	44	41
	45	42
	46	43
	48	45
	49	46
	50	47
	51	48
	54	51
	58	54
	60	55
	61	56
	63	58
net/minecraft/client/renderer/block/model/BlockModelDefinition	106	104
	65	61
	71	83
	72	85
	75	90
	77	92
	79	93
	80	95
	81	96
	82	97
	85	100
	86	101
	88	103
	89	104
	29	31
	31	33
	95	66
	32	34
	96	67
	33	35
	34	37
	35	39
	99	70
	36	40
	100	72
	37	41
	101	73
	102	73
	39	42
	103	73
	106	76
	43	46
	45	47
	49	48
	50	49
	51	50
	53	52
	56	53
	57	54
	58	55
	60	57
	61	58
	63	60
net/minecraft/client/model/monster/piglin/ZombifiedPiglinModel	27	28
	16	17
	17	18
	21	22
	22	23
	23	24
	24	25
	25	26
	10	12
	26	27
	11	13
	27	28
	15	16
net/minecraft/client/renderer/state/BlockBreakingRenderState	16	19
	16	19
	11	14
	12	15
	13	16
	14	17
	15	18
net/minecraft/client/renderer/item/properties/conditional/IsCarried	22	24
	17	19
	22	24
	12	15
net/minecraft/client/renderer/entity/state/BoggedRenderState	0	0
net/minecraft/client/particle/WaterCurrentDownParticle	69	67
	64	61
	65	62
	69	67
	15	18
	17	19
	19	20
	21	21
	22	22
	23	23
	25	24
	26	25
	27	26
	28	27
	32	31
	37	36
	38	37
	39	38
	41	39
	42	40
	43	54
	46	42
	47	43
	48	44
	49	45
	50	46
	51	47
	53	48
	54	49
	57	52
	58	54
net/minecraft/client/renderer/entity/state/RavagerRenderState	0	0
net/minecraft/client/resources/sounds/ElytraOnPlayerSoundInstance	57	53
	17	17
	19	18
	20	19
	21	20
	22	21
	23	22
	27	26
	28	27
	29	51
	30	53
	33	28
	34	29
	35	30
	37	31
	38	32
	39	33
	41	35
	45	38
	46	39
	47	40
	48	41
	51	44
	52	45
	53	46
	55	48
	57	53
net/minecraft/client/multiplayer/AccountProfileKeyPairManager	153	148
	128	122
	129	123
	130	124
	131	125
	132	126
	134	126
	137	129
	141	134
	142	135
	143	148
	147	140
	148	141
	149	142
	151	143
	152	144
	153	145
	34	38
	36	39
	38	40
	47	47
	48	48
	49	49
	53	53
	54	54
	55	55
	60	60
	61	61
	63	62
	67	66
	68	67
	69	68
	71	69
	73	72
	77	75
	78	76
	79	77
	80	78
	81	79
	82	80
	85	81
	86	84
	90	88
	91	89
	94	92
	95	93
	96	94
	97	95
	98	96
	104	102
	105	103
	106	104
	109	107
	110	119
	113	108
	114	119
	117	109
	119	111
	120	112
	121	113
	122	114
	124	116
	125	119
net/minecraft/client/input/InputWithModifiers	95	87
	32	30
	67	59
	36	34
	71	63
	40	38
	75	67
	44	42
	79	71
	48	46
	83	75
	52	50
	21	22
	22	22
	23	22
	87	79
	27	26
	59	54
	91	83
	28	26
	60	55
	61	55
	63	55
	95	87
net/minecraft/client/renderer/debug/StructureRenderer	27	32
	16	20
	17	21
	18	23
	19	24
	20	25
	22	27
	26	31
	27	32
	15	19
net/minecraft/client/renderer/entity/state/HoglinRenderState	0	0
net/minecraft/client/renderer/entity/state/ShulkerRenderState	14	17
	9	12
	14	17
com/mojang/realmsclient/util/task/RestoreTask	69	77
	64	73
	69	77
	14	17
	16	18
	23	24
	24	25
	25	26
	26	27
	30	31
	31	32
	33	36
	34	37
	36	40
	37	41
	38	42
	39	43
	41	46
	42	47
	43	48
	44	49
	45	50
	47	53
	48	55
	49	56
	50	57
	52	60
	53	61
	54	62
	55	63
	56	64
	57	65
	59	68
	60	69
	61	70
	62	54
net/minecraft/client/model/animal/sheep/SheepModel	48	44
	32	30
	33	30
	35	32
	36	34
	37	34
	38	35
	40	37
	45	41
	46	42
	47	43
	48	44
	20	20
	23	23
	24	24
	27	27
	28	28
	30	29
	31	30
com/mojang/blaze3d/preprocessor/GlslPreprocessor	151	131
	129	113
	130	114
	131	115
	134	118
	135	119
	142	125
	143	126
	146	129
	19	21
	147	130
	20	23
	148	131
	21	24
	149	131
	151	131
	24	27
	25	28
	27	29
	28	30
	32	34
	34	35
	36	36
	37	37
	38	38
	39	40
	40	41
	44	42
	45	43
	46	44
	47	45
	50	48
	54	49
	56	50
	57	51
	58	52
	59	53
	60	54
	63	57
	64	58
	65	59
	68	60
	70	61
	71	62
	73	65
	76	67
	77	68
	81	71
	82	72
	84	73
	87	78
	88	79
	89	80
	91	83
	95	87
	96	88
	97	89
	99	90
	101	90
	103	90
	106	92
	110	97
	111	98
	112	99
	113	99
	114	99
	116	100
	120	104
	124	108
	125	109
	126	110
net/minecraft/client/renderer/entity/layers/SheepWoolUndercoatLayer	35	36
	16	19
	33	31
	34	33
	35	36
	22	24
	23	25
	24	26
	25	27
	29	30
	30	36
net/minecraft/client/model/object/statue/CopperGolemStatueModel	19	20
	16	17
	17	18
	18	19
	19	20
	11	13
	12	14
net/minecraft/client/renderer/SubmitNodeCollection	212	256
	130	175
	131	176
	132	177
	135	180
	139	184
	143	188
	147	192
	151	196
	155	200
	159	204
	163	208
	167	212
	171	216
	175	220
	50	52
	51	53
	179	224
	55	57
	183	228
	56	58
	57	59
	58	60
	187	232
	62	66
	63	67
	191	236
	64	68
	192	237
	193	238
	194	239
	195	240
	68	74
	196	241
	69	75
	197	242
	70	76
	198	243
	199	244
	200	245
	201	246
	74	80
	202	247
	75	81
	203	248
	76	82
	204	249
	207	252
	80	86
	208	253
	81	87
	209	254
	82	88
	211	255
	212	256
	86	103
	87	105
	88	107
	89	108
	93	124
	94	125
	95	127
	99	131
	100	132
	101	133
	102	137
	106	141
	107	142
	108	143
	112	147
	113	148
	114	149
	118	163
	119	164
	120	165
	124	169
	125	170
	126	171
net/minecraft/client/renderer/debug/GameTestBlockHighlightRenderer	42	40
	32	30
	33	31
	34	32
	35	33
	38	36
	39	37
	40	38
	42	40
	17	18
	23	21
	24	22
	25	23
	28	26
	29	27
net/minecraft/client/gui/components/tabs/TabManager	60	65
	22	24
	23	25
	26	28
	27	29
	28	30
	29	31
	30	32
	33	35
	34	36
	35	37
	36	38
	38	40
	41	43
	42	44
	43	45
	45	48
	46	49
	47	50
	48	51
	49	52
	51	55
	52	56
	54	59
	55	60
	57	62
	60	65
net/minecraft/client/renderer/blockentity/PistonHeadRenderer	93	93
	67	70
	68	79
	71	71
	72	72
	73	73
	74	74
	75	75
	76	76
	78	79
	81	82
	82	83
	83	84
	84	85
	85	86
	86	87
	87	88
	25	28
	93	93
	30	38
	32	39
	33	40
	34	41
	35	42
	36	43
	38	44
	40	45
	41	46
	42	47
	43	48
	45	49
	47	50
	48	51
	49	52
	51	53
	52	54
	53	56
	54	57
	56	58
	57	59
	58	60
	60	62
	63	65
net/minecraft/client/renderer/entity/BlazeRenderer	30	30
	16	18
	20	21
	25	26
	12	14
	30	30
	15	17
net/minecraft/realms/package-info	0	0
net/minecraft/client/renderer/item/properties/conditional/package-info	0	0
com/mojang/blaze3d/shaders/UniformType	12	15
	4	8
	5	9
	11	14
	12	15
net/minecraft/client/gui/render/state/ScreenArea	0	0
net/minecraft/client/renderer/entity/RenderLayerParent	0	0
net/minecraft/client/resources/model/BlockModelRotation	77	77
	33	33
	35	34
	67	67
	36	35
	37	36
	39	38
	72	72
	43	42
	77	77
	15	17
	47	46
	17	18
	51	50
	56	55
	26	26
	27	27
	28	28
	30	30
	62	62
com/mojang/blaze3d/vertex/PoseStack	173	164
	128	123
	131	124
	132	125
	133	126
	135	132
	138	129
	139	130
	140	132
	143	135
	144	136
	145	137
	18	19
	148	140
	149	141
	22	23
	150	142
	23	24
	153	145
	26	27
	154	146
	27	28
	155	147
	156	148
	30	31
	31	32
	159	151
	160	152
	161	153
	34	35
	35	36
	163	154
	165	156
	38	39
	39	40
	168	159
	42	43
	43	44
	171	162
	172	163
	173	164
	46	47
	47	48
	50	51
	51	52
	52	53
	53	54
	55	56
	57	58
	60	61
	61	62
	63	65
	64	66
	67	69
	71	73
	75	77
	76	78
	79	81
	80	82
	86	88
	92	91
	93	92
	94	93
	97	96
	98	97
	99	98
	100	99
	103	102
	111	106
	115	110
	119	114
	120	115
	124	119
net/minecraft/client/model/animal/frog/TadpoleModel	49	44
	32	32
	33	32
	35	34
	36	35
	37	35
	38	35
	41	37
	46	41
	47	42
	48	43
	49	44
	19	21
	20	22
	21	23
	24	26
	25	27
	27	28
	28	29
	29	30
	30	31
	31	32
net/minecraft/client/renderer/entity/ZombieRenderer	27	35
	17	18
	21	28
	22	30
	23	31
	24	32
	25	33
	27	35
	12	14
	13	15
net/minecraft/client/KeyMapping	234	228
	128	100
	129	101
	130	102
	131	103
	133	104
	134	105
	135	106
	138	109
	142	113
	146	117
	147	118
	21	23
	149	121
	22	24
	150	122
	154	126
	155	127
	27	204
	156	128
	28	205
	29	206
	30	207
	159	131
	31	208
	32	209
	33	210
	34	211
	163	135
	37	214
	167	139
	41	218
	42	219
	171	143
	43	220
	172	144
	45	223
	46	224
	176	147
	177	148
	178	148
	50	228
	180	148
	182	150
	55	34
	56	35
	186	155
	59	38
	187	156
	60	39
	188	156
	190	156
	63	42
	64	43
	65	44
	66	45
	195	160
	69	48
	199	164
	73	51
	74	53
	75	54
	203	168
	76	55
	204	169
	206	170
	79	58
	82	61
	210	174
	83	62
	85	64
	214	178
	88	67
	89	68
	90	69
	218	182
	93	72
	222	186
	96	75
	97	76
	98	77
	226	190
	227	191
	101	80
	230	194
	231	195
	104	83
	105	85
	106	86
	234	198
	108	88
	119	91
	120	92
	123	95
	124	96
	127	99
net/minecraft/client/renderer/blockentity/DecoratedPotRenderer	209	203
	132	125
	137	135
	138	136
	139	137
	141	138
	142	139
	143	140
	145	143
	147	145
	151	150
	153	151
	155	152
	156	153
	157	154
	159	155
	162	156
	165	157
	166	158
	168	159
	169	160
	171	161
	172	162
	176	164
	177	165
	178	166
	182	170
	183	171
	184	172
	187	175
	188	176
	62	62
	190	177
	63	63
	191	178
	192	179
	66	66
	194	180
	67	67
	195	181
	196	184
	197	185
	70	70
	198	188
	71	71
	199	189
	72	72
	200	192
	73	73
	201	193
	74	74
	202	196
	76	75
	77	76
	205	199
	78	77
	206	200
	79	78
	207	201
	80	79
	208	202
	81	80
	209	203
	84	83
	85	84
	87	85
	88	86
	90	87
	91	89
	92	90
	93	92
	94	94
	97	96
	98	97
	99	98
	101	99
	105	103
	106	104
	108	105
	110	106
	111	107
	112	108
	113	109
	115	110
	119	114
	120	115
	121	116
	122	117
	125	121
net/minecraft/client/renderer/entity/layers/BreezeEyesLayer	29	30
	17	19
	22	23
	23	24
	24	25
	28	28
	29	30
net/minecraft/client/model/package-info	0	0
net/minecraft/client/renderer/MaterialMapper	15	15
	11	11
	15	15
com/mojang/realmsclient/dto/RealmsWorldResetDto	0	0
net/minecraft/client/gui/screens/multiplayer/ServerReconfigScreen	65	66
	65	66
	35	36
	36	37
	37	39
	38	40
	39	41
	40	43
	41	45
	42	46
	46	50
	47	51
	51	55
	53	56
	54	57
	55	58
	24	25
	25	26
	26	27
	60	61
	61	62
	30	31
	63	64
net/minecraft/client/gui/components/debug/DebugEntryLight	47	49
	32	29
	33	30
	35	31
	37	33
	38	34
	39	36
	41	41
	43	44
	45	46
	47	49
	18	19
	22	23
	23	24
	25	25
	26	49
	29	26
	30	27
	31	28
net/minecraft/client/color/item/Dye	24	27
	19	22
	24	27
	13	17
	14	17
	15	17
net/minecraft/client/model/animal/rabbit/RabbitModel	126	109
	24	23
	25	25
	37	36
	38	37
	39	38
	40	39
	41	40
	42	41
	43	42
	46	45
	47	46
	49	47
	50	49
	51	49
	52	50
	54	52
	55	54
	56	54
	57	55
	59	57
	60	58
	61	58
	62	58
	64	60
	65	61
	66	61
	67	61
	69	63
	70	65
	71	65
	72	66
	74	68
	75	70
	76	70
	77	71
	79	73
	80	75
	81	75
	82	76
	84	78
	85	79
	86	79
	87	79
	89	81
	90	83
	91	83
	92	84
	94	86
	95	88
	96	88
	97	89
	99	91
	100	93
	101	93
	102	94
	104	96
	105	96
	106	96
	110	97
	115	101
	117	102
	118	103
	120	104
	122	105
	123	106
	124	107
	125	108
	126	109
net/minecraft/client/particle/AttackSweepParticle	56	58
	32	34
	34	35
	35	36
	36	40
	39	38
	40	40
	12	14
	44	44
	13	15
	14	16
	15	17
	16	18
	17	19
	18	20
	19	21
	51	52
	20	22
	52	53
	21	23
	56	58
	25	27
	30	32
	31	33
net/minecraft/client/gui/screens/inventory/SmokerScreen	28	27
	16	18
	17	19
	19	20
	21	22
	27	26
	28	27
	15	17
net/minecraft/client/telemetry/events/WorldUnloadEvent	44	44
	33	35
	34	36
	38	40
	39	40
	40	41
	41	42
	42	43
	43	43
	44	44
	14	15
	19	20
	20	21
	21	22
	23	24
	26	27
	27	28
	29	31
	30	32
net/minecraft/client/gui/render/pip/OversizedItemRenderer	91	88
	65	64
	66	65
	67	66
	68	67
	69	68
	70	69
	74	72
	75	73
	76	74
	80	77
	81	78
	86	83
	27	26
	91	88
	28	27
	31	30
	35	34
	36	35
	39	38
	40	39
	44	43
	49	47
	50	48
	51	49
	52	50
	53	51
	54	52
	55	53
	56	54
	57	55
	58	56
	59	57
	60	58
	61	59
	63	61
net/minecraft/client/model/monster/witch/package-info	0	0
com/mojang/blaze3d/opengl/BufferStorage	113	115
	68	42
	69	43
	70	44
	71	45
	72	46
	77	50
	78	51
	79	52
	16	16
	17	17
	81	55
	18	18
	82	56
	20	20
	84	60
	86	61
	87	62
	88	63
	89	64
	92	67
	94	70
	32	95
	33	96
	34	97
	99	75
	101	76
	103	77
	39	102
	104	78
	40	103
	41	104
	106	79
	42	105
	107	86
	109	80
	110	81
	111	82
	48	110
	113	84
	49	111
	50	112
	51	113
	53	115
	60	34
	61	35
	62	36
	63	37
net/minecraft/client/renderer/rendertype/RenderSetup	172	211
	128	166
	132	170
	133	171
	137	175
	138	176
	142	180
	143	181
	147	185
	148	186
	152	190
	153	191
	157	195
	158	196
	162	200
	163	201
	38	49
	39	50
	167	205
	40	51
	168	206
	41	52
	42	53
	43	54
	44	55
	172	211
	45	56
	46	57
	47	58
	48	59
	49	60
	53	65
	57	80
	61	84
	62	85
	65	88
	66	89
	67	90
	69	98
	70	99
	72	107
	73	109
	74	110
	75	111
	76	112
	78	115
	82	120
	83	121
	84	122
	90	127
	91	128
	95	132
	113	151
	114	152
	117	155
	118	156
	122	160
	123	161
	127	165
net/minecraft/client/gui/screens/inventory/StonecutterScreen	223	216
	22	26
	23	27
	24	28
	25	29
	26	30
	27	31
	46	47
	47	48
	48	49
	49	50
	53	54
	54	55
	55	56
	59	60
	60	61
	61	62
	63	63
	64	64
	65	65
	66	66
	67	67
	68	68
	69	69
	72	72
	73	73
	75	74
	77	75
	78	76
	79	77
	83	81
	85	82
	86	83
	87	84
	89	85
	90	86
	91	88
	92	89
	94	90
	95	91
	96	92
	97	93
	98	94
	99	95
	103	99
	106	102
	107	103
	108	104
	109	105
	110	106
	113	108
	114	109
	115	110
	116	111
	118	113
	121	116
	122	117
	123	118
	124	119
	127	122
	130	125
	131	126
	132	128
	133	129
	134	130
	135	131
	136	132
	138	133
	139	134
	141	136
	145	140
	146	141
	147	142
	149	143
	150	145
	151	146
	152	147
	153	148
	154	149
	155	150
	156	151
	157	152
	161	156
	162	157
	163	158
	164	159
	168	163
	173	168
	174	169
	175	170
	177	171
	178	172
	180	173
	182	174
	184	176
	189	182
	190	183
	196	188
	197	189
	200	192
	201	193
	202	194
	203	195
	204	196
	206	199
	210	203
	214	207
	218	211
	219	212
	220	213
	221	214
	223	216
net/minecraft/client/gui/navigation/FocusNavigationEvent	23	30
	16	22
	23	14
	9	30
net/minecraft/client/gui/ActiveTextCollector	215	197
	129	83
	130	84
	131	106
	134	85
	135	86
	136	87
	137	88
	140	91
	141	92
	145	96
	146	97
	149	100
	150	101
	152	103
	154	106
	157	109
	32	34
	33	35
	36	38
	37	39
	40	42
	41	43
	46	48
	174	122
	47	49
	175	123
	177	125
	50	52
	51	53
	180	128
	181	129
	182	130
	183	131
	57	58
	58	59
	187	135
	61	62
	62	63
	192	140
	65	66
	193	141
	66	67
	67	68
	68	69
	69	70
	197	145
	70	71
	198	147
	71	72
	199	149
	72	73
	200	150
	73	74
	74	75
	76	77
	204	154
	77	78
	205	155
	206	156
	79	80
	207	157
	210	160
	211	161
	215	165
	91	172
	92	173
	95	176
	100	180
	104	184
	105	184
	107	184
	111	188
	112	188
	114	188
	118	192
	119	193
	120	194
	122	197
net/minecraft/client/gui/spectator/package-info	0	0
com/mojang/blaze3d/platform/IconSet	43	44
	34	35
	38	39
	39	40
	40	41
	41	42
	43	44
	13	15
	14	16
	20	21
	21	22
	24	25
	25	26
	26	27
	27	28
	28	29
	29	30
net/minecraft/client/gui/screens/recipebook/SlotSelectTime	0	0
com/mojang/blaze3d/GraphicsWorkarounds	129	97
	129	97
	73	47
	74	48
	75	49
	76	50
	13	17
	77	51
	80	54
	81	55
	82	56
	84	59
	91	63
	95	67
	34	37
	99	71
	103	75
	104	76
	105	77
	106	78
	45	38
	109	79
	110	80
	112	82
	113	83
	117	84
	118	85
	119	86
	120	87
	57	39
	124	92
	125	93
net/minecraft/client/resources/model/ModelGroupCollector	71	72
	67	66
	68	68
	69	69
	71	72
	24	26
	25	27
	27	28
	28	29
	30	29
	32	30
	33	31
	34	32
	36	33
	37	34
	38	35
	40	37
	41	38
	42	40
	43	41
	44	42
	45	43
	46	44
	50	48
	51	49
	52	50
	56	54
	61	60
	62	61
	63	62
net/minecraft/client/renderer/entity/state/BeeRenderState	5	9
	5	9
net/minecraft/client/model/monster/ghast/GhastModel	63	60
	21	24
	23	26
	24	27
	26	29
	29	32
	30	33
	32	34
	33	35
	34	35
	35	35
	38	37
	39	39
	40	40
	41	41
	42	42
	43	43
	44	44
	45	44
	46	44
	50	48
	55	52
	56	53
	57	54
	60	57
	61	58
	63	60
net/minecraft/client/gui/font/providers/FreeTypeUtil	70	69
	64	63
	65	64
	66	65
	67	66
	70	69
	12	14
	16	16
	19	19
	20	20
	21	21
	22	22
	23	23
	24	24
	27	28
	32	33
	33	34
	35	36
	38	39
	39	40
	40	41
	42	43
	46	48
	47	49
	48	49
	50	49
	54	53
	55	54
	56	55
	60	59
net/minecraft/client/renderer/entity/state/IronGolemRenderState	8	11
	8	11
net/minecraft/client/gui/components/debug/DebugScreenDisplayer	0	0
net/minecraft/client/renderer/item/MissingItemModel	35	45
	32	42
	33	43
	34	44
	35	45
	22	24
	23	25
	24	26
	25	27
	29	39
	30	40
	31	41
net/minecraft/client/gui/screens/LoadingDotsText	14	13
	4	8
	13	12
	14	13
net/minecraft/client/renderer/chunk/VisibilitySet	57	62
	10	12
	12	13
	15	16
	16	17
	17	18
	20	21
	23	24
	24	25
	25	26
	28	29
	29	30
	32	33
	37	38
	38	39
	39	41
	40	42
	42	45
	44	47
	45	48
	46	50
	47	51
	48	52
	50	54
	51	55
	54	59
	57	62
com/mojang/blaze3d/platform/Lighting	77	77
	64	64
	65	65
	66	66
	68	68
	71	71
	72	72
	76	76
	77	77
	17	19
	18	20
	20	21
	21	22
	23	23
	24	24
	27	25
	28	25
	29	25
	35	30
	36	31
	37	32
	39	33
	40	33
	41	33
	42	34
	44	38
	45	38
	46	39
	47	40
	48	41
	50	44
	52	45
	53	46
	54	51
	57	54
	58	56
	59	59
	61	61
net/minecraft/client/renderer/entity/state/TntRenderState	0	0
net/minecraft/client/renderer/entity/state/UndeadRenderState	9	12
	9	12
net/minecraft/client/multiplayer/KnownPacksManager	48	52
	33	35
	34	36
	35	38
	36	39
	37	40
	38	41
	39	42
	42	46
	43	47
	47	51
	48	52
	18	21
	23	25
	24	26
	25	27
	26	28
	27	29
	28	30
	29	31
	30	32
com/mojang/realmsclient/client/package-info	0	0
net/minecraft/client/gui/render/pip/GuiBookModelRenderer	57	53
	32	32
	33	33
	34	34
	35	35
	37	36
	38	37
	39	38
	41	39
	42	40
	44	41
	46	42
	47	43
	48	44
	18	20
	19	21
	52	48
	23	25
	57	53
	28	29
	30	30
	31	31
net/minecraft/client/renderer/item/properties/numeric/Time	78	79
	33	36
	35	37
	36	38
	68	71
	37	39
	39	42
	73	75
	74	76
	44	47
	78	79
	15	19
	16	20
	48	52
	17	20
	18	22
	51	55
	54	58
	57	61
	26	29
	27	30
	28	31
	60	64
	29	32
	63	67
com/mojang/blaze3d/textures/TextureFormat	43	30
	16	18
	17	19
	34	26
	7	10
	8	11
	9	12
	25	22
	10	13
	43	30
net/minecraft/client/gui/components/toasts/TutorialToast	136	134
	131	129
	132	130
	135	133
	136	134
	17	18
	40	38
	41	39
	42	40
	43	41
	44	42
	46	45
	47	46
	48	47
	51	50
	52	51
	56	55
	61	60
	62	61
	63	62
	64	63
	65	64
	66	65
	68	67
	69	68
	70	69
	72	71
	76	75
	80	79
	85	84
	86	85
	87	86
	89	87
	90	88
	92	90
	93	91
	96	94
	97	95
	98	96
	101	98
	102	99
	104	101
	106	104
	108	106
	111	109
	112	110
	115	113
	116	114
	119	118
	120	119
	121	120
	122	121
	123	122
	124	123
	125	124
net/minecraft/client/renderer/entity/EntityRenderer	333	324
	258	259
	259	260
	260	261
	261	262
	263	263
	264	264
	265	265
	266	266
	267	267
	268	268
	269	269
	270	270
	273	271
	274	272
	275	273
	277	274
	278	276
	279	277
	280	278
	281	279
	282	281
	283	282
	284	283
	291	290
	293	292
	296	295
	297	296
	298	297
	299	298
	300	313
	46	47
	47	48
	303	299
	48	49
	304	300
	305	313
	51	52
	52	53
	308	301
	309	313
	56	57
	312	302
	313	303
	314	313
	60	61
	61	61
	318	304
	63	61
	319	305
	320	306
	321	307
	322	308
	67	65
	323	313
	68	66
	70	69
	326	316
	71	70
	327	317
	328	318
	73	73
	329	319
	74	74
	330	320
	75	75
	77	78
	333	324
	78	79
	81	82
	82	83
	83	84
	84	85
	85	86
	88	90
	92	94
	96	98
	100	102
	101	102
	103	102
	107	106
	108	107
	109	108
	113	112
	114	113
	117	116
	121	120
	125	124
	126	125
	128	136
	131	139
	135	143
	139	147
	145	153
	146	154
	148	155
	149	156
	153	160
	154	161
	155	162
	156	163
	158	164
	159	165
	160	166
	161	167
	162	168
	164	169
	165	170
	166	171
	167	172
	168	173
	169	174
	170	175
	171	176
	173	178
	176	181
	177	182
	178	183
	179	184
	180	185
	181	186
	183	188
	187	192
	189	193
	190	194
	191	195
	192	196
	194	197
	195	198
	197	199
	198	200
	199	201
	200	202
	202	203
	203	204
	204	205
	205	206
	206	208
	207	209
	211	213
	213	214
	214	215
	215	216
	216	217
	217	219
	218	220
	219	221
	220	222
	221	223
	222	224
	223	225
	224	226
	225	227
	226	228
	229	231
	230	232
	231	233
	232	234
	233	235
	234	236
	235	237
	236	238
	237	239
	240	242
	243	245
	245	246
	246	247
	247	248
	248	249
	249	250
	252	253
	253	254
	254	255
	255	256
net/minecraft/client/renderer/entity/state/BatRenderState	0	0
net/minecraft/client/gui/font/GlyphStitcher	56	58
	34	36
	35	37
	38	40
	39	41
	40	42
	41	43
	45	47
	46	48
	47	49
	48	50
	49	51
	50	52
	51	53
	20	21
	52	54
	21	22
	22	23
	56	58
	25	26
	26	27
	27	29
	28	30
	30	32
net/minecraft/client/renderer/entity/SkeletonRenderer	22	23
	17	19
	22	23
	9	12
	12	15
	13	16
net/minecraft/client/particle/PortalParticle	104	100
	14	17
	16	18
	17	19
	18	20
	19	21
	20	22
	21	23
	22	24
	23	25
	24	26
	26	27
	28	28
	29	29
	30	30
	31	31
	33	32
	34	33
	38	37
	43	42
	44	43
	45	44
	49	48
	50	49
	51	50
	52	51
	53	52
	58	57
	60	58
	61	59
	62	60
	64	61
	65	62
	66	63
	67	64
	68	65
	70	68
	75	73
	76	74
	77	75
	79	76
	80	77
	81	87
	84	79
	85	80
	86	81
	87	82
	89	83
	90	84
	91	85
	92	87
	98	94
	99	95
	103	100
	104	100
net/minecraft/client/gui/screens/PresetFlatWorldScreen	316	337
	256	278
	257	279
	261	283
	262	284
	264	287
	265	287
	266	288
	269	291
	273	296
	279	301
	280	302
	281	303
	282	304
	283	305
	287	309
	288	310
	289	311
	293	315
	294	316
	298	320
	299	321
	300	322
	301	323
	302	324
	47	49
	48	50
	305	327
	307	328
	308	329
	311	332
	312	333
	57	57
	58	58
	316	337
	69	68
	70	69
	71	70
	74	73
	78	76
	79	77
	81	80
	82	81
	83	82
	84	83
	88	86
	89	87
	92	90
	93	91
	97	95
	98	96
	99	97
	100	98
	103	101
	104	102
	105	103
	108	105
	112	110
	113	111
	114	112
	116	114
	117	115
	118	116
	119	117
	121	120
	122	121
	125	122
	126	123
	129	127
	133	138
	134	139
	135	140
	138	143
	140	144
	141	145
	144	148
	145	149
	146	150
	147	151
	148	152
	149	153
	150	154
	151	155
	152	156
	153	157
	157	161
	161	165
	163	167
	164	168
	165	169
	167	172
	170	175
	171	177
	173	179
	178	184
	179	185
	181	186
	182	187
	183	188
	184	189
	185	190
	187	191
	188	192
	189	193
	190	194
	191	195
	192	196
	193	197
	195	198
	197	199
	198	204
	199	206
	200	207
	201	208
	202	214
	204	216
	205	217
	210	221
	215	226
	216	227
	217	228
	218	229
	222	233
	223	234
	227	238
	229	239
	230	240
	231	241
	233	242
	234	243
	237	246
	238	247
	242	252
	243	254
	244	261
	245	263
	246	267
	248	271
	251	274
	255	277
net/minecraft/client/gui/components/DebugScreenOverlay	462	495
	100	97
	101	98
	102	99
	103	101
	104	103
	105	104
	106	105
	108	107
	109	108
	110	109
	111	110
	112	111
	113	112
	114	113
	115	114
	117	115
	118	116
	119	117
	120	118
	121	119
	122	120
	123	122
	124	123
	127	126
	130	129
	131	130
	132	131
	135	134
	136	135
	137	317
	139	136
	140	137
	141	317
	144	138
	145	139
	146	140
	149	142
	150	143
	151	144
	153	146
	155	149
	156	150
	157	151
	160	154
	161	155
	162	156
	163	157
	164	158
	167	161
	168	162
	170	164
	172	166
	176	170
	177	171
	181	175
	182	176
	186	180
	187	181
	190	183
	191	185
	192	186
	193	187
	194	188
	198	192
	199	193
	201	196
	202	197
	205	200
	206	201
	207	202
	208	203
	210	204
	211	205
	212	206
	216	210
	217	211
	218	212
	219	214
	220	215
	221	216
	222	217
	223	218
	224	219
	226	221
	227	222
	233	228
	234	229
	235	230
	236	231
	237	232
	238	233
	239	234
	240	235
	241	236
	243	237
	244	241
	245	245
	246	250
	248	253
	249	254
	252	257
	253	258
	255	259
	256	260
	257	261
	258	262
	259	263
	260	264
	261	265
	262	266
	263	267
	265	270
	267	273
	268	274
	269	275
	270	276
	271	277
	273	280
	274	281
	275	282
	278	285
	279	286
	280	287
	281	288
	282	289
	283	290
	287	298
	288	297
	289	310
	291	314
	292	317
	295	320
	296	322
	297	323
	298	324
	299	325
	300	326
	301	327
	302	328
	305	332
	306	333
	307	334
	308	335
	309	336
	310	337
	311	338
	314	341
	317	344
	318	345
	320	348
	321	349
	322	349
	325	349
	329	353
	330	354
	332	355
	333	357
	339	363
	340	377
	342	364
	343	365
	344	366
	345	367
	347	372
	349	375
	353	382
	354	389
	356	383
	357	384
	359	387
	363	394
	364	395
	368	400
	372	404
	376	408
	380	412
	381	413
	382	414
	383	415
	385	417
	388	420
	389	421
	390	422
	391	423
	393	425
	396	428
	397	429
	398	430
	400	432
	403	435
	404	436
	407	439
	411	443
	415	447
	419	451
	423	455
	424	456
	425	457
	427	459
	430	462
	431	463
	432	464
	433	465
	436	468
	437	469
	438	470
	439	471
	440	472
	441	473
	442	474
	444	475
	446	476
	447	477
	448	478
	449	479
	450	480
	452	485
	453	486
	454	487
	455	488
	456	489
	458	490
	459	491
	461	494
	462	495
net/minecraft/client/model/animal/armadillo/ArmadilloModel	117	139
	20	21
	43	41
	44	42
	45	43
	46	44
	47	45
	48	46
	49	47
	51	48
	52	49
	53	50
	54	51
	55	52
	60	55
	61	56
	63	57
	64	62
	66	66
	68	71
	70	72
	72	77
	74	78
	76	83
	78	84
	80	89
	82	94
	84	99
	86	104
	88	109
	90	114
	95	118
	96	119
	97	120
	98	121
	99	122
	100	123
	101	124
	103	126
	104	127
	105	128
	106	129
	107	130
	109	131
	110	132
	112	135
	114	136
	115	137
	116	138
	117	139
net/minecraft/client/particle/TrackingEmitter	48	51
	32	35
	33	36
	34	37
	35	38
	36	39
	39	40
	40	41
	41	42
	42	43
	44	47
	45	48
	46	49
	15	18
	16	19
	48	51
	19	22
	20	23
	23	26
	24	27
	25	28
	26	29
	27	30
	28	31
net/minecraft/client/particle/RisingParticle	18	20
	17	19
	18	20
	8	11
	9	12
	10	13
	11	14
	12	15
	13	16
	14	17
	15	18
net/minecraft/client/gui/layouts/LayoutElement	28	30
	22	24
	26	28
	27	29
	28	30
net/minecraft/client/renderer/special/SpecialModelRenderer	0	0
com/mojang/realmsclient/util/package-info	0	0
net/minecraft/client/multiplayer/chat/report/ReportEnvironment	64	60
	64	60
	33	37
	34	37
	36	37
	40	41
	41	41
	43	41
	13	17
	47	45
	17	21
	49	46
	50	47
	51	48
	21	25
	54	51
	25	29
	29	33
	63	59
net/minecraft/client/gui/spectator/categories/SpectatorPage	29	26
	16	17
	17	18
	18	19
	21	22
	22	22
	25	22
	29	26
net/minecraft/client/renderer/entity/ExperienceOrbRenderer	83	80
	65	60
	67	61
	68	62
	71	65
	72	71
	76	74
	81	78
	18	20
	82	79
	19	21
	83	80
	22	24
	23	25
	24	26
	25	27
	29	30
	34	36
	36	37
	37	38
	38	39
	39	40
	40	41
	42	42
	43	43
	44	44
	46	45
	47	46
	48	47
	49	48
	50	49
	52	50
	53	51
	55	52
	56	53
	58	54
	59	55
	60	56
	61	57
	62	58
	63	59
net/minecraft/client/renderer/entity/state/GuardianRenderState	9	12
	9	12
com/mojang/blaze3d/Blaze3D	17	19
	17	19
	9	11
	10	12
	13	15
com/mojang/blaze3d/platform/ClientShutdownWatchdog	32	29
	32	29
	17	18
	18	19
	19	20
	26	23
	27	24
	12	13
	28	25
	29	26
	30	27
	31	28
	15	16
net/minecraft/client/renderer/item/RangeSelectItemModel	122	133
	31	32
	32	33
	33	34
	34	35
	35	36
	36	37
	43	40
	44	41
	45	42
	46	43
	49	47
	51	49
	52	50
	53	51
	54	52
	57	54
	63	69
	64	70
	66	72
	68	73
	70	75
	71	76
	73	79
	74	80
	82	98
	83	99
	84	100
	85	101
	86	102
	87	104
	91	109
	96	114
	97	115
	98	116
	99	117
	100	119
	101	120
	102	121
	103	122
	105	125
	106	126
	111	131
	112	132
	113	133
	117	85
	118	86
	119	87
	120	89
	122	91
net/minecraft/client/renderer/item/properties/select/DisplayContext	28	33
	18	23
	23	28
	12	15
	28	33
	14	17
net/minecraft/client/gui/components/LerpingBossEvent	36	40
	34	38
	35	39
	36	40
	16	22
	17	23
	18	24
	19	25
	20	26
	21	27
	22	28
	23	29
	27	32
	28	33
	29	34
	30	35
net/minecraft/client/gui/screens/options/OptionsSubScreen	84	86
	65	66
	69	70
	70	71
	74	75
	75	76
	77	79
	78	80
	81	83
	82	84
	84	86
	24	25
	25	26
	26	27
	27	28
	31	32
	32	33
	33	34
	35	36
	36	38
	37	39
	40	42
	41	43
	44	46
	45	47
	47	48
	48	49
	49	50
	51	52
	56	57
	57	58
	61	62
	62	63
	63	64
net/minecraft/client/renderer/entity/state/PandaRenderState	6	9
	6	9
net/minecraft/client/renderer/entity/PhantomRenderer	50	46
	33	32
	34	33
	35	34
	36	35
	40	38
	41	39
	43	40
	44	41
	13	16
	16	19
	48	44
	49	45
	18	20
	50	46
	19	21
	23	24
	28	28
net/minecraft/client/renderer/feature/ModelPartFeatureRenderer	81	104
	66	89
	67	90
	70	93
	71	94
	72	95
	73	96
	76	99
	79	102
	80	103
	81	104
	26	33
	27	35
	28	36
	29	37
	30	38
	31	40
	33	42
	34	43
	35	44
	37	46
	39	48
	40	49
	42	51
	44	54
	45	55
	47	57
	48	58
	49	59
	50	60
	53	70
	54	72
	55	76
	59	81
net/minecraft/client/gui/screens/recipebook/FurnaceRecipeBookComponent	65	64
	32	33
	64	63
	65	64
	37	38
	38	39
	39	40
	45	46
	47	47
	16	19
	48	48
	17	19
	49	49
	18	20
	50	50
	19	21
	51	51
	20	22
	55	54
	26	27
	27	28
	59	58
	28	29
net/minecraft/client/renderer/entity/AbstractSkeletonRenderer	44	39
	32	30
	36	33
	41	37
	42	38
	44	39
	14	17
	15	18
	18	21
	20	22
	21	22
	22	22
	24	23
	28	26
	29	27
	30	28
	31	29
net/minecraft/client/renderer/entity/LightningBoltRenderer	138	128
	132	123
	133	124
	134	125
	138	128
	15	18
	16	19
	20	24
	21	25
	22	26
	23	27
	25	28
	26	30
	27	31
	28	32
	29	33
	30	34
	34	37
	35	38
	36	39
	37	40
	38	42
	39	43
	40	45
	41	46
	42	47
	43	48
	44	49
	46	52
	47	53
	49	56
	50	57
	51	59
	52	60
	53	61
	54	62
	55	63
	56	64
	58	66
	59	67
	62	70
	63	71
	64	72
	65	73
	67	74
	68	75
	69	76
	72	79
	73	80
	74	81
	77	84
	78	85
	79	86
	80	87
	84	91
	85	92
	88	112
	89	112
	91	112
	93	112
	95	112
	97	113
	98	113
	100	113
	102	113
	104	113
	106	114
	107	114
	109	114
	111	114
	113	114
	115	115
	116	115
	118	115
	120	115
	122	115
	123	116
	127	119
net/minecraft/client/resources/language/package-info	0	0
net/minecraft/client/gui/screens/social/SocialInteractionsScreen	298	292
	256	247
	261	253
	265	257
	266	258
	267	259
	268	260
	269	261
	271	263
	274	266
	275	267
	276	268
	277	269
	278	270
	279	271
	280	272
	281	273
	283	276
	284	277
	286	279
	31	33
	32	34
	288	282
	33	35
	290	284
	35	36
	36	37
	37	38
	293	287
	38	39
	294	288
	39	40
	40	41
	41	42
	297	291
	42	43
	298	292
	43	44
	44	45
	45	46
	76	70
	77	71
	80	74
	81	75
	82	76
	83	77
	86	80
	90	84
	94	88
	99	93
	100	94
	102	95
	107	100
	109	101
	111	102
	112	103
	113	104
	115	105
	116	107
	117	110
	119	112
	120	113
	123	117
	124	118
	126	119
	129	123
	130	124
	131	125
	132	126
	133	127
	134	128
	136	129
	137	131
	138	132
	140	134
	141	135
	143	136
	145	138
	146	140
	147	141
	151	145
	152	146
	154	148
	158	152
	159	153
	160	154
	161	155
	162	156
	163	157
	164	158
	165	159
	166	160
	167	161
	168	162
	172	166
	173	167
	177	171
	178	172
	181	175
	182	176
	183	177
	184	178
	185	179
	186	180
	188	182
	189	183
	190	184
	191	185
	193	187
	194	188
	195	189
	196	190
	197	191
	199	193
	200	194
	201	195
	202	196
	203	197
	207	200
	208	201
	209	202
	210	203
	211	204
	212	205
	213	206
	214	207
	217	210
	221	214
	223	215
	224	216
	225	217
	226	218
	230	222
	231	223
	233	224
	234	225
	237	228
	238	229
	239	230
	240	231
	241	232
	242	233
	243	234
	244	235
	247	238
	248	239
	252	243
	253	244
	254	245
net/minecraft/client/telemetry/ClientTelemetryManager	115	103
	24	26
	25	27
	26	28
	27	29
	28	30
	40	40
	41	41
	43	42
	44	43
	45	44
	46	45
	47	46
	48	47
	49	48
	50	49
	51	50
	52	51
	54	52
	55	53
	56	54
	59	57
	63	61
	67	65
	68	66
	71	69
	72	70
	73	71
	76	74
	77	75
	78	75
	81	76
	82	77
	83	93
	86	78
	87	79
	88	80
	89	81
	90	82
	92	83
	94	84
	95	85
	97	91
	100	86
	101	87
	102	88
	104	91
	105	93
	109	97
	114	102
	115	103
net/minecraft/client/data/models/package-info	0	0
net/minecraft/client/tutorial/TutorialSteps	36	39
	32	34
	33	35
	36	39
	6	9
	7	10
	8	11
	9	12
	10	13
	11	14
	18	20
	19	21
	20	22
	23	25
	27	29
	31	33
net/minecraft/client/particle/SculkChargePopParticle	45	47
	34	34
	35	35
	36	36
	41	43
	42	44
	11	14
	43	45
	12	15
	44	46
	45	47
	14	16
	15	17
	17	18
	19	19
	20	20
	24	24
	29	29
net/minecraft/client/server/IntegratedServer	373	368
	256	251
	257	252
	260	255
	262	256
	264	257
	265	258
	266	259
	268	261
	272	264
	277	268
	282	272
	284	273
	285	274
	289	277
	294	281
	298	285
	299	286
	303	289
	50	57
	308	293
	313	297
	318	301
	319	301
	321	301
	66	79
	68	80
	69	81
	70	82
	326	305
	327	306
	72	83
	328	307
	73	84
	330	310
	331	315
	332	316
	77	87
	333	317
	334	336
	79	88
	336	331
	81	89
	337	332
	83	90
	85	91
	86	92
	342	340
	87	93
	343	341
	344	342
	89	94
	348	346
	349	347
	94	98
	351	349
	99	106
	355	352
	100	105
	356	353
	101	118
	357	354
	102	122
	358	355
	103	123
	105	125
	362	358
	363	359
	364	360
	109	128
	365	361
	111	129
	113	130
	369	364
	114	131
	115	132
	116	133
	117	134
	373	368
	118	135
	121	138
	122	139
	123	159
	126	141
	129	142
	132	145
	134	146
	135	147
	136	148
	137	149
	139	152
	140	153
	141	154
	142	155
	143	156
	145	159
	149	162
	154	166
	158	170
	159	172
	160	173
	162	175
	166	178
	171	182
	176	186
	181	190
	186	194
	191	198
	196	202
	197	203
	201	206
	202	207
	203	208
	205	209
	210	213
	216	218
	217	219
	219	220
	220	221
	221	222
	223	223
	224	224
	226	225
	227	226
	228	227
	229	228
	230	230
	231	231
	234	234
	235	235
	237	236
	242	241
	244	242
	245	243
	246	244
	248	246
	252	249
	253	250
	254	250
net/minecraft/client/gui/font/EmptyArea	34	29
	34	29
	19	14
	24	19
	29	24
net/minecraft/client/gui/components/debugchart/FpsDebugChart	48	47
	34	33
	39	38
	44	43
	48	47
	17	17
	18	18
	22	22
	23	23
	24	24
	26	25
	27	26
	28	27
	30	29
net/minecraft/client/renderer/entity/state/ParrotRenderState	9	12
	7	10
	9	12
com/mojang/realmsclient/gui/screens/configuration/RealmsPreferredRegionSelectionScreen	170	178
	128	134
	129	135
	131	137
	134	140
	136	142
	140	146
	145	151
	146	152
	147	153
	148	155
	150	157
	26	28
	154	161
	155	162
	156	163
	157	164
	158	165
	160	167
	165	173
	166	174
	167	175
	168	176
	170	178
	45	44
	46	45
	47	46
	48	47
	49	48
	50	49
	54	53
	55	54
	59	58
	60	59
	61	60
	63	61
	65	62
	66	63
	67	64
	69	65
	71	67
	72	69
	73	70
	77	74
	78	75
	79	76
	81	78
	84	81
	85	82
	87	85
	88	86
	91	89
	92	90
	94	92
	98	98
	100	104
	101	105
	102	106
	103	109
	104	110
	105	111
	109	114
	111	115
	112	116
	114	119
	115	120
	122	128
	123	129
	126	132
	127	133
net/minecraft/client/renderer/texture/Dumpable	0	0
net/minecraft/client/particle/NoteParticle	47	49
	34	35
	41	43
	42	44
	11	14
	12	15
	13	16
	14	17
	46	49
	15	18
	47	49
	16	19
	17	20
	19	21
	20	22
	21	23
	23	24
	24	25
	25	26
	29	30
net/minecraft/client/particle/ShriekParticle	84	79
	65	59
	66	60
	67	64
	70	62
	71	64
	77	71
	78	72
	82	77
	19	20
	83	78
	84	79
	21	21
	23	22
	24	23
	25	24
	27	25
	28	26
	29	27
	30	28
	34	32
	39	37
	40	45
	43	38
	45	39
	46	40
	47	41
	49	42
	50	43
	51	45
	55	49
	60	54
net/minecraft/client/gui/screens/reporting/NameReportScreen	59	55
	32	32
	33	33
	37	37
	38	41
	40	43
	41	44
	42	45
	43	46
	44	47
	45	48
	18	19
	19	20
	53	52
	54	53
	24	24
	56	55
	25	25
	57	55
	59	55
	28	28
	29	29
net/minecraft/client/renderer/PostChainConfig	123	124
	64	80
	65	82
	68	86
	69	87
	74	31
	75	32
	76	33
	77	34
	78	35
	22	22
	23	23
	24	24
	25	26
	94	112
	95	113
	96	114
	33	48
	97	115
	34	49
	98	116
	35	50
	99	117
	36	51
	100	119
	37	52
	38	54
	104	124
	48	62
	49	63
	50	65
	114	94
	51	66
	115	95
	52	67
	116	96
	117	97
	118	98
	55	71
	119	100
	57	73
	59	75
	123	105
	60	76
	61	77
	62	78
	63	79
net/minecraft/client/renderer/CachedOrthoProjectionMatrixBuffer	52	56
	33	34
	34	35
	35	37
	36	38
	37	39
	39	42
	40	43
	42	46
	46	50
	51	55
	52	56
	24	25
	25	26
	26	27
	27	28
	28	29
	29	30
	30	31
com/mojang/realmsclient/gui/screens/configuration/RealmsConfigureWorldScreen	371	367
	257	246
	259	248
	260	249
	261	250
	264	253
	265	254
	266	255
	268	257
	271	260
	272	261
	273	263
	276	266
	277	267
	278	268
	280	269
	282	272
	283	273
	286	276
	287	277
	288	278
	289	279
	291	282
	292	283
	293	284
	294	285
	295	286
	298	289
	299	290
	302	293
	303	294
	49	52
	305	295
	50	53
	307	298
	308	299
	309	300
	310	301
	311	304
	312	305
	313	306
	314	307
	315	308
	316	309
	317	310
	318	311
	63	62
	321	314
	322	315
	325	318
	326	319
	327	321
	72	70
	73	71
	74	72
	330	324
	75	73
	331	325
	76	74
	332	326
	77	75
	335	329
	80	78
	336	330
	81	79
	337	331
	338	332
	339	333
	85	83
	86	84
	343	337
	89	87
	90	88
	346	340
	348	343
	93	91
	349	344
	94	92
	350	345
	95	93
	96	94
	352	347
	97	95
	98	96
	354	350
	99	97
	355	352
	100	99
	356	353
	101	100
	357	354
	102	101
	359	351
	104	102
	106	103
	107	104
	363	359
	108	105
	364	360
	109	106
	365	361
	110	107
	112	108
	369	365
	114	109
	370	366
	115	110
	371	367
	116	111
	117	112
	119	113
	120	114
	122	115
	123	116
	125	118
	128	121
	129	122
	131	124
	134	127
	135	128
	137	130
	140	133
	144	137
	148	141
	152	145
	157	150
	158	159
	160	151
	161	152
	163	153
	164	154
	165	155
	166	156
	167	157
	168	159
	171	162
	172	163
	173	164
	174	165
	177	168
	181	172
	182	173
	183	174
	187	178
	188	178
	190	178
	195	183
	196	184
	197	185
	201	189
	202	190
	204	193
	205	194
	206	195
	208	197
	211	200
	213	201
	214	203
	215	204
	216	205
	217	206
	218	207
	221	210
	222	211
	223	211
	224	213
	225	214
	226	215
	227	216
	228	217
	231	220
	232	263
	235	221
	236	223
	237	224
	238	225
	242	229
	243	230
	244	231
	247	234
	248	235
	251	238
	252	240
	253	241
net/minecraft/client/renderer/block/BlockRenderDispatcher	116	120
	64	78
	65	79
	66	80
	67	81
	69	82
	71	83
	73	85
	77	89
	78	90
	79	91
	80	92
	82	93
	84	94
	86	96
	89	99
	93	103
	98	107
	99	108
	100	116
	39	45
	103	109
	40	46
	41	47
	105	110
	42	48
	106	111
	43	49
	107	112
	108	113
	46	52
	110	114
	111	116
	50	58
	51	66
	115	119
	116	120
	54	59
	55	60
	56	61
	57	62
	59	63
	60	66
net/minecraft/client/renderer/entity/IronGolemRenderer	51	48
	34	34
	35	35
	36	36
	37	37
	38	38
	42	41
	43	42
	44	48
	14	17
	47	43
	48	44
	17	20
	49	45
	18	21
	50	46
	19	22
	51	48
	20	23
	24	26
	29	30
net/minecraft/client/model/object/banner/BannerFlagModel	36	38
	34	36
	35	37
	36	38
	17	20
	18	21
	19	22
	22	25
	23	26
	24	27
	25	29
	26	29
	27	30
	29	32
net/minecraft/client/resources/model/ModelManager	280	378
	256	353
	259	356
	260	357
	262	360
	263	361
	264	362
	265	363
	266	364
	267	365
	268	366
	272	370
	276	374
	280	378
	54	62
	55	63
	57	64
	71	77
	72	78
	73	79
	74	80
	75	81
	78	84
	82	88
	86	92
	90	96
	95	100
	96	101
	98	102
	99	104
	101	108
	102	109
	103	110
	104	111
	105	112
	107	114
	109	116
	110	117
	111	118
	113	119
	114	130
	115	132
	116	133
	117	134
	118	135
	120	136
	121	137
	122	138
	125	142
	126	142
	129	145
	130	146
	131	147
	132	148
	134	150
	136	154
	137	155
	141	159
	142	160
	143	162
	144	164
	145	165
	146	166
	147	168
	148	169
	149	170
	150	171
	151	172
	155	178
	160	195
	161	190
	162	191
	163	192
	164	193
	165	211
	166	207
	171	223
	172	224
	174	225
	180	231
	181	232
	182	233
	183	234
	185	235
	186	236
	187	237
	188	238
	192	242
	193	243
	194	244
	195	245
	201	249
	202	250
	207	255
	208	256
	211	259
	212	261
	213	268
	216	272
	217	275
	220	278
	222	279
	227	300
	228	289
	230	291
	231	292
	232	293
	233	294
	235	296
	237	316
	238	312
	242	325
	243	341
	244	337
	248	345
	249	346
	250	347
	251	348
	252	349
	253	350
	254	351
	255	352
net/minecraft/client/gui/components/debug/DebugEntrySimplePerformanceImpactors	35	39
	16	18
	17	19
	19	21
	35	39
	20	24
	21	25
	22	26
	25	29
	26	30
	27	31
	29	33
	31	35
net/minecraft/client/renderer/blockentity/state/CopperGolemStatueRenderState	8	11
	7	10
	8	11
com/mojang/blaze3d/shaders/ShaderSource	0	0
com/mojang/realmsclient/gui/screens/RealmsTermsScreen	98	104
	65	72
	69	76
	70	77
	71	78
	72	79
	75	81
	80	87
	85	94
	87	95
	24	25
	88	96
	25	26
	89	97
	26	27
	27	28
	91	98
	92	99
	93	100
	94	101
	96	102
	97	103
	98	104
	35	35
	36	36
	37	37
	38	38
	42	42
	44	44
	45	47
	46	51
	50	55
	51	56
	52	57
	54	59
	58	64
	60	67
	61	68
	62	69
	63	70
net/minecraft/client/data/models/EquipmentAssetProvider	120	139
	23	28
	24	29
	27	32
	28	35
	29	36
	30	37
	31	39
	32	40
	33	42
	35	44
	36	45
	37	46
	38	47
	39	48
	40	49
	41	50
	42	50
	44	52
	45	53
	46	56
	47	57
	48	58
	50	60
	51	63
	52	64
	55	66
	56	67
	57	70
	58	71
	59	72
	60	73
	61	74
	62	75
	63	76
	64	77
	65	78
	66	79
	67	80
	70	83
	71	84
	72	85
	73	86
	74	91
	75	93
	79	97
	80	98
	81	99
	82	100
	83	103
	84	104
	87	108
	88	111
	89	112
	91	114
	94	117
	95	117
	96	117
	100	121
	101	122
	102	123
	103	124
	104	125
	109	129
	110	130
	111	131
	112	132
	114	134
	115	135
	120	139
net/minecraft/client/gui/components/StringWidget	83	88
	64	67
	65	68
	66	69
	67	70
	68	71
	70	72
	71	73
	72	74
	73	76
	74	79
	77	82
	79	84
	82	87
	83	88
	21	22
	22	23
	25	26
	26	27
	29	30
	30	31
	31	32
	35	36
	36	37
	37	38
	40	41
	44	45
	45	46
	46	47
	51	52
	52	53
	53	54
	54	55
	56	58
	58	60
	63	66
net/minecraft/client/renderer/block/model/package-info	0	0
net/minecraft/client/renderer/ItemInHandRenderer	714	641
	513	411
	514	415
	515	416
	516	417
	517	418
	519	419
	520	420
	521	421
	522	422
	524	425
	525	426
	526	427
	527	428
	528	429
	530	432
	532	433
	533	434
	535	436
	538	437
	539	438
	540	439
	544	443
	546	452
	547	453
	549	454
	550	455
	551	456
	552	457
	554	460
	44	42
	45	43
	559	466
	560	467
	561	468
	563	470
	564	471
	565	472
	566	473
	567	474
	571	478
	572	479
	573	480
	574	481
	576	482
	577	483
	578	484
	579	485
	580	486
	582	489
	583	490
	584	491
	585	492
	586	493
	588	496
	590	497
	591	498
	592	499
	595	502
	596	503
	597	504
	598	505
	600	506
	601	507
	602	508
	603	509
	605	512
	606	513
	607	514
	608	515
	609	516
	611	519
	613	520
	614	521
	615	522
	618	525
	619	526
	622	528
	623	529
	626	531
	627	532
	628	533
	632	536
	633	537
	634	538
	635	539
	636	540
	638	542
	639	543
	642	548
	643	551
	646	555
	649	565
	650	567
	653	570
	654	571
	655	572
	656	573
	657	574
	658	575
	661	578
	662	579
	665	580
	670	584
	671	585
	673	586
	674	587
	675	588
	166	126
	678	589
	167	127
	679	590
	168	128
	169	129
	681	593
	682	594
	172	134
	173	142
	685	597
	686	598
	687	599
	176	135
	177	136
	689	601
	178	140
	179	142
	691	602
	692	603
	182	145
	694	604
	183	146
	695	605
	184	147
	185	147
	699	608
	700	609
	189	151
	191	152
	703	612
	704	613
	193	153
	706	615
	195	154
	196	155
	197	156
	709	618
	198	157
	710	619
	200	158
	712	621
	201	159
	202	160
	714	623
	204	162
	206	165
	207	166
	210	171
	212	172
	214	173
	215	174
	216	175
	217	176
	218	177
	221	180
	222	181
	224	182
	225	183
	226	184
	227	185
	228	186
	229	187
	231	188
	232	189
	233	190
	234	191
	235	192
	238	195
	239	196
	240	197
	241	198
	243	199
	244	200
	245	201
	247	202
	248	203
	249	204
	251	205
	252	206
	254	207
	257	210
	258	211
	260	212
	262	213
	263	214
	266	217
	267	218
	269	219
	271	220
	272	221
	274	222
	275	223
	277	224
	279	225
	281	226
	282	227
	283	228
	284	229
	285	230
	287	231
	288	232
	289	233
	290	234
	292	236
	295	239
	296	240
	297	241
	298	242
	299	243
	300	244
	301	245
	307	246
	309	247
	310	248
	311	249
	312	250
	314	251
	316	252
	317	253
	318	254
	319	255
	320	256
	322	257
	323	258
	324	259
	325	260
	327	262
	329	264
	332	267
	333	268
	335	269
	336	270
	337	271
	340	274
	342	275
	343	276
	345	277
	346	278
	347	279
	348	280
	351	283
	352	284
	353	285
	355	286
	356	287
	357	288
	358	289
	360	290
	362	291
	363	292
	364	293
	366	294
	367	295
	369	296
	370	297
	372	299
	374	300
	375	301
	376	302
	378	303
	380	305
	383	308
	385	309
	386	310
	388	311
	389	312
	390	313
	391	314
	392	315
	395	318
	396	319
	397	320
	400	323
	401	324
	402	325
	404	326
	406	327
	407	328
	408	329
	409	330
	411	331
	412	332
	413	333
	414	334
	417	337
	418	338
	419	339
	420	340
	422	343
	423	344
	424	345
	428	628
	429	629
	430	630
	435	636
	436	637
	437	638
	440	641
	447	349
	448	350
	450	351
	451	352
	453	353
	454	354
	457	355
	458	356
	461	358
	462	359
	465	360
	469	365
	470	366
	472	367
	473	372
	477	368
	478	369
	479	370
	483	377
	487	392
	488	567
	491	393
	492	394
	494	395
	495	396
	496	397
	497	398
	500	400
	501	401
	502	402
	504	404
	506	406
	507	407
	509	408
	510	409
	511	410
net/minecraft/client/renderer/fog/environment/FogEnvironment	29	31
	17	19
	21	23
	25	27
	29	31
net/minecraft/client/gui/Font	424	409
	256	349
	261	354
	262	355
	274	362
	275	363
	278	366
	279	367
	280	368
	284	372
	285	373
	286	374
	289	377
	292	380
	293	381
	294	382
	295	383
	297	385
	301	390
	302	391
	303	392
	48	46
	304	393
	49	47
	305	394
	50	48
	306	394
	308	394
	53	51
	309	396
	310	396
	312	396
	58	56
	59	57
	60	58
	61	59
	317	402
	318	409
	64	60
	320	403
	321	404
	322	405
	323	406
	68	67
	324	407
	69	68
	70	69
	73	74
	329	129
	74	75
	330	130
	75	76
	331	131
	332	132
	333	133
	78	90
	79	91
	335	136
	80	92
	83	97
	339	140
	84	99
	340	141
	85	100
	86	101
	342	144
	87	102
	343	145
	88	103
	344	146
	89	104
	90	105
	91	106
	92	107
	348	150
	349	151
	94	108
	350	152
	95	109
	96	110
	98	111
	354	156
	358	160
	104	117
	105	119
	106	120
	362	164
	109	123
	110	124
	366	168
	111	125
	112	126
	370	172
	374	176
	378	180
	382	184
	386	188
	390	192
	394	196
	399	209
	402	212
	403	213
	150	265
	407	217
	151	266
	408	218
	154	269
	411	221
	155	270
	412	222
	156	271
	413	223
	157	272
	158	273
	159	274
	160	275
	161	276
	418	228
	164	279
	421	231
	165	280
	166	281
	167	282
	424	234
	168	283
	171	286
	172	293
	174	287
	175	288
	176	289
	177	290
	178	291
	179	293
	182	296
	183	297
	184	298
	187	301
	188	302
	190	305
	191	306
	192	307
	195	310
	196	311
	198	314
	199	315
	203	318
	204	319
	208	323
	210	324
	212	325
	213	326
	214	327
	216	328
	217	329
	218	330
	219	331
	221	332
	222	333
	223	334
	224	335
	225	336
	228	339
	230	340
	231	341
	243	344
	244	345
	255	348
net/minecraft/client/particle/SmokeParticle	21	26
	16	20
	17	21
	21	26
	9	12
	10	13
net/minecraft/client/renderer/entity/state/FoxRenderState	13	16
	13	16
com/mojang/blaze3d/audio/OpenAlUtil	86	94
	66	71
	67	72
	68	73
	70	74
	71	75
	72	76
	73	77
	74	80
	11	14
	75	81
	77	83
	14	17
	78	84
	79	85
	16	19
	80	88
	81	89
	18	21
	20	23
	22	25
	86	94
	24	27
	26	29
	31	34
	32	35
	33	36
	34	37
	36	39
	40	44
	42	46
	44	48
	46	52
	48	50
	50	54
	52	56
	57	61
	58	62
	59	63
	60	64
	62	66
net/minecraft/client/gui/components/debug/DebugEntryChunkSourceStats	22	26
	16	20
	18	22
	22	26
	11	14
	12	15
	13	16
	15	19
net/minecraft/client/animation/AnimationChannel	45	34
	36	25
	37	26
	38	27
	39	28
	40	29
	41	30
	42	31
	43	32
	29	20
	45	34
	30	21
	31	22
net/minecraft/client/renderer/entity/StrayRenderer	26	26
	16	18
	17	19
	21	22
	10	13
	26	26
	11	14
	14	17
net/minecraft/client/sounds/WeighedSoundEvents	73	76
	65	68
	70	73
	71	74
	73	76
	20	22
	21	23
	22	24
	23	25
	25	28
	27	30
	29	32
	33	36
	34	38
	35	39
	37	42
	42	46
	44	47
	45	59
	48	48
	49	50
	50	51
	52	52
	53	53
	57	57
	61	64
	62	65
com/mojang/blaze3d/vertex/VertexMultiConsumer	166	173
	129	136
	130	137
	7	10
	135	142
	136	143
	11	14
	141	148
	142	149
	15	18
	19	22
	147	154
	148	155
	153	160
	154	161
	28	31
	29	32
	31	35
	159	166
	32	36
	160	167
	33	37
	37	41
	165	172
	38	42
	166	173
	39	43
	44	48
	45	49
	46	50
	51	55
	52	56
	53	57
	58	62
	59	63
	60	64
	65	69
	66	70
	67	71
	72	76
	73	77
	74	78
	79	83
	80	84
	81	85
	86	90
	87	91
	88	92
	93	97
	94	98
	95	99
	99	113
	100	105
	101	106
	102	107
	103	108
	107	114
	110	117
	111	118
	113	120
	117	124
	118	125
	123	130
	124	131
com/mojang/realmsclient/client/UploadStatus	63	62
	10	11
	15	16
	16	17
	19	20
	20	21
	21	22
	22	23
	23	24
	26	27
	30	31
	34	35
	35	36
	38	39
	42	43
	46	47
	50	51
	51	52
	52	53
	53	59
	55	54
	56	55
	58	56
	59	57
	60	59
	63	62
com/mojang/blaze3d/textures/FilterMode	0	0
net/minecraft/client/renderer/item/properties/conditional/Broken	20	23
	20	23
	11	14
	15	18
com/mojang/realmsclient/exception/RealmsDefaultUncaughtExceptionHandler	15	19
	9	13
	10	14
	14	18
	15	19
net/minecraft/client/renderer/PostChain	193	205
	128	137
	130	139
	135	143
	136	144
	137	145
	138	146
	139	147
	142	150
	143	151
	144	152
	145	153
	147	156
	148	157
	149	158
	151	161
	27	31
	156	166
	157	167
	158	169
	159	170
	161	172
	36	44
	37	45
	165	177
	38	46
	39	47
	40	48
	170	182
	43	57
	171	183
	45	58
	173	185
	46	58
	47	58
	49	59
	50	60
	51	61
	179	191
	54	64
	55	66
	56	67
	57	68
	60	71
	189	201
	190	202
	191	203
	64	75
	65	76
	193	205
	66	77
	67	78
	69	80
	70	81
	72	84
	74	86
	75	87
	78	90
	79	91
	81	93
	82	94
	84	95
	86	96
	87	97
	88	98
	90	99
	91	100
	95	107
	99	111
	101	112
	102	114
	103	115
	106	118
	107	119
	108	120
	109	122
	110	122
	111	122
	113	122
	115	124
	116	125
	117	126
	119	128
	123	132
	124	133
	127	136
net/minecraft/client/model/animal/sheep/SheepFurModel	51	44
	32	29
	33	30
	36	32
	37	32
	38	33
	39	34
	40	35
	41	36
	43	37
	48	41
	49	42
	18	18
	50	43
	19	19
	51	44
	22	22
	23	23
	25	24
	26	25
	27	25
	28	25
	30	27
	31	29
com/mojang/blaze3d/platform/NativeImage	624	608
	520	475
	521	476
	522	477
	523	478
	524	479
	525	480
	526	481
	527	482
	528	483
	529	484
	530	485
	531	486
	532	487
	535	490
	539	494
	543	498
	547	502
	551	506
	555	510
	44	41
	45	42
	47	44
	559	514
	563	518
	567	522
	58	54
	59	55
	571	526
	62	58
	63	75
	575	530
	65	59
	66	60
	67	61
	579	534
	68	62
	69	63
	70	64
	71	65
	583	538
	73	67
	75	70
	587	542
	76	71
	77	72
	79	77
	591	546
	82	80
	83	88
	595	550
	85	81
	86	82
	87	83
	599	554
	88	84
	89	85
	90	86
	91	90
	603	558
	95	94
	607	562
	99	98
	611	566
	103	102
	615	570
	617	572
	619	574
	108	106
	621	576
	110	109
	111	110
	624	579
	113	112
	114	113
	119	118
	123	122
	125	123
	127	124
	128	125
	130	128
	132	130
	135	133
	136	134
	137	135
	143	141
	144	142
	145	143
	150	147
	151	148
	153	151
	154	152
	156	155
	157	157
	158	158
	159	159
	160	160
	162	161
	163	162
	164	163
	166	166
	167	167
	168	168
	173	173
	174	174
	176	176
	182	180
	183	181
	184	182
	186	184
	188	187
	190	190
	191	191
	194	194
	198	198
	202	202
	211	206
	212	207
	213	210
	214	211
	216	214
	217	215
	218	216
	222	220
	231	224
	232	225
	233	228
	234	229
	236	232
	237	233
	238	234
	239	235
	242	238
	243	239
	246	242
	247	243
	249	246
	251	247
	252	248
	253	249
	254	250
	255	252
	256	253
	257	254
	258	255
	260	258
	266	262
	267	263
	269	266
	270	267
	271	268
	272	269
	276	273
	277	275
	278	276
	280	279
	285	283
	286	284
	287	287
	288	288
	291	291
	292	292
	298	297
	299	298
	301	301
	302	302
	303	304
	304	305
	305	306
	308	310
	312	314
	313	315
	316	318
	317	319
	320	320
	321	321
	324	323
	325	324
	326	325
	327	326
	330	327
	331	335
	334	328
	335	329
	336	330
	338	331
	346	590
	347	591
	351	595
	353	598
	354	599
	355	600
	357	602
	360	605
	361	606
	363	608
	368	343
	369	344
	371	347
	372	349
	373	350
	374	351
	377	354
	380	357
	382	360
	383	361
	384	362
	386	365
	387	366
	390	369
	391	370
	393	372
	402	377
	403	378
	405	381
	406	382
	407	383
	408	384
	409	385
	411	387
	412	388
	413	390
	414	391
	415	392
	416	393
	419	396
	423	399
	424	400
	425	401
	428	404
	432	407
	433	408
	440	411
	441	412
	442	413
	443	414
	444	415
	445	416
	448	419
	453	422
	454	423
	455	424
	457	427
	458	428
	459	429
	460	429
	462	431
	466	434
	467	435
	470	438
	477	443
	483	444
	489	445
	495	446
net/minecraft/client/gui/screens/multiplayer/WarningScreen	72	75
	64	66
	66	69
	67	70
	68	71
	72	75
	28	27
	29	28
	32	31
	33	32
	34	33
	35	34
	36	35
	37	36
	43	42
	44	43
	45	44
	46	46
	48	48
	49	49
	50	50
	51	51
	53	54
	55	56
	56	58
	57	59
	61	63
	62	64
	63	65
net/minecraft/client/renderer/debug/DebugRenderer	174	195
	131	159
	132	160
	133	161
	135	162
	137	163
	138	164
	139	165
	140	166
	143	168
	145	168
	148	168
	153	174
	154	175
	27	29
	155	176
	28	30
	156	178
	157	179
	158	180
	31	33
	159	181
	32	34
	160	182
	161	183
	34	35
	162	184
	35	36
	163	185
	37	39
	38	40
	40	43
	41	44
	169	190
	170	191
	43	47
	171	192
	44	48
	172	193
	173	194
	46	51
	174	195
	47	52
	49	55
	50	56
	52	59
	53	60
	55	63
	56	64
	58	67
	59	68
	61	71
	62	72
	64	75
	65	77
	67	87
	68	88
	70	91
	71	92
	73	95
	74	96
	76	99
	77	100
	79	103
	80	104
	82	107
	83	108
	85	111
	86	112
	88	115
	89	116
	91	119
	92	120
	94	123
	95	124
	97	127
	98	128
	100	131
	101	132
	103	135
	104	136
	107	139
	108	140
	111	143
	112	144
	114	145
	115	146
	116	147
	119	150
	120	151
	122	153
	125	156
	126	157
net/minecraft/client/renderer/texture/TickableTexture	0	0
net/minecraft/client/renderer/item/properties/numeric/CrossbowPull	32	34
	16	19
	32	34
	18	20
	19	21
	22	24
	23	25
	26	28
	27	29
	12	15
net/minecraft/client/model/animal/llama/package-info	0	0
com/mojang/blaze3d/textures/GpuSampler	0	0
com/mojang/realmsclient/gui/screens/configuration/RealmsWorldsTab	177	213
	128	149
	129	150
	131	151
	132	152
	134	154
	138	159
	140	157
	144	166
	145	170
	146	171
	147	171
	150	174
	151	175
	25	26
	154	180
	155	182
	157	184
	158	185
	159	186
	160	190
	161	193
	163	196
	36	36
	37	37
	38	38
	166	200
	39	39
	167	201
	40	40
	169	203
	42	41
	43	42
	171	205
	44	44
	172	207
	45	45
	173	209
	174	210
	47	48
	49	49
	177	213
	51	50
	52	53
	53	59
	55	62
	56	65
	57	67
	59	70
	60	70
	61	70
	63	71
	64	72
	65	73
	66	74
	69	77
	70	78
	72	88
	74	92
	77	95
	78	96
	79	97
	80	98
	82	103
	84	105
	87	108
	92	113
	93	114
	97	118
	98	119
	99	120
	100	121
	101	122
	103	124
	104	125
	105	126
	107	128
	110	132
	111	134
	112	135
	113	136
	114	137
	116	139
	119	142
	122	145
	123	146
	124	147
net/minecraft/client/gui/components/events/ContainerEventHandler	253	250
	30	31
	31	32
	32	33
	35	37
	40	42
	41	43
	42	44
	45	47
	46	48
	47	48
	48	49
	49	50
	50	51
	54	55
	59	60
	60	61
	61	62
	62	63
	65	67
	70	72
	71	72
	73	72
	82	81
	88	86
	93	91
	98	96
	108	105
	112	109
	117	114
	118	115
	119	115
	121	115
	126	120
	129	121
	130	122
	131	123
	132	124
	137	128
	138	129
	140	131
	141	131
	144	131
	148	136
	149	137
	150	138
	151	139
	154	140
	155	142
	156	143
	158	144
	159	145
	161	147
	165	150
	167	151
	168	152
	170	154
	171	155
	172	156
	173	157
	174	158
	177	162
	181	166
	182	167
	183	168
	184	169
	185	170
	187	172
	188	173
	192	180
	193	181
	194	182
	195	183
	197	184
	198	186
	199	187
	202	188
	203	189
	204	190
	205	191
	206	192
	207	193
	208	193
	209	194
	215	201
	216	204
	217	206
	218	208
	219	209
	220	210
	221	211
	224	215
	228	221
	229	222
	231	223
	233	225
	234	228
	235	229
	238	230
	239	232
	241	234
	242	235
	243	236
	246	241
	247	243
	248	244
	249	245
	250	246
	253	250
net/minecraft/client/particle/FallingDustParticle	95	92
	64	58
	67	61
	68	62
	69	63
	70	65
	76	72
	77	73
	81	78
	82	79
	19	22
	83	80
	20	23
	22	24
	86	83
	23	25
	87	84
	24	26
	88	85
	89	86
	26	27
	91	89
	28	28
	92	90
	93	91
	30	29
	31	30
	95	92
	32	31
	34	32
	35	33
	36	34
	40	38
	45	43
	50	48
	51	49
	52	50
	54	51
	55	52
	56	65
	59	54
	61	55
	62	56
	63	57
net/minecraft/client/renderer/entity/RaftRenderer	27	30
	16	19
	17	20
	18	21
	22	25
	27	30
	15	18
net/minecraft/client/renderer/entity/state/ZombieVillagerRenderState	11	14
	11	14
net/minecraft/client/gui/font/providers/GlyphProviderType	32	32
	16	18
	32	32
	22	23
	23	24
	24	25
	9	12
	10	13
	11	14
	12	15
	28	28
	13	16
net/minecraft/client/renderer/entity/state/SkeletonRenderState	0	0
net/minecraft/client/renderer/block/model/multipart/MultiPartModel	137	150
	65	68
	66	69
	131	144
	68	71
	132	145
	72	76
	136	149
	73	77
	137	150
	74	78
	75	79
	78	82
	79	84
	80	85
	81	86
	85	90
	86	91
	87	93
	88	94
	89	95
	26	30
	27	31
	28	32
	92	99
	32	36
	37	41
	38	42
	104	111
	41	45
	105	113
	106	114
	43	47
	44	48
	108	117
	45	49
	47	51
	113	122
	114	123
	51	57
	120	127
	121	129
	122	130
	123	131
	126	139
net/minecraft/client/renderer/block/model/Variant	98	98
	71	70
	72	71
	73	72
	74	73
	75	74
	76	76
	78	78
	16	18
	17	19
	81	81
	18	19
	82	82
	19	21
	21	23
	86	86
	24	26
	25	27
	90	90
	28	30
	94	94
	32	34
	98	98
	36	38
	40	42
	44	46
	48	50
	52	54
	57	59
	62	64
	63	65
net/minecraft/client/multiplayer/ClientDebugSubscriber	307	297
	256	262
	266	279
	267	280
	268	281
	269	282
	270	283
	271	284
	274	287
	276	288
	277	289
	286	220
	34	38
	290	224
	35	39
	36	40
	294	228
	39	43
	40	44
	42	46
	45	49
	46	50
	47	51
	48	52
	304	297
	49	53
	305	297
	50	54
	51	55
	307	297
	52	56
	53	57
	54	58
	55	59
	56	60
	57	61
	58	62
	59	63
	60	64
	61	65
	62	66
	64	69
	68	73
	69	74
	70	75
	73	78
	74	79
	75	80
	76	81
	79	84
	80	85
	81	86
	83	88
	84	89
	89	92
	91	93
	93	94
	94	95
	97	98
	98	99
	100	101
	104	104
	108	110
	109	111
	113	115
	114	116
	118	120
	121	122
	122	123
	126	126
	131	130
	132	131
	136	134
	141	138
	142	139
	143	140
	144	141
	146	143
	147	144
	151	147
	156	151
	157	152
	158	161
	160	153
	161	155
	162	156
	163	157
	164	158
	166	161
	171	166
	172	167
	175	170
	176	171
	179	174
	180	175
	183	178
	184	179
	185	180
	187	182
	190	185
	191	186
	192	187
	194	189
	197	192
	198	193
	199	194
	201	196
	204	199
	205	200
	206	201
	209	204
	210	209
	212	205
	213	206
	215	209
	218	212
	219	217
	221	213
	222	214
	224	217
	230	236
	231	237
	234	240
	235	241
	238	244
	239	245
	242	248
	243	249
	247	253
	248	254
	250	256
	252	258
	255	261
net/minecraft/client/model/animal/feline/FelineModel	194	174
	19	20
	43	40
	44	41
	45	42
	46	43
	47	44
	48	45
	49	46
	50	47
	51	48
	52	49
	55	52
	56	53
	57	54
	59	55
	60	57
	61	58
	62	59
	63	60
	64	61
	65	62
	67	64
	68	66
	69	66
	70	67
	72	69
	73	71
	74	71
	75	72
	77	74
	78	75
	79	75
	80	75
	82	77
	83	77
	84	78
	85	79
	87	80
	88	80
	89	81
	90	82
	92	83
	97	87
	99	88
	101	89
	102	90
	103	91
	104	92
	105	93
	106	94
	107	95
	108	96
	109	97
	110	98
	111	99
	112	100
	113	101
	116	104
	117	105
	119	106
	120	107
	121	108
	122	109
	123	110
	124	111
	125	112
	126	113
	127	114
	128	115
	130	117
	131	118
	132	119
	133	120
	135	121
	136	122
	138	124
	143	129
	144	130
	145	131
	146	132
	147	133
	148	134
	150	135
	151	136
	152	137
	153	138
	154	139
	155	140
	157	141
	158	142
	159	143
	161	144
	162	145
	163	146
	165	147
	166	148
	167	149
	169	150
	170	151
	171	152
	174	155
	175	156
	176	157
	177	158
	178	159
	179	160
	180	161
	181	162
	182	163
	183	164
	184	165
	185	166
	187	167
	188	168
	191	171
	192	172
	194	174
net/minecraft/client/model/animal/frog/FrogModel	173	117
	129	89
	130	90
	131	90
	132	90
	135	92
	136	93
	137	93
	138	93
	141	95
	142	96
	143	96
	144	96
	147	98
	148	99
	149	99
	150	99
	153	101
	158	105
	160	106
	161	107
	162	108
	164	109
	165	110
	39	39
	167	112
	170	115
	172	116
	173	117
	50	40
	51	41
	52	42
	53	43
	54	44
	55	45
	56	46
	59	49
	60	50
	62	51
	63	51
	64	51
	66	52
	67	54
	68	54
	69	54
	70	55
	72	57
	73	59
	74	59
	75	59
	76	60
	78	62
	79	62
	80	62
	82	63
	83	64
	84	64
	85	64
	87	66
	88	67
	89	67
	90	67
	93	69
	94	71
	95	71
	96	72
	99	74
	100	75
	101	75
	102	75
	105	77
	106	78
	107	78
	108	78
	111	80
	112	81
	113	81
	114	81
	117	83
	118	84
	119	84
	120	84
	123	86
	124	87
	125	87
	126	87
com/mojang/realmsclient/gui/screens/RealmsLongRunningMcoTaskScreen	117	118
	67	64
	72	69
	74	70
	75	71
	77	73
	81	77
	82	78
	83	79
	85	81
	25	27
	90	87
	27	28
	91	88
	92	89
	93	90
	94	91
	95	93
	96	95
	97	96
	101	100
	38	36
	102	101
	39	37
	103	102
	40	38
	41	39
	42	40
	106	105
	107	106
	45	43
	109	109
	46	44
	110	110
	47	45
	48	46
	49	47
	113	113
	50	51
	114	114
	51	52
	52	53
	116	117
	117	118
	58	56
	60	57
	61	58
	62	59
	63	60
net/minecraft/client/renderer/ShapeRenderer	17	19
	16	18
	17	19
	10	13
	11	14
	12	15
	14	16
	15	17
net/minecraft/client/particle/FireflyParticle	86	83
	64	59
	65	60
	66	62
	67	62
	69	62
	77	71
	78	72
	82	78
	83	80
	20	22
	84	81
	21	23
	85	82
	22	24
	86	83
	23	25
	24	26
	25	27
	26	28
	27	29
	31	33
	36	38
	41	43
	43	44
	44	45
	45	52
	48	47
	50	48
	51	49
	52	49
	53	49
	54	49
	57	52
	60	55
net/minecraft/client/particle/ItemPickupParticle	56	58
	33	34
	34	35
	35	36
	37	39
	38	40
	39	41
	43	45
	47	49
	48	50
	49	51
	50	52
	53	55
	54	56
	23	24
	55	57
	24	25
	56	58
	25	26
	26	27
	27	28
	28	29
	29	30
net/minecraft/client/entity/package-info	0	0
net/minecraft/client/gui/components/EditBox	649	618
	512	489
	513	491
	516	494
	518	495
	519	496
	520	497
	522	499
	525	502
	529	506
	533	510
	537	514
	538	515
	539	516
	542	519
	543	520
	34	35
	546	523
	547	524
	551	528
	552	534
	41	42
	42	43
	554	529
	555	530
	556	531
	558	534
	561	537
	565	541
	566	542
	569	545
	573	549
	574	550
	575	551
	578	554
	579	555
	582	558
	71	69
	583	559
	72	70
	586	562
	75	73
	76	74
	590	566
	79	77
	591	567
	80	78
	592	568
	81	79
	82	80
	84	83
	596	571
	85	84
	597	588
	88	87
	600	572
	89	88
	602	573
	603	574
	92	91
	604	575
	93	92
	606	576
	607	577
	97	96
	609	580
	98	97
	610	581
	611	582
	612	583
	102	101
	103	112
	615	586
	616	588
	106	102
	107	103
	619	591
	620	592
	109	105
	623	595
	112	108
	113	109
	114	110
	115	112
	627	599
	628	600
	118	115
	631	603
	632	604
	122	119
	123	120
	635	607
	636	607
	125	121
	638	607
	130	126
	131	127
	643	612
	132	128
	644	613
	647	616
	136	132
	648	617
	137	133
	649	618
	138	134
	141	137
	142	138
	145	141
	146	142
	147	143
	148	144
	149	164
	152	145
	153	146
	154	147
	155	148
	156	149
	158	152
	159	153
	162	156
	163	157
	164	164
	167	158
	168	159
	169	160
	171	161
	172	164
	175	167
	176	168
	178	171
	179	172
	182	175
	183	176
	185	178
	187	180
	190	183
	191	190
	194	184
	195	185
	196	190
	199	187
	200	190
	203	193
	204	194
	207	197
	208	212
	211	198
	212	199
	213	212
	216	201
	217	202
	218	203
	219	212
	222	204
	224	205
	225	212
	228	206
	229	207
	230	212
	233	215
	237	219
	241	223
	242	224
	243	225
	245	227
	246	228
	247	239
	248	240
	250	243
	251	244
	254	229
	256	230
	257	231
	258	232
	260	234
	261	235
	267	249
	271	253
	272	254
	275	257
	279	261
	281	262
	282	263
	285	266
	286	267
	289	270
	290	271
	291	272
	294	275
	295	276
	298	279
	299	280
	303	284
	304	353
	307	285
	309	338
	310	339
	312	341
	315	344
	317	330
	318	331
	320	333
	323	336
	325	287
	326	288
	329	291
	331	324
	332	325
	335	328
	337	346
	339	347
	341	349
	343	350
	346	298
	347	299
	348	300
	349	301
	350	302
	351	303
	352	304
	353	305
	354	306
	355	307
	357	310
	358	312
	359	313
	360	314
	361	315
	363	318
	366	321
	370	358
	375	363
	376	364
	378	367
	379	368
	380	369
	383	372
	386	374
	390	379
	391	380
	392	381
	396	385
	397	386
	398	387
	399	388
	400	389
	401	390
	405	394
	406	395
	408	397
	410	399
	414	403
	415	404
	419	408
	423	412
	424	472
	427	413
	428	414
	429	415
	432	418
	433	419
	434	420
	435	421
	436	422
	437	423
	439	424
	441	425
	442	426
	443	427
	444	428
	445	429
	448	432
	449	433
	451	434
	452	435
	453	436
	454	437
	455	438
	458	441
	459	442
	462	445
	463	446
	466	449
	467	450
	470	453
	471	454
	472	455
	473	456
	475	456
	476	456
	481	460
	482	461
	483	462
	485	464
	489	468
	490	469
	492	472
	495	475
	496	476
	498	477
	499	478
	502	482
	507	486
	508	491
	510	487
	511	488
com/mojang/realmsclient/dto/Backup	65	60
	65	60
	35	29
	36	30
	37	31
	38	32
	39	33
	42	36
	46	40
	48	43
	49	44
	50	45
	51	46
	52	47
	21	20
	53	48
	54	50
	55	50
	56	51
	57	52
	61	57
	62	58
	63	59
net/minecraft/client/color/item/package-info	0	0
net/minecraft/client/renderer/blockentity/BlockEntityRenderer	30	33
	16	19
	17	20
	22	25
	26	29
	30	33
com/mojang/realmsclient/util/task/OpenServerTask	74	77
	64	66
	66	69
	67	70
	70	73
	74	77
	15	18
	17	19
	25	26
	26	27
	27	28
	28	29
	29	30
	33	34
	34	36
	35	37
	36	38
	40	42
	41	43
	42	44
	43	45
	44	46
	47	49
	49	50
	50	51
	52	53
	54	55
	57	58
	58	59
	59	60
	61	63
	62	64
	63	65
net/minecraft/client/model/monster/zombie/ZombieVillagerModel	130	106
	129	105
	130	106
	22	23
	23	24
	26	27
	27	28
	29	29
	31	31
	32	31
	35	34
	36	35
	37	35
	40	37
	41	38
	42	38
	43	38
	45	40
	46	42
	47	43
	48	45
	51	49
	52	50
	53	50
	54	50
	56	52
	57	53
	58	53
	59	53
	61	55
	62	56
	63	56
	64	56
	66	58
	67	59
	68	59
	69	59
	72	61
	76	65
	77	66
	78	67
	83	72
	84	73
	88	77
	89	78
	91	79
	92	80
	93	80
	96	82
	97	83
	98	83
	101	85
	102	87
	103	87
	104	88
	106	90
	107	92
	108	92
	109	93
	113	95
	114	95
	117	96
	122	100
	124	101
	125	102
net/minecraft/realms/RealmsConnect	125	132
	26	28
	33	34
	34	35
	37	38
	38	39
	39	40
	41	41
	42	42
	43	43
	46	46
	48	49
	50	50
	51	51
	54	54
	56	57
	57	58
	60	62
	61	72
	62	73
	65	76
	66	77
	69	80
	71	81
	72	82
	75	85
	76	86
	77	87
	78	89
	79	90
	80	91
	82	92
	83	93
	86	96
	87	97
	89	98
	90	99
	91	100
	94	104
	96	105
	97	106
	100	109
	102	111
	103	113
	104	114
	107	117
	109	118
	110	118
	111	119
	112	120
	115	122
	118	125
	119	126
	120	127
	122	129
	125	132
net/minecraft/client/gui/screens/inventory/TestBlockEditScreen	105	102
	67	65
	69	66
	70	67
	71	68
	74	71
	75	72
	79	76
	84	81
	21	22
	22	23
	23	24
	88	85
	89	86
	90	87
	91	88
	31	31
	95	92
	32	32
	96	93
	33	33
	34	34
	35	35
	99	96
	100	97
	39	39
	103	100
	40	40
	104	101
	41	41
	105	102
	42	42
	44	43
	46	44
	47	46
	48	47
	49	48
	52	50
	53	51
	54	52
	58	56
	59	57
	61	59
	63	61
net/minecraft/client/DebugQueryHandler	46	46
	34	34
	35	35
	39	39
	40	40
	41	41
	44	44
	45	45
	46	46
	20	20
	21	21
	24	24
	25	25
	26	26
	27	27
	30	29
net/minecraft/client/renderer/entity/layers/RenderLayer	32	51
	32	51
	18	21
	19	22
	22	27
	23	28
	25	30
	28	35
	29	48
net/minecraft/client/model/animal/axolotl/package-info	0	0
net/minecraft/client/renderer/state/MapRenderState	0	0
net/minecraft/client/color/item/Potion	37	34
	32	29
	17	19
	18	19
	19	19
	37	34
	22	23
	23	24
	27	28
	28	29
	29	29
net/minecraft/client/renderer/blockentity/VaultRenderer	60	60
	36	40
	37	41
	38	42
	39	50
	41	43
	42	44
	43	45
	44	46
	45	47
	46	48
	47	50
	51	53
	52	60
	55	54
	56	55
	57	56
	26	30
	58	57
	27	31
	59	58
	60	60
	31	34
net/minecraft/client/gui/screens/inventory/tooltip/ClientTextTooltip	30	30
	19	19
	24	24
	29	29
	14	14
	30	30
	15	15
net/minecraft/client/renderer/item/package-info	0	0
net/minecraft/client/gui/screens/inventory/CreativeInventoryListener	22	23
	17	19
	18	20
	22	23
	12	15
	13	16
net/minecraft/client/model/monster/piglin/package-info	0	0
net/minecraft/client/renderer/chunk/VisGraph	162	160
	128	125
	130	128
	133	130
	134	131
	136	134
	139	136
	140	137
	142	140
	145	142
	146	143
	148	146
	21	23
	22	24
	23	25
	151	148
	152	149
	25	27
	154	152
	27	28
	29	29
	157	154
	30	30
	158	155
	31	31
	160	158
	33	32
	34	34
	162	160
	35	35
	36	36
	37	37
	38	38
	43	43
	45	44
	48	47
	49	48
	50	49
	53	52
	57	56
	61	60
	63	61
	64	62
	65	63
	66	64
	68	66
	69	67
	70	68
	75	73
	79	77
	81	78
	82	79
	83	80
	85	82
	86	83
	87	84
	89	86
	90	87
	91	88
	92	89
	93	90
	97	95
	101	99
	102	100
	103	101
	104	102
	105	103
	108	106
	109	107
	110	108
	111	109
	112	110
	115	113
	116	114
	117	115
	118	116
	119	117
	121	119
	124	122
	127	124
net/minecraft/client/gui/components/Renderable	0	0
net/minecraft/client/gui/components/debug/DebugEntryLookingAtBlock	66	63
	66	63
	24	27
	28	31
	29	32
	30	33
	31	51
	34	34
	35	35
	37	36
	38	37
	39	38
	41	39
	42	40
	44	42
	45	43
	48	46
	52	49
	53	51
	56	54
	57	55
	58	56
	60	57
	61	58
	62	59
	63	60
net/minecraft/client/renderer/entity/HappyGhastRenderer	59	57
	35	39
	36	39
	38	39
	43	43
	16	19
	48	47
	17	20
	49	48
	18	21
	50	49
	21	24
	23	25
	55	53
	56	54
	25	30
	57	55
	26	31
	58	56
	27	32
	59	57
	30	35
	31	36
net/minecraft/client/resources/sounds/EntityBoundSoundInstance	37	38
	34	34
	35	35
	36	36
	37	38
	12	15
	13	16
	14	17
	15	18
	17	19
	18	20
	19	21
	20	22
	24	26
	29	31
	30	32
	31	38
com/mojang/blaze3d/platform/cursor/CursorType	39	30
	16	17
	33	29
	34	30
	19	20
	20	21
	36	30
	39	30
	8	10
	24	25
	14	15
	15	16
net/minecraft/client/renderer/block/ModelBlockRenderer	704	990
	32	37
	37	43
	38	44
	41	56
	42	74
	45	57
	46	58
	48	61
	49	62
	51	64
	53	66
	54	67
	55	68
	57	69
	58	70
	59	71
	61	74
	64	77
	65	78
	67	81
	68	82
	73	95
	75	96
	76	97
	78	99
	79	100
	80	101
	81	102
	82	103
	84	104
	89	105
	90	106
	94	107
	95	108
	96	109
	97	110
	98	111
	102	115
	103	116
	107	122
	108	123
	109	124
	112	127
	116	139
	117	140
	118	141
	120	143
	121	144
	122	145
	123	146
	124	147
	126	148
	131	149
	132	150
	136	151
	137	152
	138	153
	139	154
	140	155
	141	156
	145	160
	146	161
	147	162
	151	168
	152	169
	153	170
	156	173
	159	185
	160	186
	161	187
	163	188
	165	190
	172	202
	173	206
	175	208
	176	209
	178	211
	179	212
	180	213
	182	216
	183	217
	184	218
	186	220
	187	221
	188	222
	191	225
	192	226
	195	235
	196	236
	197	237
	198	238
	199	239
	200	240
	201	242
	202	243
	203	244
	204	245
	205	246
	206	247
	207	248
	208	249
	209	250
	210	251
	211	252
	214	255
	215	256
	216	257
	217	258
	218	259
	219	260
	220	261
	221	262
	222	263
	223	264
	224	265
	225	266
	226	267
	229	270
	230	271
	231	273
	232	274
	233	275
	234	276
	237	280
	238	281
	239	282
	240	283
	241	284
	242	285
	243	286
	245	289
	248	303
	249	304
	250	305
	252	306
	253	307
	256	310
	257	311
	258	312
	259	313
	260	314
	262	315
	263	316
	264	317
	265	318
	267	319
	269	321
	272	324
	273	325
	274	326
	276	329
	278	331
	281	334
	285	338
	286	339
	287	340
	288	341
	290	343
	291	344
	292	345
	294	348
	296	350
	299	846
	300	847
	301	848
	302	849
	303	850
	304	851
	311	858
	312	859
	313	860
	314	861
	315	862
	316	863
	317	864
	318	865
	321	869
	322	870
	323	871
	324	872
	325	873
	328	876
	337	883
	338	884
	341	887
	343	889
	344	890
	347	892
	348	893
	351	896
	353	898
	354	899
	357	918
	358	902
	359	903
	360	904
	361	905
	364	908
	366	909
	367	910
	369	913
	370	914
	374	921
	375	922
	378	925
	379	926
	380	927
	381	928
	384	932
	388	937
	389	938
	390	939
	391	940
	392	941
	396	945
	397	946
	398	947
	399	948
	401	951
	403	954
	407	40
	410	353
	411	354
	414	357
	415	358
	422	963
	423	964
	426	965
	430	967
	435	674
	438	677
	441	680
	442	681
	444	682
	446	683
	447	684
	448	685
	449	686
	451	687
	452	688
	453	689
	454	690
	456	691
	457	692
	458	693
	459	694
	461	695
	462	696
	463	697
	464	698
	466	699
	467	700
	468	701
	469	702
	470	703
	471	704
	472	705
	473	706
	484	709
	485	713
	486	714
	487	715
	488	716
	490	710
	491	711
	493	721
	494	725
	495	726
	496	727
	497	728
	499	722
	500	723
	502	733
	503	737
	504	738
	505	739
	506	740
	508	734
	509	735
	511	745
	512	749
	513	750
	514	751
	515	752
	517	746
	518	747
	521	755
	522	756
	523	757
	524	758
	525	759
	528	762
	529	763
	530	764
	532	765
	534	766
	535	800
	536	801
	537	802
	538	803
	540	804
	541	805
	542	806
	543	807
	545	808
	546	809
	547	810
	548	811
	550	767
	551	768
	552	769
	553	770
	555	771
	556	772
	557	773
	558	774
	560	775
	561	776
	562	777
	563	778
	565	779
	566	780
	567	781
	568	782
	570	783
	571	784
	572	785
	573	786
	575	787
	576	788
	577	789
	578	790
	580	791
	581	792
	582	793
	583	794
	585	795
	586	796
	587	797
	588	798
	591	814
	592	816
	593	817
	595	819
	598	822
	599	823
	601	826
	602	827
	604	830
	605	831
	607	834
	611	838
	612	839
	613	840
	618	972
	619	973
	620	974
	621	975
	622	976
	623	977
	624	978
	625	979
	626	980
	627	981
	628	982
	629	983
	631	985
	636	989
	637	990
	641	363
	647	408
	653	453
	659	536
	665	543
	671	588
	685	640
	686	641
	687	642
	688	643
	689	644
	690	645
	691	646
	692	647
	695	659
	696	660
	697	661
	698	662
	699	663
	700	664
	701	665
	704	668
net/minecraft/client/renderer/entity/state/PolarBearRenderState	0	0
com/mojang/realmsclient/gui/screens/RealmsUploadScreen	284	284
	257	257
	259	258
	261	259
	262	260
	264	263
	265	264
	267	267
	268	268
	270	270
	273	273
	274	274
	278	278
	283	283
	284	284
	46	46
	47	47
	76	71
	77	72
	78	73
	79	74
	80	75
	81	76
	82	77
	83	78
	84	79
	88	83
	89	84
	90	85
	92	86
	93	87
	94	88
	95	89
	97	91
	98	92
	99	93
	101	96
	102	97
	103	98
	104	99
	105	100
	106	101
	107	102
	109	104
	110	105
	114	110
	115	112
	116	113
	120	117
	121	118
	124	121
	125	122
	128	125
	129	126
	130	127
	131	128
	133	130
	135	132
	139	136
	140	137
	141	138
	143	140
	145	143
	147	145
	152	151
	154	152
	155	153
	156	154
	159	157
	161	158
	162	159
	165	162
	166	163
	167	164
	170	167
	171	168
	172	169
	173	170
	176	173
	179	176
	180	177
	182	178
	183	179
	184	180
	185	181
	186	182
	187	183
	190	186
	191	187
	194	190
	195	191
	196	192
	197	193
	198	194
	200	196
	204	200
	206	201
	208	202
	210	203
	211	204
	212	205
	214	207
	217	210
	218	211
	219	212
	220	213
	222	216
	223	217
	224	218
	226	221
	230	225
	231	227
	232	229
	233	230
	235	231
	236	232
	238	235
	239	236
	240	237
	241	238
	243	241
	244	242
	245	243
	247	246
	249	248
	252	251
	253	252
	254	253
net/minecraft/client/main/SilentInitException	14	14
	9	9
	10	10
	13	13
	14	14
net/minecraft/client/ClientBrandRetriever	12	13
	12	13
net/minecraft/client/model/monster/guardian/GuardianModel	164	158
	129	119
	130	120
	131	122
	132	126
	133	127
	135	130
	137	131
	138	132
	139	133
	140	134
	141	135
	144	138
	17	19
	145	139
	146	140
	19	20
	147	141
	20	21
	21	22
	149	143
	22	23
	23	24
	24	25
	152	146
	156	150
	160	154
	164	158
	37	36
	40	37
	42	39
	43	40
	46	43
	47	44
	48	45
	49	46
	50	47
	51	48
	54	51
	58	55
	59	56
	61	57
	62	59
	63	60
	64	62
	65	64
	66	66
	67	68
	71	72
	72	72
	73	74
	74	75
	75	76
	76	77
	77	78
	78	79
	79	80
	80	81
	83	84
	84	85
	85	85
	86	85
	88	87
	89	88
	90	88
	92	90
	93	91
	94	91
	95	91
	97	93
	98	95
	99	95
	100	95
	101	96
	104	98
	108	102
	113	106
	115	107
	116	108
	118	109
	119	110
	121	111
	122	112
	123	113
	124	114
	126	116
net/minecraft/client/resources/sounds/AmbientSoundHandler	0	0
com/mojang/blaze3d/font/SpaceProvider	50	54
	49	53
	34	36
	50	54
	38	42
	23	25
	39	42
	24	26
	40	43
	25	27
	44	48
	29	31
net/minecraft/client/InactivityFpsLimit	28	28
	18	19
	19	20
	20	21
	23	24
	8	11
	9	12
	12	14
	28	28
net/minecraft/client/data/models/blockstates/PropertyDispatch	272	326
	256	293
	257	294
	261	298
	262	301
	263	304
	264	307
	265	310
	266	313
	272	326
	21	23
	22	24
	23	25
	25	27
	28	30
	29	31
	33	35
	34	36
	35	38
	36	39
	38	42
	39	43
	40	44
	42	46
	47	51
	51	57
	55	63
	59	69
	63	75
	67	79
	71	85
	75	91
	79	97
	83	103
	90	111
	91	112
	95	116
	99	120
	100	120
	102	121
	103	122
	107	126
	108	126
	110	127
	119	137
	120	138
	121	139
	125	143
	129	147
	130	147
	131	147
	133	148
	134	149
	138	153
	139	156
	140	158
	143	160
	153	171
	154	172
	155	173
	156	174
	160	178
	164	182
	165	183
	166	183
	167	183
	169	185
	170	186
	174	190
	175	193
	176	196
	177	199
	181	203
	192	216
	193	217
	194	218
	195	219
	196	220
	200	224
	204	228
	205	229
	206	229
	207	229
	208	229
	210	231
	211	232
	215	236
	216	239
	217	242
	218	245
	219	248
	224	259
	236	273
	237	274
	238	275
	239	276
	240	277
	241	278
	245	282
	249	286
	250	287
	251	288
	252	289
	253	290
	254	291
net/minecraft/client/model/animal/fish/TropicalFishLargeModel	68	58
	65	55
	66	56
	67	57
	68	58
	19	21
	20	22
	21	23
	24	26
	25	27
	27	28
	29	29
	30	30
	31	30
	32	30
	34	32
	35	33
	36	33
	37	33
	39	35
	40	37
	41	37
	42	38
	44	40
	45	42
	46	42
	47	43
	49	45
	50	46
	51	46
	52	46
	54	48
	55	49
	56	49
	57	49
	60	51
net/minecraft/client/gui/components/debug/DebugEntryChunkRenderStats	19	22
	19	22
	11	14
	12	15
	13	16
	15	18
net/minecraft/client/renderer/blockentity/state/CampfireRenderState	11	13
	10	12
	11	13
net/minecraft/client/renderer/item/properties/conditional/HasComponent	27	33
	16	20
	17	21
	18	23
	22	28
	27	33
	15	19
net/minecraft/client/resources/model/UnbakedModel	56	60
	33	35
	37	40
	38	41
	43	46
	44	47
	13	15
	47	50
	48	51
	17	19
	49	52
	52	56
	21	23
	56	60
	25	27
	29	31
com/mojang/blaze3d/resource/CrossFrameResourcePool	90	89
	67	65
	68	66
	72	70
	82	81
	83	82
	84	83
	21	17
	85	84
	22	18
	25	21
	89	88
	26	23
	90	89
	27	24
	28	25
	29	26
	30	27
	33	30
	37	34
	38	35
	39	36
	44	40
	45	42
	46	43
	47	44
	48	45
	49	46
	52	50
	57	55
	58	56
	61	59
	62	60
	63	61
net/minecraft/client/particle/SpriteSet	0	0
net/minecraft/client/renderer/entity/WitherBossRenderer	63	54
	32	30
	33	31
	34	31
	36	31
	41	35
	46	39
	16	17
	48	40
	17	18
	49	41
	20	21
	52	44
	53	45
	22	22
	23	23
	57	48
	58	49
	27	26
	59	50
	60	51
	61	52
	62	53
	63	54
net/minecraft/client/model/monster/zombie/ZombieModel	9	12
	8	11
	9	12
net/minecraft/client/tutorial/FindTreeTutorialStepInstance	99	95
	65	60
	66	61
	67	62
	69	64
	73	68
	74	69
	75	70
	76	71
	79	74
	83	78
	84	79
	86	81
	24	26
	25	27
	89	84
	93	88
	94	89
	95	90
	32	33
	96	91
	33	34
	99	95
	37	38
	39	39
	40	40
	41	56
	44	42
	45	43
	46	44
	47	45
	48	45
	49	46
	50	47
	55	51
	56	51
	57	52
	58	53
	61	56
net/minecraft/client/model/monster/blaze/package-info	0	0
net/minecraft/client/model/monster/wither/WitherBossModel	100	88
	64	62
	67	64
	68	65
	69	65
	72	67
	73	67
	74	68
	75	69
	77	70
	82	74
	84	75
	85	76
	87	77
	88	78
	90	79
	91	80
	93	81
	94	82
	95	83
	32	31
	33	32
	34	33
	98	86
	99	87
	36	34
	100	88
	37	35
	38	36
	39	37
	42	40
	43	41
	45	42
	46	43
	47	43
	51	45
	53	46
	54	48
	55	49
	56	51
	57	53
	58	55
	59	57
	61	59
	62	61
	63	61
net/minecraft/client/renderer/entity/state/StriderRenderState	6	9
	6	9
net/minecraft/client/gui/screens/Screen	616	662
	513	556
	514	557
	516	559
	519	562
	520	563
	521	564
	522	565
	524	567
	527	570
	531	574
	532	575
	533	576
	535	579
	536	580
	539	583
	540	585
	541	586
	542	587
	543	588
	545	589
	546	590
	548	591
	549	592
	551	595
	552	596
	553	599
	554	600
	557	604
	559	606
	562	609
	53	61
	54	62
	566	613
	567	614
	56	63
	568	617
	57	64
	569	618
	58	65
	570	619
	59	66
	571	620
	60	67
	572	621
	61	68
	573	625
	575	622
	577	626
	578	627
	582	631
	586	635
	587	636
	76	79
	77	80
	590	639
	591	640
	593	642
	596	645
	600	649
	91	92
	92	93
	604	653
	95	96
	96	97
	97	98
	99	99
	100	100
	612	658
	101	101
	103	103
	104	104
	616	662
	107	107
	111	111
	115	115
	116	116
	117	117
	119	118
	120	119
	121	120
	125	124
	126	125
	128	127
	132	131
	133	132
	134	133
	136	136
	137	137
	139	140
	140	144
	141	143
	142	146
	143	145
	144	141
	145	142
	147	148
	148	149
	150	150
	151	151
	152	152
	154	155
	155	156
	158	160
	162	164
	166	168
	170	172
	171	173
	172	174
	173	175
	174	176
	177	179
	180	182
	181	183
	182	184
	184	186
	187	189
	188	190
	189	191
	191	193
	195	197
	196	198
	197	199
	200	202
	204	206
	205	207
	208	210
	209	211
	213	215
	214	216
	218	220
	219	221
	220	222
	224	226
	225	227
	227	230
	228	231
	230	234
	231	235
	233	238
	234	239
	237	242
	238	243
	239	244
	240	245
	243	248
	247	254
	254	257
	256	258
	257	259
	258	272
	259	264
	260	276
	261	277
	262	278
	265	282
	267	284
	270	287
	271	288
	272	299
	274	300
	276	302
	277	303
	278	304
	280	306
	281	317
	282	318
	284	321
	286	293
	287	334
	288	335
	291	338
	293	339
	296	342
	297	343
	299	345
	302	348
	303	349
	305	352
	306	353
	307	354
	308	355
	310	358
	311	359
	313	361
	315	364
	319	368
	320	369
	323	372
	324	373
	325	374
	326	375
	327	376
	329	378
	331	381
	332	382
	334	383
	335	384
	337	386
	339	388
	342	391
	343	392
	344	393
	345	394
	346	395
	349	398
	350	399
	351	400
	354	403
	358	407
	362	411
	365	414
	368	417
	371	420
	374	423
	375	424
	377	426
	378	427
	380	430
	381	431
	384	434
	385	435
	388	438
	389	439
	390	440
	392	442
	395	445
	396	446
	399	449
	400	450
	403	453
	404	454
	407	457
	408	458
	409	459
	412	462
	413	463
	416	466
	420	470
	424	474
	428	478
	433	482
	434	483
	438	486
	439	487
	440	488
	441	489
	444	492
	445	493
	446	494
	449	497
	450	498
	452	499
	453	500
	456	502
	457	502
	460	502
	465	508
	469	512
	472	515
	473	516
	474	517
	476	519
	479	522
	480	523
	483	526
	484	527
	487	530
	488	531
	491	534
	492	535
	495	538
	496	539
	499	542
	503	546
	504	547
	505	548
	506	549
	507	550
	510	553
net/minecraft/client/gui/screens/inventory/HangingSignEditScreen	37	38
	32	33
	33	34
	18	21
	20	22
	37	38
	24	26
	12	15
	29	31
	30	32
net/minecraft/client/gui/components/debug/package-info	0	0
net/minecraft/client/gui/render/state/pip/GuiSignRenderState	12	24
	11	23
	12	24
net/minecraft/client/renderer/entity/WanderingTraderRenderer	37	36
	16	19
	18	20
	34	33
	19	21
	35	34
	20	22
	36	35
	37	36
	24	25
	13	16
	29	29
net/minecraft/client/resources/GrassColorReloadListener	26	26
	17	18
	18	19
	19	20
	25	25
	26	26
	12	14
com/mojang/realmsclient/dto/PingResult	0	0
net/minecraft/client/renderer/block/model/BlockModelPart	0	0
net/minecraft/client/gui/layouts/LinearLayout	110	114
	66	65
	71	70
	72	71
	76	75
	77	76
	16	15
	17	16
	81	80
	20	19
	21	20
	22	21
	86	85
	25	24
	26	25
	90	89
	30	29
	94	93
	34	33
	101	102
	38	37
	102	104
	103	107
	105	109
	42	41
	108	112
	109	113
	46	45
	110	114
	51	50
	52	51
	56	55
	57	56
	61	60
net/minecraft/client/gui/screens/recipebook/RecipeBookTabButton	118	111
	16	19
	17	19
	18	19
	31	29
	32	30
	33	31
	36	34
	37	36
	38	36
	39	37
	40	38
	41	39
	43	40
	47	44
	51	48
	52	49
	53	50
	54	51
	55	52
	56	53
	59	56
	61	57
	62	58
	63	59
	66	62
	68	63
	70	64
	71	65
	72	66
	74	68
	78	72
	79	73
	81	75
	84	78
	86	79
	87	80
	88	81
	90	83
	92	85
	95	88
	99	92
	100	93
	102	95
	103	96
	104	97
	105	98
	109	102
	113	106
	114	107
	117	110
	118	111
net/minecraft/client/model/animal/cow/package-info	0	0
net/minecraft/client/model/player/PlayerModel	180	150
	37	36
	38	37
	40	38
	41	39
	42	40
	43	41
	44	42
	46	43
	47	44
	50	47
	51	48
	53	49
	54	50
	55	51
	56	52
	57	52
	58	52
	60	54
	61	55
	62	55
	63	55
	65	57
	66	58
	67	58
	70	60
	71	61
	72	61
	76	64
	77	65
	78	65
	79	65
	82	67
	83	68
	84	69
	85	69
	88	71
	89	72
	90	72
	95	76
	96	77
	97	77
	98	77
	100	79
	101	80
	102	81
	103	81
	106	83
	107	84
	108	84
	111	86
	112	87
	113	88
	114	88
	118	90
	122	94
	123	95
	124	96
	125	97
	126	98
	127	99
	128	100
	129	101
	130	102
	131	103
	132	104
	133	105
	134	106
	140	111
	141	112
	142	113
	143	114
	144	115
	145	116
	146	117
	147	118
	148	119
	149	120
	150	121
	151	122
	152	123
	153	124
	157	128
	158	129
	159	130
	160	131
	161	132
	162	133
	163	134
	167	137
	168	138
	169	139
	170	140
	171	141
	172	142
	173	143
	175	145
	177	147
	180	150
net/minecraft/client/renderer/entity/state/IllagerRenderState	10	13
	9	12
	10	13
com/mojang/blaze3d/textures/GpuTexture	97	64
	64	31
	65	32
	97	64
	66	33
	67	34
	68	35
	69	36
	72	39
	76	43
	80	47
	84	51
	88	55
	93	60
	62	29
	63	30
net/minecraft/client/renderer/entity/AgeableMobRenderer	26	28
	17	19
	18	20
	19	21
	20	22
	24	26
	25	27
	26	28
net/minecraft/client/gui/components/debug/DebugScreenEntries	96	105
	68	93
	12	13
	76	104
	13	14
	14	15
	15	16
	16	17
	80	105
	17	18
	18	19
	19	20
	83	55
	20	21
	21	22
	22	23
	23	24
	87	59
	24	25
	88	60
	25	26
	26	27
	27	28
	28	29
	92	64
	29	30
	30	31
	31	32
	32	33
	96	68
	33	34
	34	35
	35	36
	36	37
	37	38
	38	39
	39	40
	40	41
	41	42
	42	43
	43	44
	44	45
	45	46
	46	47
	47	48
	48	49
	49	50
	50	51
	56	73
net/minecraft/client/renderer/item/properties/numeric/Damage	30	29
	19	22
	20	23
	22	24
	23	24
	25	24
	13	17
	14	17
	30	29
	15	17
net/minecraft/client/renderer/entity/state/SheepRenderState	18	17
	18	17
	10	13
	14	17
	15	17
com/mojang/realmsclient/client/worldupload/RealmsWorldUpload	120	139
	25	27
	40	39
	41	40
	42	41
	43	42
	44	43
	45	44
	48	47
	49	49
	51	52
	52	53
	54	54
	55	57
	56	66
	57	67
	58	68
	59	86
	60	106
	64	71
	65	72
	66	73
	68	76
	69	77
	70	78
	72	81
	73	82
	75	88
	76	89
	77	90
	78	91
	79	92
	80	93
	81	94
	82	95
	83	96
	85	99
	87	101
	88	102
	89	103
	92	83
	96	112
	97	113
	98	114
	99	115
	101	117
	104	120
	106	122
	107	123
	108	124
	110	127
	111	128
	112	129
	114	132
	116	134
	117	135
	120	139
net/minecraft/client/renderer/blockentity/state/ShelfRenderState	7	10
	7	10
net/minecraft/client/renderer/item/properties/numeric/Cooldown	20	23
	20	23
	11	14
	15	18
net/minecraft/client/model/monster/spider/SpiderModel	121	120
	33	34
	34	35
	35	36
	36	37
	37	38
	38	39
	39	40
	40	41
	41	42
	42	43
	43	44
	46	47
	47	48
	49	49
	50	50
	51	51
	52	51
	53	51
	55	53
	56	54
	57	54
	58	54
	60	56
	61	57
	62	57
	63	57
	65	59
	66	59
	67	60
	68	60
	70	61
	71	62
	73	63
	74	66
	75	69
	76	72
	77	75
	78	78
	79	81
	80	84
	82	87
	87	91
	89	92
	90	93
	92	94
	93	95
	94	96
	95	97
	96	98
	97	99
	99	100
	100	101
	101	102
	102	103
	104	104
	105	105
	106	106
	107	107
	108	108
	109	109
	110	110
	111	111
	113	112
	114	113
	115	114
	116	115
	117	116
	118	117
	119	118
	120	119
	121	120
net/minecraft/client/gui/font/providers/package-info	0	0
net/minecraft/client/gui/screens/GenericWaitingScreen	96	92
	64	60
	65	61
	67	64
	68	65
	72	69
	73	70
	74	71
	76	72
	77	73
	78	74
	80	76
	82	78
	86	82
	91	87
	92	88
	29	28
	96	92
	33	32
	37	36
	38	37
	39	38
	40	39
	41	40
	42	41
	46	45
	48	46
	49	47
	52	50
	53	51
	55	52
	56	53
	57	54
	59	55
	60	56
net/minecraft/client/model/animal/camel/CamelSaddleModel	61	76
	21	22
	23	23
	26	26
	28	27
	29	28
	30	29
	32	30
	34	31
	35	34
	36	36
	37	38
	38	40
	40	42
	41	45
	42	47
	43	49
	44	51
	46	53
	47	56
	48	58
	49	60
	50	62
	51	64
	52	67
	54	69
	59	74
	60	75
	61	76
net/minecraft/client/renderer/block/model/ItemTransform	96	82
	65	58
	66	59
	67	60
	68	60
	69	60
	70	60
	73	61
	74	62
	75	62
	76	62
	77	62
	80	63
	20	21
	84	67
	85	68
	23	24
	87	71
	24	25
	88	72
	25	45
	89	73
	92	76
	93	78
	94	79
	32	30
	96	82
	36	31
	37	32
	38	33
	40	35
	41	36
	42	37
	45	40
	46	41
	47	42
	49	43
	50	45
	53	49
	54	50
	55	51
	61	56
	63	57
net/minecraft/client/renderer/entity/state/ThrownTridentRenderState	0	0
net/minecraft/client/gui/font/PlainTextRenderable	71	68
	66	63
	71	68
	43	40
	47	44
	51	48
	20	16
	21	17
	22	18
	23	19
	24	20
	56	53
	27	24
	28	25
	61	58
net/minecraft/client/gui/components/BossHealthOverlay	187	175
	130	120
	131	121
	135	124
	136	125
	137	126
	138	127
	142	130
	143	131
	144	132
	145	133
	146	134
	148	136
	23	27
	151	139
	24	27
	152	140
	25	28
	26	29
	27	30
	155	143
	28	31
	156	144
	29	32
	157	145
	30	33
	158	146
	33	36
	34	36
	35	37
	163	151
	36	38
	37	39
	38	40
	39	41
	167	155
	40	42
	168	156
	169	157
	170	158
	43	45
	44	45
	45	46
	46	47
	47	48
	175	163
	50	51
	51	51
	179	167
	52	52
	180	168
	53	53
	181	169
	54	54
	182	170
	187	175
	61	60
	62	61
	65	64
	66	88
	68	65
	70	66
	71	67
	73	68
	75	69
	76	71
	77	72
	79	73
	80	74
	81	75
	82	76
	83	77
	84	78
	85	79
	86	80
	88	81
	93	86
	94	88
	97	91
	98	92
	99	93
	100	94
	102	96
	105	99
	106	100
	107	101
	109	103
	112	106
	115	108
	116	109
	120	112
	121	113
	125	116
	126	117
net/minecraft/client/animation/definitions/CamelAnimation	416	658
	13	12
	14	13
	15	14
	16	18
	17	19
	18	20
	20	23
	21	27
	22	28
	23	29
	24	30
	25	31
	27	34
	28	38
	29	39
	30	40
	32	43
	33	47
	34	48
	35	49
	36	50
	38	53
	39	57
	40	58
	41	59
	43	62
	44	66
	45	67
	46	68
	47	69
	49	72
	50	76
	51	77
	52	78
	53	79
	55	82
	56	86
	57	87
	58	88
	59	89
	60	90
	62	93
	63	97
	64	98
	65	99
	67	102
	68	106
	69	107
	70	108
	71	109
	73	112
	74	116
	75	117
	76	118
	77	119
	78	120
	80	123
	81	127
	82	128
	83	129
	84	130
	85	131
	87	134
	88	138
	89	139
	90	140
	92	143
	94	144
	95	145
	96	149
	97	150
	98	151
	99	152
	101	155
	102	159
	103	160
	104	161
	105	162
	107	165
	108	169
	109	170
	110	171
	111	172
	113	175
	114	179
	115	180
	116	181
	117	182
	118	183
	120	186
	121	190
	122	191
	123	192
	124	193
	126	196
	127	200
	128	201
	129	202
	130	203
	131	204
	133	207
	134	211
	135	212
	136	213
	137	214
	138	215
	139	216
	141	219
	142	223
	143	224
	144	225
	145	226
	146	227
	147	228
	149	231
	150	235
	151	236
	152	237
	153	238
	154	239
	155	240
	157	243
	158	247
	159	248
	160	249
	161	250
	162	251
	163	252
	165	255
	166	259
	167	260
	168	261
	169	262
	171	265
	172	269
	173	270
	174	271
	175	272
	177	275
	179	276
	180	277
	181	281
	182	282
	184	285
	185	289
	186	290
	188	293
	189	297
	190	298
	192	301
	193	305
	194	306
	196	309
	197	313
	198	314
	200	317
	201	321
	202	322
	204	325
	205	329
	206	330
	208	333
	209	337
	210	338
	212	341
	213	345
	214	346
	216	349
	217	353
	218	354
	220	357
	221	361
	222	362
	224	365
	225	369
	226	370
	228	373
	230	374
	231	375
	232	379
	233	380
	234	381
	235	382
	236	383
	238	386
	239	390
	240	391
	241	392
	242	393
	243	394
	244	395
	246	398
	247	402
	248	403
	249	404
	250	405
	251	406
	252	407
	254	410
	255	414
	256	415
	257	416
	258	417
	259	418
	260	419
	262	422
	263	426
	264	427
	265	428
	266	429
	267	430
	268	431
	270	434
	271	438
	272	439
	273	440
	274	441
	275	442
	276	443
	278	446
	279	450
	280	451
	281	452
	282	453
	283	454
	284	455
	285	456
	287	459
	288	463
	289	464
	290	465
	291	466
	292	467
	293	468
	294	469
	295	470
	297	473
	298	477
	299	478
	300	479
	301	480
	302	481
	303	482
	304	483
	306	486
	307	490
	308	491
	309	492
	310	493
	311	494
	312	495
	313	496
	314	497
	316	500
	317	504
	318	505
	319	506
	320	507
	321	508
	323	511
	324	515
	325	516
	326	517
	327	518
	328	519
	330	522
	332	523
	333	524
	334	525
	335	529
	336	530
	338	533
	339	537
	340	538
	341	539
	342	540
	343	541
	345	544
	346	548
	347	549
	348	550
	349	551
	350	552
	352	555
	353	559
	354	560
	355	561
	356	562
	357	563
	359	566
	360	570
	361	571
	362	572
	363	573
	364	574
	366	577
	367	581
	368	582
	369	583
	370	584
	371	585
	373	588
	374	592
	375	593
	376	594
	377	595
	378	596
	380	599
	381	603
	382	604
	384	607
	385	611
	386	612
	388	615
	390	616
	391	617
	392	621
	393	622
	394	623
	395	624
	397	627
	398	631
	399	632
	400	633
	402	636
	403	640
	404	641
	405	642
	406	643
	407	644
	409	647
	410	651
	411	652
	412	653
	413	654
	414	655
	416	658
net/minecraft/client/animation/definitions/BreezeAnimation	234	395
	10	12
	11	14
	12	18
	13	19
	14	20
	15	21
	16	22
	17	23
	19	26
	20	30
	21	31
	22	32
	23	33
	24	34
	26	37
	27	41
	28	42
	29	43
	31	46
	32	50
	33	51
	35	54
	36	58
	37	59
	38	60
	40	63
	42	64
	43	65
	44	69
	45	70
	46	71
	47	72
	48	73
	50	76
	51	80
	52	81
	53	82
	54	83
	55	84
	57	87
	58	90
	60	93
	61	97
	62	98
	63	99
	64	100
	65	101
	67	104
	68	108
	69	109
	70	110
	71	111
	72	112
	74	115
	75	119
	76	120
	77	121
	78	122
	79	123
	81	126
	82	130
	83	131
	84	132
	85	133
	86	134
	88	137
	89	141
	90	142
	91	143
	92	144
	93	145
	95	148
	96	152
	97	153
	98	154
	99	155
	100	156
	102	159
	103	163
	104	164
	106	167
	108	168
	109	169
	110	173
	111	174
	112	175
	114	178
	115	182
	116	183
	117	184
	119	187
	120	191
	121	192
	122	193
	124	196
	125	200
	126	201
	128	204
	129	208
	130	209
	131	210
	133	213
	134	217
	135	218
	137	221
	138	225
	139	226
	140	227
	142	230
	143	234
	144	235
	146	238
	147	242
	148	243
	149	244
	151	247
	152	251
	153	252
	155	255
	157	256
	158	257
	159	261
	160	262
	161	263
	163	266
	164	270
	165	271
	166	272
	168	275
	169	279
	170	280
	171	281
	173	284
	174	288
	175	289
	177	292
	178	296
	179	297
	180	298
	182	301
	183	305
	184	306
	186	309
	187	313
	188	314
	189	315
	191	318
	192	322
	193	323
	195	326
	196	330
	197	331
	198	332
	200	335
	201	339
	202	340
	204	343
	206	344
	207	345
	208	349
	209	350
	211	353
	212	357
	213	358
	215	361
	216	365
	217	366
	219	369
	221	370
	222	371
	223	375
	224	376
	226	379
	227	383
	228	384
	230	387
	231	391
	232	392
	234	395
net/minecraft/client/resources/sounds/BeeAggressiveSoundInstance	20	23
	20	23
	9	12
	10	13
	11	14
	15	18
net/minecraft/client/renderer/entity/EntityRendererProvider	99	116
	67	84
	71	88
	75	92
	79	96
	83	100
	87	104
	91	108
	95	112
	99	116
	37	54
	38	55
	39	56
	40	57
	41	58
	42	59
	43	60
	44	61
	45	62
	46	63
	47	64
	48	65
	51	68
	55	72
	59	76
	63	80
net/minecraft/client/player/RemotePlayer	85	99
	64	70
	65	83
	66	86
	70	89
	71	90
	72	91
	79	94
	16	19
	18	20
	19	21
	83	97
	84	98
	85	99
	23	24
	24	25
	25	26
	27	29
	28	30
	33	34
	38	39
	39	40
	40	41
	44	45
	45	46
	47	49
	48	50
	49	51
	51	54
	52	55
	53	57
	54	58
	55	59
	57	62
	60	65
	61	66
	63	71
net/minecraft/client/main/Main	334	302
	256	231
	260	236
	261	236
	262	236
	264	237
	265	238
	268	239
	269	240
	272	241
	273	242
	274	243
	277	244
	278	245
	279	246
	282	247
	283	248
	284	249
	287	251
	291	256
	292	256
	294	256
	298	260
	302	264
	307	269
	308	270
	309	271
	310	272
	311	273
	312	274
	56	301
	57	302
	315	278
	63	56
	64	57
	320	283
	66	58
	67	59
	68	60
	324	287
	69	61
	70	62
	71	63
	72	64
	73	65
	329	292
	74	66
	330	294
	75	67
	331	295
	76	68
	332	296
	77	69
	78	70
	334	293
	79	71
	80	72
	81	73
	82	74
	83	75
	84	76
	85	77
	86	78
	87	79
	88	80
	89	81
	90	82
	91	83
	92	84
	93	85
	94	86
	95	87
	96	88
	97	89
	98	90
	99	91
	101	92
	104	93
	105	94
	111	95
	115	100
	116	101
	118	104
	119	105
	122	108
	123	109
	124	110
	125	111
	127	112
	128	113
	129	114
	130	115
	132	116
	134	117
	135	118
	136	119
	137	120
	139	121
	141	122
	143	123
	144	124
	145	125
	149	128
	150	129
	151	130
	153	132
	154	133
	159	137
	160	138
	161	139
	162	140
	165	143
	170	148
	171	149
	172	150
	173	151
	174	152
	175	153
	176	154
	177	155
	178	156
	179	157
	180	158
	183	159
	184	160
	185	161
	186	164
	187	165
	188	166
	190	167
	191	168
	193	170
	194	173
	198	176
	201	179
	202	180
	203	181
	204	182
	205	183
	206	184
	207	185
	208	186
	209	187
	212	190
	215	193
	216	194
	217	200
	220	195
	221	196
	222	197
	224	200
	226	202
	227	203
	229	204
	232	207
	233	208
	234	209
	235	210
	236	211
	237	212
	238	213
	239	214
	240	215
	241	216
	242	217
	243	218
	244	219
	245	220
	248	223
	250	224
	253	227
	255	229
net/minecraft/client/resources/language/FormattedBidiReorder	34	36
	16	18
	32	34
	17	19
	33	35
	18	20
	34	36
	20	21
	21	22
	22	24
	23	25
	24	26
	27	29
net/minecraft/client/renderer/entity/MagmaCubeRenderer	53	49
	32	31
	37	35
	38	36
	39	37
	40	38
	44	41
	14	16
	17	19
	49	45
	18	20
	50	46
	51	47
	52	48
	53	49
	22	23
	27	27
net/minecraft/client/model/object/boat/AbstractBoatModel	35	33
	32	30
	33	31
	35	33
	15	16
	16	17
	17	18
	18	19
	22	22
	24	23
	25	24
	26	25
	29	28
	30	29
com/mojang/blaze3d/opengl/Uniform	21	30
	16	25
	20	29
	21	30
	8	11
	15	24
com/mojang/realmsclient/client/RealmsClientConfig	18	20
	16	18
	18	20
	11	13
	15	17
com/mojang/blaze3d/textures/package-info	0	0
net/minecraft/client/renderer/entity/state/CamelRenderState	7	10
	7	10
net/minecraft/client/data/models/blockstates/BlockModelDefinitionGenerator	0	0
net/minecraft/client/multiplayer/PingDebugMonitor	23	26
	18	21
	19	22
	22	25
	23	26
	13	16
	14	17
	15	18
net/minecraft/client/quickplay/QuickPlay	130	137
	128	134
	129	135
	130	137
	34	36
	36	37
	37	38
	38	39
	39	40
	41	41
	42	42
	43	43
	46	46
	47	47
	48	48
	49	73
	52	50
	53	51
	54	54
	55	57
	56	58
	57	59
	58	60
	60	63
	61	64
	62	65
	63	66
	64	67
	67	73
	71	77
	72	78
	73	79
	74	80
	76	82
	77	84
	78	85
	79	86
	84	91
	85	94
	86	95
	87	97
	89	92
	90	97
	93	100
	94	101
	95	102
	96	103
	97	104
	98	105
	99	106
	102	109
	103	110
	104	111
	110	117
	111	118
	112	119
	113	120
	114	121
	115	122
	116	123
	117	124
	118	125
	119	126
	121	129
	122	130
	123	131
	124	132
	125	137
net/minecraft/client/renderer/entity/state/HorseRenderState	8	11
	7	10
	8	11
net/minecraft/client/gui/screens/inventory/FurnaceScreen	30	30
	16	18
	17	19
	19	20
	21	24
	29	29
	30	30
	15	17
net/minecraft/client/gui/components/debug/DebugEntryEntityRenderStats	19	22
	19	22
	11	14
	12	15
	13	16
	15	18
net/minecraft/client/gui/screens/ConfirmScreen	103	98
	64	62
	68	65
	71	68
	72	69
	73	70
	76	73
	78	74
	79	75
	80	76
	84	80
	86	81
	87	82
	88	83
	26	28
	90	85
	27	29
	30	32
	94	89
	31	33
	32	34
	33	35
	34	36
	35	37
	99	94
	100	95
	101	96
	39	41
	103	98
	44	46
	45	47
	47	48
	49	49
	51	50
	52	51
	53	52
	54	53
	56	54
	57	55
	58	56
	62	60
	63	61
com/mojang/realmsclient/util/task/GetServerDetailsTask	159	158
	128	131
	132	132
	133	133
	134	133
	135	133
	136	134
	137	135
	138	136
	139	137
	141	139
	147	144
	148	145
	150	148
	151	149
	153	152
	154	153
	155	154
	156	155
	157	156
	158	157
	159	158
	33	35
	35	36
	37	37
	43	42
	44	43
	45	44
	51	50
	52	51
	53	52
	54	53
	55	54
	56	55
	58	57
	59	58
	61	60
	62	61
	63	63
	64	65
	65	68
	67	70
	68	71
	69	72
	71	74
	72	75
	73	76
	74	77
	75	78
	76	79
	77	80
	80	83
	81	84
	82	92
	85	86
	87	87
	88	88
	89	89
	91	90
	92	92
	95	95
	96	96
	98	97
	103	102
	107	106
	108	108
	109	109
	110	110
	114	114
	115	115
	116	116
	119	120
	123	124
	127	130
net/minecraft/client/model/animal/fish/PufferfishBigModel	103	92
	19	21
	20	22
	21	23
	22	24
	25	27
	26	28
	28	29
	29	30
	30	31
	31	31
	32	31
	34	33
	35	34
	36	34
	37	34
	39	36
	40	37
	41	37
	42	37
	44	39
	45	41
	46	41
	47	42
	49	44
	50	45
	51	45
	52	45
	54	47
	55	49
	56	49
	57	50
	59	52
	60	54
	61	54
	62	55
	64	57
	65	59
	66	59
	67	60
	69	62
	70	64
	71	64
	72	65
	74	67
	75	68
	76	68
	77	68
	79	70
	80	72
	81	72
	82	73
	84	75
	85	77
	86	77
	87	78
	89	80
	90	82
	91	82
	92	83
	95	85
	100	89
	101	90
	102	91
	103	92
net/minecraft/client/renderer/blockentity/AbstractSignRenderer	173	179
	129	144
	130	145
	131	146
	132	147
	135	150
	136	151
	137	152
	138	153
	141	156
	142	157
	150	161
	152	162
	153	162
	156	162
	161	166
	38	38
	166	172
	167	173
	168	174
	169	175
	170	176
	171	177
	44	43
	172	178
	45	44
	173	179
	46	45
	62	60
	63	61
	64	62
	65	63
	66	64
	69	76
	70	77
	71	78
	72	79
	73	80
	74	81
	75	82
	78	92
	79	93
	80	94
	81	95
	82	96
	83	97
	84	100
	85	101
	89	104
	90	105
	91	137
	93	106
	94	107
	95	108
	96	109
	97	110
	98	111
	99	112
	105	117
	106	118
	107	119
	108	120
	110	122
	111	123
	112	124
	115	127
	116	128
	117	129
	119	130
	121	135
	122	137
	125	140
	126	141
net/minecraft/client/renderer/entity/EndermanRenderer	51	49
	32	32
	37	37
	42	41
	14	17
	47	45
	48	46
	49	47
	50	48
	19	21
	51	49
	21	22
	22	23
	23	24
	27	27
	28	28
	29	29
	30	30
net/minecraft/client/gui/components/tabs/package-info	0	0
net/minecraft/client/gui/components/PlayerTabOverlay	389	361
	43	43
	44	44
	45	45
	46	46
	47	47
	48	48
	49	49
	50	50
	51	51
	52	52
	53	53
	54	54
	55	55
	56	56
	61	57
	62	58
	63	59
	64	60
	77	70
	78	71
	79	72
	82	75
	83	76
	85	77
	90	81
	94	85
	95	86
	96	87
	97	88
	98	89
	99	90
	102	93
	105	96
	106	96
	107	96
	108	96
	114	100
	115	101
	117	102
	119	103
	120	104
	122	106
	123	107
	124	108
	126	109
	127	110
	128	111
	130	112
	131	113
	132	114
	134	115
	135	116
	138	119
	139	120
	140	121
	141	122
	142	123
	146	127
	149	130
	150	131
	151	132
	154	135
	155	136
	156	139
	157	139
	158	140
	159	139
	162	143
	165	145
	166	146
	167	147
	169	149
	172	152
	175	155
	177	156
	178	157
	180	158
	182	159
	183	160
	184	161
	185	163
	186	164
	190	168
	191	169
	192	170
	193	172
	194	173
	198	177
	199	178
	200	180
	201	181
	202	182
	203	183
	205	186
	208	189
	210	190
	211	192
	212	193
	213	194
	214	195
	215	196
	217	197
	219	198
	220	199
	221	200
	223	201
	224	202
	225	203
	226	204
	228	205
	230	206
	233	209
	235	210
	236	211
	237	212
	239	213
	240	214
	244	218
	248	222
	249	223
	250	224
	251	226
	252	227
	253	228
	254	229
	257	232
	261	236
	262	237
	263	238
	264	239
	265	240
	266	241
	267	242
	268	243
	269	244
	270	245
	272	247
	275	250
	276	251
	279	256
	280	257
	281	258
	282	259
	284	261
	287	264
	288	265
	290	266
	291	267
	292	268
	294	269
	295	313
	298	270
	299	271
	300	272
	301	273
	302	274
	303	275
	305	277
	306	278
	308	280
	311	283
	312	313
	316	285
	317	287
	318	288
	322	291
	323	292
	325	293
	326	294
	327	295
	329	298
	330	299
	334	303
	335	304
	337	307
	338	308
	341	313
	344	316
	345	317
	348	320
	349	321
	352	324
	353	325
	354	326
	367	339
	368	340
	369	341
	372	344
	373	345
	374	346
	375	347
	376	348
	379	351
	380	352
	382	354
	385	357
	389	361
net/minecraft/client/multiplayer/chat/report/SkinReport	86	82
	64	66
	65	66
	67	66
	72	72
	73	73
	74	74
	77	77
	79	78
	82	79
	83	80
	85	81
	86	82
	23	25
	24	26
	25	27
	28	30
	33	34
	34	35
	35	36
	36	37
	37	38
	42	43
	47	49
	48	50
	51	53
	52	54
	56	58
	61	63
	62	64
net/minecraft/client/renderer/debug/NeighborsUpdateRenderer	57	53
	32	32
	33	33
	34	34
	35	35
	38	38
	39	39
	40	40
	41	41
	43	43
	46	47
	50	50
	51	51
	20	22
	21	23
	54	53
	23	24
	55	53
	25	25
	57	53
	26	26
	27	27
	28	28
	29	29
	31	31
net/minecraft/client/renderer/blockentity/BrightnessCombiner	33	30
	16	17
	17	18
	33	30
	19	19
	20	20
	22	21
	12	14
	28	26
	13	15
	14	16
net/minecraft/client/gui/screens/dialog/input/package-info	0	0
net/minecraft/client/renderer/LevelRenderer	1502	1494
	123	125
	124	126
	201	182
	202	183
	203	184
	204	185
	205	186
	206	187
	207	188
	208	189
	213	193
	214	194
	217	197
	218	198
	220	201
	221	202
	223	205
	224	206
	228	209
	229	210
	230	211
	232	214
	233	215
	236	218
	237	219
	239	222
	240	223
	243	226
	244	227
	247	230
	248	231
	250	232
	251	233
	254	236
	258	240
	259	241
	261	243
	264	246
	268	250
	269	251
	270	252
	272	253
	273	254
	274	255
	276	257
	277	258
	278	259
	279	260
	281	263
	282	264
	284	267
	285	268
	286	269
	288	272
	289	273
	292	276
	293	277
	294	278
	297	281
	298	306
	301	282
	303	283
	304	284
	306	288
	309	291
	311	292
	312	293
	314	294
	316	295
	317	296
	320	299
	322	300
	323	301
	324	302
	326	303
	327	304
	328	306
	331	309
	332	310
	333	311
	335	313
	338	316
	339	317
	341	320
	342	321
	344	322
	345	325
	346	326
	347	327
	348	328
	349	329
	354	334
	358	338
	362	342
	366	346
	367	348
	368	349
	369	350
	372	354
	376	358
	377	359
	379	362
	380	363
	383	366
	384	367
	386	368
	390	372
	392	373
	393	374
	396	377
	398	378
	399	379
	400	380
	401	381
	402	382
	403	383
	404	384
	405	385
	407	386
	408	387
	411	390
	413	391
	414	392
	415	393
	417	394
	418	395
	421	398
	422	399
	423	400
	425	401
	426	402
	427	403
	428	404
	429	405
	431	408
	432	409
	433	410
	435	411
	436	412
	437	413
	438	414
	439	415
	440	416
	441	417
	442	418
	445	421
	448	424
	452	428
	453	429
	455	432
	456	433
	457	434
	460	437
	461	438
	465	442
	466	443
	468	445
	469	446
	471	449
	472	450
	473	451
	475	454
	479	469
	481	470
	483	471
	484	472
	486	473
	487	474
	488	475
	489	476
	490	477
	492	478
	493	479
	494	480
	496	481
	497	482
	499	483
	500	484
	502	485
	503	486
	504	487
	506	488
	507	489
	509	490
	510	491
	512	492
	513	493
	515	494
	516	495
	518	496
	519	497
	521	498
	522	499
	523	501
	525	502
	529	503
	530	504
	532	505
	537	506
	538	507
	539	508
	541	509
	542	510
	544	511
	545	512
	546	513
	547	514
	548	515
	549	516
	550	517
	551	518
	552	519
	553	520
	555	523
	556	524
	559	527
	560	528
	561	529
	562	531
	563	532
	564	537
	566	539
	567	540
	570	543
	572	544
	574	545
	575	546
	578	549
	579	550
	581	551
	582	552
	583	553
	584	554
	585	555
	586	556
	590	560
	592	561
	593	562
	596	565
	598	566
	599	567
	602	570
	603	571
	607	575
	608	576
	611	578
	613	579
	614	580
	615	581
	616	582
	619	594
	620	595
	621	596
	622	597
	624	600
	625	601
	627	604
	628	605
	630	608
	631	609
	634	612
	635	613
	636	614
	637	615
	639	616
	640	618
	642	619
	643	620
	644	621
	645	622
	647	623
	648	624
	649	625
	650	626
	652	630
	653	631
	655	632
	657	633
	658	634
	661	637
	662	638
	663	639
	666	642
	667	643
	668	644
	670	645
	671	646
	672	647
	673	648
	674	649
	675	650
	676	651
	677	652
	680	653
	681	654
	682	655
	683	656
	684	657
	685	658
	686	659
	687	660
	688	661
	689	662
	691	663
	693	664
	694	665
	697	668
	702	669
	703	670
	704	671
	706	672
	708	673
	712	674
	713	675
	715	676
	716	677
	717	678
	718	679
	720	680
	721	681
	722	682
	723	683
	724	684
	727	685
	729	686
	731	687
	732	688
	735	691
	736	692
	737	693
	738	694
	740	695
	741	696
	744	699
	745	700
	746	701
	747	703
	750	706
	751	707
	752	708
	753	709
	755	711
	758	714
	759	715
	760	716
	761	717
	762	718
	763	719
	765	722
	766	723
	767	724
	768	725
	769	726
	772	729
	773	730
	774	731
	776	733
	778	736
	779	737
	782	740
	783	741
	785	742
	786	743
	787	744
	789	746
	791	749
	792	750
	793	751
	794	752
	795	753
	796	754
	797	755
	798	756
	799	757
	802	760
	803	761
	804	762
	806	763
	808	766
	809	767
	810	768
	812	769
	813	770
	815	771
	816	772
	818	773
	819	774
	820	775
	821	776
	822	777
	825	780
	826	781
	828	782
	829	783
	830	784
	833	787
	834	788
	835	789
	836	790
	837	791
	838	792
	840	793
	842	795
	843	796
	846	797
	847	798
	850	799
	853	800
	857	801
	858	802
	859	803
	860	804
	862	807
	863	808
	864	809
	865	810
	866	811
	869	816
	872	819
	873	820
	874	821
	875	822
	876	824
	877	825
	878	826
	880	829
	882	840
	885	843
	886	844
	887	845
	888	846
	891	847
	893	849
	894	850
	895	851
	899	852
	900	853
	901	854
	903	856
	904	862
	906	857
	907	858
	908	859
	909	860
	911	865
	912	866
	913	867
	918	873
	919	876
	920	877
	921	878
	924	880
	925	881
	926	882
	929	886
	932	889
	933	890
	934	891
	935	892
	936	894
	937	895
	938	896
	939	897
	940	898
	941	899
	943	901
	946	904
	947	905
	948	906
	949	907
	951	908
	952	910
	953	911
	954	912
	958	913
	959	914
	962	915
	963	916
	965	920
	971	923
	972	924
	973	925
	974	926
	976	928
	977	929
	978	930
	979	931
	980	932
	981	934
	982	936
	983	937
	985	939
	988	942
	989	943
	990	963
	993	944
	994	963
	996	945
	997	946
	998	947
	999	948
	1000	949
	1001	950
	1002	951
	1003	952
	1004	953
	1005	954
	1006	955
	1007	956
	1009	958
	1012	963
	1015	966
	1016	967
	1017	981
	1019	968
	1020	981
	1022	969
	1023	970
	1024	971
	1025	972
	1027	975
	1028	976
	1029	977
	1030	978
	1031	981
	1034	984
	1035	985
	1037	987
	1040	990
	1044	994
	1045	1013
	1047	995
	1048	996
	1049	997
	1050	999
	1051	1000
	1053	1003
	1054	1004
	1055	1006
	1056	1007
	1057	1008
	1059	1011
	1060	1013
	1063	1018
	1064	1019
	1065	1020
	1069	1021
	1070	1022
	1072	1024
	1075	1027
	1077	1028
	1078	1029
	1080	1031
	1081	1032
	1084	1035
	1085	1036
	1086	1037
	1087	1038
	1089	1040
	1090	1041
	1092	1042
	1093	1043
	1094	1044
	1095	1045
	1097	1047
	1098	1048
	1099	1049
	1102	1050
	1105	1051
	1106	1052
	1112	1059
	1113	1060
	1114	1061
	1116	1064
	1117	1065
	1119	1067
	1120	1068
	1123	1071
	1124	1081
	1128	1088
	1129	1089
	1133	1093
	1134	1094
	1137	1097
	1138	1098
	1141	1101
	1142	1102
	1145	1105
	1146	1106
	1148	1109
	1150	1111
	1151	1112
	1154	1115
	1155	1127
	1158	1116
	1159	1118
	1160	1119
	1162	1120
	1164	1121
	1165	1122
	1166	1123
	1169	1127
	1172	1130
	1173	1131
	1174	1132
	1175	1133
	1176	1134
	1178	1136
	1181	1139
	1182	1140
	1183	1178
	1186	1141
	1187	1142
	1188	1178
	1191	1143
	1192	1144
	1193	1178
	1196	1145
	1197	1146
	1199	1147
	1200	1149
	1202	1150
	1203	1151
	1204	1152
	1205	1153
	1206	1154
	1209	1173
	1212	1157
	1214	1158
	1215	1159
	1217	1160
	1219	1169
	1220	1170
	1222	1173
	1223	1178
	1226	1181
	1227	1183
	1229	1182
	1233	1187
	1234	1188
	1236	1189
	1237	1190
	1238	1191
	1239	1192
	1240	1194
	1241	1195
	1242	1196
	1243	1197
	1244	1198
	1245	1199
	1246	1200
	1247	1201
	1248	1202
	1249	1203
	1251	1206
	1252	1209
	1254	1207
	1256	1212
	1257	1213
	1258	1214
	1259	1215
	1260	1216
	1261	1217
	1263	1219
	1267	1224
	1269	1225
	1271	1226
	1273	1228
	1274	1229
	1275	1230
	1278	1233
	1279	1234
	1280	1235
	1281	1236
	1284	1241
	1285	1242
	1286	1244
	1287	1253
	1288	1255
	1290	1266
	1291	1268
	1293	1279
	1294	1281
	1297	1292
	1299	1294
	1302	1297
	1303	1298
	1306	1301
	1307	1302
	1308	1303
	1309	1304
	1313	1308
	1316	1311
	1317	1312
	1318	1313
	1319	1314
	1323	1318
	1326	1321
	1327	1322
	1329	1324
	1332	1327
	1333	1328
	1336	1331
	1337	1332
	1338	1333
	1339	1334
	1343	1338
	1346	1341
	1347	1342
	1350	1345
	1351	1346
	1354	1349
	1355	1350
	1356	1351
	1357	1352
	1359	1354
	1362	1357
	1363	1375
	1364	1376
	1365	1377
	1368	1358
	1369	1359
	1370	1360
	1373	1363
	1374	1367
	1375	1368
	1378	1371
	1379	1372
	1380	1373
	1382	1380
	1385	1383
	1389	1387
	1390	1388
	1393	1391
	1394	1392
	1395	1393
	1398	1396
	1406	1402
	1409	1403
	1412	1405
	1414	1406
	1416	1407
	1417	1408
	1418	1409
	1419	1410
	1421	1412
	1425	1418
	1426	1419
	1427	1421
	1429	1420
	1433	1425
	1437	1429
	1441	1433
	1445	1437
	1449	1441
	1453	1445
	1458	1450
	1463	1455
	1467	1459
	1471	1463
	1477	1492
	1478	1493
	1479	1494
	1486	1467
	1490	1471
	1491	1472
	1492	1473
	1493	1474
	1494	1475
	1495	1476
	1497	1479
	1498	1481
	1499	1482
	1501	1485
	1502	1486
net/minecraft/client/gui/components/WidgetTooltipHolder	66	67
	64	65
	66	67
	35	36
	36	37
	37	55
	40	39
	41	40
	42	41
	43	42
	44	43
	46	46
	49	49
	18	19
	50	50
	52	55
	23	24
	55	58
	24	25
	56	59
	58	60
	27	28
	28	29
	31	32
	63	64
net/minecraft/client/gui/components/debug/DebugEntryGpuUtilization	21	22
	16	17
	17	18
	21	22
	12	15
	14	16
net/minecraft/client/renderer/fog/environment/package-info	0	0
net/minecraft/client/gui/screens/inventory/EffectsInInventory	111	111
	24	26
	25	27
	34	36
	35	37
	36	38
	39	41
	40	42
	42	43
	46	47
	47	48
	49	49
	51	50
	52	59
	55	51
	56	52
	57	53
	58	54
	61	57
	62	59
	65	62
	66	63
	67	64
	68	66
	69	67
	70	68
	71	69
	72	70
	73	71
	74	72
	75	73
	77	75
	80	78
	81	79
	82	80
	83	81
	84	82
	88	86
	89	87
	90	88
	92	90
	93	91
	94	92
	95	93
	96	94
	97	95
	99	97
	101	100
	102	101
	104	103
	107	106
	108	107
	109	108
	111	111
net/minecraft/client/gui/components/debug/DebugEntryPosition	52	66
	33	31
	34	32
	35	33
	36	35
	37	36
	38	37
	39	38
	40	39
	41	40
	43	42
	45	45
	46	47
	47	49
	48	53
	49	61
	50	62
	52	66
	22	24
	26	28
	27	29
	29	30
	30	66
net/minecraft/client/resources/metadata/texture/TextureMetadataSection	25	24
	18	16
	19	17
	20	18
	21	19
	22	20
	23	22
	25	24
net/minecraft/client/gui/components/toasts/SystemToast	193	208
	129	203
	130	204
	133	207
	134	208
	138	116
	139	117
	142	120
	143	121
	144	122
	146	124
	19	20
	148	126
	151	129
	152	130
	153	131
	155	133
	158	137
	159	139
	34	38
	162	143
	35	38
	163	145
	36	38
	38	40
	166	148
	167	149
	41	43
	42	44
	170	153
	43	45
	171	158
	44	46
	174	162
	175	167
	48	50
	49	51
	50	52
	178	170
	51	53
	179	171
	52	54
	181	173
	182	174
	55	57
	184	176
	187	179
	60	62
	188	180
	190	182
	191	183
	65	67
	193	185
	69	71
	70	72
	74	76
	79	81
	80	82
	81	83
	83	86
	84	87
	86	88
	87	89
	91	93
	92	94
	93	95
	95	97
	96	99
	97	100
	100	103
	103	106
	104	107
	105	108
	106	109
	110	112
	121	196
	124	199
net/minecraft/client/renderer/entity/state/EquineRenderState	7	10
	6	9
	7	10
net/minecraft/client/multiplayer/chat/report/Report	101	100
	64	66
	67	69
	71	73
	72	74
	75	77
	76	78
	81	83
	82	83
	84	83
	24	25
	25	26
	26	27
	27	28
	30	31
	94	91
	95	93
	96	95
	97	96
	98	97
	101	100
	42	44
	43	45
	44	46
	47	49
	51	53
	55	57
	59	61
	63	65
net/minecraft/client/renderer/entity/ZombifiedPiglinRenderer	37	51
	16	30
	17	33
	18	34
	19	35
	35	49
	36	50
	21	38
	37	51
	25	41
	11	14
	14	24
	30	45
net/minecraft/client/renderer/chunk/RenderRegionCache	40	42
	34	36
	38	40
	39	41
	40	42
	13	16
	14	17
	15	18
	17	19
	18	20
	19	21
	20	22
	21	23
	22	24
	24	25
	25	27
	26	28
	27	29
	28	30
	29	31
net/minecraft/client/renderer/entity/state/BreezeRenderState	0	0
com/mojang/blaze3d/textures/GpuTextureView	37	40
	33	36
	21	24
	37	40
	25	28
	12	15
	13	16
	29	32
	14	17
	15	18
net/minecraft/client/gui/screens/worldselection/SelectWorldScreen	162	199
	128	167
	130	169
	134	173
	135	174
	138	177
	139	192
	141	178
	142	179
	143	180
	144	181
	145	182
	146	183
	148	185
	149	186
	150	187
	151	188
	152	189
	154	192
	31	33
	159	196
	160	197
	33	34
	162	199
	50	45
	51	46
	52	47
	56	51
	57	52
	58	53
	60	54
	61	55
	62	56
	64	59
	65	62
	66	63
	67	64
	69	66
	70	67
	72	68
	73	70
	74	76
	75	78
	77	80
	79	82
	80	84
	81	85
	82	86
	85	89
	86	90
	87	91
	88	92
	89	94
	90	100
	91	107
	92	114
	93	119
	94	120
	97	123
	99	127
	100	128
	101	129
	102	130
	103	131
	107	136
	108	144
	110	145
	111	146
	112	147
	114	149
	119	157
	120	158
	122	161
	123	162
	127	166
net/minecraft/client/model/npc/package-info	0	0
net/minecraft/client/renderer/entity/RavagerRenderer	38	36
	33	31
	34	32
	19	20
	36	34
	38	36
	24	24
	11	13
	29	28
	14	16
	30	29
	15	17
	31	30
net/minecraft/client/resources/model/Material	68	70
	35	36
	36	37
	68	70
	38	40
	42	44
	46	48
	15	17
	51	53
	52	54
	22	23
	54	55
	23	24
	55	59
	24	25
	57	56
	58	57
	27	28
	31	32
	63	65
net/minecraft/client/gui/components/MultilineTextField	422	412
	19	20
	39	36
	40	37
	41	38
	42	39
	45	42
	49	46
	50	47
	52	50
	53	51
	56	54
	57	55
	59	58
	60	59
	63	62
	67	66
	71	70
	72	71
	75	74
	76	75
	79	78
	80	79
	83	82
	84	83
	85	89
	87	84
	88	85
	89	86
	90	87
	91	89
	94	92
	98	96
	99	107
	102	97
	104	98
	105	99
	107	100
	108	107
	111	101
	112	102
	113	103
	115	104
	116	107
	119	110
	120	111
	123	114
	124	115
	127	118
	131	122
	132	123
	135	126
	139	130
	143	134
	144	135
	145	136
	146	137
	149	141
	153	145
	157	149
	158	151
	159	154
	160	157
	162	160
	163	161
	165	162
	166	163
	168	165
	171	168
	172	174
	175	169
	177	170
	178	171
	179	172
	180	174
	183	177
	184	178
	186	179
	187	180
	189	181
	190	182
	193	185
	194	186
	195	187
	196	188
	197	189
	200	192
	202	193
	203	194
	204	195
	205	196
	206	199
	207	200
	208	201
	209	204
	210	205
	211	206
	212	209
	213	210
	214	211
	215	212
	218	215
	220	248
	221	249
	222	250
	224	252
	226	255
	229	239
	230	240
	231	241
	233	243
	235	246
	238	263
	239	264
	241	267
	244	257
	245	258
	247	261
	250	269
	251	270
	254	272
	255	273
	258	275
	259	276
	261	278
	263	281
	266	283
	267	284
	269	286
	271	289
	274	221
	275	222
	276	223
	278	225
	280	228
	283	230
	284	231
	285	232
	287	234
	289	237
	292	218
	293	219
	296	291
	300	296
	304	300
	309	305
	310	306
	314	310
	318	314
	319	315
	320	316
	321	317
	324	319
	329	325
	330	326
	333	329
	336	331
	337	332
	341	335
	342	336
	345	339
	350	344
	351	345
	354	348
	357	350
	358	351
	362	354
	363	355
	366	358
	370	362
	371	364
	372	365
	375	368
	379	372
	380	373
	381	374
	382	375
	385	378
	387	379
	388	380
	389	389
	392	384
	395	385
	396	386
	398	389
	401	392
	402	392
	404	392
	408	396
	409	397
	410	398
	411	399
	414	402
	418	406
	422	412
com/mojang/blaze3d/opengl/DirectStateAccess	246	243
	20	19
	21	20
	22	21
	24	23
	57	57
	58	58
	63	63
	64	64
	68	68
	69	69
	73	73
	74	74
	78	78
	79	79
	83	83
	84	84
	88	88
	93	93
	94	94
	98	98
	103	103
	104	104
	105	105
	106	106
	108	108
	112	112
	113	113
	117	117
	118	118
	122	122
	123	123
	131	129
	132	130
	133	131
	134	132
	135	134
	136	134
	138	134
	143	140
	148	145
	149	146
	150	147
	151	148
	152	149
	156	153
	157	154
	158	155
	159	156
	160	157
	164	161
	165	162
	166	163
	167	164
	168	165
	172	169
	173	170
	174	171
	175	172
	176	173
	180	177
	181	178
	182	179
	183	180
	184	181
	188	185
	189	186
	190	187
	191	188
	192	189
	197	194
	198	195
	199	196
	200	197
	201	198
	205	202
	206	203
	207	204
	208	205
	209	206
	213	210
	214	211
	215	212
	216	213
	217	214
	218	215
	222	219
	227	224
	228	225
	229	226
	230	227
	231	228
	232	229
	233	230
	235	232
	239	236
	240	237
	241	238
	242	239
	243	240
	244	241
	245	242
	246	243
net/minecraft/client/gui/screens/debug/package-info	0	0
com/mojang/blaze3d/resource/RenderTargetDescriptor	33	33
	16	17
	33	32
	18	21
	20	23
	24	26
	25	27
	10	12
	30	31
	15	16
	31	33
com/mojang/blaze3d/vertex/Tesselator	41	43
	32	34
	33	35
	36	38
	40	42
	41	43
	14	14
	15	15
	17	18
	18	19
	21	22
	22	23
	24	25
	28	30
	29	31
net/minecraft/client/gui/screens/dialog/input/InputControlHandlers	202	191
	128	72
	133	76
	136	79
	144	103
	145	104
	146	105
	150	109
	151	110
	155	114
	158	117
	162	121
	36	38
	166	125
	41	42
	42	43
	170	129
	46	46
	174	133
	50	50
	178	137
	51	51
	179	138
	52	52
	53	56
	181	138
	183	138
	56	54
	57	56
	60	59
	61	60
	189	85
	62	61
	190	86
	63	62
	191	87
	64	63
	194	89
	69	158
	199	93
	72	161
	73	162
	202	96
	74	163
	75	164
	76	165
	78	167
	79	168
	80	169
	81	170
	82	171
	83	172
	85	174
	86	175
	87	176
	88	177
	89	178
	91	181
	92	182
	95	184
	100	188
	103	191
	109	146
	110	147
	111	148
	112	149
	114	150
	116	151
	117	152
	123	68
	124	69
	125	70
net/minecraft/client/renderer/SpriteCoordinateExpander	59	62
	32	35
	37	40
	42	45
	11	14
	12	15
	13	16
	47	50
	17	20
	52	55
	53	56
	22	25
	58	61
	27	30
	59	62
net/minecraft/client/renderer/item/ItemModelResolver	67	77
	64	77
	65	77
	67	77
	22	24
	23	25
	24	26
	28	29
	29	32
	33	35
	34	36
	37	46
	39	47
	40	48
	41	49
	43	51
	46	61
	47	62
	48	68
	50	63
	51	64
	52	68
	55	71
	56	72
	57	72
	59	72
	63	76
net/minecraft/client/gui/screens/BanNoticeScreens	121	122
	20	22
	21	23
	23	24
	25	25
	26	27
	29	32
	33	37
	34	44
	36	39
	37	40
	39	43
	40	44
	50	48
	51	49
	53	51
	54	52
	56	55
	57	56
	59	60
	67	69
	71	73
	72	74
	73	74
	74	74
	79	79
	80	80
	81	81
	82	82
	83	83
	85	85
	86	86
	87	87
	88	88
	90	90
	92	93
	94	95
	98	100
	99	101
	100	102
	101	104
	104	107
	109	112
	110	113
	111	114
	112	115
	113	117
	114	117
	116	117
	121	122
net/minecraft/client/renderer/entity/state/FelineRenderState	0	0
net/minecraft/client/multiplayer/ClientPacketListener	2821	2778
	2050	2027
	2051	2028
	2052	2041
	2056	2044
	2057	2045
	2058	2046
	2059	2059
	2061	2047
	2062	2059
	2066	2062
	2067	2063
	2068	2064
	2072	2067
	2073	2068
	2074	2069
	2076	2071
	2078	2073
	2082	2076
	2083	2077
	2084	2078
	2085	2079
	2087	2081
	2088	2082
	2090	2084
	2092	2087
	2093	2088
	2094	2089
	2096	2092
	2098	2095
	2100	2097
	2104	2100
	2105	2101
	2106	2102
	2107	2103
	2108	2104
	2110	2106
	2117	2110
	2119	2111
	2123	2114
	2124	2115
	2128	2118
	2130	2119
	2131	2120
	2132	2121
	2134	2131
	2135	2132
	2136	2133
	2137	2134
	2138	2135
	2139	2136
	2140	2137
	2141	2138
	2145	2142
	2149	2145
	2150	2146
	2152	2147
	2153	2148
	2154	2149
	2155	2150
	2156	2151
	2157	2152
	2158	2153
	2160	2155
	2162	2157
	2166	2160
	2167	2161
	2169	2162
	2170	2163
	2171	2164
	2173	2166
	2174	2167
	2175	2168
	2177	2170
	2180	2173
	2184	2176
	2186	2177
	2187	2178
	2188	2179
	2189	2180
	2193	2183
	2196	2184
	2198	2186
	2199	2187
	2201	2189
	2202	2190
	2203	2191
	2204	2197
	2208	2201
	2210	2202
	2211	2203
	2212	2204
	2213	2205
	2214	2206
	2215	2207
	2216	2208
	2217	2209
	2218	2210
	2220	2211
	2221	2212
	2222	2213
	2223	2214
	2225	2216
	2226	2217
	2227	2218
	2231	2222
	2232	2223
	2234	2225
	2238	2228
	2239	2229
	2240	2230
	2241	2231
	2242	2232
	2244	2235
	2245	2247
	2246	2248
	2249	2251
	2250	2252
	2251	2253
	2252	2254
	2253	2255
	2254	2256
	2255	2257
	2257	2260
	2258	2272
	2259	2273
	2260	2274
	2264	2278
	2268	2281
	2269	2282
	2270	2283
	2271	2304
	2273	2284
	2274	2285
	2277	2288
	2278	2290
	2279	2291
	2281	2292
	2282	2293
	2285	2295
	2286	2296
	2288	2298
	2289	2299
	2292	2304
	2296	2307
	2298	2308
	2299	2309
	2300	2314
	2303	2310
	2304	2311
	2306	2314
	2310	2317
	2311	2318
	2312	2319
	2313	2320
	2314	2321
	2315	2322
	2318	2325
	2319	2326
	2320	2327
	2321	2328
	2323	2329
	2325	2330
	2326	2331
	2327	2332
	2328	2333
	2330	2334
	2331	2335
	2335	2338
	2336	2339
	2337	2340
	2338	2341
	2339	2342
	2340	2343
	2341	2344
	2342	2345
	2344	2347
	2348	2350
	2349	2351
	2350	2352
	2351	2353
	2352	2354
	2356	2357
	2357	2358
	2358	2359
	2359	2360
	2363	2363
	2364	2364
	2365	2365
	2369	2368
	2370	2369
	2371	2370
	2375	2373
	2376	2375
	2377	2376
	2379	2378
	2383	2381
	2384	2382
	2385	2382
	2386	2383
	2388	2385
	344	355
	2392	2388
	2393	2389
	346	356
	347	357
	348	358
	349	359
	2397	2392
	350	360
	2398	2393
	351	361
	2399	2394
	352	362
	353	363
	2403	2397
	2404	2398
	2408	2401
	2409	2402
	2413	2405
	366	366
	2414	2406
	2415	2407
	368	367
	2417	2409
	370	368
	2421	2412
	2422	2413
	2423	2414
	376	371
	2427	2417
	2428	2418
	381	375
	2429	2419
	382	376
	383	377
	385	380
	2433	2422
	2434	2423
	2435	2424
	390	384
	391	385
	2439	2427
	2440	2428
	393	388
	2441	2429
	394	389
	2442	2430
	396	392
	2444	2432
	2448	2435
	2449	2436
	2450	2437
	2454	2440
	2455	2441
	2456	2445
	2459	2450
	2460	2451
	2461	2452
	2462	2453
	2463	2454
	2464	2455
	2465	2456
	2466	2457
	2470	2461
	2473	2464
	2478	2468
	2482	2472
	2486	2476
	2490	2480
	2494	2484
	2498	2488
	2499	2489
	2500	2490
	2504	2494
	2508	2498
	461	437
	462	438
	463	439
	464	440
	2512	2502
	465	442
	2513	2503
	466	444
	2514	2504
	467	445
	469	446
	470	447
	2518	2508
	471	448
	474	450
	2522	2512
	476	451
	477	452
	478	453
	2526	2516
	479	454
	480	455
	482	458
	2530	2520
	483	459
	484	460
	485	461
	2534	2524
	488	464
	2538	2528
	492	468
	493	469
	494	470
	2542	2532
	495	471
	498	474
	2546	2536
	499	475
	500	476
	501	477
	2550	2540
	504	480
	505	481
	506	482
	2554	2544
	507	483
	2555	2544
	2556	2545
	510	487
	511	488
	2559	2547
	514	491
	2562	2550
	2563	2551
	2564	2552
	2566	2554
	521	495
	2569	2557
	2570	2558
	523	496
	2571	2559
	524	497
	2572	2560
	2573	2561
	526	498
	2574	2562
	527	499
	529	500
	2577	2565
	530	501
	2578	2566
	531	502
	2579	2567
	2580	2578
	533	503
	534	504
	2583	2569
	536	505
	2584	2570
	537	506
	2585	2571
	538	507
	2586	2572
	539	508
	2587	2573
	540	509
	2588	2574
	541	510
	542	522
	2590	2576
	2591	2578
	545	523
	546	524
	547	525
	548	526
	549	527
	2598	2581
	2600	2583
	553	531
	2601	2584
	554	532
	2602	2585
	555	533
	2604	2587
	557	534
	558	535
	2606	2593
	559	536
	560	537
	2608	2590
	561	538
	562	539
	2610	2595
	563	540
	564	541
	565	542
	566	543
	567	544
	568	545
	569	546
	570	547
	2620	2598
	2621	2599
	574	548
	2622	2600
	575	549
	576	550
	577	551
	2625	2603
	578	552
	2626	2604
	579	553
	580	554
	2629	2607
	2630	2608
	583	557
	2631	2608
	584	558
	586	559
	2634	2608
	588	560
	589	562
	590	564
	2638	2612
	591	565
	2639	2612
	2640	2612
	593	567
	2644	2616
	597	570
	2645	2618
	599	571
	2647	2621
	600	572
	2648	2622
	2650	2624
	603	575
	604	576
	2652	2626
	605	577
	606	578
	2654	2628
	608	579
	2656	2630
	610	581
	2658	2633
	613	584
	2661	2636
	614	585
	615	586
	616	587
	617	588
	2666	2637
	2667	2638
	620	591
	2668	2639
	2670	2640
	623	594
	624	595
	625	596
	2673	2643
	626	597
	2674	2644
	627	598
	628	599
	2677	2644
	630	601
	2679	2645
	632	604
	2680	2646
	2681	2647
	2682	2648
	636	609
	637	610
	2685	2651
	638	611
	2686	2652
	639	612
	2688	2654
	641	614
	642	615
	2690	2655
	644	617
	2693	2658
	646	620
	2694	2659
	2695	2660
	648	622
	2697	2662
	652	625
	653	626
	2701	2665
	654	627
	2702	2666
	655	630
	657	628
	2705	2669
	658	630
	2706	2670
	2707	2671
	662	633
	2710	2674
	663	634
	664	635
	2712	2675
	665	636
	2713	2676
	667	638
	2716	2679
	2717	2680
	671	641
	672	642
	2720	2683
	673	643
	674	664
	2722	2684
	2723	2685
	2724	2686
	677	644
	2725	2687
	678	645
	2726	2688
	679	646
	681	664
	2729	2691
	684	647
	2732	2694
	685	648
	686	649
	2734	2695
	687	650
	2735	2696
	688	651
	2737	2698
	690	653
	2740	2701
	693	656
	2741	2702
	694	657
	695	658
	2745	2705
	698	661
	2746	2712
	699	664
	2748	2706
	2749	2712
	703	667
	704	668
	2752	2707
	705	669
	2753	2708
	706	670
	2754	2709
	707	671
	2755	2712
	708	674
	709	675
	711	703
	2759	2716
	714	689
	2762	2719
	715	692
	2763	2720
	716	693
	717	694
	719	695
	720	696
	2768	2725
	721	697
	722	698
	723	699
	2772	2729
	726	703
	2776	2733
	730	706
	731	707
	732	712
	2780	2737
	734	708
	735	709
	736	710
	2784	2741
	737	712
	2788	2745
	741	715
	742	716
	743	720
	2792	2749
	745	717
	2793	2750
	746	718
	747	720
	2796	2753
	751	723
	752	724
	2800	2757
	753	725
	2801	2758
	755	727
	2804	2761
	759	730
	760	731
	2808	2765
	761	732
	762	754
	2812	2769
	765	733
	766	734
	767	735
	768	736
	2816	2773
	769	754
	772	738
	2820	2777
	773	739
	2821	2778
	774	740
	775	741
	776	742
	777	743
	779	745
	781	747
	782	748
	784	751
	785	754
	789	757
	790	758
	791	758
	792	763
	794	759
	795	760
	797	763
	801	766
	802	767
	803	768
	804	771
	806	769
	807	771
	811	774
	812	775
	813	776
	814	777
	815	786
	816	778
	817	779
	818	780
	820	783
	822	784
	823	786
	824	787
	828	790
	829	791
	830	792
	832	793
	834	796
	835	797
	836	798
	839	801
	841	802
	843	803
	844	804
	845	805
	846	806
	847	807
	850	809
	851	810
	852	811
	853	812
	856	813
	857	814
	858	815
	859	816
	864	821
	865	822
	867	823
	868	824
	869	826
	871	828
	872	829
	873	830
	874	831
	875	832
	879	835
	881	836
	882	837
	886	840
	887	841
	888	842
	889	843
	890	844
	891	845
	892	846
	893	847
	894	848
	895	849
	896	850
	898	852
	899	853
	903	856
	905	858
	906	859
	909	862
	910	863
	913	866
	914	867
	915	868
	916	869
	917	870
	922	875
	925	880
	926	884
	927	887
	930	890
	931	891
	932	892
	933	894
	934	895
	935	896
	936	897
	938	900
	939	901
	943	904
	944	905
	945	906
	946	907
	947	908
	950	911
	951	912
	952	913
	953	914
	954	916
	955	917
	956	918
	957	919
	959	922
	960	923
	962	925
	963	926
	967	929
	968	930
	969	931
	973	934
	977	935
	979	936
	981	937
	982	938
	984	940
	999	957
	1004	963
	1005	964
	1006	965
	1010	968
	1011	969
	1012	970
	1013	971
	1014	972
	1016	975
	1017	976
	1018	977
	1020	989
	1023	1002
	1024	1003
	1025	1004
	1027	1005
	1028	1006
	1029	1007
	1031	1010
	1032	1011
	1034	1013
	1035	1014
	1038	1017
	1042	1020
	1043	1021
	1044	1022
	1048	1025
	1050	1026
	1051	1027
	1052	1028
	1053	1029
	1054	1067
	1057	1031
	1058	1032
	1059	1033
	1061	1034
	1062	1067
	1065	1036
	1068	1037
	1069	1038
	1070	1039
	1071	1040
	1072	1041
	1073	1067
	1076	1043
	1078	1045
	1079	1046
	1081	1048
	1084	1052
	1085	1058
	1086	1059
	1087	1060
	1089	1062
	1091	1067
	1095	1070
	1096	1071
	1097	1072
	1101	1075
	1103	1076
	1104	1077
	1105	1078
	1106	1085
	1109	1080
	1111	1081
	1112	1082
	1114	1085
	1118	1088
	1119	1089
	1120	1090
	1121	1106
	1123	1091
	1124	1092
	1125	1093
	1126	1094
	1127	1095
	1128	1096
	1129	1097
	1130	1098
	1131	1099
	1132	1100
	1133	1101
	1134	1102
	1135	1103
	1137	1106
	1141	1109
	1142	1110
	1143	1111
	1144	1114
	1146	1112
	1147	1114
	1151	1117
	1152	1118
	1153	1119
	1154	1120
	1158	1123
	1159	1124
	1160	1125
	1164	1128
	1165	1129
	1166	1130
	1167	1131
	1168	1157
	1171	1133
	1172	1134
	1174	1136
	1175	1137
	1176	1138
	1177	1139
	1178	1140
	1179	1141
	1180	1142
	1181	1143
	1182	1144
	1183	1145
	1184	1146
	1186	1149
	1187	1150
	1188	1151
	1193	1157
	1197	1160
	1198	1161
	1199	1161
	1200	1162
	1202	1164
	1205	1167
	1206	1168
	1207	1169
	1208	1170
	1211	1174
	1216	1178
	1217	1179
	1218	1180
	1220	1181
	1222	1194
	1224	1183
	1226	1186
	1227	1187
	1228	1188
	1229	1189
	1230	1190
	1233	1197
	1236	1200
	1240	1203
	1241	1204
	1242	1205
	1243	1208
	1246	1206
	1247	1208
	1251	1211
	1252	1212
	1253	1213
	1254	1214
	1255	1215
	1259	1218
	1260	1219
	1261	1226
	1265	1229
	1266	1230
	1267	1231
	1268	1232
	1269	1233
	1270	1234
	1271	1235
	1272	1236
	1273	1237
	1274	1238
	1275	1239
	1276	1240
	1277	1241
	1278	1242
	1279	1243
	1280	1244
	1281	1256
	1282	1257
	1283	1258
	1286	1261
	1287	1262
	1288	1263
	1292	1267
	1293	1268
	1295	1272
	1298	1275
	1299	1276
	1301	1277
	1302	1278
	1303	1279
	1304	1280
	1306	1283
	1308	1284
	1309	1285
	1310	1286
	1311	1287
	1313	1290
	1314	1291
	1315	1292
	1317	1294
	1318	1295
	1321	1298
	1322	1299
	1324	1301
	1327	1304
	1328	1305
	1329	1306
	1330	1307
	1331	1308
	1332	1309
	1333	1310
	1334	1311
	1335	1312
	1336	1313
	1337	1314
	1339	1317
	1340	1318
	1343	1321
	1344	1322
	1345	1323
	1346	1324
	1347	1325
	1348	1326
	1351	1330
	1356	1334
	1357	1335
	1358	1336
	1359	1348
	1360	1349
	1361	1352
	1362	1353
	1366	1356
	1367	1357
	1368	1358
	1369	1359
	1370	1360
	1371	1361
	1372	1363
	1373	1365
	1374	1366
	1375	1367
	1376	1369
	1377	1371
	1378	1372
	1380	1374
	1384	1377
	1385	1379
	1386	1381
	1390	1384
	1391	1385
	1392	1386
	1393	1387
	1395	1388
	1399	1390
	1400	1391
	1402	1393
	1405	1396
	1406	1397
	1407	1397
	1408	1398
	1409	1399
	1410	1400
	1414	1404
	1415	1405
	1416	1407
	1419	1410
	1423	1411
	1424	1412
	1426	1414
	1430	1417
	1432	1418
	1435	1419
	1436	1420
	1438	1422
	1442	1425
	1444	1426
	1446	1427
	1447	1428
	1451	1431
	1452	1432
	1453	1433
	1454	1434
	1455	1438
	1456	1439
	1458	1444
	1462	1447
	1463	1448
	1465	1449
	1466	1450
	1468	1452
	1470	1454
	1474	1457
	1475	1458
	1476	1459
	1477	1460
	1478	1463
	1479	1474
	1481	1475
	1482	1476
	1484	1478
	1485	1479
	1489	1482
	1490	1483
	1491	1484
	1492	1485
	1494	1487
	1498	1490
	1499	1491
	1500	1491
	1501	1492
	1503	1494
	1507	1497
	1508	1498
	1509	1499
	1513	1502
	1514	1503
	1515	1508
	1519	1511
	1520	1512
	1521	1515
	1525	1518
	1526	1519
	1527	1520
	1528	1521
	1529	1522
	1530	1523
	1531	1524
	1532	1525
	1533	1526
	1534	1527
	1535	1528
	1536	1529
	1537	1530
	1538	1531
	1539	1532
	1540	1533
	1541	1534
	1542	1535
	1543	1536
	1544	1537
	1545	1538
	1546	1539
	1547	1540
	1548	1541
	1549	1542
	1550	1543
	1551	1545
	1552	1553
	1553	1554
	1554	1555
	1555	1556
	1556	1557
	1557	1558
	1560	1561
	1561	1562
	1562	1563
	1564	1565
	1565	1566
	1566	1567
	1567	1568
	1568	1569
	1569	1570
	1570	1571
	1571	1572
	1572	1573
	1573	1574
	1575	1575
	1576	1576
	1578	1578
	1579	1579
	1580	1580
	1581	1581
	1582	1582
	1583	1582
	1584	1583
	1587	1585
	1590	1588
	1592	1589
	1594	1592
	1595	1593
	1596	1594
	1598	1596
	1599	1597
	1601	1599
	1605	1602
	1606	1603
	1607	1604
	1609	1605
	1610	1607
	1611	1609
	1614	1612
	1615	1613
	1616	1614
	1620	1617
	1621	1618
	1622	1619
	1624	1621
	1626	1623
	1630	1626
	1631	1627
	1632	1628
	1636	1631
	1637	1632
	1638	1633
	1639	1634
	1641	1636
	1642	1637
	1644	1639
	1648	1642
	1649	1643
	1650	1646
	1654	1649
	1655	1650
	1656	1651
	1660	1654
	1661	1655
	1662	1656
	1666	1659
	1667	1660
	1668	1661
	1672	1664
	1673	1665
	1674	1666
	1675	1667
	1677	1669
	1681	1672
	1683	1673
	1684	1674
	1686	1676
	1690	1679
	1692	1681
	1693	1682
	1694	1683
	1696	1684
	1699	1687
	1700	1688
	1702	1690
	1706	1693
	1708	1694
	1710	1695
	1711	1696
	1714	1699
	1715	1700
	1716	1701
	1717	1702
	1720	1705
	1721	1706
	1724	1710
	1725	1711
	1729	1714
	1730	1715
	1731	1717
	1732	1718
	1735	1721
	1736	1722
	1740	1725
	1741	1726
	1742	1727
	1743	1728
	1744	1729
	1747	1732
	1748	1733
	1750	1734
	1751	1735
	1753	1737
	1757	1740
	1758	1741
	1759	1742
	1760	1759
	1763	1743
	1764	1745
	1765	1753
	1766	1754
	1768	1757
	1769	1759
	1772	1762
	1773	1763
	1778	1767
	1780	1768
	1781	1769
	1782	1770
	1784	1771
	1785	1772
	1787	1774
	1788	1775
	1789	1776
	1790	1777
	1791	1778
	1792	1779
	1796	1782
	1800	1785
	1804	1788
	1806	1789
	1807	1790
	1808	1791
	1809	1792
	1811	1794
	1814	1797
	1818	1800
	1819	1801
	1820	1802
	1821	1803
	1825	1806
	1826	1807
	1827	1808
	1828	1809
	1830	1811
	1834	1814
	1835	1815
	1837	1816
	1839	1817
	1840	1818
	1841	1819
	1843	1821
	1846	1824
	1847	1825
	1848	1826
	1849	1827
	1853	1830
	1854	1831
	1855	1832
	1859	1835
	1860	1836
	1861	1844
	1865	1847
	1866	1848
	1867	1849
	1871	1852
	1872	1853
	1873	1854
	1877	1857
	1878	1858
	1879	1859
	1883	1862
	1884	1863
	1885	1864
	1886	1865
	1888	1867
	1892	1870
	1893	1871
	1894	1876
	1897	1872
	1898	1873
	1900	1874
	1901	1876
	1905	1879
	1906	1880
	1907	1881
	1911	1884
	1912	1885
	1913	1886
	1917	1889
	1918	1890
	1919	1891
	1923	1894
	1924	1895
	1925	1896
	1929	1899
	1930	1900
	1931	1903
	1935	1906
	1936	1907
	1937	1908
	1938	1909
	1942	1912
	1943	1913
	1944	1914
	1946	1916
	1950	1919
	1951	1921
	1952	1922
	1953	1923
	1954	1924
	1955	1925
	1958	1928
	1962	1931
	1964	1933
	1965	1934
	1966	1935
	1967	1936
	1971	1940
	1972	1941
	1973	1942
	1974	1943
	1978	1945
	1979	1946
	1982	1950
	1985	1957
	1986	1959
	1988	1962
	1990	1962
	1992	1963
	1994	1966
	1995	1967
	1997	1969
	1998	1970
	2000	1972
	2003	1976
	2004	1979
	2005	1982
	2006	1985
	2008	1987
	2011	1990
	2012	1991
	2013	1992
	2014	1993
	2015	1994
	2016	2009
	2018	1996
	2019	1997
	2021	1999
	2022	2000
	2023	2001
	2024	2002
	2025	2003
	2028	2006
	2030	2009
	2033	2012
	2038	2016
	2039	2017
	2040	2018
	2041	2019
	2042	2020
	2043	2021
	2044	2022
	2045	2023
	2046	2024
net/minecraft/client/gui/screens/worldselection/PresetEditor	65	68
	32	32
	64	67
	33	34
	65	68
	34	35
	35	36
	36	37
	37	38
	38	39
	40	41
	41	42
	44	49
	47	49
	52	56
	53	57
	54	58
	59	63
	60	64
	62	65
	31	31
	63	66
com/mojang/realmsclient/client/Ping	73	79
	64	67
	65	68
	66	69
	67	70
	68	71
	71	77
	72	78
	73	79
	17	18
	18	19
	22	22
	23	24
	24	25
	28	28
	29	29
	33	33
	34	34
	35	35
	36	37
	38	39
	39	40
	40	41
	41	42
	42	43
	43	44
	44	45
	46	47
	49	51
	53	55
	57	59
	61	64
	62	65
	63	66
net/minecraft/client/animation/definitions/SnifferAnimation	762	1149
	11	12
	12	13
	13	16
	15	19
	16	22
	18	25
	20	26
	21	27
	22	28
	23	32
	24	33
	25	34
	26	35
	27	36
	28	37
	29	38
	30	39
	31	40
	33	43
	35	44
	36	45
	37	49
	38	50
	39	51
	40	52
	41	53
	42	54
	43	55
	45	58
	46	62
	47	63
	48	64
	49	65
	51	68
	53	69
	54	70
	55	71
	56	75
	57	76
	58	77
	59	78
	60	79
	62	82
	63	86
	64	87
	65	88
	66	89
	67	90
	69	93
	70	97
	71	98
	72	99
	73	100
	74	101
	75	102
	76	103
	78	106
	79	110
	80	111
	81	112
	82	113
	83	114
	84	115
	85	116
	87	119
	88	123
	89	124
	90	125
	91	126
	92	127
	93	128
	94	129
	96	132
	97	136
	98	137
	99	138
	100	139
	101	140
	102	141
	103	142
	105	145
	106	149
	107	150
	108	151
	109	152
	110	153
	112	156
	113	160
	114	161
	115	162
	116	163
	117	164
	119	167
	120	171
	121	172
	122	173
	123	174
	124	175
	125	176
	127	179
	128	183
	129	184
	130	185
	131	186
	132	187
	133	188
	135	191
	136	195
	137	196
	138	197
	139	198
	140	199
	141	200
	142	201
	144	204
	145	208
	146	209
	147	210
	148	211
	149	212
	150	213
	151	214
	153	217
	154	221
	155	222
	156	223
	157	224
	158	225
	160	228
	161	232
	162	233
	163	234
	164	235
	165	236
	166	237
	167	238
	169	241
	170	245
	171	246
	172	247
	173	248
	174	249
	175	250
	177	253
	178	257
	179	258
	180	259
	181	260
	182	261
	184	264
	185	268
	186	269
	187	270
	188	271
	189	272
	191	275
	193	276
	194	277
	195	278
	196	282
	197	283
	198	284
	199	285
	200	286
	202	289
	203	293
	204	294
	205	295
	206	296
	207	297
	209	300
	210	304
	211	305
	212	306
	213	307
	214	308
	215	309
	216	310
	218	313
	219	317
	220	318
	221	319
	222	320
	223	321
	224	322
	225	323
	227	326
	228	330
	229	331
	230	332
	231	333
	232	334
	233	335
	234	336
	236	339
	237	343
	238	344
	239	345
	240	346
	241	347
	242	348
	243	349
	245	352
	246	356
	247	357
	248	358
	249	359
	250	360
	252	363
	253	367
	254	368
	255	369
	256	370
	257	371
	259	374
	260	378
	261	379
	262	380
	263	381
	264	382
	265	383
	267	386
	268	390
	269	391
	270	392
	271	393
	272	394
	273	395
	275	398
	276	402
	277	403
	278	404
	279	405
	280	406
	281	407
	282	408
	284	411
	285	415
	286	416
	287	417
	288	418
	289	419
	290	420
	291	421
	293	424
	294	428
	295	429
	296	430
	297	431
	299	434
	300	438
	301	439
	302	440
	303	441
	304	442
	305	443
	307	446
	308	450
	309	451
	311	454
	312	458
	313	459
	314	460
	315	461
	316	462
	317	463
	318	464
	319	465
	320	466
	322	469
	323	473
	324	474
	325	475
	326	476
	327	477
	328	478
	329	479
	330	480
	331	481
	333	484
	334	488
	335	489
	336	490
	337	491
	338	492
	339	493
	340	494
	341	495
	342	496
	343	497
	344	498
	345	499
	346	500
	347	501
	348	502
	349	503
	351	506
	353	507
	354	508
	355	512
	356	513
	357	514
	358	515
	359	516
	360	517
	361	518
	362	519
	363	520
	364	521
	365	522
	366	523
	367	524
	369	527
	370	531
	371	532
	372	533
	374	536
	375	540
	376	541
	377	542
	378	543
	380	546
	381	550
	382	551
	383	552
	384	553
	385	554
	386	555
	387	556
	388	557
	389	558
	390	559
	391	560
	392	561
	393	562
	394	563
	395	564
	396	565
	397	566
	398	567
	399	568
	400	569
	401	570
	402	571
	403	572
	404	573
	406	576
	407	580
	408	581
	409	582
	410	583
	411	584
	412	585
	413	586
	414	587
	415	588
	416	589
	417	590
	418	591
	419	592
	420	593
	421	594
	422	595
	424	598
	425	602
	426	603
	427	604
	428	605
	429	606
	430	607
	431	608
	433	611
	434	615
	435	616
	436	617
	437	618
	438	619
	439	620
	440	621
	442	624
	443	628
	444	629
	445	630
	447	633
	448	637
	449	638
	450	639
	451	640
	453	643
	454	647
	455	648
	456	649
	458	652
	459	656
	460	657
	461	658
	462	659
	464	662
	465	666
	466	667
	467	668
	469	671
	470	675
	471	676
	472	677
	473	678
	475	681
	476	685
	477	686
	478	687
	480	690
	481	694
	482	695
	483	696
	484	697
	486	700
	487	704
	488	705
	489	706
	491	709
	492	713
	493	714
	494	715
	495	716
	497	719
	498	723
	499	724
	500	725
	502	728
	503	732
	504	733
	505	734
	506	735
	508	738
	510	739
	511	740
	512	744
	513	745
	514	746
	515	747
	517	750
	518	754
	519	755
	520	756
	521	757
	523	760
	524	764
	525	765
	526	766
	527	767
	528	768
	530	771
	531	775
	532	776
	534	779
	535	783
	536	784
	537	785
	539	788
	540	792
	541	793
	542	794
	544	797
	545	801
	546	802
	548	805
	549	809
	550	810
	551	811
	553	814
	554	818
	555	819
	557	822
	558	826
	559	827
	560	828
	562	831
	563	835
	564	836
	566	839
	567	843
	568	844
	569	845
	571	848
	572	852
	573	853
	575	856
	576	860
	577	861
	578	862
	580	865
	581	869
	582	870
	584	873
	585	877
	586	878
	587	879
	589	882
	590	886
	591	887
	593	890
	594	894
	595	895
	596	896
	598	899
	600	900
	601	901
	602	905
	603	906
	604	907
	605	908
	606	909
	608	912
	609	916
	610	917
	611	918
	612	919
	613	920
	614	921
	616	924
	617	928
	618	929
	619	930
	620	931
	621	932
	623	935
	624	939
	625	940
	626	941
	627	942
	628	943
	629	944
	630	945
	632	948
	633	952
	634	953
	635	954
	636	955
	637	956
	639	959
	640	963
	641	964
	642	965
	643	966
	644	967
	646	970
	647	974
	648	975
	649	976
	650	977
	651	978
	653	981
	654	985
	655	986
	656	987
	657	988
	658	989
	659	990
	660	991
	661	992
	663	995
	664	999
	665	1000
	667	1003
	668	1007
	669	1008
	670	1009
	671	1010
	672	1011
	673	1012
	674	1013
	675	1014
	677	1017
	678	1021
	679	1022
	681	1025
	682	1029
	683	1030
	684	1031
	685	1032
	686	1033
	687	1034
	688	1035
	689	1036
	691	1039
	692	1043
	693	1044
	695	1047
	696	1051
	697	1052
	698	1053
	699	1054
	700	1055
	701	1056
	702	1057
	703	1058
	705	1061
	706	1065
	707	1066
	709	1069
	710	1073
	711	1074
	712	1075
	713	1076
	714	1077
	715	1078
	716	1079
	717	1080
	719	1083
	720	1087
	721	1088
	723	1091
	724	1095
	725	1096
	726	1097
	727	1098
	728	1099
	729	1100
	730	1101
	731	1102
	733	1105
	734	1109
	735	1110
	737	1113
	739	1114
	740	1115
	741	1116
	742	1120
	743	1121
	744	1122
	745	1123
	746	1124
	748	1127
	749	1131
	750	1132
	751	1133
	752	1134
	753	1135
	755	1138
	756	1142
	757	1143
	758	1144
	759	1145
	760	1146
	762	1149
net/minecraft/client/gui/screens/inventory/CommandBlockEditScreen	100	112
	64	67
	67	70
	68	71
	69	72
	70	73
	71	74
	72	75
	75	78
	76	79
	77	80
	78	81
	79	82
	80	83
	82	84
	19	23
	83	85
	20	24
	84	86
	85	87
	87	88
	24	28
	88	89
	89	90
	29	33
	93	94
	94	95
	95	96
	34	38
	35	39
	99	100
	36	40
	100	112
	40	44
	41	46
	42	47
	43	48
	44	49
	48	53
	49	54
	50	55
	53	57
	54	58
	55	59
	56	60
	59	62
	60	63
	61	64
	62	65
net/minecraft/client/model/object/projectile/ShulkerBulletModel	43	45
	35	38
	40	42
	41	43
	42	44
	43	45
	19	20
	20	21
	21	22
	24	25
	25	26
	27	27
	28	29
	29	30
	30	32
	31	34
net/minecraft/client/gui/font/providers/GlyphProviderDefinition	35	30
	32	26
	33	27
	34	28
	35	30
	15	17
net/minecraft/client/gui/screens/inventory/package-info	0	0
net/minecraft/client/gui/spectator/SpectatorMenu	184	173
	128	115
	134	122
	135	123
	139	127
	16	18
	144	132
	17	19
	145	133
	18	20
	20	22
	21	23
	149	137
	22	24
	26	26
	27	27
	28	28
	158	147
	159	148
	160	149
	33	32
	164	153
	37	36
	165	154
	169	158
	42	41
	46	45
	174	163
	175	164
	176	165
	178	167
	180	169
	56	54
	184	173
	57	55
	58	56
	61	59
	63	60
	64	61
	65	62
	66	63
	67	63
	69	63
	73	64
	74	65
	77	67
	78	67
	80	67
	84	72
	86	74
	87	75
	90	78
	94	82
	98	86
	102	90
	104	91
	105	92
	106	93
	108	95
	111	98
	114	101
	115	102
	118	105
	122	109
	123	110
	124	111
	125	112
net/minecraft/client/model/monster/enderman/EndermanModel	94	74
	17	19
	18	20
	21	23
	22	24
	23	25
	25	26
	26	27
	27	27
	28	27
	30	29
	31	30
	32	30
	35	32
	36	33
	37	33
	38	33
	40	35
	41	36
	42	36
	43	36
	45	38
	46	39
	47	39
	48	39
	50	41
	51	42
	52	42
	53	42
	55	44
	56	45
	57	45
	58	45
	61	47
	66	51
	68	52
	70	53
	71	54
	72	55
	73	56
	75	57
	76	58
	77	59
	78	60
	79	61
	82	62
	83	63
	84	64
	85	65
	86	66
	89	69
	90	70
	91	71
	92	72
	94	74
net/minecraft/client/gui/components/events/package-info	0	0
net/minecraft/client/gui/components/tabs/LoadingTab	48	47
	36	35
	41	40
	42	41
	46	45
	47	46
	48	47
	19	21
	20	22
	22	23
	23	24
	24	24
	25	24
	26	25
	27	26
	31	30
com/mojang/blaze3d/ProjectionType	25	27
	16	18
	17	19
	20	22
	7	10
	8	11
	24	26
	25	27
	15	17
net/minecraft/client/tutorial/package-info	0	0
com/mojang/blaze3d/pipeline/RenderTarget	124	128
	16	18
	29	29
	30	30
	31	31
	34	34
	36	35
	37	36
	38	37
	41	40
	43	41
	44	42
	45	43
	47	46
	48	47
	49	48
	51	51
	52	52
	53	53
	55	56
	56	57
	57	58
	59	60
	62	63
	64	64
	65	65
	67	68
	68	69
	70	72
	71	73
	74	76
	76	77
	77	78
	78	79
	79	90
	82	80
	83	81
	85	82
	86	83
	87	84
	90	87
	91	88
	92	92
	95	95
	96	96
	98	99
	99	100
	102	103
	103	107
	104	108
	105	109
	106	110
	107	111
	109	113
	112	116
	116	120
	120	124
	124	128
net/minecraft/client/model/monster/illager/IllagerModel	217	185
	31	33
	32	34
	33	35
	34	36
	35	37
	36	38
	37	39
	38	40
	39	41
	40	42
	43	45
	44	46
	46	47
	47	48
	48	48
	49	48
	51	50
	52	51
	53	51
	57	53
	58	54
	59	54
	60	54
	62	56
	63	58
	64	59
	65	61
	66	63
	68	65
	69	67
	70	67
	71	67
	72	68
	74	70
	75	71
	76	71
	79	73
	80	74
	81	74
	82	74
	84	76
	85	77
	86	77
	87	77
	89	79
	90	80
	91	80
	92	80
	94	82
	95	83
	96	83
	97	83
	100	85
	105	89
	107	90
	108	91
	110	92
	111	93
	112	94
	113	95
	115	96
	116	97
	117	98
	119	99
	120	100
	121	101
	123	102
	124	103
	125	104
	127	106
	128	107
	129	108
	130	109
	131	110
	133	111
	134	112
	135	113
	137	114
	138	115
	139	116
	141	117
	142	118
	143	119
	146	122
	148	123
	149	124
	150	125
	152	127
	154	129
	155	130
	156	131
	157	132
	158	133
	159	134
	160	135
	161	136
	162	137
	164	138
	165	139
	166	140
	167	141
	168	142
	169	143
	170	144
	171	145
	172	146
	173	147
	174	148
	175	149
	176	150
	177	151
	178	152
	179	153
	180	154
	181	155
	183	156
	184	157
	185	158
	186	159
	187	160
	190	163
	191	164
	192	165
	193	166
	194	167
	197	170
	198	170
	200	170
	205	174
	210	179
	215	183
	216	184
	217	185
net/minecraft/client/renderer/entity/AllayRenderer	44	41
	34	32
	35	33
	36	34
	37	35
	38	36
	39	37
	40	38
	44	41
	14	16
	17	19
	19	20
	20	21
	24	24
	29	28
net/minecraft/client/renderer/block/model/multipart/Selector	22	23
	16	16
	17	17
	18	17
	19	19
	22	23
com/mojang/blaze3d/vertex/VertexFormat	225	214
	130	134
	131	135
	135	139
	136	140
	141	146
	146	151
	149	154
	150	155
	151	156
	152	157
	156	161
	157	162
	161	166
	34	34
	162	167
	35	35
	163	168
	36	36
	164	169
	37	37
	38	39
	39	40
	40	41
	41	42
	169	175
	170	176
	43	44
	46	47
	175	181
	176	182
	51	52
	179	185
	180	185
	182	185
	55	56
	59	60
	187	191
	188	192
	189	193
	190	194
	63	64
	191	195
	192	196
	193	197
	194	198
	67	68
	71	72
	201	205
	202	206
	75	76
	203	207
	204	208
	79	80
	208	211
	83	84
	84	85
	85	86
	87	88
	215	213
	219	212
	92	94
	93	95
	222	214
	95	96
	225	211
	98	99
	99	100
	104	105
	108	109
	109	110
	110	111
	111	112
	113	115
	115	117
	116	118
	118	120
	119	121
	120	122
	121	123
	123	125
	126	129
net/minecraft/client/gui/screens/options/AccessibilityOptionsScreen	88	97
	65	75
	66	76
	67	77
	68	78
	69	79
	70	80
	74	84
	75	85
	76	86
	77	86
	79	88
	80	89
	84	93
	22	23
	88	97
	25	26
	26	27
	27	29
	28	30
	29	32
	30	34
	31	36
	32	38
	33	40
	34	42
	35	44
	36	46
	37	48
	38	50
	43	55
	44	56
	48	60
	49	61
	50	62
	51	62
	52	63
	53	64
	57	67
	58	68
	59	69
	61	71
net/minecraft/client/multiplayer/chat/report/ChatReportContextBuilder	105	103
	65	65
	80	76
	81	77
	82	78
	22	24
	86	81
	23	25
	87	82
	89	85
	26	28
	90	86
	91	87
	28	30
	92	88
	29	30
	93	89
	30	31
	31	32
	95	91
	32	33
	33	34
	34	35
	98	95
	35	36
	99	96
	36	37
	101	99
	39	30
	41	41
	105	103
	44	44
	45	45
	48	48
	50	49
	51	51
	52	52
	53	53
	54	54
	55	55
	56	56
	61	61
net/minecraft/client/renderer/SectionBufferBuilderPool	65	65
	65	65
	13	15
	19	20
	20	21
	21	22
	26	25
	27	26
	29	27
	31	30
	32	31
	34	33
	35	34
	37	35
	38	37
	39	38
	43	42
	47	46
	48	47
	49	48
	50	49
	52	51
	56	56
	57	57
	58	58
	61	61
net/minecraft/client/resources/SplashManager	82	67
	66	55
	68	56
	69	57
	70	58
	71	59
	72	60
	73	61
	77	62
	78	63
	79	65
	80	66
	82	67
	24	25
	26	26
	27	27
	28	28
	30	29
	31	30
	37	35
	38	36
	41	39
	46	43
	49	44
	50	44
	51	44
	52	44
	53	44
	54	44
	55	45
	56	46
	62	51
	63	52
net/minecraft/client/model/geom/builders/CubeDeformation	25	28
	17	20
	18	21
	4	8
	21	24
	25	28
	11	14
	12	15
	13	16
	14	17
net/minecraft/client/renderer/special/TridentSpecialRenderer	49	48
	37	24
	38	25
	40	26
	41	27
	42	28
	46	32
	47	33
	48	34
	49	35
	18	19
	19	20
	22	39
	26	43
	31	48
net/minecraft/client/gui/screens/social/SocialInteractionsPlayerList	220	214
	33	32
	34	33
	35	34
	40	38
	45	42
	49	46
	50	47
	53	50
	54	51
	55	52
	56	53
	58	56
	59	57
	60	58
	63	61
	64	63
	65	64
	66	65
	67	66
	68	67
	71	70
	74	73
	75	75
	76	76
	77	77
	78	78
	79	79
	82	82
	85	86
	89	91
	90	92
	92	95
	93	96
	94	100
	95	107
	96	108
	99	112
	100	113
	101	114
	104	118
	105	119
	106	121
	110	124
	112	126
	113	127
	114	127
	115	128
	119	132
	123	136
	124	136
	132	137
	133	138
	135	139
	136	140
	138	141
	143	142
	145	144
	146	144
	148	144
	150	146
	152	147
	153	148
	154	149
	159	150
	162	154
	164	155
	165	156
	168	159
	169	160
	170	161
	171	162
	172	163
	173	164
	174	165
	177	168
	178	169
	179	170
	181	172
	184	175
	185	176
	188	179
	192	183
	193	185
	194	186
	195	187
	196	188
	199	192
	200	193
	201	194
	202	196
	203	198
	204	199
	207	201
	210	204
	211	205
	212	206
	213	207
	216	210
	219	213
	220	214
net/minecraft/client/model/geom/builders/MaterialDefinition	11	14
	9	12
	10	13
	11	14
net/minecraft/client/gui/components/AbstractSliderButton	152	154
	130	131
	131	132
	132	133
	133	134
	135	137
	136	138
	140	142
	141	143
	142	144
	146	148
	20	23
	21	24
	22	25
	150	152
	23	26
	151	153
	152	154
	35	36
	36	37
	37	38
	40	41
	41	41
	43	41
	48	45
	49	45
	51	45
	57	50
	62	55
	63	56
	64	57
	65	58
	66	59
	68	61
	71	64
	74	67
	78	71
	79	72
	81	81
	83	82
	84	83
	86	85
	90	89
	91	90
	92	91
	96	95
	97	96
	98	97
	99	104
	101	99
	102	100
	103	101
	105	104
	109	108
	110	109
	111	110
	113	113
	114	114
	115	115
	116	116
	117	117
	118	118
	119	119
	122	123
	126	127
	127	128
net/minecraft/client/model/animal/fish/CodModel	72	60
	68	57
	70	58
	71	59
	72	60
	18	20
	19	21
	20	22
	23	25
	24	26
	26	27
	27	28
	28	29
	29	29
	30	29
	32	31
	33	32
	34	32
	35	32
	37	34
	38	35
	39	35
	40	35
	42	37
	43	39
	44	39
	45	40
	47	42
	48	44
	49	44
	50	45
	52	47
	53	48
	54	48
	55	48
	57	50
	58	51
	59	51
	60	51
	63	53
net/minecraft/client/gui/screens/dialog/body/package-info	0	0
net/minecraft/client/renderer/blockentity/state/EnchantTableRenderState	0	0
net/minecraft/client/sounds/SoundEngine	565	523
	512	473
	515	477
	518	480
	519	481
	521	483
	524	486
	525	487
	528	490
	529	494
	532	491
	533	492
	534	494
	537	497
	538	498
	539	499
	540	500
	544	503
	545	504
	547	506
	548	507
	549	508
	554	512
	43	46
	44	47
	557	515
	561	519
	50	53
	565	523
	60	57
	81	72
	92	82
	93	83
	94	84
	95	85
	98	88
	99	90
	100	91
	101	92
	102	93
	103	94
	104	95
	108	100
	109	101
	110	102
	113	105
	114	117
	118	107
	119	108
	120	109
	121	110
	122	111
	123	112
	124	113
	125	114
	127	117
	130	120
	131	128
	134	121
	135	122
	136	123
	137	124
	139	126
	140	128
	143	131
	144	132
	145	133
	146	134
	147	135
	149	137
	152	140
	153	141
	155	143
	158	146
	159	147
	160	148
	161	149
	164	152
	167	155
	168	156
	169	157
	172	160
	173	161
	174	162
	175	163
	176	164
	177	165
	178	166
	179	167
	180	168
	181	169
	182	170
	184	172
	187	175
	188	176
	191	179
	192	180
	200	183
	201	184
	202	185
	205	188
	206	189
	207	190
	208	191
	210	192
	211	193
	212	194
	213	195
	214	196
	215	197
	216	198
	219	200
	220	201
	221	202
	224	205
	225	206
	229	210
	233	214
	234	215
	236	218
	237	219
	239	221
	241	224
	242	225
	245	228
	247	229
	248	230
	251	232
	252	233
	253	234
	255	237
	257	238
	258	239
	260	241
	261	242
	262	243
	263	244
	264	245
	265	246
	266	247
	267	248
	268	249
	269	250
	275	255
	276	257
	277	258
	279	259
	280	260
	282	261
	283	262
	284	263
	285	264
	286	265
	288	268
	289	269
	290	270
	293	273
	294	274
	298	277
	299	278
	305	284
	306	286
	307	287
	309	288
	310	289
	313	290
	314	291
	317	294
	318	295
	321	298
	325	301
	326	303
	327	304
	328	305
	329	306
	330	307
	331	308
	332	309
	333	310
	334	311
	337	314
	340	317
	344	321
	348	325
	352	329
	353	330
	356	332
	357	333
	360	334
	364	339
	365	340
	368	343
	369	344
	372	347
	373	348
	374	349
	375	350
	376	351
	378	354
	379	355
	382	358
	385	361
	387	362
	388	363
	391	366
	392	367
	393	368
	395	371
	398	373
	399	374
	401	375
	402	376
	403	377
	405	378
	406	379
	408	380
	409	381
	410	383
	411	384
	415	388
	416	389
	417	390
	418	395
	420	391
	421	392
	425	398
	428	399
	429	400
	431	401
	432	403
	433	404
	434	405
	435	406
	437	409
	440	411
	442	412
	443	413
	444	414
	446	415
	447	416
	448	417
	449	418
	450	419
	452	421
	455	424
	456	425
	457	426
	458	427
	460	428
	461	429
	462	429
	463	429
	464	430
	465	431
	466	432
	468	434
	469	434
	470	434
	471	435
	472	436
	473	437
	476	440
	477	441
	479	444
	480	444
	482	444
	486	450
	487	451
	490	454
	491	455
	494	458
	498	462
	502	466
	506	470
	507	477
	510	471
	511	472
com/mojang/blaze3d/opengl/package-info	0	0
net/minecraft/client/renderer/blockentity/CopperGolemStatueBlockRenderer	61	76
	32	34
	33	35
	34	36
	35	37
	39	40
	44	50
	45	51
	46	52
	47	53
	51	58
	52	59
	54	60
	55	61
	56	62
	57	63
	58	64
	59	74
	61	76
	30	32
	31	33
net/minecraft/client/model/geom/builders/MeshTransformer	12	13
	7	9
	11	12
	12	13
net/minecraft/client/particle/ParticleResources	288	288
	256	255
	257	256
	258	257
	259	258
	260	259
	265	264
	273	273
	278	278
	283	283
	287	287
	288	288
	42	46
	43	47
	44	48
	55	53
	56	54
	59	57
	60	58
	63	61
	64	62
	65	63
	66	64
	67	65
	68	66
	69	67
	70	68
	71	69
	72	70
	73	71
	74	72
	75	73
	76	74
	77	75
	78	76
	79	77
	80	78
	81	79
	82	80
	83	81
	84	82
	85	83
	86	84
	87	85
	88	86
	89	87
	90	88
	91	89
	92	90
	93	91
	94	92
	95	93
	96	94
	97	95
	98	96
	99	97
	100	98
	101	99
	102	100
	103	101
	104	102
	105	103
	106	104
	107	105
	108	106
	109	107
	110	108
	111	109
	112	110
	113	111
	114	112
	115	113
	116	114
	117	115
	118	116
	119	117
	120	118
	121	119
	122	120
	123	121
	124	122
	125	123
	126	124
	127	125
	128	126
	129	127
	130	128
	131	129
	132	130
	133	131
	134	132
	135	133
	136	134
	137	135
	138	136
	139	137
	140	138
	141	139
	142	140
	143	141
	144	142
	145	143
	146	144
	147	145
	148	146
	149	147
	150	148
	152	149
	153	150
	155	151
	156	152
	157	153
	159	154
	160	155
	161	156
	162	157
	163	158
	164	159
	165	160
	166	161
	167	162
	168	163
	169	164
	171	165
	172	166
	173	167
	174	168
	175	169
	176	170
	177	171
	178	172
	179	173
	180	174
	181	175
	182	176
	185	179
	186	180
	189	183
	190	184
	191	185
	192	186
	198	189
	199	196
	200	198
	201	199
	202	200
	203	201
	204	202
	205	203
	206	204
	209	206
	211	208
	212	208
	213	208
	214	209
	215	210
	217	213
	218	214
	220	215
	221	216
	222	217
	223	218
	224	219
	225	220
	226	221
	227	240
	229	222
	230	224
	231	225
	232	226
	233	227
	234	228
	236	230
	239	234
	240	235
	242	238
	243	240
	244	241
	245	242
	247	245
	248	246
	252	250
	253	251
	254	252
net/minecraft/client/multiplayer/ClientConfigurationPacketListenerImpl	200	211
	128	141
	129	142
	130	143
	131	144
	133	146
	134	147
	135	148
	136	149
	137	150
	139	152
	141	154
	143	156
	148	159
	149	161
	151	164
	166	181
	42	45
	43	46
	171	187
	172	188
	176	190
	179	193
	55	57
	183	196
	56	58
	184	197
	57	59
	58	60
	59	61
	60	62
	188	201
	61	63
	190	202
	191	203
	65	66
	195	207
	70	71
	198	210
	71	72
	200	211
	75	75
	76	76
	80	79
	81	80
	82	81
	86	84
	87	85
	88	86
	92	89
	93	90
	97	93
	98	94
	99	95
	102	98
	103	99
	104	100
	108	103
	109	104
	112	107
	113	108
	116	116
	117	132
	118	128
	123	136
	124	137
	125	138
net/minecraft/client/resources/metadata/animation/VillagerMetadataSection	32	32
	32	32
	18	20
	19	21
	20	22
	22	24
	11	13
	27	28
	12	13
	28	29
	13	14
	15	16
net/minecraft/client/gui/components/spectator/SpectatorGui	139	132
	129	123
	131	124
	132	125
	133	126
	134	127
	137	130
	139	132
	18	21
	19	22
	28	30
	29	31
	32	34
	34	35
	35	36
	37	38
	39	40
	42	43
	43	44
	47	48
	48	59
	51	49
	52	50
	53	51
	54	59
	57	53
	58	54
	60	55
	62	56
	63	59
	66	62
	67	63
	68	64
	69	65
	71	68
	72	69
	74	71
	77	74
	78	75
	79	76
	81	77
	82	78
	84	79
	86	80
	87	81
	88	82
	91	85
	94	88
	96	89
	97	90
	98	91
	99	92
	100	93
	101	94
	102	95
	104	97
	108	101
	109	102
	110	103
	113	106
	117	110
	118	112
	119	113
	122	116
	123	117
	124	118
	126	120
net/minecraft/client/renderer/texture/TextureContents	45	44
	19	18
	35	34
	22	21
	23	22
	39	38
	26	25
	27	26
	44	43
	45	44
	31	30
net/minecraft/client/gui/components/AbstractScrollArea	109	114
	64	69
	65	72
	69	76
	73	80
	74	81
	77	84
	14	17
	15	18
	81	88
	19	22
	20	23
	85	92
	24	27
	25	28
	89	96
	27	31
	28	32
	93	100
	33	37
	97	104
	34	38
	98	105
	35	39
	99	106
	36	40
	100	107
	37	41
	102	108
	39	43
	103	109
	40	44
	41	45
	105	110
	42	46
	106	111
	44	49
	109	114
	47	51
	52	57
	53	58
	56	61
	60	65
	61	66
net/minecraft/client/renderer/texture/TextureAtlas	298	310
	258	268
	262	272
	264	273
	265	274
	266	275
	267	276
	268	277
	272	281
	273	283
	274	284
	276	287
	277	288
	279	291
	280	292
	281	293
	283	295
	286	298
	290	302
	35	42
	294	306
	40	44
	298	310
	45	46
	50	48
	68	63
	69	64
	70	65
	74	68
	76	69
	77	70
	78	71
	79	72
	80	73
	81	74
	82	75
	83	76
	84	77
	85	79
	86	80
	88	82
	91	85
	92	86
	94	87
	95	88
	96	89
	97	90
	98	91
	101	94
	102	95
	103	96
	104	97
	105	98
	106	99
	107	100
	109	102
	110	103
	111	104
	112	105
	116	109
	118	110
	119	112
	120	113
	122	114
	123	115
	124	116
	125	117
	126	118
	131	123
	132	124
	133	125
	135	126
	137	127
	138	128
	140	131
	141	132
	142	133
	143	134
	146	137
	149	140
	150	141
	151	142
	152	143
	155	144
	156	145
	157	146
	160	148
	161	149
	162	150
	163	152
	164	160
	165	162
	166	163
	167	164
	169	167
	173	170
	174	171
	175	174
	176	175
	178	177
	179	178
	180	179
	181	180
	188	186
	189	187
	190	188
	191	189
	194	193
	196	194
	197	195
	201	199
	202	200
	203	201
	204	202
	207	205
	208	207
	209	208
	210	209
	211	210
	213	222
	214	223
	216	225
	219	228
	220	235
	223	229
	224	230
	227	233
	228	235
	231	238
	232	239
	233	242
	234	243
	235	244
	236	245
	242	251
	246	255
	247	256
	250	259
	251	260
	252	261
	254	263
net/minecraft/client/renderer/SubmitNodeStorage	112	150
	64	80
	65	81
	69	97
	70	98
	74	102
	75	103
	79	107
	80	108
	84	112
	85	113
	89	127
	90	128
	94	132
	95	133
	34	35
	99	137
	100	138
	39	40
	103	141
	40	41
	104	142
	107	145
	44	47
	108	146
	45	48
	109	147
	112	150
	49	54
	50	55
	54	59
	55	60
	59	64
	60	65
net/minecraft/client/color/block/package-info	0	0
net/minecraft/client/renderer/chunk/ChunkSectionLayer	42	41
	34	33
	38	37
	42	41
	11	11
	12	12
	13	13
	14	14
	23	22
	24	23
	25	24
	26	25
	27	26
	30	29
net/minecraft/client/particle/VibrationSignalParticle	118	115
	26	26
	28	27
	30	28
	31	29
	33	30
	34	31
	35	32
	36	33
	37	34
	38	35
	39	36
	40	37
	42	39
	46	43
	47	44
	48	45
	50	46
	51	47
	52	48
	54	49
	55	50
	56	51
	60	55
	65	60
	70	65
	71	66
	72	67
	74	68
	75	69
	76	90
	79	71
	82	72
	83	73
	84	90
	87	75
	88	76
	90	77
	92	78
	93	79
	94	80
	96	81
	97	82
	98	83
	100	84
	101	85
	103	86
	104	87
	105	90
	111	97
	112	98
	116	112
	117	114
	118	115
net/minecraft/client/gui/screens/ConfirmLinkScreen	123	119
	17	18
	18	18
	26	24
	27	25
	30	28
	31	29
	34	32
	35	33
	38	36
	39	37
	42	40
	43	41
	44	42
	45	43
	46	44
	47	45
	50	48
	54	52
	59	57
	60	58
	62	60
	66	64
	67	65
	68	66
	69	67
	70	68
	71	69
	72	70
	75	73
	76	74
	79	77
	80	78
	82	79
	83	80
	85	83
	86	84
	88	85
	91	88
	92	89
	94	90
	95	91
	97	94
	98	95
	100	96
	103	99
	104	100
	107	103
	108	104
	111	107
	115	111
	119	115
	123	119
net/minecraft/client/renderer/blockentity/CampfireRenderer	74	78
	64	68
	65	69
	66	70
	67	71
	68	72
	69	73
	71	74
	72	75
	74	78
	29	30
	30	31
	34	34
	39	44
	40	45
	42	46
	43	47
	44	49
	45	50
	46	51
	47	55
	49	57
	53	60
	55	61
	56	63
	57	64
	58	65
	61	66
	62	67
net/minecraft/client/gui/screens/LoadingOverlay	186	178
	130	124
	131	125
	133	127
	138	131
	140	133
	141	134
	142	135
	143	136
	145	139
	146	140
	148	141
	149	142
	152	145
	155	148
	29	31
	30	32
	31	33
	159	152
	160	153
	33	34
	161	154
	164	155
	166	156
	167	157
	168	158
	169	159
	170	160
	174	164
	179	170
	180	171
	54	54
	55	55
	56	56
	184	175
	57	57
	185	177
	58	58
	186	178
	61	61
	62	62
	65	65
	70	70
	71	71
	72	72
	74	73
	75	74
	78	77
	79	78
	82	80
	83	81
	84	82
	86	84
	88	87
	89	88
	90	89
	91	90
	92	91
	93	92
	94	93
	96	95
	98	98
	99	99
	100	100
	101	101
	103	103
	105	104
	106	105
	109	108
	110	109
	112	110
	113	111
	114	112
	115	113
	117	114
	118	115
	119	116
	121	117
	123	118
	124	119
	126	120
	127	121
net/minecraft/client/renderer/debug/RaidDebugRenderer	52	49
	33	30
	34	31
	35	32
	36	33
	39	36
	40	37
	43	40
	44	41
	45	42
	48	45
	49	46
	52	49
	26	24
	27	25
	31	29
net/minecraft/client/gui/screens/inventory/AbstractMountInventoryScreen	55	57
	32	33
	35	36
	36	37
	38	40
	39	41
	42	44
	43	45
	46	48
	47	49
	19	22
	51	53
	20	23
	52	54
	21	24
	53	55
	22	25
	54	56
	55	57
	26	29
	27	30
	29	31
	31	32
net/minecraft/client/renderer/blockentity/BlockEntityRenderDispatcher	112	128
	67	74
	68	75
	71	80
	72	81
	73	82
	77	85
	78	86
	81	89
	82	90
	84	93
	85	94
	86	95
	87	96
	91	102
	92	103
	93	113
	97	105
	98	106
	99	107
	100	108
	102	109
	104	110
	106	113
	46	55
	110	117
	47	56
	111	127
	48	57
	112	128
	49	58
	50	59
	51	60
	52	61
	53	62
	54	63
	58	66
	63	70
net/minecraft/client/gui/screens/reporting/package-info	0	0
net/minecraft/client/renderer/blockentity/BlockEntityWithBoundingBoxRenderer	214	192
	30	32
	34	35
	39	45
	40	46
	41	47
	44	52
	45	53
	46	54
	47	55
	49	56
	50	57
	51	58
	52	59
	53	60
	54	63
	55	67
	56	68
	57	69
	58	70
	59	71
	60	72
	61	73
	62	74
	63	75
	64	76
	65	77
	66	78
	67	79
	73	85
	76	88
	95	91
	97	92
	101	100
	102	120
	104	101
	105	102
	106	120
	108	103
	109	104
	110	105
	112	106
	113	120
	116	107
	117	108
	119	109
	120	111
	122	116
	123	120
	126	123
	127	155
	130	124
	131	125
	133	127
	134	128
	135	129
	136	130
	137	131
	138	132
	139	133
	141	134
	142	135
	143	136
	144	137
	145	138
	146	139
	148	140
	149	141
	151	142
	153	143
	155	144
	157	145
	158	146
	159	147
	160	148
	170	155
	173	158
	174	183
	177	159
	179	161
	180	162
	181	163
	182	164
	183	165
	184	166
	194	172
	195	173
	196	174
	197	175
	198	176
	199	177
	200	178
	201	179
	203	180
	204	181
	205	183
	209	187
	214	192
net/minecraft/client/renderer/blockentity/state/BeaconRenderState	0	0
net/minecraft/client/gui/screens/ShareToLanScreen	118	115
	20	22
	21	23
	22	24
	23	25
	24	26
	25	27
	34	35
	35	36
	36	37
	40	41
	41	42
	42	43
	43	44
	44	46
	45	47
	47	50
	49	52
	50	53
	53	55
	54	56
	56	58
	59	61
	60	62
	61	63
	62	64
	64	65
	65	66
	66	67
	67	68
	68	69
	69	70
	70	71
	71	72
	73	74
	74	75
	75	76
	77	78
	78	79
	79	80
	80	81
	81	82
	82	83
	86	87
	87	88
	90	91
	91	92
	92	93
	95	97
	97	98
	98	99
	99	101
	100	101
	102	101
	104	103
	105	104
	106	105
	113	111
	115	112
	116	113
	117	114
	118	115
net/minecraft/client/gui/screens/inventory/LoomScreen	287	287
	258	259
	259	260
	260	261
	262	263
	265	266
	266	267
	267	268
	269	269
	270	270
	272	271
	273	272
	276	275
	277	276
	280	279
	281	280
	282	281
	284	284
	285	285
	286	286
	287	287
	36	37
	37	38
	38	39
	39	40
	40	41
	41	42
	42	43
	43	44
	44	45
	45	46
	74	70
	75	71
	76	72
	77	73
	81	77
	82	78
	83	79
	84	80
	88	84
	89	85
	90	86
	93	89
	98	94
	99	95
	100	96
	102	97
	103	98
	104	99
	105	100
	106	101
	107	102
	109	105
	110	106
	112	109
	113	110
	116	113
	117	114
	118	115
	119	116
	120	117
	121	118
	122	119
	125	122
	126	123
	127	124
	128	125
	129	126
	130	127
	131	128
	133	131
	134	132
	135	133
	137	134
	139	137
	140	138
	141	139
	142	140
	143	141
	147	145
	148	146
	150	147
	151	148
	153	150
	154	151
	155	152
	156	153
	157	154
	158	155
	159	156
	161	158
	163	161
	164	162
	165	163
	169	168
	170	169
	173	172
	174	173
	175	174
	176	175
	177	176
	178	177
	179	178
	180	179
	181	180
	182	181
	183	182
	184	183
	185	184
	189	188
	190	189
	191	190
	193	192
	194	193
	195	194
	196	195
	197	196
	198	197
	199	198
	200	199
	201	200
	202	201
	207	206
	208	207
	209	208
	210	209
	214	213
	219	218
	220	219
	221	220
	222	221
	223	222
	224	223
	225	224
	226	225
	228	227
	233	233
	234	234
	239	239
	240	240
	243	243
	244	244
	245	245
	246	246
	247	247
	249	250
	254	255
net/minecraft/client/model/effects/SpinAttackEffectModel	52	54
	32	36
	33	37
	34	38
	35	39
	36	40
	37	40
	38	40
	42	44
	47	48
	48	50
	49	51
	50	52
	19	21
	20	23
	52	54
	21	24
	23	26
	26	29
	30	33
	31	34
net/minecraft/client/data/models/model/ModelTemplate	66	67
	66	67
	35	35
	39	39
	43	43
	47	47
	51	51
	52	52
	53	53
	54	54
	55	55
	56	56
	25	25
	57	57
	26	26
	58	58
	27	27
	28	28
	60	61
	62	63
	31	31
net/minecraft/client/gui/screens/advancements/AdvancementWidgetType	41	43
	34	36
	38	40
	7	11
	39	41
	8	11
	40	42
	9	12
	41	43
	10	13
	11	14
	13	17
	14	17
	15	18
	16	19
	17	20
	27	29
	28	30
	29	31
	30	32
	31	33
net/minecraft/client/resources/model/EquipmentAssetManager	31	34
	16	19
	17	20
	19	21
	22	24
	23	25
	27	30
	28	31
	31	34
net/minecraft/client/model/geom/builders/PartDefinition	94	103
	64	69
	65	70
	66	71
	68	73
	71	76
	74	83
	75	85
	77	86
	78	87
	79	88
	80	89
	20	23
	84	93
	21	24
	22	25
	88	97
	25	28
	26	29
	92	101
	93	102
	30	33
	94	103
	31	34
	32	35
	34	38
	38	42
	39	43
	41	46
	45	50
	46	51
	47	52
	50	54
	54	59
	55	60
	56	61
	57	62
	60	65
	63	68
net/minecraft/client/sounds/FiniteAudioStream	0	0
net/minecraft/client/Minecraft	3054	2981
	2050	2007
	2051	2008
	2052	2009
	2054	2011
	2055	2012
	2058	2016
	2059	2017
	2061	2020
	2062	2021
	2064	2024
	2065	2025
	2066	2026
	2069	2030
	2070	2031
	2071	2031
	2072	2032
	2077	2036
	2078	2037
	2080	2040
	2081	2041
	2084	2044
	2085	2045
	2086	2046
	2087	2047
	2090	2050
	2092	2053
	2094	2056
	2097	2059
	2098	2060
	2100	2063
	2101	2064
	2103	2067
	2104	2068
	2106	2071
	2107	2072
	2108	2073
	2113	2078
	2114	2079
	2117	2082
	2118	2083
	2121	2086
	2122	2087
	2123	2088
	2124	2089
	2126	2091
	2128	2091
	2131	2091
	2136	2097
	2140	2101
	2144	2105
	2148	2109
	2152	2113
	2154	2114
	2156	2115
	2157	2116
	2158	2117
	2160	2118
	2163	2121
	2165	2122
	2166	2124
	2167	2126
	2168	2127
	2169	2128
	2170	2129
	2171	2130
	2172	2131
	2173	2132
	2175	2133
	2176	2134
	2178	2135
	2181	2138
	2183	2139
	2185	2140
	2186	2142
	2187	2143
	2188	2144
	2189	2145
	2190	2146
	2192	2149
	2193	2150
	2194	2151
	2195	2152
	2198	2155
	2199	2156
	2201	2157
	2202	2158
	2203	2159
	2204	2160
	2208	2162
	2209	2163
	2210	2164
	2213	2167
	2214	2168
	2215	2169
	2218	2172
	2219	2173
	2221	2174
	2223	2175
	2226	2178
	2227	2179
	2229	2181
	2232	2184
	2233	2185
	2234	2186
	2235	2187
	2236	2188
	2238	2190
	2240	2192
	2243	2195
	2244	2196
	2247	2199
	2248	2200
	2251	2203
	2252	2204
	2255	2207
	2256	2208
	2261	2211
	2262	2212
	2263	2213
	2264	2214
	2265	2215
	2266	2216
	2269	2220
	2271	2221
	2272	2222
	2275	2225
	2276	2226
	2278	2227
	2279	2228
	2281	2229
	2282	2230
	2284	2233
	2285	2234
	2288	2237
	2290	2238
	2291	2239
	2292	2240
	2293	2242
	2294	2243
	2296	2246
	2298	2249
	2299	2250
	2301	2251
	2302	2252
	2303	2253
	2305	2255
	2306	2257
	2310	2260
	264	274
	2312	2261
	2313	2262
	267	276
	268	277
	2316	2265
	269	278
	2317	2266
	270	279
	2318	2267
	271	280
	273	281
	2321	2270
	274	282
	2322	2271
	2325	2274
	2326	2275
	2328	2276
	2329	2277
	2331	2280
	2335	2281
	2336	2282
	2337	2283
	2338	2284
	2340	2286
	2341	2288
	2350	2296
	2351	2294
	2352	2295
	2353	2308
	2354	2311
	2357	2314
	2358	2315
	2361	2318
	2362	2319
	2364	2322
	2365	2323
	2367	2324
	2368	2325
	2369	2326
	2370	2327
	2371	2328
	2374	2331
	2378	2335
	2382	2339
	2386	2343
	2387	2343
	2389	2343
	2393	2347
	2394	2347
	2395	2347
	2396	2347
	2400	2351
	2404	2355
	2408	2359
	2409	2360
	2414	2364
	2415	2366
	2417	2365
	2421	2370
	2422	2371
	2424	2372
	2425	2373
	2427	2375
	2428	2375
	2430	2375
	2434	2380
	2438	2384
	2442	2388
	2446	2392
	2450	2396
	2454	2400
	2458	2404
	2459	2416
	2462	2405
	2463	2406
	2464	2407
	2465	2408
	2466	2410
	2467	2411
	2471	2416
	2474	2419
	428	403
	2476	2422
	429	404
	2477	2423
	431	405
	2479	2424
	2480	2425
	433	406
	434	407
	435	408
	2483	2428
	436	409
	2484	2429
	437	410
	439	411
	2487	2432
	440	412
	2488	2433
	2489	2434
	442	413
	443	414
	444	416
	2492	2437
	445	418
	447	421
	448	422
	2496	2443
	449	423
	2497	2444
	450	424
	2498	2445
	451	427
	452	428
	453	431
	2501	2448
	454	432
	455	433
	457	435
	458	436
	459	437
	2507	2452
	460	438
	2509	2453
	462	440
	2511	2454
	464	441
	465	442
	2513	2455
	2514	2456
	467	443
	468	444
	469	445
	2517	2461
	2518	2462
	471	446
	2519	2463
	2520	2464
	473	447
	474	448
	2522	2467
	475	449
	2523	2468
	2524	2469
	477	450
	2525	2470
	478	451
	479	452
	2527	2471
	2528	2472
	481	453
	2529	2473
	482	454
	2530	2474
	483	455
	2531	2475
	485	456
	2533	2477
	486	457
	2534	2477
	487	458
	2536	2477
	489	459
	491	460
	2539	2480
	492	461
	2540	2481
	493	462
	2542	2482
	495	465
	2543	2483
	496	466
	2544	2484
	497	467
	2545	2485
	498	468
	2546	2486
	2547	2487
	501	471
	2550	2491
	503	472
	2551	2492
	504	473
	505	474
	2553	2495
	2554	2496
	507	475
	2557	2499
	2558	2500
	512	480
	2560	2503
	513	481
	2561	2504
	514	482
	2562	2505
	2563	2506
	516	484
	2564	2507
	519	486
	2568	2511
	522	489
	523	490
	524	491
	2572	2515
	527	494
	528	495
	2576	2519
	2577	2520
	530	496
	531	497
	2579	2522
	533	502
	2582	2525
	537	505
	2586	2529
	539	506
	541	507
	2590	2533
	543	508
	545	509
	546	510
	2594	2537
	548	511
	549	512
	550	513
	2598	2541
	2599	2542
	552	515
	553	516
	555	517
	2603	2546
	556	518
	558	519
	559	520
	2607	2550
	561	521
	562	522
	2611	2554
	564	523
	2612	2555
	565	524
	2613	2555
	567	525
	2615	2555
	568	526
	569	527
	571	528
	2619	2559
	572	529
	574	530
	575	531
	2623	2563
	577	532
	578	533
	579	534
	2627	2567
	581	535
	582	536
	583	537
	2631	2571
	584	538
	585	539
	587	540
	2635	2575
	588	541
	589	542
	591	543
	2639	2579
	593	544
	595	545
	2643	2583
	597	546
	599	547
	2647	2587
	600	548
	602	549
	603	550
	2651	2591
	605	551
	606	552
	2655	2595
	608	553
	610	554
	2659	2599
	613	557
	614	558
	615	559
	2663	2603
	616	560
	617	562
	2667	2607
	2668	2608
	2669	2609
	2671	2612
	624	569
	2672	2613
	2673	2614
	2674	2615
	627	572
	2675	2616
	629	573
	630	574
	2678	2619
	2679	2620
	632	575
	2680	2621
	633	588
	2681	2622
	635	589
	636	599
	2684	2624
	638	600
	639	601
	640	602
	2688	2629
	641	603
	2689	2630
	643	604
	2691	2633
	644	605
	2692	2634
	2693	2634
	646	606
	2695	2634
	648	607
	649	615
	650	616
	2699	2638
	652	617
	653	618
	655	619
	2703	2642
	657	620
	659	621
	2707	2646
	661	622
	663	623
	2711	2650
	2712	2651
	665	624
	2713	2652
	667	627
	2716	2655
	670	634
	671	635
	672	636
	673	637
	2721	2660
	675	639
	678	642
	2726	2664
	679	643
	680	644
	681	645
	682	646
	683	647
	2731	2668
	686	649
	2735	2672
	690	653
	691	654
	2739	2676
	692	655
	693	656
	695	657
	2743	2680
	697	658
	699	659
	2747	2684
	700	660
	702	663
	703	664
	2751	2688
	705	665
	706	666
	2755	2692
	708	667
	710	668
	711	669
	2759	2696
	712	670
	2763	2700
	716	671
	718	672
	719	673
	2767	2704
	720	674
	721	676
	723	677
	2771	2708
	724	678
	725	679
	726	680
	727	681
	2775	2712
	729	684
	730	685
	731	686
	2779	2716
	734	688
	735	689
	2783	2720
	737	690
	739	691
	2787	2724
	740	692
	742	694
	2791	2728
	744	697
	745	698
	2795	2732
	748	701
	749	702
	2799	2736
	753	706
	754	707
	2804	2741
	2805	2742
	758	711
	759	712
	2808	2745
	2809	2746
	2810	2747
	763	716
	2811	2748
	764	717
	2812	2749
	765	718
	2813	2750
	767	720
	2815	2751
	2816	2752
	2817	2753
	770	723
	2818	2754
	2819	2755
	772	724
	773	725
	774	726
	2822	2758
	2823	2758
	776	727
	778	728
	2826	2759
	779	729
	2827	2760
	780	730
	2828	2761
	2829	2763
	2830	2764
	783	733
	2832	2766
	2833	2767
	2834	2768
	787	737
	788	738
	2836	2770
	2837	2771
	790	739
	2838	2772
	791	740
	792	741
	2840	2774
	2841	2775
	794	743
	2842	2776
	796	745
	2844	2778
	2845	2779
	798	747
	2846	2780
	799	748
	800	749
	2848	2782
	2849	2783
	2850	2784
	803	752
	2853	2787
	2854	2788
	807	756
	808	757
	809	758
	2857	2791
	810	759
	2858	2792
	2860	2793
	813	762
	2861	2794
	814	763
	815	770
	2863	2797
	816	765
	2864	2798
	817	766
	2866	2801
	819	769
	820	770
	2869	2804
	2870	2806
	823	773
	824	774
	2872	2807
	825	775
	2873	2808
	826	776
	2874	2809
	827	777
	2875	2810
	828	778
	2877	2812
	830	781
	2878	2813
	831	782
	2879	2814
	2880	2815
	834	786
	2882	2816
	2884	2817
	2885	2818
	2886	2819
	839	791
	840	792
	2888	2820
	841	793
	2893	2825
	846	798
	847	799
	2897	2829
	850	802
	851	803
	852	804
	2901	2833
	854	807
	855	808
	857	809
	2905	2837
	858	810
	859	811
	860	812
	861	813
	2909	2841
	862	814
	863	815
	864	816
	865	817
	2913	2845
	866	820
	868	818
	2917	2849
	872	824
	2921	2853
	2922	2854
	876	828
	877	829
	2925	2857
	879	830
	2929	2861
	883	834
	2933	2865
	887	838
	2935	2866
	2936	2867
	891	842
	2939	2870
	892	843
	894	845
	2943	2874
	896	847
	2944	2875
	899	850
	2947	2878
	900	851
	901	852
	903	853
	2951	2882
	905	854
	906	855
	907	856
	2955	2886
	909	857
	910	857
	911	858
	2959	2890
	914	861
	915	862
	2963	2894
	916	863
	917	864
	919	867
	2967	2898
	920	868
	921	869
	2971	2902
	924	872
	925	873
	926	874
	2975	2906
	929	877
	2979	2910
	2980	2911
	933	878
	2981	2912
	2982	2913
	935	879
	936	880
	2985	2917
	938	882
	940	887
	2989	2921
	943	885
	944	887
	2993	2925
	947	890
	949	891
	2997	2946
	950	892
	3000	2949
	953	895
	955	898
	3003	2952
	956	900
	957	901
	3006	2955
	960	904
	961	905
	3009	2958
	962	914
	963	909
	964	910
	3012	2961
	966	911
	3015	2965
	968	912
	969	913
	970	926
	3018	2969
	971	930
	972	931
	973	932
	975	933
	3023	2973
	977	936
	978	937
	979	938
	980	939
	3028	2977
	981	940
	3029	2978
	3032	2981
	985	943
	986	944
	987	945
	988	946
	989	947
	990	948
	992	950
	3042	2929
	995	953
	996	954
	3046	2933
	999	957
	1000	958
	1001	959
	3050	2937
	1004	962
	3054	2941
	1008	966
	1012	970
	1016	974
	1017	975
	1023	978
	1024	979
	1027	982
	1029	983
	1031	985
	1034	988
	1035	989
	1036	990
	1037	991
	1038	992
	1042	995
	1043	996
	1045	997
	1048	998
	1049	999
	1050	1000
	1051	1001
	1052	1002
	1053	1003
	1055	1005
	1056	1006
	1061	1011
	1063	1012
	1065	1013
	1068	1016
	1069	1017
	1072	1020
	1076	1024
	1082	1028
	1083	1029
	1085	1032
	1086	1033
	1087	1034
	1088	1035
	1092	1038
	1093	1039
	1094	1040
	1095	1041
	1098	1044
	1099	1048
	1100	1049
	1102	1050
	1103	1051
	1105	1053
	1107	1055
	1108	1056
	1109	1057
	1110	1058
	1111	1059
	1112	1060
	1113	1061
	1116	1065
	1120	1069
	1123	1070
	1124	1071
	1126	1073
	1127	1074
	1128	1075
	1129	1076
	1130	1077
	1131	1078
	1132	1079
	1139	1085
	1140	1087
	1141	1088
	1142	1089
	1143	1090
	1145	1091
	1151	1096
	1152	1097
	1153	1098
	1154	1099
	1156	1100
	1157	1101
	1159	1103
	1162	1104
	1164	1105
	1166	1106
	1167	1107
	1169	1109
	1172	1112
	1176	1116
	1177	1117
	1178	1118
	1179	1119
	1180	1120
	1181	1121
	1182	1122
	1184	1125
	1185	1126
	1187	1128
	1188	1129
	1189	1130
	1190	1131
	1193	1134
	1195	1136
	1198	1139
	1199	1140
	1202	1143
	1203	1144
	1205	1146
	1208	1149
	1209	1150
	1210	1151
	1212	1154
	1213	1155
	1214	1156
	1215	1157
	1216	1158
	1218	1160
	1221	1163
	1225	1167
	1226	1168
	1227	1169
	1230	1172
	1231	1173
	1232	1174
	1237	1175
	1238	1176
	1240	1178
	1241	1179
	1243	1182
	1244	1183
	1247	1186
	1248	1187
	1251	1190
	1252	1191
	1256	1195
	1258	1198
	1259	1199
	1262	1203
	1263	1204
	1265	1207
	1266	1208
	1270	1211
	1271	1212
	1273	1215
	1275	1217
	1276	1218
	1277	1219
	1280	1222
	1284	1225
	1285	1226
	1288	1230
	1289	1231
	1290	1232
	1291	1233
	1292	1234
	1293	1235
	1294	1236
	1295	1237
	1296	1238
	1297	1239
	1298	1240
	1299	1241
	1300	1242
	1302	1245
	1303	1246
	1304	1247
	1305	1248
	1306	1249
	1307	1250
	1308	1251
	1310	1253
	1311	1254
	1312	1256
	1317	1259
	1319	1260
	1320	1261
	1324	1264
	1325	1265
	1326	1266
	1327	1267
	1330	1270
	1332	1271
	1334	1272
	1335	1281
	1336	1276
	1337	1277
	1338	1278
	1339	1279
	1340	1280
	1341	1293
	1343	1297
	1344	1298
	1345	1298
	1346	1299
	1347	1300
	1348	1301
	1351	1304
	1352	1305
	1353	1310
	1354	1309
	1355	1322
	1357	1327
	1358	1328
	1360	1331
	1363	1334
	1365	1392
	1366	1339
	1367	1340
	1369	1341
	1370	1342
	1371	1343
	1372	1344
	1373	1345
	1374	1346
	1375	1347
	1377	1348
	1378	1349
	1379	1353
	1380	1354
	1381	1355
	1384	1350
	1385	1351
	1388	1359
	1389	1360
	1391	1361
	1392	1362
	1393	1363
	1396	1366
	1398	1367
	1399	1368
	1401	1371
	1402	1372
	1403	1373
	1406	1376
	1407	1377
	1408	1378
	1409	1379
	1411	1382
	1412	1383
	1413	1384
	1414	1385
	1416	1388
	1418	1389
	1419	1390
	1420	1391
	1421	1404
	1423	1408
	1424	1409
	1426	1410
	1427	1411
	1428	1414
	1429	1415
	1431	1418
	1432	1419
	1434	1420
	1435	1421
	1436	1422
	1437	1423
	1439	1426
	1440	1427
	1442	1428
	1444	1429
	1445	1430
	1448	1433
	1449	1434
	1450	1435
	1451	1436
	1453	1439
	1454	1440
	1458	1443
	1459	1444
	1460	1445
	1461	1446
	1466	1451
	1467	1452
	1468	1453
	1469	1454
	1471	1457
	1472	1458
	1474	1460
	1477	1463
	1478	1464
	1481	1467
	1485	1471
	1486	1472
	1488	1475
	1489	1476
	1490	1477
	1492	1479
	1494	1481
	1498	1485
	1499	1486
	1501	1487
	1502	1488
	1505	1491
	1506	1492
	1507	1493
	1508	1494
	1509	1495
	1513	1499
	1514	1500
	1517	1503
	1521	1507
	1525	1511
	1527	1514
	1528	1515
	1530	1518
	1531	1519
	1533	1522
	1534	1523
	1537	1526
	1538	1527
	1539	1528
	1542	1531
	1543	1532
	1544	1541
	1547	1533
	1548	1534
	1550	1535
	1551	1536
	1553	1541
	1555	1542
	1556	1543
	1557	1544
	1558	1545
	1560	1546
	1561	1546
	1563	1547
	1565	1548
	1566	1549
	1567	1550
	1568	1551
	1569	1552
	1571	1554
	1572	1555
	1574	1557
	1576	1558
	1577	1559
	1578	1560
	1579	1561
	1580	1561
	1581	1561
	1584	1562
	1585	1563
	1587	1566
	1590	1567
	1593	1568
	1594	1569
	1595	1570
	1599	1572
	1603	1576
	1604	1577
	1605	1578
	1607	1580
	1610	1583
	1611	1584
	1612	1585
	1614	1587
	1620	1591
	1621	1592
	1623	1594
	1624	1595
	1628	1600
	1631	1600
	1633	1600
	1635	1601
	1636	1602
	1637	1603
	1638	1604
	1641	1608
	1642	1611
	1643	1612
	1644	1613
	1645	1624
	1646	1626
	1648	1628
	1649	1629
	1650	1630
	1655	1635
	1659	1639
	1660	1640
	1663	1643
	1667	1647
	1668	1655
	1671	1648
	1672	1649
	1673	1650
	1675	1652
	1677	1655
	1680	1658
	1681	1659
	1683	1662
	1684	1680
	1687	1663
	1688	1664
	1689	1680
	1691	1665
	1692	1666
	1693	1667
	1695	1668
	1696	1669
	1697	1670
	1698	1671
	1699	1672
	1702	1680
	1705	1676
	1706	1680
	1709	1683
	1710	1684
	1713	1687
	1714	1688
	1715	1689
	1716	1690
	1718	1693
	1721	1695
	1722	1696
	1725	1699
	1726	1700
	1727	1701
	1730	1704
	1731	1705
	1734	1708
	1735	1709
	1736	1710
	1737	1711
	1738	1712
	1739	1713
	1742	1716
	1744	1718
	1745	1719
	1746	1720
	1750	1724
	1751	1725
	1753	1726
	1754	1727
	1755	1728
	1756	1729
	1762	1734
	1763	1735
	1765	1738
	1770	1741
	1771	1742
	1773	1745
	1777	1750
	1778	1819
	1781	1751
	1783	1752
	1784	1819
	1787	1753
	1788	1754
	1791	1757
	1796	1758
	1797	1759
	1798	1760
	1801	1763
	1802	1764
	1804	1766
	1805	1767
	1806	1768
	1807	1769
	1810	1772
	1813	1773
	1814	1774
	1815	1775
	1818	1778
	1819	1779
	1820	1780
	1822	1783
	1827	1788
	1829	1789
	1830	1790
	1831	1791
	1832	1792
	1833	1793
	1836	1794
	1837	1795
	1841	1799
	1842	1802
	1843	1803
	1849	1808
	1850	1808
	1851	1808
	1852	1809
	1853	1810
	1856	1813
	1857	1814
	1861	1819
	1864	1822
	1868	1826
	1870	1827
	1871	1828
	1873	1831
	1874	1832
	1877	1835
	1879	1836
	1880	1837
	1881	1838
	1882	1839
	1883	1840
	1884	1841
	1886	1842
	1887	1843
	1888	1844
	1890	1847
	1892	1848
	1893	1852
	1894	1853
	1895	1854
	1896	1855
	1898	1849
	1899	1850
	1902	1858
	1903	1859
	1906	1862
	1908	1864
	1909	1865
	1910	1866
	1911	1867
	1912	1868
	1915	1872
	1916	1873
	1919	1876
	1920	1877
	1923	1880
	1924	1881
	1925	1882
	1927	1883
	1928	1884
	1932	1888
	1933	1889
	1934	1890
	1935	1891
	1936	1892
	1937	1893
	1938	1894
	1939	1895
	1941	1897
	1942	1898
	1945	1901
	1946	1902
	1949	1903
	1950	1904
	1951	1905
	1952	1906
	1953	1907
	1954	1908
	1955	1909
	1957	1910
	1958	1911
	1959	1912
	1962	1915
	1965	1918
	1966	1919
	1967	1920
	1968	1921
	1969	1922
	1970	1923
	1972	1925
	1974	1928
	1977	1932
	1978	1933
	1979	1934
	1981	1937
	1982	1938
	1983	1939
	1986	1942
	1987	1943
	1988	1944
	1990	1946
	1991	1947
	1992	1948
	1995	1951
	1996	1952
	1998	1953
	1999	1954
	2002	1957
	2006	1961
	2010	1965
	2011	1966
	2012	1967
	2013	1968
	2014	1969
	2016	1972
	2019	1975
	2020	1976
	2023	1979
	2024	1980
	2025	1981
	2026	1982
	2027	1983
	2028	1984
	2029	1985
	2030	1988
	2032	1986
	2037	1993
	2038	1994
	2039	1995
	2040	1996
	2042	1998
	2043	1999
	2044	2000
	2046	2003
net/minecraft/client/model/monster/endermite/EndermiteModel	70	62
	33	23
	65	56
	66	58
	35	25
	67	59
	36	26
	68	60
	38	28
	70	62
	41	31
	45	35
	46	36
	16	18
	48	37
	49	39
	50	40
	51	42
	52	43
	53	45
	23	19
	55	47
	56	48
	60	52
net/minecraft/client/ToggleKeyMapping	56	57
	32	32
	33	33
	36	36
	38	38
	42	42
	43	43
	45	46
	46	47
	15	15
	16	16
	49	50
	50	51
	19	19
	51	52
	20	20
	21	21
	22	22
	55	56
	56	57
	26	26
	31	31
net/minecraft/client/renderer/state/CameraRenderState	11	18
	8	15
	9	16
	11	18
net/minecraft/client/gui/components/TabButton	92	91
	64	63
	65	64
	66	65
	67	66
	68	67
	71	70
	72	71
	73	72
	74	73
	75	74
	79	78
	80	79
	81	80
	19	22
	20	22
	21	23
	85	84
	22	24
	23	25
	88	87
	92	91
	37	36
	38	37
	39	38
	40	39
	44	43
	46	46
	47	47
	49	48
	50	49
	51	50
	53	53
	55	54
	56	55
	59	58
	60	59
	63	62
net/minecraft/client/model/object/boat/BoatModel	125	109
	26	26
	27	27
	30	30
	31	31
	32	32
	34	33
	35	35
	36	35
	37	36
	39	38
	40	40
	41	40
	42	41
	44	43
	45	45
	46	45
	47	46
	49	48
	50	50
	51	50
	52	51
	54	53
	55	54
	56	54
	57	54
	60	56
	61	57
	62	58
	63	59
	65	60
	66	62
	67	62
	68	62
	69	62
	70	63
	72	65
	73	67
	74	67
	75	67
	76	67
	77	68
	79	70
	82	73
	83	74
	84	75
	85	76
	89	80
	90	81
	91	82
	93	83
	94	85
	95	85
	96	86
	99	88
	100	90
	101	90
	102	91
	105	93
	106	95
	107	95
	108	96
	111	98
	115	102
	116	103
	118	104
	119	106
	120	106
	121	106
	122	107
	125	109
net/minecraft/client/renderer/entity/layers/Deadmau5EarsLayer	31	33
	19	22
	20	23
	21	24
	25	27
	26	33
	29	28
	30	29
	31	33
net/minecraft/client/gui/screens/worldselection/ExperimentsScreen	115	113
	29	30
	30	31
	41	42
	42	43
	43	44
	44	45
	45	47
	46	48
	47	49
	50	52
	54	56
	56	57
	57	58
	59	59
	60	60
	61	64
	62	62
	63	63
	65	65
	66	66
	67	67
	68	68
	70	69
	71	70
	72	71
	74	73
	75	75
	76	76
	79	79
	80	80
	86	85
	87	86
	89	87
	90	88
	91	89
	95	93
	100	98
	101	99
	104	102
	105	103
	106	104
	107	105
	108	106
	109	107
	111	109
	112	110
	113	111
	114	112
	115	113
net/minecraft/client/renderer/debug/ChunkCullingDebugRenderer	159	126
	129	99
	131	100
	133	101
	136	102
	138	103
	140	104
	142	105
	144	107
	147	111
	148	115
	21	23
	151	118
	152	119
	153	120
	26	27
	154	121
	27	28
	155	122
	156	123
	157	124
	31	32
	159	126
	33	33
	34	34
	35	35
	36	36
	37	38
	38	39
	39	40
	42	41
	44	42
	45	43
	46	45
	47	46
	48	47
	49	48
	50	49
	51	50
	52	50
	53	50
	54	50
	56	51
	62	57
	63	58
	64	60
	65	61
	66	62
	67	63
	68	64
	69	65
	70	66
	71	66
	72	66
	73	66
	75	67
	76	67
	77	67
	78	67
	80	68
	86	74
	87	75
	88	76
	89	77
	95	84
	96	85
	97	86
	99	87
	102	88
	105	89
	108	90
	111	91
	114	92
	117	93
	119	94
	120	95
	122	96
	124	97
	127	98
net/minecraft/client/renderer/entity/HuskRenderer	16	19
	16	19
	8	11
	11	14
	12	15
net/minecraft/client/resources/sounds/BiomeAmbientSoundsHandler	154	145
	128	120
	130	121
	131	122
	132	123
	133	124
	134	125
	138	129
	139	130
	142	133
	143	134
	144	135
	147	138
	148	139
	149	140
	152	143
	153	144
	154	145
	38	35
	40	36
	41	37
	42	38
	45	41
	50	46
	52	47
	53	48
	54	49
	56	50
	57	51
	58	52
	60	53
	62	54
	63	55
	64	56
	65	57
	66	58
	68	61
	69	62
	74	67
	75	68
	76	69
	80	73
	81	76
	82	77
	83	78
	84	79
	85	80
	88	82
	89	83
	91	84
	94	86
	97	89
	98	90
	99	91
	100	92
	102	93
	103	94
	104	95
	106	96
	107	97
	109	98
	111	101
	112	102
	113	103
	115	105
	116	106
	118	108
	120	110
	121	112
net/minecraft/client/model/animal/squid/package-info	0	0
net/minecraft/client/gui/screens/inventory/HopperScreen	30	33
	16	19
	17	20
	21	24
	22	25
	23	26
	11	14
	27	30
	28	31
	29	32
	14	17
	30	33
	15	18
net/minecraft/client/resources/model/ModelDiscovery	275	240
	259	228
	260	229
	261	230
	263	231
	268	236
	269	237
	273	238
	274	239
	275	240
	28	30
	41	38
	42	39
	44	40
	46	41
	47	42
	48	43
	49	44
	50	45
	52	47
	55	50
	56	51
	59	54
	63	58
	67	62
	68	63
	69	64
	70	65
	72	68
	76	72
	77	73
	80	76
	82	77
	83	84
	85	79
	86	80
	87	81
	89	84
	92	87
	96	91
	98	92
	101	93
	103	94
	104	95
	105	96
	106	97
	108	99
	110	101
	111	102
	116	107
	118	108
	119	109
	120	110
	121	111
	123	112
	125	114
	128	117
	131	120
	132	122
	133	123
	134	124
	135	126
	136	127
	138	128
	139	129
	140	130
	141	131
	145	135
	151	139
	152	140
	153	141
	154	142
	155	143
	158	144
	159	145
	169	155
	170	156
	178	160
	179	161
	180	162
	181	163
	185	167
	190	172
	195	177
	200	181
	205	185
	206	186
	208	186
	211	186
	215	190
	216	191
	217	191
	219	191
	224	196
	229	201
	234	206
	239	211
	244	216
	250	221
	251	222
	252	223
	254	224
com/mojang/blaze3d/resource/ResourceDescriptor	12	16
	7	11
	12	16
net/minecraft/client/gui/screens/options/OnlineOptionsScreen	68	68
	32	33
	33	34
	67	67
	36	37
	68	68
	39	40
	41	41
	42	42
	44	44
	45	46
	47	47
	49	49
	50	50
	19	21
	51	51
	23	25
	24	26
	57	57
	58	58
	59	59
	28	30
	30	31
	62	62
	31	32
com/mojang/blaze3d/resource/GraphicsResourceAllocator	15	19
	7	11
	8	12
	9	13
	14	18
	15	19
net/minecraft/client/particle/ParticleEngine	156	149
	129	122
	130	123
	131	124
	132	125
	135	128
	138	131
	139	132
	140	133
	141	134
	144	137
	148	141
	152	145
	25	28
	153	146
	154	147
	155	148
	156	149
	43	39
	44	40
	45	41
	48	44
	49	45
	52	48
	53	49
	56	52
	57	53
	58	54
	59	55
	61	57
	66	62
	67	65
	68	65
	70	65
	74	69
	75	70
	76	71
	77	72
	78	73
	81	76
	83	78
	86	81
	87	82
	88	83
	89	84
	90	85
	92	86
	93	87
	94	89
	95	90
	96	91
	97	92
	100	96
	103	100
	105	101
	106	102
	109	105
	112	108
	113	109
	115	110
	116	111
	118	113
	119	113
	121	113
	125	118
	126	119
net/minecraft/client/gui/screens/DeathScreen	174	187
	131	144
	132	146
	133	147
	134	148
	135	149
	137	150
	142	155
	147	160
	152	165
	26	27
	154	166
	155	167
	156	168
	158	170
	161	173
	162	174
	164	176
	38	37
	39	38
	40	39
	168	181
	41	40
	169	182
	42	41
	43	42
	44	43
	173	186
	174	187
	48	47
	49	48
	50	49
	51	50
	52	51
	53	52
	54	53
	56	54
	57	57
	58	58
	59	62
	61	63
	62	64
	66	68
	70	72
	71	73
	72	92
	74	84
	75	77
	76	78
	78	80
	79	81
	81	83
	82	89
	83	90
	84	92
	87	95
	88	96
	90	99
	91	100
	92	101
	96	105
	98	106
	100	107
	101	108
	103	117
	106	120
	108	121
	109	122
	110	123
	111	124
	113	125
	114	126
	117	129
	118	130
	122	134
	123	135
	126	138
	127	139
net/minecraft/client/renderer/block/model/BakedQuad	46	47
	32	33
	33	34
	34	35
	35	36
	36	37
	41	42
	42	43
	43	44
	44	45
	45	46
	46	47
	27	28
	31	32
net/minecraft/client/model/animal/cow/WarmCowModel	26	41
	17	18
	18	20
	19	23
	20	25
	21	27
	22	29
	23	31
	24	35
	25	39
	26	41
	13	14
	14	15
net/minecraft/client/particle/package-info	0	0
net/minecraft/client/renderer/entity/AbstractHorseRenderer	23	26
	16	19
	17	20
	18	21
	19	22
	20	23
	21	24
	22	25
	23	26
	10	14
	11	15
	15	18
net/minecraft/client/gui/font/CodepointMap	112	105
	22	23
	23	24
	24	25
	25	26
	26	27
	29	30
	30	31
	33	34
	34	35
	35	36
	39	40
	40	41
	42	42
	43	43
	44	44
	45	45
	46	46
	47	47
	49	49
	50	50
	51	51
	56	56
	57	57
	59	58
	60	59
	61	60
	62	61
	65	64
	66	65
	67	66
	70	69
	71	70
	72	71
	76	75
	77	76
	79	77
	80	78
	81	79
	84	82
	85	83
	86	84
	95	88
	96	89
	97	90
	98	91
	99	92
	100	93
	101	94
	102	95
	107	100
	110	103
	111	104
	112	105
net/minecraft/client/gui/screens/inventory/TestInstanceBlockEditScreen	223	219
	30	31
	31	32
	32	33
	33	34
	50	49
	51	50
	52	51
	56	55
	57	56
	58	57
	59	58
	61	59
	62	60
	63	61
	64	62
	65	63
	67	66
	68	67
	70	68
	71	69
	73	70
	75	71
	77	72
	78	73
	79	74
	80	75
	81	76
	82	77
	83	78
	84	79
	85	80
	86	81
	88	82
	89	83
	90	84
	91	85
	92	86
	94	88
	95	89
	96	89
	97	89
	100	91
	101	92
	102	93
	103	94
	104	95
	106	96
	107	97
	108	98
	109	99
	111	100
	112	101
	113	102
	114	103
	115	104
	118	107
	119	108
	120	109
	121	110
	122	111
	123	112
	125	113
	126	114
	129	117
	130	118
	131	119
	132	120
	134	122
	137	125
	138	126
	139	127
	140	128
	141	129
	146	135
	147	136
	148	137
	149	138
	152	141
	153	142
	154	143
	158	147
	162	151
	167	156
	168	157
	169	158
	170	159
	171	160
	172	161
	173	162
	174	163
	177	166
	178	167
	179	168
	181	171
	182	172
	185	175
	186	176
	187	177
	190	180
	191	181
	192	182
	193	183
	194	184
	195	187
	199	191
	200	192
	201	199
	202	196
	203	198
	204	200
	205	201
	206	202
	207	203
	210	206
	211	207
	215	211
	216	212
	217	213
	223	219
net/minecraft/client/resources/MapTextureManager	100	102
	64	66
	65	67
	67	68
	68	69
	69	70
	72	73
	73	74
	74	75
	75	76
	78	79
	79	80
	82	83
	19	21
	83	84
	20	22
	84	85
	85	86
	86	87
	23	25
	87	88
	24	26
	88	89
	27	29
	28	30
	92	94
	29	31
	93	95
	95	97
	33	35
	34	36
	99	101
	100	102
	37	39
	38	40
	41	43
	42	44
	43	45
	46	48
	48	49
	54	55
	55	56
net/minecraft/client/renderer/entity/state/ArmedEntityRenderState	57	57
	33	31
	37	35
	42	39
	46	45
	16	16
	48	46
	17	17
	49	47
	19	19
	51	48
	21	20
	53	49
	54	52
	23	22
	55	55
	56	56
	25	23
	57	57
	29	27
net/minecraft/client/renderer/block/package-info	0	0
net/minecraft/client/renderer/entity/CreakingRenderer	53	54
	34	37
	39	41
	40	42
	41	43
	42	44
	43	45
	12	15
	13	16
	45	46
	46	47
	16	19
	48	48
	17	20
	50	50
	19	23
	20	24
	52	53
	21	25
	53	54
	25	30
	29	33
net/minecraft/client/renderer/texture/atlas/package-info	0	0
net/minecraft/client/model/object/book/package-info	0	0
net/minecraft/client/renderer/state/WeatherRenderState	19	25
	16	22
	17	23
	18	24
	19	25
	15	21
com/mojang/blaze3d/platform/MacosUtil	64	58
	32	31
	64	58
	35	34
	36	35
	37	35
	39	35
	43	39
	47	43
	17	18
	51	47
	52	48
	55	51
	24	23
	56	52
	25	24
	57	53
	59	54
	28	27
	60	55
	29	28
	30	29
	62	56
	31	30
net/minecraft/client/renderer/rendertype/TextureTransform	55	47
	34	46
	35	47
	39	35
	40	36
	41	37
	44	38
	47	39
	48	40
	17	21
	18	22
	51	16
	19	23
	53	17
	22	26
	55	18
	27	31
	30	15
com/mojang/realmsclient/gui/screens/RealmsClientOutdatedScreen	51	55
	32	37
	33	39
	34	41
	35	42
	39	46
	40	47
	44	51
	45	52
	14	17
	15	18
	16	20
	48	55
	17	23
	49	55
	51	55
	24	29
	25	30
	26	31
	30	35
	31	36
net/minecraft/client/gui/GuiGraphics	921	1132
	108	108
	109	109
	110	110
	111	111
	112	112
	113	113
	114	114
	115	115
	116	116
	119	119
	120	120
	123	123
	124	124
	127	127
	128	128
	131	131
	135	135
	139	139
	140	140
	143	143
	144	144
	147	147
	151	151
	152	152
	153	153
	154	154
	156	157
	157	158
	160	161
	161	162
	162	163
	163	164
	165	167
	166	168
	169	171
	170	171
	171	172
	172	173
	175	176
	176	177
	179	180
	183	184
	184	185
	187	188
	188	189
	189	190
	190	191
	192	194
	193	195
	194	196
	195	197
	197	200
	198	201
	201	204
	202	205
	205	208
	206	209
	209	213
	215	215
	216	215
	218	218
	221	221
	222	222
	224	225
	225	226
	228	229
	229	230
	232	233
	233	234
	234	235
	237	238
	238	239
	241	242
	242	243
	245	246
	246	249
	248	247
	249	249
	252	252
	253	253
	256	256
	257	260
	259	257
	260	260
	263	263
	264	264
	267	267
	268	268
	271	271
	272	272
	275	275
	276	276
	277	277
	279	279
	282	282
	283	283
	284	284
	285	285
	287	288
	288	289
	291	292
	292	293
	293	294
	294	295
	295	296
	298	299
	299	300
	302	303
	303	304
	306	307
	310	311
	311	312
	312	313
	313	314
	314	315
	315	317
	316	318
	317	320
	318	321
	322	325
	325	328
	326	329
	329	332
	330	333
	331	334
	332	335
	335	337
	336	338
	337	339
	339	341
	342	344
	343	345
	346	348
	347	363
	349	349
	350	351
	353	356
	354	358
	357	363
	360	366
	361	381
	363	367
	364	369
	367	374
	368	375
	369	376
	370	377
	373	381
	376	386
	377	387
	378	388
	379	389
	380	390
	381	391
	382	392
	383	493
	384	393
	385	394
	386	395
	387	411
	388	493
	389	412
	390	413
	391	414
	392	430
	393	493
	397	432
	399	433
	401	436
	403	437
	405	438
	407	454
	409	457
	411	460
	413	476
	414	493
	417	511
	418	530
	420	512
	421	513
	422	515
	425	520
	426	521
	427	522
	428	523
	432	527
	434	530
	437	535
	438	559
	440	536
	441	556
	443	537
	444	538
	445	539
	448	549
	449	550
	450	551
	451	552
	453	559
	456	562
	457	563
	460	566
	461	567
	464	570
	465	571
	468	574
	475	575
	478	578
	479	579
	482	582
	483	583
	484	584
	487	589
	488	595
	491	613
	492	633
	495	636
	496	637
	499	640
	500	641
	503	644
	504	645
	507	648
	508	649
	511	652
	512	653
	515	656
	516	674
	519	657
	520	658
	522	662
	523	663
	527	663
	529	665
	530	666
	531	667
	533	668
	534	669
	535	670
	537	671
	539	674
	542	677
	543	678
	546	681
	547	688
	549	682
	550	683
	551	684
	552	685
	553	686
	554	688
	557	691
	558	692
	561	695
	562	696
	565	699
	566	702
	569	705
	570	706
	573	709
	574	710
	575	711
	576	712
	577	713
	578	714
	579	715
	582	718
	583	719
	586	722
	587	723
	590	726
	591	727
	594	730
	595	739
	598	742
	599	743
	602	746
	603	749
	606	752
	607	755
	610	760
	611	765
	613	761
	614	762
	616	765
	620	770
	621	771
	622	773
	623	774
	624	775
	625	776
	627	779
	630	782
	631	783
	633	784
	634	785
	635	786
	637	787
	639	788
	642	789
	643	791
	644	792
	645	793
	646	794
	650	797
	651	799
	652	800
	653	801
	654	802
	657	805
	658	806
	661	809
	662	810
	665	813
	666	814
	669	817
	670	818
	671	819
	672	820
	674	822
	677	825
	678	826
	679	827
	680	828
	681	829
	683	831
	686	834
	687	835
	688	836
	690	838
	693	841
	694	842
	695	845
	696	846
	697	847
	698	848
	700	850
	703	853
	704	901
	707	854
	708	855
	709	856
	710	869
	711	880
	712	881
	715	861
	716	895
	721	896
	724	904
	725	905
	726	906
	728	907
	730	909
	731	910
	734	911
	735	912
	736	913
	737	914
	738	915
	740	916
	741	917
	742	918
	743	919
	745	935
	747	936
	748	937
	749	938
	750	939
	752	940
	753	941
	754	942
	755	943
	756	958
	759	962
	762	967
	763	969
	766	972
	767	973
	770	976
	771	977
	774	982
	775	984
	778	987
	779	988
	782	991
	783	992
	786	995
	790	999
	795	1003
	799	1007
	803	1011
	808	1015
	812	1104
	815	1107
	816	1108
	817	1109
	818	1110
	819	1111
	821	1113
	822	1114
	827	1119
	828	1120
	830	1123
	831	1124
	835	1128
	839	1132
	840	1132
	842	1132
	847	1020
	848	1021
	849	1022
	856	1028
	857	1029
	858	1030
	861	1033
	871	1046
	872	1047
	873	1048
	874	1049
	878	1053
	883	1058
	884	1059
	888	1062
	889	1063
	892	1066
	893	1067
	896	1070
	897	1071
	899	1073
	903	1077
	904	1078
	905	1080
	907	1082
	908	1083
	911	1086
	912	1087
	914	1089
	918	1093
	919	1094
	920	1095
	921	1096
net/minecraft/client/renderer/entity/state/HumanoidRenderState	33	32
	33	32
	22	25
	23	26
	24	27
	9	12
	25	28
	12	15
	13	16
	30	32
	31	32
net/minecraft/client/gui/navigation/package-info	0	0
net/minecraft/client/model/object/projectile/TridentModel	51	34
	32	30
	35	31
	36	31
	37	31
	40	32
	41	32
	42	32
	45	33
	46	33
	15	18
	47	33
	18	21
	19	22
	51	34
	22	25
	23	26
	25	27
	26	28
	27	28
	30	30
	31	30
net/minecraft/client/gui/components/debugchart/AbstractDebugChart	104	101
	17	19
	18	20
	19	21
	22	24
	26	28
	30	32
	31	33
	33	34
	34	35
	35	36
	36	37
	37	38
	38	40
	39	41
	40	42
	41	43
	42	44
	43	45
	44	46
	45	47
	48	50
	49	51
	50	52
	51	53
	53	54
	54	55
	55	56
	56	57
	58	58
	59	59
	60	60
	63	63
	64	64
	67	67
	68	68
	69	69
	72	72
	73	73
	74	74
	75	75
	76	76
	79	79
	82	82
	86	86
	89	89
	90	90
	91	91
	100	100
	101	101
	102	101
	104	101
net/minecraft/client/telemetry/events/WorldLoadTimesEvent	26	28
	16	18
	17	19
	20	22
	21	23
	22	24
	23	25
	24	26
	26	28
	15	17
net/minecraft/client/renderer/blockentity/BedRenderer	161	174
	130	119
	131	120
	132	132
	135	135
	136	136
	137	137
	140	151
	141	152
	142	153
	143	156
	144	157
	147	160
	148	161
	149	162
	150	163
	151	164
	152	165
	155	168
	156	169
	157	170
	158	171
	159	172
	160	173
	161	174
	48	47
	49	48
	52	51
	53	52
	56	55
	57	56
	58	57
	59	58
	62	61
	63	62
	65	63
	66	63
	67	63
	72	64
	73	66
	74	66
	75	67
	77	69
	78	71
	79	71
	80	72
	83	74
	87	78
	88	79
	90	80
	91	80
	92	80
	96	81
	97	82
	98	82
	99	82
	101	84
	102	86
	103	86
	104	87
	107	89
	112	93
	117	99
	118	100
	119	101
	120	102
	122	103
	123	112
	124	114
	126	116
net/minecraft/client/color/item/ItemTintSource	0	0
net/minecraft/client/renderer/GpuWarnlistManager	158	195
	128	162
	129	164
	130	165
	131	167
	132	168
	135	172
	139	176
	140	177
	141	178
	142	179
	143	180
	144	181
	147	184
	148	185
	149	186
	152	189
	153	190
	154	191
	27	30
	28	31
	30	32
	158	195
	35	37
	39	41
	43	45
	44	46
	47	49
	48	50
	51	53
	55	57
	56	58
	57	59
	60	62
	64	66
	68	70
	72	74
	73	75
	74	76
	79	80
	80	81
	81	82
	83	83
	84	84
	85	91
	86	88
	87	89
	88	90
	89	103
	92	108
	97	112
	98	113
	101	116
	102	117
	105	126
	106	121
	107	124
	109	142
	110	143
	111	144
	113	145
	122	156
	123	157
	124	158
	125	159
net/minecraft/client/renderer/entity/OcelotRenderer	31	31
	18	20
	23	24
	10	13
	28	28
	13	16
	29	29
	14	17
	30	30
	31	31
net/minecraft/client/gui/spectator/SpectatorMenuItem	0	0
net/minecraft/client/multiplayer/ClientExplosionTracker	62	57
	23	22
	24	23
	26	25
	29	28
	30	29
	31	41
	34	31
	35	32
	36	34
	37	36
	40	39
	41	41
	44	44
	45	45
	47	46
	48	47
	49	48
	50	49
	52	50
	53	57
	56	51
	58	52
	59	53
	60	54
	61	55
	62	57
net/minecraft/client/model/AnimationUtils	102	84
	17	14
	18	15
	20	16
	21	17
	22	18
	23	19
	24	20
	30	23
	31	24
	33	25
	34	26
	35	27
	38	28
	39	29
	40	30
	41	31
	42	32
	45	35
	46	36
	47	37
	48	38
	49	39
	50	40
	52	41
	53	42
	54	43
	56	44
	57	45
	59	47
	60	48
	62	49
	63	50
	66	53
	67	54
	70	57
	71	58
	72	59
	75	62
	76	63
	77	64
	83	67
	84	68
	85	69
	86	70
	87	71
	88	72
	90	73
	91	74
	92	75
	93	76
	95	77
	96	78
	97	79
	98	80
	101	83
	102	84
net/minecraft/client/GuiMessageTag	64	65
	64	65
	35	36
	39	40
	40	41
	41	42
	12	15
	13	16
	45	46
	14	17
	15	18
	16	19
	49	51
	21	22
	22	23
	23	24
	24	25
	57	58
	58	59
	27	28
	59	60
	60	61
	31	32
	63	64
net/minecraft/client/HotbarManager	75	79
	64	67
	65	68
	66	69
	68	71
	71	74
	72	75
	73	76
	75	79
	18	20
	27	28
	28	29
	30	31
	31	32
	33	34
	37	38
	38	39
	39	40
	43	43
	44	44
	46	46
	47	47
	48	49
	49	50
	51	52
	52	53
	54	55
	58	59
	59	61
	60	62
	61	63
	62	64
net/minecraft/client/renderer/entity/GiantMobRenderer	39	37
	16	19
	32	31
	18	20
	19	21
	20	22
	21	22
	37	35
	38	36
	23	24
	39	37
	27	27
	13	16
net/minecraft/client/gui/components/debug/DebugEntryFps	27	26
	16	18
	18	20
	19	20
	20	20
	21	20
	23	22
	27	26
	14	16
	15	17
com/mojang/blaze3d/platform/ScreenManager	105	102
	15	17
	20	22
	21	23
	22	24
	23	25
	24	26
	25	27
	26	28
	29	31
	32	34
	33	35
	34	36
	35	37
	36	38
	37	39
	38	40
	40	42
	43	45
	48	49
	49	50
	50	51
	53	54
	54	55
	55	56
	56	57
	58	58
	59	59
	60	60
	61	61
	63	63
	64	64
	65	65
	66	66
	67	67
	69	68
	70	69
	71	70
	72	71
	74	72
	75	73
	76	74
	77	75
	78	76
	79	77
	80	78
	81	79
	82	80
	85	84
	86	85
	90	89
	91	90
	93	92
	94	92
	96	92
	100	97
	101	98
	102	99
	103	100
	105	102
net/minecraft/client/gui/TextAlignment	35	36
	35	36
	21	23
	9	12
	27	29
	15	17
net/minecraft/client/particle/DragonBreathParticle	103	95
	64	55
	67	58
	69	59
	70	60
	71	61
	74	64
	75	65
	77	66
	78	67
	80	70
	84	74
	25	24
	89	79
	26	25
	27	26
	28	27
	29	28
	31	29
	32	30
	96	87
	33	31
	97	88
	35	32
	37	33
	101	93
	38	34
	102	94
	39	35
	103	95
	41	36
	42	37
	43	38
	47	42
	48	43
	49	44
	51	45
	52	46
	53	70
	56	48
	58	49
	59	50
	60	51
	63	54
net/minecraft/client/renderer/blockentity/state/SignRenderState	0	0
com/mojang/blaze3d/platform/LogicOp	0	0
net/minecraft/client/renderer/entity/ArrowRenderer	45	51
	32	40
	34	41
	35	42
	41	47
	42	48
	43	49
	44	50
	45	51
	19	22
	20	23
	21	24
	25	27
	27	28
	28	29
	30	30
net/minecraft/client/model/monster/skeleton/package-info	0	0
net/minecraft/client/gui/font/TextRenderable	45	49
	35	39
	40	44
	45	49
	30	34
com/mojang/blaze3d/vertex/SheetedDecalTextureGenerator	95	83
	64	57
	65	58
	70	63
	71	64
	76	69
	78	70
	79	71
	81	72
	83	73
	84	74
	85	75
	87	76
	89	77
	27	23
	28	24
	29	25
	30	26
	94	82
	31	27
	95	83
	35	31
	36	32
	37	33
	38	34
	39	35
	45	40
	46	41
	52	46
	53	47
	59	52
net/minecraft/client/renderer/entity/state/LlamaSpitRenderState	0	0
net/minecraft/client/gui/screens/packs/TransferableSelectionList	307	315
	256	289
	257	290
	259	292
	262	295
	263	296
	265	298
	266	299
	267	300
	268	301
	269	302
	271	304
	273	306
	277	310
	282	315
	27	27
	28	28
	29	29
	30	30
	31	31
	32	32
	33	33
	34	34
	35	35
	291	95
	36	36
	292	96
	293	97
	297	101
	298	102
	43	42
	44	43
	45	44
	46	45
	302	106
	47	46
	51	50
	307	111
	56	55
	61	60
	62	60
	64	60
	68	64
	69	65
	70	66
	71	67
	72	68
	73	69
	74	70
	75	71
	76	72
	77	73
	79	75
	80	76
	81	77
	86	83
	104	126
	105	127
	106	128
	108	129
	109	130
	110	131
	111	132
	115	136
	120	141
	121	142
	122	143
	123	144
	124	145
	125	146
	126	147
	129	150
	131	151
	132	152
	134	155
	135	156
	138	159
	139	160
	141	161
	142	162
	144	163
	145	164
	146	165
	149	168
	150	169
	151	170
	152	171
	154	173
	157	176
	158	177
	159	178
	160	181
	162	183
	165	187
	166	188
	167	189
	168	192
	170	194
	173	198
	174	199
	175	200
	176	203
	178	205
	184	211
	185	212
	186	213
	188	214
	189	215
	190	216
	191	217
	195	221
	196	222
	197	223
	199	224
	200	225
	201	226
	202	229
	203	230
	204	231
	206	234
	207	235
	208	236
	210	239
	211	240
	212	241
	215	245
	220	250
	221	251
	222	252
	224	255
	225	256
	226	257
	227	258
	229	261
	230	262
	231	263
	234	267
	238	271
	242	275
	243	276
	244	277
	245	278
	247	280
	250	283
	251	284
	253	286
com/mojang/realmsclient/gui/screens/configuration/RealmsBackupScreen	273	310
	256	284
	257	285
	258	292
	259	295
	260	296
	261	297
	262	298
	263	299
	264	300
	265	301
	267	304
	268	305
	269	306
	270	307
	271	308
	273	310
	40	41
	42	42
	43	43
	44	44
	45	45
	46	46
	51	49
	70	60
	71	61
	72	62
	73	63
	74	64
	78	68
	79	69
	81	70
	82	71
	83	72
	84	73
	86	75
	87	77
	89	78
	90	79
	94	83
	96	84
	97	85
	98	86
	100	89
	104	93
	105	94
	106	95
	108	97
	111	100
	114	103
	116	106
	117	107
	118	110
	119	111
	120	112
	121	113
	123	116
	124	118
	126	120
	127	122
	128	123
	130	125
	131	127
	132	128
	136	132
	137	133
	140	137
	141	140
	142	142
	143	144
	144	148
	149	158
	155	166
	156	172
	160	176
	175	189
	177	190
	179	191
	180	194
	181	196
	182	197
	183	198
	184	199
	187	202
	188	203
	189	204
	190	205
	191	206
	192	207
	194	209
	197	212
	198	214
	199	215
	203	221
	204	222
	205	235
	207	223
	208	225
	209	226
	210	227
	211	228
	214	231
	217	235
	220	238
	221	239
	222	240
	223	241
	225	243
	227	245
	230	248
	231	249
	232	250
	233	251
	235	257
	236	258
	237	264
	239	267
	243	271
	248	276
	253	281
	254	282
	255	283
net/minecraft/client/color/item/Firework	53	56
	32	32
	33	33
	34	36
	35	37
	38	40
	39	41
	40	42
	41	44
	42	45
	43	46
	44	47
	45	48
	48	51
	20	24
	21	25
	53	56
	23	20
	24	20
	25	20
	29	29
	30	30
	31	31
net/minecraft/client/renderer/item/properties/conditional/IsKeybindDown	34	33
	17	19
	18	20
	34	33
	23	23
	24	23
	25	23
	29	28
	15	18
net/minecraft/client/model/monster/blaze/BlazeModel	105	101
	21	22
	22	23
	23	24
	24	25
	25	26
	28	29
	32	33
	33	34
	35	35
	36	35
	37	35
	42	36
	43	37
	44	37
	46	39
	47	40
	48	41
	49	42
	50	43
	51	44
	54	47
	55	49
	56	50
	57	51
	58	52
	59	53
	60	54
	63	57
	64	59
	65	60
	66	61
	67	62
	68	63
	69	64
	72	67
	77	71
	79	72
	80	74
	81	75
	82	76
	83	77
	84	78
	87	81
	88	83
	89	84
	90	85
	91	86
	92	87
	95	90
	96	92
	97	93
	98	94
	99	95
	100	96
	103	99
	104	100
	105	101
net/minecraft/client/model/geom/PartNames	134	115
	134	115
net/minecraft/client/model/animal/golem/CopperGolemModel	207	315
	43	42
	44	43
	45	44
	46	45
	47	46
	49	47
	50	48
	51	49
	52	50
	53	51
	54	52
	55	53
	56	54
	59	57
	60	58
	62	59
	63	62
	64	67
	65	69
	66	71
	67	75
	68	80
	69	83
	70	86
	71	89
	75	93
	76	94
	78	95
	79	96
	80	101
	81	106
	82	108
	83	110
	84	114
	85	115
	86	120
	87	121
	88	126
	89	127
	90	132
	91	133
	92	138
	96	142
	97	143
	99	144
	100	147
	101	149
	102	153
	103	158
	104	161
	105	163
	106	165
	107	167
	108	171
	109	174
	110	179
	111	182
	112	187
	113	188
	114	193
	115	194
	116	199
	120	203
	121	204
	123	205
	124	208
	125	213
	126	215
	127	217
	128	221
	129	222
	130	227
	131	228
	132	229
	133	234
	134	235
	135	240
	136	241
	137	246
	141	250
	142	251
	143	252
	149	257
	150	258
	151	259
	152	260
	153	261
	155	263
	156	264
	158	267
	159	268
	160	269
	161	270
	162	271
	163	272
	167	275
	168	276
	169	277
	170	278
	171	279
	172	280
	173	281
	175	283
	176	284
	178	286
	182	290
	187	295
	188	296
	189	297
	190	298
	191	299
	194	302
	195	303
	196	304
	197	305
	198	306
	201	309
	202	310
	203	311
	204	312
	205	313
	206	314
	207	315
net/minecraft/client/model/monster/ravager/RavagerModel	148	124
	128	106
	130	107
	131	108
	132	109
	133	110
	134	111
	135	112
	139	116
	140	117
	142	118
	143	119
	144	120
	145	121
	146	122
	147	123
	148	124
	25	26
	26	27
	27	28
	28	29
	29	30
	30	31
	31	32
	32	33
	33	34
	36	37
	37	38
	39	39
	40	40
	41	41
	42	41
	43	41
	45	43
	46	45
	47	45
	48	45
	49	46
	52	48
	53	50
	54	50
	55	51
	57	53
	58	55
	59	55
	60	56
	62	58
	63	59
	64	59
	65	59
	67	61
	68	63
	69	63
	70	63
	71	64
	73	66
	74	67
	75	67
	76	67
	78	69
	79	70
	80	70
	81	70
	83	72
	84	73
	85	73
	86	73
	88	75
	89	76
	90	76
	91	76
	94	78
	99	82
	101	83
	102	84
	103	85
	106	86
	107	87
	108	88
	109	89
	110	90
	111	91
	112	92
	114	93
	115	94
	117	96
	120	99
	121	100
	122	101
	123	102
	124	103
	126	104
	127	105
net/minecraft/client/sounds/SoundManager	317	344
	256	194
	257	195
	260	198
	261	199
	264	202
	265	203
	268	206
	269	207
	272	210
	273	211
	276	214
	277	215
	280	218
	281	219
	284	222
	285	223
	288	226
	289	227
	292	230
	293	231
	296	234
	42	46
	43	47
	300	238
	301	239
	47	48
	48	49
	304	242
	49	51
	305	243
	50	53
	52	55
	308	246
	53	55
	309	247
	54	55
	312	250
	316	254
	317	255
	62	62
	63	63
	67	66
	69	71
	70	70
	71	83
	73	87
	74	111
	75	92
	76	92
	77	93
	78	95
	79	96
	80	97
	81	98
	82	100
	83	101
	85	104
	86	105
	87	106
	89	109
	91	126
	95	130
	100	134
	103	135
	104	136
	105	137
	107	138
	108	139
	114	144
	115	145
	116	146
	117	147
	122	152
	123	153
	126	156
	130	160
	134	259
	135	260
	138	263
	139	264
	142	267
	143	268
	144	269
	145	270
	146	271
	148	274
	149	275
	152	278
	154	280
	155	281
	158	283
	160	285
	164	289
	165	290
	167	292
	170	295
	171	296
	176	300
	177	301
	178	302
	182	305
	183	306
	184	307
	185	308
	186	309
	187	310
	189	312
	190	313
	191	314
	197	320
	198	321
	199	324
	201	322
	202	324
	204	326
	206	328
	209	331
	211	333
	214	336
	215	337
	217	338
	219	340
	220	341
	221	342
	223	344
	227	164
	228	165
	229	166
	230	167
	232	169
	236	174
	240	178
	244	182
	245	183
	248	186
	252	190
	253	191
net/minecraft/client/gui/render/state/pip/GuiSkinRenderState	12	29
	11	28
	12	29
net/minecraft/client/gui/screens/CreditsAndAttributionScreen	56	53
	32	32
	34	33
	35	34
	36	35
	38	36
	40	37
	41	38
	42	39
	14	16
	46	43
	15	17
	47	44
	16	18
	17	19
	50	47
	51	48
	23	24
	55	52
	24	25
	56	53
	25	26
	29	30
	31	31
net/minecraft/client/renderer/PostPass	179	209
	131	159
	144	205
	148	209
	31	34
	159	175
	160	176
	161	177
	163	179
	40	43
	168	185
	41	44
	169	186
	42	45
	43	46
	45	48
	173	190
	46	49
	174	191
	47	50
	175	192
	176	193
	177	194
	50	51
	51	53
	179	196
	52	54
	54	57
	55	59
	56	60
	57	62
	58	63
	60	66
	64	71
	65	72
	68	75
	70	77
	71	78
	74	82
	75	84
	76	85
	79	88
	80	90
	82	91
	83	92
	85	93
	86	94
	87	99
	88	104
	89	105
	90	106
	91	108
	92	109
	97	114
	98	120
	99	121
	100	122
	101	124
	102	125
	104	128
	105	129
	107	132
	109	135
	111	136
	113	138
	114	139
	116	141
	117	143
	121	147
	122	148
	124	151
	125	152
net/minecraft/client/gui/screens/inventory/AbstractSignEditScreen	224	203
	36	37
	37	38
	40	41
	42	42
	43	43
	44	44
	45	45
	47	46
	48	47
	52	52
	54	54
	55	55
	57	57
	58	58
	59	59
	61	61
	65	65
	67	66
	68	67
	70	69
	73	72
	74	72
	75	72
	80	77
	81	78
	82	79
	83	80
	85	81
	86	82
	87	83
	88	84
	90	86
	91	86
	94	86
	99	92
	100	93
	105	98
	107	99
	108	100
	109	101
	113	105
	114	106
	118	110
	119	111
	120	112
	122	116
	126	120
	131	125
	141	135
	142	136
	144	137
	145	138
	146	139
	148	140
	149	141
	150	142
	153	145
	154	146
	155	147
	156	148
	157	149
	158	150
	160	151
	161	152
	163	154
	164	155
	165	156
	168	157
	169	158
	172	161
	173	162
	176	163
	180	164
	181	165
	183	166
	184	167
	188	173
	189	174
	190	175
	195	176
	196	177
	198	178
	199	179
	202	182
	203	183
	204	184
	205	185
	206	186
	208	187
	209	188
	211	189
	214	193
	217	196
	218	197
	219	198
	220	199
	223	202
	224	203
net/minecraft/client/sounds/SoundBufferLibrary	57	59
	32	34
	33	35
	34	36
	35	37
	37	39
	41	43
	43	45
	44	46
	45	47
	46	48
	48	50
	52	54
	53	55
	54	56
	24	25
	25	26
	57	59
	28	29
	29	31
	30	32
net/minecraft/client/model/object/bell/BellModel	62	62
	21	23
	22	24
	23	25
	26	28
	27	29
	29	30
	30	31
	31	31
	32	31
	34	33
	35	34
	36	34
	37	34
	40	36
	45	40
	47	41
	48	42
	50	43
	51	44
	52	45
	53	47
	54	50
	55	53
	56	56
	60	60
	61	61
	62	62
net/minecraft/client/gui/screens/worldselection/ConfirmExperimentalFeaturesScreen	157	162
	129	133
	133	137
	143	148
	144	149
	145	150
	146	151
	150	155
	151	156
	152	157
	153	158
	157	162
	30	32
	31	33
	32	34
	42	42
	43	43
	44	44
	45	45
	49	49
	54	54
	56	55
	57	55
	59	56
	60	57
	61	58
	62	59
	64	61
	66	65
	67	66
	69	68
	70	70
	71	71
	72	72
	76	76
	77	77
	81	81
	82	82
	85	86
	92	91
	93	92
	97	96
	98	97
	99	99
	100	101
	101	103
	102	104
	106	108
	107	109
	109	112
	110	113
	114	117
	115	118
	119	123
	121	125
	122	126
	123	127
	124	128
	125	129
	126	130
net/minecraft/client/model/animal/sniffer/package-info	0	0
com/mojang/realmsclient/dto/PlayerInfo	32	30
	32	30
	27	25
	28	26
	29	27
	30	28
	31	29
net/minecraft/client/gui/font/package-info	0	0
com/mojang/realmsclient/gui/screens/RealmsGenericErrorScreen	72	74
	32	32
	64	63
	65	64
	66	65
	35	35
	67	66
	36	36
	39	39
	71	72
	40	40
	72	74
	41	41
	42	42
	46	46
	47	47
	48	48
	19	21
	52	52
	53	53
	57	57
	27	27
	28	28
	62	62
	31	31
net/minecraft/client/gui/render/pip/GuiEntityRenderer	52	54
	32	33
	33	34
	35	35
	36	36
	37	37
	38	38
	39	39
	41	42
	42	44
	43	45
	47	49
	19	21
	20	22
	52	54
	21	23
	25	27
	30	31
	31	32
net/minecraft/client/renderer/block/model/VariantSelector	53	56
	32	34
	34	38
	35	39
	40	44
	41	45
	42	46
	43	47
	47	51
	16	19
	17	20
	20	23
	21	25
	53	56
	22	26
	23	27
	24	28
	25	29
	26	30
	27	31
	28	32
	29	33
	30	37
com/mojang/blaze3d/platform/MonitorCreator	0	0
net/minecraft/client/particle/FlameParticle	71	77
	64	69
	65	70
	69	75
	70	76
	71	77
	11	14
	12	15
	16	19
	21	24
	22	25
	23	26
	27	30
	28	31
	33	36
	34	37
	35	38
	37	39
	38	40
	39	41
	40	42
	41	43
	43	46
	50	54
	51	55
	55	60
	56	60
com/mojang/realmsclient/gui/screens/RealmsDownloadLatestWorldScreen	280	267
	257	243
	258	244
	259	245
	260	247
	261	248
	262	249
	263	250
	264	251
	266	254
	267	258
	269	255
	272	259
	273	260
	275	262
	276	263
	279	266
	280	267
	29	29
	58	53
	65	59
	66	60
	67	61
	68	62
	69	63
	70	64
	71	65
	72	66
	73	67
	77	72
	78	72
	79	74
	80	75
	83	78
	84	90
	86	79
	88	80
	89	81
	90	82
	92	83
	93	84
	94	85
	97	87
	99	90
	102	93
	107	98
	109	99
	111	100
	112	100
	113	101
	114	102
	117	104
	120	107
	121	108
	122	109
	123	110
	124	111
	125	112
	127	115
	128	116
	130	119
	135	124
	136	125
	137	126
	139	129
	140	130
	144	134
	146	135
	148	136
	150	137
	151	138
	154	141
	155	142
	156	143
	159	146
	160	147
	162	149
	165	152
	167	153
	168	154
	171	157
	172	158
	175	161
	176	162
	178	163
	179	164
	180	165
	181	166
	183	167
	184	168
	187	171
	188	172
	189	173
	190	174
	191	175
	193	178
	194	179
	196	182
	197	183
	199	185
	201	187
	204	190
	205	191
	206	192
	209	194
	214	200
	215	201
	219	205
	220	206
	224	210
	226	211
	227	212
	229	214
	230	215
	231	216
	232	217
	233	218
	237	222
	238	223
	239	224
	241	227
	244	230
	245	231
	246	232
	251	237
	252	238
	253	239
net/minecraft/client/renderer/block/model/multipart/KeyValueCondition	178	156
	128	131
	129	132
	130	133
	131	134
	132	135
	135	138
	136	139
	137	140
	143	146
	144	147
	145	148
	148	150
	152	155
	153	156
	26	26
	154	156
	28	27
	156	156
	31	28
	162	51
	163	52
	165	54
	38	32
	39	33
	40	34
	170	57
	171	57
	44	38
	45	39
	173	57
	46	40
	49	42
	178	62
	54	69
	55	70
	58	77
	59	78
	61	80
	65	71
	68	72
	69	72
	70	72
	73	73
	74	74
	77	83
	78	84
	79	85
	81	88
	82	89
	83	90
	86	94
	91	99
	95	103
	97	104
	98	105
	100	106
	101	107
	103	108
	105	109
	106	110
	109	113
	110	114
	111	115
	112	116
	118	121
	119	122
	120	123
	122	125
	123	126
	124	127
	125	128
com/mojang/realmsclient/dto/RealmsConfigurationDto	0	0
com/mojang/blaze3d/audio/Channel	179	169
	128	120
	131	123
	132	124
	135	127
	136	128
	137	129
	138	130
	139	131
	142	134
	17	18
	146	138
	148	140
	149	141
	150	142
	152	143
	155	146
	156	147
	29	27
	31	28
	159	150
	32	29
	33	29
	162	153
	35	29
	163	154
	164	155
	166	157
	39	33
	40	34
	169	160
	43	37
	171	161
	44	38
	172	162
	45	39
	173	163
	46	40
	174	164
	175	165
	48	42
	176	166
	49	43
	50	44
	179	169
	52	47
	53	48
	56	51
	57	52
	59	54
	62	57
	63	58
	66	61
	67	61
	69	61
	73	65
	74	66
	76	68
	79	71
	80	72
	82	74
	85	77
	86	78
	87	79
	89	81
	92	84
	96	88
	100	92
	101	93
	104	96
	105	97
	108	100
	109	101
	112	104
	113	105
	116	108
	117	109
	120	112
	121	113
	122	114
	123	115
	124	116
	127	119
net/minecraft/client/model/animal/goat/GoatModel	75	78
	67	72
	69	73
	70	74
	72	75
	73	76
	75	78
	18	19
	21	22
	22	23
	25	26
	26	27
	28	28
	29	30
	30	31
	31	33
	32	36
	33	38
	35	40
	36	41
	37	41
	38	41
	40	43
	41	44
	42	44
	43	44
	45	46
	46	48
	47	48
	48	49
	50	51
	51	53
	52	53
	53	53
	54	54
	57	56
	58	59
	59	62
	60	65
	62	68
net/minecraft/client/model/animal/goat/package-info	0	0
net/minecraft/client/model/object/armorstand/ArmorStandArmorModel	80	69
	65	57
	66	58
	67	59
	69	60
	70	61
	71	62
	73	63
	74	64
	75	65
	77	66
	78	67
	79	68
	80	69
	18	19
	19	20
	22	23
	23	24
	27	28
	28	29
	29	30
	30	31
	31	31
	32	31
	34	33
	35	34
	36	34
	39	36
	40	38
	41	38
	42	39
	44	41
	45	43
	46	43
	47	44
	50	46
	55	50
	57	51
	58	52
	59	53
	61	54
	62	55
	63	56
net/minecraft/client/renderer/item/SelectItemModel	134	153
	131	63
	132	64
	133	65
	134	67
	28	30
	29	31
	30	32
	34	44
	35	45
	36	46
	37	47
	38	48
	40	50
	46	75
	47	76
	48	77
	49	79
	54	84
	59	89
	60	90
	65	95
	66	96
	67	97
	74	103
	77	106
	78	108
	79	109
	81	110
	82	112
	83	113
	87	117
	88	118
	92	124
	93	125
	95	128
	96	129
	97	131
	98	132
	99	133
	101	136
	102	135
	104	137
	106	140
	108	141
	109	142
	112	144
	113	144
	115	144
	120	150
	121	151
	123	153
net/minecraft/client/renderer/entity/state/ChickenRenderState	0	0
com/mojang/realmsclient/client/worldupload/RealmsUploadWorldPacker	83	85
	64	66
	65	69
	66	69
	68	71
	69	72
	71	73
	72	74
	73	75
	77	79
	80	82
	81	83
	83	85
	23	24
	27	28
	28	29
	29	30
	32	33
	34	36
	35	37
	36	38
	37	39
	38	40
	39	41
	41	44
	42	45
	43	46
	45	48
	46	49
	52	55
	53	56
	55	59
	57	60
	58	61
	59	62
	60	63
	62	64
	63	65
net/minecraft/client/renderer/entity/state/EvokerFangsRenderState	0	0
net/minecraft/client/renderer/blockentity/AbstractEndPortalRenderer	70	87
	66	83
	70	87
	21	23
	22	24
	26	29
	27	30
	28	32
	29	33
	30	34
	33	37
	37	41
	38	43
	41	46
	42	47
	44	48
	45	49
	46	50
	47	51
	48	52
	49	53
	50	54
	53	70
	54	71
	55	72
	56	73
	57	74
	59	76
	62	79
net/minecraft/client/gui/screens/inventory/SmithingScreen	190	188
	128	124
	129	125
	131	126
	132	127
	133	128
	134	129
	135	130
	137	132
	138	133
	140	135
	143	139
	144	142
	145	145
	148	149
	149	150
	153	153
	28	29
	29	30
	157	157
	30	32
	158	158
	31	34
	32	35
	160	160
	33	37
	163	163
	165	164
	166	165
	169	168
	170	169
	171	170
	173	171
	174	172
	47	48
	175	173
	48	49
	177	175
	178	176
	179	177
	180	178
	181	179
	186	184
	187	185
	61	61
	62	62
	190	188
	63	63
	65	64
	66	65
	67	66
	68	67
	69	68
	70	69
	74	73
	75	74
	79	78
	81	79
	82	80
	83	81
	84	82
	85	83
	88	86
	89	87
	90	88
	92	89
	97	94
	98	95
	99	96
	103	100
	104	101
	105	102
	106	103
	108	104
	109	105
	110	106
	111	107
	112	108
	113	109
	117	113
	118	114
	120	116
	123	119
	124	120
	125	121
	126	122
	127	123
net/minecraft/client/renderer/entity/CatRenderer	58	54
	32	32
	33	33
	34	34
	35	35
	36	36
	37	37
	38	38
	39	39
	40	40
	41	41
	42	42
	46	45
	15	19
	48	46
	17	20
	49	47
	18	21
	50	48
	51	49
	22	24
	54	50
	55	51
	58	54
	27	28
net/minecraft/client/renderer/texture/atlas/sources/PalettedPermutations	137	149
	128	140
	130	142
	136	148
	137	149
	38	36
	41	39
	42	40
	43	41
	44	42
	45	43
	46	45
	49	49
	50	50
	54	54
	55	55
	56	58
	57	59
	59	63
	60	64
	61	65
	62	66
	63	67
	66	69
	67	71
	68	72
	69	73
	72	77
	75	80
	76	81
	77	82
	80	85
	81	87
	82	88
	83	89
	84	90
	88	94
	89	95
	90	96
	91	97
	94	100
	95	101
	96	102
	97	103
	102	108
	103	109
	104	110
	105	111
	107	115
	108	118
	109	119
	110	120
	111	121
	117	127
	124	136
	125	137
	126	138
	127	139
net/minecraft/client/gui/screens/inventory/LecternScreen	116	112
	66	61
	67	62
	68	63
	69	64
	70	65
	72	67
	74	69
	78	73
	79	74
	19	19
	83	78
	84	79
	88	83
	89	84
	26	23
	90	85
	27	24
	92	87
	31	27
	32	28
	96	92
	97	93
	34	30
	101	97
	38	34
	39	35
	105	101
	106	102
	43	38
	107	103
	110	106
	111	107
	48	43
	49	44
	50	45
	115	111
	116	112
	54	49
	55	50
	56	51
	60	55
	61	56
	62	57
net/minecraft/client/renderer/item/ItemStackRenderState	239	246
	129	126
	130	127
	131	128
	132	129
	133	130
	137	134
	138	135
	141	138
	151	154
	152	155
	26	33
	40	41
	41	42
	42	43
	170	168
	43	44
	171	169
	44	46
	172	170
	45	47
	173	171
	174	172
	175	173
	48	50
	176	174
	177	175
	178	176
	51	53
	179	177
	52	54
	180	178
	183	181
	56	58
	59	60
	187	185
	60	61
	188	186
	62	64
	63	65
	191	189
	64	66
	192	190
	65	67
	66	68
	195	193
	196	194
	69	71
	70	72
	199	197
	200	198
	73	75
	203	201
	204	202
	207	205
	208	206
	81	79
	209	207
	85	82
	214	210
	89	86
	218	214
	219	215
	94	90
	222	218
	223	219
	224	220
	98	94
	226	223
	99	94
	101	94
	230	227
	231	228
	105	98
	233	229
	106	99
	234	230
	107	101
	235	241
	108	102
	236	242
	109	103
	110	104
	238	245
	111	105
	239	246
	112	107
	113	108
	115	111
	117	113
	120	116
	121	117
	123	119
	126	122
	127	123
net/minecraft/client/gui/contextualbar/ExperienceBarRenderer	39	39
	32	31
	33	32
	36	35
	39	39
	11	14
	12	15
	17	19
	18	20
	22	24
	24	25
	25	26
	27	27
	28	28
	29	29
	31	30
net/minecraft/client/model/monster/creaking/package-info	0	0
net/minecraft/client/multiplayer/chat/LoggedChatEvent	33	34
	16	19
	33	34
	23	25
	24	26
	25	27
	10	12
	28	30
	15	18
net/minecraft/client/gui/screens/dialog/input/InputControlHandler	0	0
net/minecraft/client/gui/screens/FaviconTexture	85	89
	65	69
	68	72
	73	77
	74	78
	75	79
	13	15
	78	82
	82	86
	83	87
	85	89
	24	24
	25	25
	26	26
	29	31
	33	36
	37	40
	38	57
	39	58
	42	42
	44	43
	45	44
	47	46
	48	47
	50	50
	51	51
	52	52
	53	53
	54	54
	56	60
	59	63
	60	64
	61	65
	62	66
	63	67
net/minecraft/client/renderer/UniformValue	179	189
	131	159
	132	160
	136	164
	137	165
	141	169
	16	20
	146	175
	150	179
	151	180
	25	111
	26	112
	27	113
	155	184
	28	114
	156	185
	29	115
	30	116
	31	117
	160	189
	34	119
	165	90
	40	124
	169	95
	41	125
	170	96
	42	126
	174	100
	46	129
	175	101
	51	70
	179	105
	55	74
	56	75
	60	79
	61	80
	65	84
	70	50
	74	54
	75	55
	79	59
	80	60
	84	64
	89	30
	93	34
	94	35
	98	39
	99	40
	103	44
	108	135
	112	139
	113	140
	117	144
	118	145
	122	149
	127	155
net/minecraft/client/gui/screens/dialog/body/DialogBodyHandler	0	0
net/minecraft/client/gui/components/FittingMultiLineTextWidget	67	70
	65	68
	66	69
	67	70
	14	17
	15	18
	16	19
	17	20
	21	24
	22	25
	23	26
	27	30
	31	34
	32	35
	34	37
	38	41
	43	46
	44	47
	47	50
	52	55
	53	56
	54	57
	55	58
	56	59
	60	63
	61	64
net/minecraft/client/particle/FireworkParticles	352	339
	256	82
	257	83
	258	84
	260	85
	262	86
	263	87
	264	88
	267	91
	268	92
	271	95
	272	96
	276	100
	277	101
	279	103
	25	150
	283	107
	285	108
	286	110
	287	112
	288	113
	289	114
	290	115
	291	116
	292	117
	293	118
	294	119
	39	154
	296	122
	297	123
	299	125
	304	48
	305	49
	306	50
	310	54
	54	168
	55	169
	56	170
	57	171
	58	172
	315	59
	316	60
	60	173
	317	61
	61	174
	64	177
	321	65
	65	178
	67	180
	68	181
	69	182
	70	183
	71	184
	329	32
	330	33
	74	187
	334	38
	78	191
	335	39
	79	192
	336	40
	337	41
	81	193
	82	194
	83	195
	85	197
	86	198
	87	199
	88	200
	345	133
	346	134
	350	140
	94	206
	351	142
	95	207
	352	143
	97	209
	99	212
	102	215
	103	216
	104	217
	106	218
	107	219
	108	220
	109	221
	111	222
	112	223
	115	226
	116	228
	117	231
	118	234
	127	237
	136	240
	139	243
	140	244
	142	247
	143	248
	144	249
	145	250
	146	251
	147	252
	149	255
	151	257
	154	260
	155	261
	160	265
	161	266
	162	267
	163	268
	165	269
	166	270
	167	271
	169	273
	172	276
	173	277
	174	278
	176	280
	177	281
	178	282
	179	283
	180	284
	181	285
	182	286
	184	287
	186	288
	187	289
	192	294
	195	297
	196	298
	198	299
	200	300
	201	301
	202	303
	203	304
	205	305
	206	306
	208	308
	209	309
	210	310
	212	312
	213	313
	214	314
	216	315
	217	316
	219	318
	220	319
	223	323
	224	324
	227	327
	230	330
	231	331
	233	333
	234	334
	235	335
	236	336
	238	337
	240	339
	254	80
	255	81
net/minecraft/client/sounds/FloatSampleSource	29	32
	16	17
	17	19
	20	22
	25	27
	26	29
	29	32
net/minecraft/client/model/object/skull/DragonHeadModel	56	51
	17	18
	18	19
	19	20
	20	21
	23	24
	24	25
	26	26
	27	27
	28	29
	29	30
	30	31
	31	32
	32	33
	33	34
	34	35
	35	36
	36	37
	37	38
	40	40
	41	41
	42	41
	43	41
	46	43
	51	47
	52	48
	54	49
	55	50
	56	51
net/minecraft/client/StringSplitter	421	416
	28	27
	29	28
	32	31
	33	32
	36	35
	37	36
	38	37
	39	38
	41	40
	45	44
	46	45
	47	46
	48	47
	50	49
	54	53
	55	54
	56	55
	57	56
	59	58
	67	397
	68	398
	72	401
	73	402
	74	403
	75	404
	77	406
	81	411
	85	415
	86	416
	90	62
	91	63
	92	64
	96	68
	100	72
	101	73
	102	74
	103	75
	104	76
	105	77
	108	80
	109	81
	112	83
	116	87
	118	88
	123	92
	124	93
	125	94
	126	95
	127	96
	129	99
	131	101
	132	102
	134	105
	136	108
	152	319
	153	320
	157	323
	158	324
	160	326
	162	328
	163	329
	166	331
	167	332
	168	333
	169	338
	170	338
	172	338
	175	334
	176	335
	177	336
	183	344
	184	345
	185	346
	189	350
	193	354
	197	358
	201	362
	202	363
	206	112
	207	113
	208	114
	212	118
	213	119
	214	120
	216	122
	217	123
	218	124
	219	125
	221	128
	222	129
	225	132
	227	133
	228	134
	229	135
	230	136
	231	137
	232	138
	233	139
	234	140
	236	142
	239	145
	240	146
	242	148
	243	149
	249	155
	258	159
	259	160
	260	161
	261	163
	262	164
	263	165
	264	166
	265	167
	266	168
	268	171
	269	172
	271	173
	272	174
	273	175
	274	176
	276	178
	279	181
	280	182
	281	183
	289	372
	290	373
	291	374
	295	377
	300	381
	309	244
	310	245
	311	246
	314	249
	318	253
	319	254
	320	255
	321	256
	322	258
	323	259
	324	260
	325	261
	327	262
	328	263
	329	264
	330	265
	331	266
	333	268
	334	269
	335	270
	337	273
	338	274
	342	278
	343	279
	344	289
	345	290
	347	280
	348	281
	349	282
	351	284
	358	294
	359	295
	363	299
	364	300
	365	301
	366	302
	371	187
	372	188
	373	189
	377	193
	379	194
	380	195
	381	196
	383	199
	386	201
	387	202
	388	203
	389	204
	390	206
	391	207
	392	208
	393	210
	394	211
	395	212
	397	213
	398	214
	400	215
	402	216
	403	217
	404	218
	405	219
	406	220
	407	221
	408	222
	409	223
	411	226
	415	230
	416	231
	417	232
	418	233
	419	234
	421	236
net/minecraft/client/renderer/entity/layers/FoxHeldItemLayer	68	55
	65	52
	67	53
	68	55
	15	17
	16	18
	20	21
	21	22
	22	55
	25	23
	26	24
	28	25
	30	26
	33	27
	34	28
	35	29
	39	32
	40	33
	41	34
	44	35
	45	36
	46	37
	48	39
	51	41
	52	42
	54	44
	59	47
	61	48
	62	49
com/mojang/realmsclient/exception/package-info	0	0
net/minecraft/client/gui/spectator/categories/TeleportToPlayerMenuCategory	68	69
	64	65
	34	35
	35	36
	36	37
	68	69
	37	38
	38	39
	39	40
	43	44
	48	49
	53	54
	22	24
	54	55
	23	25
	24	26
	25	27
	58	59
	30	31
	31	32
	63	64
net/minecraft/client/renderer/block/model/FaceBakery	221	260
	24	24
	28	28
	29	29
	30	30
	31	31
	32	32
	33	33
	34	34
	39	51
	40	52
	41	53
	45	56
	47	57
	48	58
	50	59
	51	61
	52	63
	55	79
	57	80
	59	81
	62	84
	71	93
	72	94
	80	116
	81	117
	83	118
	84	119
	87	122
	88	123
	91	126
	92	127
	96	130
	97	131
	98	132
	100	134
	101	135
	102	136
	104	139
	105	140
	106	141
	109	144
	113	148
	117	152
	118	153
	119	154
	120	155
	123	158
	124	159
	125	160
	129	164
	130	165
	134	168
	135	169
	136	171
	137	172
	139	173
	140	174
	141	175
	144	179
	148	183
	149	184
	150	185
	151	186
	152	187
	153	188
	154	190
	155	191
	156	192
	157	193
	158	194
	159	195
	160	196
	162	199
	163	200
	165	203
	166	204
	168	207
	169	208
	171	211
	172	212
	174	215
	175	216
	179	220
	180	222
	181	223
	183	224
	184	225
	185	226
	187	227
	188	228
	190	229
	193	232
	194	233
	195	234
	198	237
	201	240
	202	241
	204	242
	205	243
	208	247
	212	251
	213	252
	214	253
	215	254
	218	257
	219	258
	220	259
	221	260
net/minecraft/client/renderer/entity/GoatRenderer	32	32
	32	32
	18	20
	23	24
	10	13
	28	28
	13	16
	29	29
	14	17
	30	30
	31	31
net/minecraft/client/gui/components/debug/DebugEntryLookingAtEntity	30	31
	16	18
	20	22
	21	23
	22	24
	23	25
	24	26
	25	27
	29	30
	30	31
net/minecraft/client/gui/screens/inventory/CreativeModeInventoryScreen	1061	1016
	1024	861
	1028	864
	1029	865
	1030	866
	1031	866
	1033	867
	1038	832
	1039	833
	1040	834
	1041	835
	1043	836
	1044	837
	1045	839
	1046	840
	1047	841
	1048	842
	1050	845
	1051	846
	1052	847
	1053	848
	1054	849
	1055	850
	1056	851
	1057	852
	1059	853
	1061	855
	60	68
	61	69
	63	71
	64	71
	65	72
	66	73
	67	74
	68	75
	69	76
	70	77
	72	80
	73	80
	74	81
	75	82
	76	83
	77	84
	78	85
	79	86
	81	89
	82	89
	83	90
	84	91
	85	92
	86	93
	87	94
	88	95
	90	98
	91	98
	92	99
	93	100
	94	101
	95	102
	96	103
	97	104
	106	112
	107	113
	109	114
	129	877
	130	878
	132	879
	133	881
	134	882
	135	883
	139	887
	141	888
	142	889
	146	892
	150	896
	154	900
	158	904
	162	908
	166	912
	167	914
	168	915
	169	916
	170	917
	171	918
	173	920
	177	924
	180	927
	185	931
	186	932
	188	933
	189	934
	193	938
	198	942
	203	946
	208	950
	213	954
	214	955
	218	128
	219	129
	220	130
	221	131
	222	132
	223	133
	224	134
	225	135
	228	138
	232	142
	233	143
	234	144
	235	145
	236	146
	237	147
	238	148
	240	150
	245	155
	248	158
	249	159
	252	162
	253	163
	254	164
	255	165
	258	168
	262	172
	263	173
	264	174
	265	175
	267	177
	272	180
	273	181
	274	182
	278	186
	280	187
	281	188
	282	189
	283	190
	284	191
	287	194
	291	198
	292	199
	293	200
	296	203
	297	204
	298	205
	299	325
	301	206
	303	207
	304	226
	305	227
	307	230
	308	231
	309	232
	310	233
	312	235
	314	236
	315	237
	316	238
	317	239
	318	240
	319	241
	320	242
	322	243
	323	244
	324	245
	325	246
	326	247
	328	249
	329	253
	332	255
	334	256
	335	257
	337	258
	338	259
	339	260
	340	261
	343	264
	344	267
	345	268
	346	269
	347	270
	350	273
	351	276
	352	277
	353	278
	354	279
	355	280
	358	283
	361	286
	363	287
	364	288
	365	289
	367	290
	368	291
	372	294
	374	296
	376	299
	377	300
	378	301
	379	302
	383	297
	384	298
	386	304
	387	305
	388	306
	390	307
	391	308
	392	309
	394	311
	395	312
	399	313
	400	314
	401	315
	402	316
	403	317
	406	320
	411	208
	412	209
	413	210
	415	213
	416	214
	417	215
	418	216
	420	219
	421	220
	422	221
	423	222
	427	325
	430	328
	435	333
	436	334
	438	335
	439	336
	440	337
	441	338
	442	339
	443	340
	444	341
	446	342
	447	343
	448	344
	450	345
	451	346
	452	347
	453	348
	454	349
	457	352
	459	354
	463	358
	465	359
	466	360
	467	361
	469	362
	470	363
	473	366
	474	367
	475	368
	479	372
	481	373
	482	374
	484	376
	488	380
	489	381
	491	384
	492	385
	494	388
	495	389
	496	390
	497	391
	499	394
	501	396
	506	402
	507	403
	508	404
	509	405
	510	406
	511	407
	513	409
	516	412
	517	413
	518	414
	521	415
	522	416
	525	419
	526	420
	527	421
	528	422
	531	425
	533	427
	535	427
	537	427
	542	434
	543	435
	547	439
	548	440
	550	441
	551	442
	552	443
	554	445
	555	446
	557	447
	558	449
	559	450
	560	451
	561	452
	563	454
	565	457
	569	461
	570	462
	571	463
	574	466
	577	468
	578	469
	580	471
	581	472
	582	473
	585	476
	586	477
	590	481
	591	482
	593	484
	597	488
	598	489
	599	490
	601	492
	602	493
	603	494
	607	498
	608	499
	609	500
	613	504
	618	509
	619	510
	620	511
	622	512
	624	514
	625	515
	626	516
	627	517
	632	522
	636	526
	640	530
	641	531
	643	532
	644	533
	645	534
	646	535
	647	536
	648	538
	649	539
	650	540
	651	541
	652	542
	653	543
	654	544
	656	545
	657	546
	658	547
	659	548
	661	550
	665	554
	668	557
	669	558
	672	561
	673	562
	675	563
	676	564
	678	567
	679	569
	682	572
	683	573
	684	574
	685	575
	687	576
	688	577
	689	578
	690	579
	691	580
	692	581
	693	582
	694	583
	696	585
	697	586
	698	587
	700	588
	702	589
	703	590
	705	592
	709	596
	710	597
	713	600
	714	601
	715	602
	716	603
	717	604
	718	605
	721	608
	722	609
	723	610
	724	611
	725	612
	726	613
	728	616
	730	618
	731	619
	732	620
	733	621
	736	624
	737	625
	738	626
	742	630
	743	631
	746	634
	747	635
	749	638
	750	639
	751	640
	756	645
	757	646
	758	647
	762	651
	763	652
	765	653
	766	654
	767	655
	768	656
	769	657
	775	662
	776	663
	777	664
	779	665
	780	666
	781	667
	783	668
	785	670
	790	676
	791	677
	792	679
	793	680
	798	685
	799	686
	802	689
	803	690
	807	694
	812	699
	813	700
	814	701
	816	702
	817	703
	818	704
	819	705
	820	706
	823	709
	824	713
	826	714
	827	715
	828	716
	829	717
	831	719
	834	722
	835	724
	836	725
	837	726
	841	730
	844	710
	849	735
	850	736
	851	737
	855	741
	857	744
	858	745
	861	748
	863	749
	864	750
	865	751
	867	752
	868	753
	869	754
	872	757
	874	758
	875	760
	877	763
	880	766
	881	767
	882	768
	884	769
	885	770
	887	773
	891	777
	892	778
	893	779
	895	781
	897	784
	901	788
	902	789
	903	790
	907	794
	908	795
	909	796
	910	797
	911	798
	914	800
	918	805
	919	806
	920	807
	921	808
	922	809
	925	811
	926	812
	928	814
	931	817
	932	818
	935	821
	937	822
	938	823
	939	824
	940	825
	943	828
	951	963
	952	964
	953	965
	957	968
	958	969
	962	972
	967	976
	972	980
	977	984
	978	985
	982	988
	983	989
	987	992
	988	993
	992	996
	997	1000
	1002	1004
	1007	1008
	1012	1012
	1017	1016
	1023	860
net/minecraft/client/renderer/entity/state/ItemDisplayEntityRenderState	10	13
	10	13
net/minecraft/client/model/monster/zombie/AbstractZombieModel	17	19
	16	18
	17	19
	10	13
	11	14
	15	17
net/minecraft/client/sounds/SoundPreviewHandler	45	48
	33	36
	36	39
	37	40
	38	41
	39	42
	42	45
	45	48
	15	18
	16	19
	17	20
	18	21
	19	22
	20	23
	21	24
	22	25
	23	26
	24	27
	25	28
	26	29
	28	31
	29	32
	30	33
net/minecraft/client/model/object/banner/BannerModel	41	37
	32	31
	36	34
	37	35
	22	24
	38	35
	23	25
	41	37
	26	28
	27	29
	29	30
	30	31
	31	31
com/mojang/blaze3d/opengl/GlProgram	155	152
	131	128
	132	129
	133	130
	136	133
	137	134
	142	139
	147	144
	21	23
	151	148
	24	24
	155	152
	31	25
	40	31
	41	32
	42	33
	45	36
	46	37
	47	38
	50	41
	51	43
	52	44
	53	45
	56	48
	57	49
	58	50
	60	51
	61	52
	63	53
	64	61
	65	54
	66	55
	69	58
	73	67
	74	68
	76	70
	77	71
	78	73
	80	75
	81	76
	82	77
	84	79
	85	80
	86	81
	89	85
	90	86
	91	87
	92	88
	94	90
	95	91
	98	95
	101	96
	104	100
	105	101
	106	102
	107	103
	110	105
	111	106
	114	110
	115	112
	116	113
	117	114
	118	115
	119	116
	120	117
	121	118
	123	120
	127	124
net/minecraft/client/gui/BundleMouseActions	73	73
	64	65
	65	66
	66	67
	69	69
	72	72
	73	73
	21	22
	22	23
	23	24
	27	28
	32	33
	33	34
	34	35
	37	38
	38	39
	39	40
	40	41
	41	42
	42	43
	43	44
	46	48
	51	53
	52	54
	56	58
	57	59
	59	61
	62	64
	63	64
net/minecraft/client/renderer/entity/state/GoatRenderState	5	9
	4	8
	5	9
net/minecraft/client/multiplayer/ClientRecipeContainer	27	27
	16	18
	17	19
	18	20
	22	23
	27	27
net/minecraft/client/renderer/debug/GoalSelectorDebugRenderer	42	41
	32	31
	33	32
	34	33
	35	34
	36	35
	37	36
	38	37
	41	40
	42	41
	21	22
	22	23
	26	27
	28	28
	30	29
	31	30
net/minecraft/client/renderer/entity/state/TropicalFishRenderState	9	11
	7	9
	8	10
	9	11
net/minecraft/client/renderer/entity/FoxRenderer	60	58
	14	18
	15	19
	16	20
	17	21
	20	24
	22	25
	23	26
	27	29
	29	30
	30	31
	32	33
	36	36
	37	37
	39	39
	45	44
	50	48
	51	49
	52	50
	53	51
	54	52
	55	53
	56	54
	57	55
	58	56
	59	57
	60	58
net/minecraft/client/gui/components/AbstractWidget	344	335
	257	247
	260	250
	264	254
	269	259
	270	260
	274	264
	279	269
	280	270
	283	273
	287	277
	292	282
	293	283
	296	286
	297	287
	298	288
	302	292
	48	46
	49	47
	50	48
	306	296
	51	49
	52	50
	53	51
	310	300
	311	301
	312	302
	57	55
	316	306
	62	60
	63	65
	320	310
	321	311
	66	61
	67	62
	69	63
	70	65
	327	318
	73	68
	74	69
	331	322
	76	71
	332	323
	333	324
	79	74
	80	75
	337	328
	83	78
	84	79
	342	333
	87	82
	343	334
	344	335
	91	86
	97	92
	98	93
	99	94
	100	95
	101	96
	102	97
	105	100
	108	103
	111	106
	115	110
	116	111
	118	114
	119	115
	120	116
	121	117
	122	118
	123	119
	126	123
	131	128
	132	129
	133	130
	135	132
	139	137
	144	142
	145	143
	146	144
	148	146
	153	152
	154	153
	157	155
	158	155
	160	155
	165	161
	169	165
	170	166
	173	169
	174	170
	178	174
	182	178
	183	179
	186	182
	187	183
	190	186
	191	187
	194	190
	198	194
	199	195
	202	198
	207	203
	211	207
	215	211
	220	216
	228	221
	229	222
	233	226
	234	227
	236	229
	237	229
	239	229
	244	235
	245	236
	246	237
	252	242
	253	243
	254	244
	255	245
com/mojang/blaze3d/platform/PolygonMode	0	0
net/minecraft/client/renderer/chunk/CompiledSectionMesh	159	180
	129	147
	130	148
	132	165
	134	149
	135	152
	136	153
	137	155
	139	159
	140	160
	141	161
	144	165
	148	169
	22	24
	152	173
	28	30
	157	178
	158	179
	159	180
	39	40
	40	41
	41	42
	42	43
	43	44
	46	47
	47	48
	51	52
	56	57
	61	62
	66	67
	71	72
	76	77
	80	81
	81	82
	82	83
	83	84
	84	85
	85	88
	86	89
	87	91
	89	94
	90	95
	94	98
	95	99
	96	100
	97	105
	98	106
	100	109
	101	112
	104	101
	105	102
	108	118
	109	119
	110	120
	113	123
	114	124
	116	127
	117	128
	118	130
	119	132
	120	133
	121	136
	122	140
	123	141
	124	142
	126	144
net/minecraft/client/data/Main	58	56
	25	28
	27	29
	28	30
	29	31
	30	32
	31	33
	32	34
	34	35
	35	46
	36	48
	39	36
	40	37
	41	38
	43	39
	44	40
	46	41
	47	42
	48	43
	49	44
	50	48
	53	51
	54	52
	55	53
	56	54
	57	55
	58	56
net/minecraft/client/renderer/entity/layers/EnergySwirlLayer	28	39
	16	18
	20	22
	21	39
	24	23
	25	24
	27	25
	28	39
	15	17
net/minecraft/client/gui/components/ObjectSelectionList	80	81
	64	64
	65	65
	67	67
	74	75
	14	17
	79	80
	80	81
	17	20
	18	21
	22	25
	24	26
	27	29
	28	30
	29	31
	30	32
	32	35
	33	36
	34	37
	38	38
	39	39
	40	40
	41	41
	43	44
	44	44
	46	44
	48	46
	53	52
	54	53
	55	54
	56	55
	58	57
	59	58
	60	59
	61	60
net/minecraft/client/renderer/rendertype/package-info	0	0
net/minecraft/client/renderer/entity/SlimeRenderer	54	49
	33	31
	34	32
	35	33
	36	34
	37	35
	41	38
	13	16
	46	42
	16	19
	18	20
	19	21
	51	46
	52	47
	53	48
	54	49
	23	24
	29	28
	30	29
	31	30
net/minecraft/client/gui/screens/multiplayer/JoinMultiplayerScreen	254	250
	29	31
	50	47
	51	48
	52	49
	56	53
	57	54
	58	55
	60	56
	62	59
	63	60
	64	61
	65	62
	68	65
	69	67
	71	68
	72	69
	73	70
	74	71
	76	72
	77	73
	78	74
	79	75
	81	77
	82	78
	83	79
	84	80
	85	81
	86	82
	87	83
	88	84
	89	85
	91	86
	92	87
	93	88
	94	89
	96	90
	97	91
	99	92
	101	94
	102	95
	103	96
	104	97
	105	98
	106	99
	107	100
	108	101
	109	102
	110	103
	112	104
	115	107
	116	108
	117	109
	119	111
	120	113
	121	114
	122	115
	126	119
	127	120
	128	121
	130	123
	134	127
	135	128
	139	132
	141	133
	142	134
	143	135
	146	138
	147	139
	151	143
	152	144
	153	145
	155	148
	156	149
	157	150
	160	153
	161	154
	164	157
	165	158
	166	159
	167	160
	168	161
	169	162
	171	165
	172	166
	175	169
	176	170
	177	171
	178	172
	179	173
	180	174
	181	175
	182	176
	184	179
	185	180
	188	183
	189	184
	190	185
	191	186
	192	187
	194	189
	195	190
	197	193
	198	194
	200	197
	201	198
	204	201
	205	202
	206	203
	207	204
	208	205
	209	206
	211	208
	214	211
	216	213
	220	217
	221	218
	223	219
	224	220
	225	221
	227	223
	231	228
	232	229
	235	232
	236	233
	237	234
	239	235
	240	236
	241	237
	242	238
	243	239
	244	240
	247	243
	250	246
	254	250
net/minecraft/client/gui/screens/options/controls/KeyBindsList	194	199
	128	132
	132	136
	133	137
	134	138
	135	139
	137	140
	138	141
	139	142
	141	143
	143	144
	144	145
	145	146
	146	147
	148	149
	152	153
	29	29
	157	158
	30	29
	31	29
	33	30
	162	163
	35	31
	163	164
	36	32
	164	165
	37	33
	165	166
	39	35
	167	167
	40	36
	168	168
	169	169
	42	37
	170	170
	43	38
	171	171
	44	39
	173	174
	174	175
	47	42
	48	43
	49	44
	50	45
	179	180
	52	48
	180	181
	181	185
	54	50
	183	187
	57	53
	58	54
	186	190
	59	55
	187	191
	189	199
	62	58
	63	59
	194	63
	73	71
	74	75
	78	79
	79	80
	80	81
	84	85
	89	90
	95	95
	99	105
	109	114
	110	115
	112	116
	113	117
	114	118
	115	119
	116	122
	117	123
	119	124
	121	126
	123	127
	124	128
	125	129
	126	130
	127	131
net/minecraft/client/renderer/RenderPipelines	817	770
	23	765
	24	766
	28	770
	31	23
	32	24
	33	25
	34	26
	36	27
	37	27
	38	27
	40	28
	41	28
	42	28
	44	29
	45	29
	47	30
	48	31
	49	32
	51	33
	52	34
	53	35
	54	36
	55	37
	57	38
	58	39
	59	40
	60	41
	61	42
	62	43
	64	44
	65	45
	66	46
	67	47
	69	48
	70	49
	71	50
	72	51
	73	52
	74	53
	75	54
	77	55
	78	56
	79	57
	80	58
	81	59
	82	60
	83	61
	85	62
	86	63
	87	64
	88	65
	89	66
	90	67
	92	68
	93	69
	94	70
	95	71
	97	72
	98	73
	99	74
	100	75
	101	76
	102	77
	103	78
	105	79
	106	80
	107	81
	108	82
	109	83
	110	84
	111	85
	112	86
	114	87
	115	88
	116	89
	117	90
	118	91
	119	92
	120	93
	122	94
	123	95
	124	96
	125	97
	126	98
	127	99
	128	100
	130	101
	131	102
	132	103
	133	104
	134	105
	135	106
	136	107
	138	108
	139	109
	140	110
	141	111
	143	112
	144	113
	145	114
	146	115
	147	116
	148	117
	149	118
	151	119
	152	120
	153	121
	154	122
	155	123
	156	124
	157	125
	158	126
	160	127
	161	128
	162	129
	164	130
	165	131
	166	132
	167	133
	168	134
	169	135
	170	136
	171	137
	173	138
	174	139
	175	140
	176	141
	177	142
	179	143
	180	143
	181	143
	183	144
	184	144
	185	144
	187	145
	188	146
	189	146
	190	146
	192	148
	193	149
	194	149
	195	149
	197	151
	198	152
	199	152
	200	152
	202	154
	203	156
	204	157
	205	158
	206	159
	208	161
	209	163
	210	164
	211	165
	212	166
	214	168
	215	170
	216	171
	217	172
	218	173
	220	175
	221	177
	222	178
	223	179
	224	180
	225	181
	226	182
	227	183
	228	184
	230	186
	231	188
	232	189
	233	190
	234	191
	235	192
	236	193
	238	195
	239	197
	240	198
	241	199
	242	200
	243	201
	244	202
	245	203
	247	205
	248	207
	249	208
	250	209
	251	210
	252	211
	253	212
	254	213
	256	215
	257	216
	258	216
	259	216
	261	218
	262	219
	263	219
	264	219
	266	221
	267	222
	268	222
	269	222
	270	222
	272	224
	273	226
	274	227
	275	228
	276	229
	277	230
	278	231
	280	233
	281	235
	282	236
	283	237
	284	238
	285	239
	286	240
	288	242
	289	244
	290	245
	291	246
	292	247
	293	248
	294	249
	295	250
	297	252
	298	254
	299	255
	300	256
	301	257
	302	258
	303	259
	304	260
	305	261
	307	263
	308	265
	309	266
	310	267
	311	268
	312	269
	314	271
	315	273
	316	274
	317	275
	318	276
	319	277
	320	278
	321	279
	323	281
	324	283
	325	284
	326	285
	327	286
	328	287
	329	288
	330	289
	331	290
	333	292
	334	294
	335	295
	336	296
	337	297
	338	298
	339	299
	340	300
	341	301
	342	302
	343	303
	344	304
	345	305
	346	306
	348	308
	349	310
	350	311
	351	312
	352	313
	353	314
	354	315
	355	316
	356	317
	357	318
	358	319
	359	320
	361	322
	362	324
	363	325
	364	326
	365	327
	366	328
	367	329
	368	330
	369	331
	370	332
	371	333
	373	335
	374	337
	375	338
	376	339
	377	340
	378	341
	379	342
	380	343
	381	344
	383	346
	384	348
	385	349
	386	350
	387	351
	388	352
	389	353
	390	354
	391	355
	393	357
	394	358
	395	358
	397	360
	398	362
	399	363
	400	364
	401	365
	403	367
	404	369
	405	370
	406	371
	407	372
	408	373
	409	374
	410	375
	412	377
	413	379
	414	380
	415	381
	416	382
	417	383
	418	384
	419	385
	421	387
	422	389
	423	390
	424	391
	425	392
	426	393
	427	394
	429	396
	430	398
	431	399
	432	400
	433	401
	434	402
	435	403
	436	404
	437	405
	438	406
	439	407
	441	409
	442	411
	443	412
	444	413
	445	414
	446	415
	447	416
	448	417
	449	418
	450	419
	452	421
	453	423
	454	424
	455	425
	456	426
	457	427
	458	428
	460	430
	461	432
	462	433
	463	434
	464	435
	465	436
	466	437
	467	438
	469	440
	470	442
	471	443
	472	444
	473	445
	474	446
	475	447
	477	449
	478	451
	479	452
	480	453
	481	454
	482	455
	483	456
	484	457
	486	459
	487	461
	488	462
	489	463
	490	464
	491	465
	492	466
	494	468
	495	470
	496	471
	497	472
	498	473
	499	474
	500	475
	501	476
	503	478
	504	480
	505	481
	506	482
	507	483
	508	484
	509	485
	510	486
	512	488
	513	490
	514	491
	515	492
	516	493
	517	494
	518	495
	519	496
	521	498
	522	500
	523	501
	524	502
	525	503
	526	504
	527	505
	528	506
	530	508
	531	510
	532	511
	533	512
	534	513
	535	514
	536	515
	538	517
	539	519
	540	520
	541	521
	542	522
	543	523
	544	524
	545	525
	547	527
	548	529
	549	530
	550	531
	551	532
	552	533
	553	534
	555	536
	556	537
	557	537
	558	537
	560	539
	561	540
	562	540
	563	540
	565	542
	566	542
	567	542
	568	542
	570	543
	571	543
	572	543
	574	544
	575	544
	576	544
	578	545
	579	546
	580	546
	581	546
	583	548
	584	549
	585	549
	586	549
	587	549
	589	551
	590	553
	591	554
	592	555
	593	556
	594	557
	595	558
	597	560
	598	560
	599	560
	601	561
	602	562
	603	562
	604	562
	606	564
	607	566
	608	567
	609	568
	610	569
	612	571
	613	573
	614	574
	615	575
	616	576
	617	577
	618	578
	619	579
	620	580
	621	581
	623	583
	624	583
	625	583
	627	584
	628	585
	629	585
	630	585
	632	587
	633	587
	634	587
	636	588
	637	589
	638	589
	639	589
	641	591
	642	593
	643	594
	644	595
	645	596
	646	597
	647	598
	649	600
	650	602
	651	603
	652	604
	653	605
	654	606
	655	607
	656	608
	657	609
	659	611
	660	613
	661	614
	662	615
	663	616
	664	617
	665	618
	666	619
	668	621
	669	623
	670	624
	671	625
	672	626
	673	627
	674	628
	675	629
	677	631
	678	633
	679	634
	680	635
	681	636
	682	637
	683	638
	684	639
	685	640
	687	642
	688	642
	689	642
	691	643
	692	644
	693	644
	694	644
	696	646
	697	647
	698	647
	699	647
	701	649
	702	649
	703	649
	705	650
	706	652
	707	653
	708	654
	710	656
	711	658
	712	659
	713	660
	714	661
	716	663
	717	665
	718	666
	719	667
	720	668
	722	670
	723	671
	724	671
	725	671
	727	673
	728	674
	729	674
	730	674
	732	676
	733	678
	734	679
	735	680
	737	682
	738	683
	739	683
	740	683
	742	685
	743	687
	744	688
	745	689
	747	691
	748	693
	749	694
	750	695
	751	696
	752	697
	753	698
	754	699
	755	700
	756	701
	757	702
	759	704
	760	706
	761	707
	762	708
	763	709
	764	710
	765	711
	766	712
	767	713
	769	715
	770	717
	771	718
	772	719
	773	720
	774	721
	775	722
	776	723
	777	724
	779	726
	780	726
	781	726
	783	727
	784	728
	785	728
	786	728
	788	730
	789	732
	790	733
	791	734
	792	735
	793	736
	794	737
	795	738
	796	739
	798	741
	799	742
	800	743
	801	744
	802	745
	803	746
	804	747
	806	748
	807	750
	808	751
	809	752
	810	753
	812	755
	813	757
	814	758
	815	759
	816	760
	817	761
net/minecraft/client/renderer/item/properties/conditional/CustomModelDataProperty	30	31
	16	19
	17	20
	21	25
	22	26
	23	26
	25	26
	30	31
	15	19
net/minecraft/client/gui/components/PopupScreen	151	167
	128	144
	129	145
	133	149
	134	150
	138	154
	139	155
	143	159
	144	160
	19	21
	148	164
	149	165
	151	167
	37	45
	38	46
	39	47
	40	48
	41	49
	42	50
	43	51
	44	52
	48	56
	49	57
	50	58
	54	62
	55	63
	56	64
	57	65
	58	66
	60	69
	61	70
	63	72
	64	74
	65	75
	68	78
	69	79
	70	80
	71	81
	72	83
	73	84
	75	87
	80	92
	81	93
	82	94
	83	95
	87	99
	88	100
	89	101
	90	102
	91	103
	92	104
	93	107
	97	111
	102	116
	103	117
	105	120
	106	121
	118	134
	119	135
	120	136
	123	139
	124	140
net/minecraft/client/gui/render/pip/GuiSkinRenderer	50	44
	32	30
	33	31
	34	32
	35	33
	37	34
	39	35
	41	36
	42	37
	43	38
	45	39
	46	40
	50	44
	19	19
	20	20
	24	24
	29	28
	31	29
com/mojang/realmsclient/gui/screens/RealmsResetWorldScreen	229	271
	39	41
	41	42
	42	43
	44	44
	45	45
	47	46
	48	47
	49	48
	51	49
	52	50
	54	51
	55	52
	56	53
	57	54
	64	59
	65	60
	66	61
	67	62
	68	63
	69	64
	83	77
	84	78
	87	90
	88	91
	89	92
	90	93
	91	94
	92	95
	93	96
	94	97
	95	98
	98	102
	102	107
	106	112
	111	118
	112	119
	113	120
	114	121
	116	122
	119	125
	121	128
	122	129
	123	130
	124	131
	125	132
	126	133
	127	134
	128	135
	129	136
	130	137
	131	138
	132	139
	134	141
	135	142
	137	143
	138	144
	139	145
	140	146
	141	151
	143	154
	144	159
	146	162
	147	167
	150	171
	152	172
	153	177
	155	181
	156	186
	158	190
	159	195
	162	199
	164	201
	165	203
	166	204
	170	208
	171	209
	175	213
	180	218
	181	219
	184	222
	185	223
	186	224
	188	227
	189	228
	192	231
	193	232
	194	233
	196	236
	197	237
	199	240
	200	241
	201	242
	204	246
	211	253
	212	254
	213	255
	217	259
	218	260
	219	261
	220	262
	222	265
	223	266
	224	267
	225	268
	227	269
	228	270
	229	271
net/minecraft/client/particle/HugeExplosionSeedParticle	31	37
	10	13
	11	14
	12	15
	16	19
	17	20
	18	21
	19	22
	20	23
	22	26
	23	27
	24	28
	26	30
	31	37
net/minecraft/client/renderer/entity/WolfRenderer	53	46
	33	28
	38	32
	43	36
	44	37
	45	38
	46	39
	15	17
	47	40
	48	41
	17	18
	49	42
	18	19
	50	43
	19	20
	51	44
	52	45
	53	46
	24	23
	25	24
	26	24
	28	24
net/minecraft/client/renderer/texture/package-info	0	0
net/minecraft/client/PeriodicNotificationManager	176	166
	142	133
	143	134
	144	135
	145	136
	148	139
	150	140
	155	145
	156	146
	158	148
	31	40
	159	149
	32	41
	33	42
	34	43
	35	44
	163	150
	36	46
	164	151
	38	50
	166	152
	167	155
	168	156
	170	158
	171	159
	173	162
	47	57
	48	58
	176	166
	49	59
	53	62
	54	63
	55	64
	56	65
	58	66
	63	71
	64	73
	65	74
	66	75
	67	76
	69	77
	70	78
	71	97
	74	79
	75	80
	76	81
	77	97
	80	83
	81	84
	83	85
	84	86
	87	89
	88	90
	90	92
	93	95
	94	97
	98	101
	99	102
	102	105
	103	106
	105	108
	108	111
	109	111
	110	112
	111	113
	113	114
	114	114
	118	118
	119	118
	120	118
	121	118
net/minecraft/client/renderer/state/SkyRenderState	23	30
	22	29
	7	14
	23	30
	15	22
net/minecraft/client/gui/navigation/ScreenRectangle	139	126
	129	118
	130	119
	131	120
	132	121
	133	122
	134	123
	135	124
	136	125
	9	12
	137	126
	138	126
	139	126
	12	15
	13	16
	16	19
	20	23
	21	24
	22	25
	27	30
	31	34
	32	35
	33	36
	38	41
	39	42
	40	42
	42	42
	46	46
	48	47
	49	48
	50	49
	52	50
	56	54
	60	58
	61	59
	62	60
	63	61
	64	62
	68	66
	72	70
	73	71
	74	72
	75	73
	76	74
	77	74
	79	74
	83	78
	84	79
	85	80
	86	81
	90	85
	94	92
	98	96
	102	100
	106	104
	110	108
	117	112
	118	113
	119	114
	120	114
	121	114
net/minecraft/client/renderer/entity/UndeadHorseRenderer	82	93
	76	87
	77	88
	78	89
	79	90
	80	91
	81	92
	18	21
	82	93
	19	21
	20	21
	22	22
	24	23
	26	28
	27	29
	28	30
	31	33
	33	38
	34	39
	35	40
	37	43
	41	46
	46	50
	50	56
	51	56
	58	64
	59	64
net/minecraft/client/gui/screens/advancements/AdvancementTab	209	216
	128	134
	129	135
	130	136
	135	141
	136	142
	138	144
	140	146
	143	149
	147	153
	148	154
	149	155
	151	158
	152	159
	153	163
	154	158
	156	160
	158	166
	162	170
	163	171
	165	174
	166	175
	168	177
	43	52
	171	180
	44	53
	45	54
	46	55
	47	56
	175	184
	48	57
	49	58
	50	59
	51	60
	179	188
	52	61
	180	189
	53	62
	181	193
	56	65
	184	190
	185	191
	186	193
	60	69
	189	196
	190	197
	191	198
	64	73
	192	199
	193	200
	194	201
	195	202
	68	77
	196	203
	197	204
	199	206
	72	81
	200	207
	202	209
	76	85
	77	86
	205	212
	78	87
	79	88
	80	89
	209	216
	82	91
	85	94
	86	95
	89	98
	90	99
	91	100
	92	101
	95	104
	96	105
	97	106
	99	107
	100	108
	101	109
	102	110
	103	111
	105	113
	106	114
	107	115
	111	119
	112	120
	113	121
	115	122
	116	123
	117	124
	120	127
	122	128
	123	129
	124	130
	125	131
	126	132
	127	133
net/minecraft/client/player/AbstractClientPlayer	141	137
	128	124
	129	125
	130	126
	131	127
	132	128
	136	132
	141	137
	35	35
	37	36
	38	37
	42	40
	43	41
	47	45
	48	46
	50	49
	55	53
	56	54
	57	55
	60	58
	61	59
	65	63
	70	68
	71	69
	72	70
	73	71
	74	72
	75	73
	77	75
	82	81
	83	82
	88	87
	93	91
	94	92
	95	93
	99	96
	100	97
	101	98
	105	102
	106	105
	108	103
	111	108
	112	109
	115	112
	117	113
	118	114
	121	117
	122	118
	123	119
	124	120
	127	123
net/minecraft/client/KeyboardHandler	661	678
	516	545
	518	546
	520	548
	521	547
	523	550
	524	550
	528	551
	529	552
	531	554
	533	556
	534	556
	537	557
	540	560
	541	561
	542	602
	545	563
	546	564
	547	565
	548	566
	549	567
	550	568
	551	569
	552	569
	553	570
	554	571
	555	572
	559	575
	560	576
	561	577
	562	578
	565	581
	566	582
	569	585
	570	586
	571	587
	572	588
	576	592
	65	64
	578	593
	579	594
	581	596
	582	597
	72	74
	73	75
	585	602
	588	605
	589	620
	591	606
	592	607
	81	78
	593	620
	83	80
	84	81
	596	609
	597	610
	86	84
	598	611
	87	85
	599	612
	88	86
	600	613
	601	614
	90	106
	602	615
	91	107
	603	616
	92	108
	605	620
	94	110
	95	111
	608	623
	97	114
	98	115
	610	624
	99	116
	611	625
	612	626
	101	88
	102	89
	614	627
	103	90
	615	628
	616	629
	105	118
	106	119
	618	630
	107	120
	109	122
	621	633
	110	123
	622	634
	623	635
	112	126
	625	637
	114	128
	115	129
	117	132
	629	641
	118	133
	630	642
	119	134
	632	644
	121	136
	122	137
	123	138
	635	647
	636	648
	125	104
	637	649
	638	650
	639	651
	640	652
	641	653
	130	143
	131	144
	643	656
	644	657
	645	658
	134	147
	646	659
	135	148
	647	660
	136	149
	649	663
	650	664
	139	152
	651	665
	652	667
	653	668
	143	159
	655	671
	144	160
	657	674
	658	675
	147	163
	148	164
	661	678
	151	167
	152	168
	155	171
	156	172
	159	175
	160	176
	163	179
	164	180
	167	183
	168	184
	170	189
	171	190
	174	186
	175	187
	180	194
	181	195
	182	196
	183	197
	184	198
	185	199
	188	202
	189	202
	190	203
	191	204
	192	205
	196	208
	197	209
	198	210
	201	213
	202	213
	203	214
	204	215
	205	216
	209	219
	210	220
	211	221
	212	222
	213	223
	216	226
	217	227
	218	228
	220	231
	223	234
	224	235
	225	236
	226	237
	227	238
	229	240
	230	241
	232	244
	235	247
	236	248
	237	249
	239	251
	241	254
	244	257
	245	258
	246	259
	247	260
	248	261
	249	262
	251	265
	253	268
	256	271
	257	272
	258	273
	259	274
	260	275
	263	278
	264	279
	265	280
	266	281
	268	282
	269	283
	270	284
	272	285
	273	286
	276	289
	277	290
	278	291
	279	292
	282	295
	283	296
	284	297
	286	304
	289	307
	290	307
	291	308
	292	309
	293	321
	297	324
	298	325
	299	326
	300	327
	303	330
	304	331
	305	332
	308	335
	309	336
	310	337
	313	340
	314	341
	315	342
	318	345
	322	349
	323	350
	324	408
	327	351
	329	353
	330	354
	331	355
	333	356
	334	357
	335	358
	336	359
	337	360
	338	361
	340	363
	341	364
	342	365
	343	366
	346	369
	347	370
	352	374
	353	375
	354	376
	355	377
	356	378
	357	379
	358	380
	359	381
	361	383
	362	386
	363	387
	364	388
	365	399
	366	400
	369	403
	370	404
	377	408
	380	411
	381	412
	382	413
	384	416
	385	417
	386	418
	390	422
	391	423
	392	424
	393	425
	394	426
	396	428
	398	431
	399	432
	402	435
	403	436
	404	602
	407	437
	410	438
	411	439
	412	440
	413	441
	414	442
	415	443
	416	444
	418	446
	419	447
	420	448
	421	449
	422	450
	429	453
	431	454
	432	455
	434	467
	435	457
	439	471
	440	471
	441	472
	442	473
	443	474
	444	475
	445	476
	446	477
	447	478
	449	481
	450	484
	451	485
	452	486
	454	489
	456	493
	461	497
	462	498
	463	499
	465	500
	466	501
	467	502
	468	503
	469	504
	470	505
	474	509
	482	513
	485	515
	486	524
	487	525
	490	526
	491	527
	492	528
	494	531
	496	516
	497	516
	498	517
	499	518
	501	521
	504	534
	505	535
	506	536
	507	537
	508	538
	509	539
	510	540
	511	541
net/minecraft/client/gui/render/pip/GuiBannerResultRenderer	43	57
	33	32
	34	33
	35	34
	36	35
	37	37
	22	22
	38	52
	23	23
	39	53
	24	24
	43	57
	28	28
net/minecraft/client/renderer/fog/environment/BlindnessFogEnvironment	44	48
	32	35
	36	39
	37	40
	38	41
	39	42
	41	44
	44	48
	17	20
	22	25
	23	26
	24	27
	25	28
	26	29
	27	30
	28	31
	29	32
net/minecraft/client/renderer/entity/BoatRenderer	44	56
	36	39
	23	26
	24	27
	25	28
	41	44
	26	29
	42	45
	27	30
	44	56
	31	34
net/minecraft/client/gui/screens/achievement/StatsScreen	633	639
	512	388
	513	389
	514	390
	515	391
	519	395
	520	396
	521	397
	522	398
	523	399
	524	400
	525	401
	526	402
	527	403
	528	404
	529	405
	530	406
	532	407
	533	408
	535	409
	536	410
	538	412
	542	416
	547	421
	554	429
	555	433
	556	436
	557	437
	558	438
	562	442
	563	443
	564	444
	565	445
	54	56
	56	57
	57	58
	58	59
	59	60
	572	556
	61	61
	62	62
	574	558
	63	63
	575	559
	64	64
	576	562
	65	65
	579	565
	583	569
	73	71
	588	574
	592	578
	82	77
	84	78
	85	79
	86	80
	90	84
	91	85
	603	589
	92	86
	93	87
	605	590
	94	88
	606	591
	95	89
	607	592
	96	91
	608	593
	97	92
	98	93
	610	595
	611	596
	100	94
	101	95
	102	96
	614	599
	103	97
	615	600
	104	98
	616	601
	105	99
	617	602
	106	100
	107	101
	619	604
	108	102
	620	605
	109	103
	110	104
	622	607
	113	107
	114	108
	626	611
	115	109
	627	612
	628	613
	117	112
	629	616
	118	113
	633	620
	122	118
	123	119
	124	120
	125	121
	126	122
	127	123
	128	124
	129	125
	131	127
	134	130
	135	139
	137	131
	138	132
	139	133
	140	134
	142	136
	144	139
	148	143
	149	153
	151	144
	152	145
	154	146
	155	147
	156	148
	157	149
	158	150
	159	151
	160	153
	164	157
	165	157
	167	157
	172	162
	173	163
	174	164
	178	168
	179	169
	180	170
	184	174
	185	175
	191	630
	192	631
	193	632
	194	633
	198	637
	199	638
	200	639
	205	184
	207	185
	208	186
	209	188
	210	189
	212	191
	216	195
	221	200
	225	204
	232	212
	233	213
	234	214
	237	217
	242	222
	243	223
	244	224
	245	225
	246	226
	247	227
	248	228
	252	233
	258	178
	279	254
	281	255
	282	256
	283	257
	285	258
	286	260
	287	261
	289	263
	290	264
	291	265
	295	269
	296	270
	300	274
	301	275
	303	277
	304	278
	305	279
	309	283
	310	284
	314	288
	315	289
	316	290
	317	292
	318	293
	321	296
	325	300
	328	303
	333	308
	337	312
	341	316
	342	317
	343	318
	345	321
	346	322
	347	322
	349	322
	353	326
	354	327
	355	328
	356	329
	357	330
	359	332
	360	333
	363	336
	364	337
	367	340
	368	341
	369	342
	370	344
	371	345
	373	347
	376	350
	377	351
	378	352
	379	353
	381	355
	382	356
	389	529
	390	530
	394	533
	395	534
	396	535
	397	536
	398	537
	399	538
	400	539
	402	541
	403	542
	404	543
	407	546
	408	547
	411	548
	417	361
	427	455
	428	456
	429	457
	432	460
	437	465
	438	466
	440	467
	441	468
	442	470
	444	472
	445	473
	447	475
	449	478
	451	481
	452	482
	453	486
	455	490
	458	493
	459	494
	460	495
	464	499
	469	504
	474	510
	475	511
	479	515
	480	516
	481	517
	485	521
	486	522
	491	369
	492	370
	493	371
	494	372
	495	373
	496	374
	508	384
	509	385
	510	386
	511	387
net/minecraft/client/renderer/entity/layers/WitchItemLayer	28	30
	11	14
	12	15
	16	18
	17	19
	18	20
	19	21
	20	22
	21	23
	22	24
	23	25
	24	26
	25	30
	27	28
	28	30
net/minecraft/client/renderer/fog/environment/AtmosphericFogEnvironment	121	103
	32	31
	34	32
	35	33
	36	34
	37	35
	38	36
	39	37
	40	38
	41	39
	42	40
	43	41
	44	42
	49	47
	50	48
	52	49
	53	49
	56	50
	57	51
	59	52
	61	52
	65	56
	66	57
	67	58
	68	59
	70	62
	71	63
	73	66
	78	71
	80	72
	81	73
	82	74
	84	75
	87	76
	88	77
	90	78
	92	78
	94	79
	95	80
	96	80
	100	82
	101	83
	102	84
	103	85
	104	86
	106	88
	109	91
	110	92
	111	93
	112	94
	113	95
	114	96
	115	97
	116	98
	117	99
	121	103
net/minecraft/client/particle/NoRenderParticle	16	19
	16	19
	7	10
	8	11
	11	14
	12	15
net/minecraft/client/telemetry/TelemetryEventLog	38	39
	20	21
	36	37
	21	22
	37	38
	22	23
	38	39
	25	26
	27	28
	28	29
	29	30
	14	16
	31	32
net/minecraft/client/gui/components/AbstractStringWidget	71	76
	65	70
	66	71
	67	72
	70	75
	71	76
	19	21
	20	22
	21	23
	28	30
	29	31
	30	32
	32	34
	35	37
	37	40
	38	41
	42	45
	43	47
	44	49
	45	50
	46	51
	47	52
	48	53
	52	57
	53	58
	57	62
	60	65
net/minecraft/client/gui/screens/inventory/SignEditScreen	49	50
	36	38
	37	46
	39	39
	40	40
	41	41
	42	42
	43	43
	44	44
	45	46
	14	17
	49	50
	18	21
	19	22
	23	26
	25	27
	26	28
	27	29
	31	33
net/minecraft/client/resources/server/DownloadedPackSource	449	422
	256	238
	258	239
	262	239
	265	240
	267	241
	268	242
	269	243
	270	244
	271	245
	273	248
	276	251
	281	255
	285	259
	286	259
	288	259
	292	263
	293	264
	294	265
	295	266
	297	267
	298	268
	300	269
	301	270
	302	271
	303	272
	50	59
	307	276
	52	60
	308	277
	309	278
	54	61
	312	281
	57	63
	313	282
	314	283
	315	284
	316	285
	317	286
	319	289
	321	291
	66	67
	67	68
	324	294
	325	295
	326	296
	71	72
	327	297
	72	73
	330	299
	333	302
	334	303
	335	304
	338	306
	341	309
	342	309
	344	309
	348	313
	349	314
	350	315
	96	85
	353	318
	98	88
	354	319
	99	89
	100	90
	357	322
	358	323
	103	93
	104	94
	105	94
	361	326
	362	327
	365	330
	110	97
	111	98
	368	333
	369	335
	370	336
	115	102
	371	337
	116	103
	373	339
	118	104
	374	340
	119	104
	122	105
	378	344
	379	346
	380	347
	125	108
	381	348
	382	349
	383	350
	384	351
	386	353
	387	354
	135	118
	136	119
	392	359
	393	360
	394	361
	139	122
	395	363
	140	123
	396	366
	397	369
	142	125
	399	371
	144	128
	145	129
	402	374
	403	375
	404	376
	149	132
	405	377
	150	133
	151	134
	152	135
	408	380
	153	136
	409	381
	412	384
	157	139
	413	385
	158	140
	159	141
	160	142
	416	388
	417	389
	418	390
	164	145
	165	146
	421	393
	166	147
	422	394
	170	150
	426	398
	171	151
	427	399
	172	152
	428	400
	429	401
	174	154
	431	403
	177	157
	178	158
	434	407
	179	159
	435	408
	180	160
	181	161
	437	410
	183	163
	441	414
	186	166
	442	415
	443	416
	444	417
	191	171
	448	421
	449	422
	194	173
	197	176
	198	177
	199	179
	200	181
	201	183
	202	185
	203	187
	204	189
	209	195
	213	196
	215	196
	218	199
	219	200
	224	205
	230	211
	231	212
	232	213
	233	214
	235	216
	238	219
	239	220
	240	221
	242	224
	243	225
	248	230
	252	234
	254	236
	255	237
net/minecraft/client/model/animal/panda/PandaModel	126	117
	19	20
	22	23
	23	24
	26	27
	27	28
	29	29
	30	31
	31	32
	32	34
	33	36
	34	38
	35	40
	37	42
	38	44
	39	44
	40	45
	43	47
	44	48
	45	49
	46	49
	47	50
	48	51
	49	52
	50	53
	52	54
	57	58
	59	59
	60	60
	61	61
	63	62
	64	63
	66	65
	69	68
	70	69
	71	70
	72	71
	73	72
	74	73
	78	77
	79	78
	80	79
	83	80
	84	81
	87	82
	88	83
	90	84
	91	85
	93	86
	94	87
	97	90
	98	91
	99	92
	100	93
	103	96
	104	97
	105	98
	106	99
	109	102
	110	103
	111	104
	112	105
	113	106
	115	107
	118	110
	119	111
	121	112
	122	113
	123	114
	124	115
	126	117
net/minecraft/client/gui/render/state/ColoredRectangleRenderState	26	51
	18	43
	19	44
	20	45
	21	46
	22	47
	25	50
	26	51
	13	38
	14	39
com/mojang/realmsclient/gui/screens/RealmsSelectFileToUploadScreen	112	121
	64	70
	65	71
	66	72
	67	73
	70	76
	71	77
	72	79
	74	81
	76	82
	77	84
	78	86
	79	87
	83	91
	20	23
	84	92
	22	24
	86	95
	23	25
	87	96
	91	100
	92	101
	95	104
	96	105
	98	107
	101	110
	102	111
	40	36
	41	37
	42	38
	106	115
	43	39
	44	40
	45	41
	111	120
	112	121
	49	45
	50	46
	51	47
	52	48
	53	51
	54	52
	55	53
	57	55
	60	59
	61	61
	62	66
	63	68
net/minecraft/client/renderer/state/package-info	0	0
net/minecraft/client/resources/IndexedAssetSource	51	51
	32	34
	33	35
	34	36
	35	37
	37	38
	38	39
	39	40
	40	41
	42	42
	45	45
	46	46
	47	47
	48	48
	51	51
	21	24
	22	25
	25	28
	27	29
	29	30
	30	32
	31	33
net/minecraft/client/model/animal/cow/CowModel	61	62
	19	19
	23	23
	24	24
	27	27
	28	28
	32	32
	33	33
	35	34
	36	36
	37	37
	38	39
	39	41
	40	43
	41	45
	43	47
	44	49
	45	49
	46	49
	47	50
	50	52
	51	52
	52	53
	53	53
	54	54
	55	55
	56	56
	57	57
	58	58
	61	62
net/minecraft/client/model/monster/slime/SlimeModel	56	34
	32	28
	33	29
	35	30
	36	30
	37	30
	40	31
	41	31
	42	31
	45	32
	46	32
	15	17
	47	32
	16	18
	50	33
	19	21
	51	33
	20	22
	52	33
	22	23
	23	23
	24	23
	56	34
	28	24
com/mojang/blaze3d/platform/package-info	0	0
net/minecraft/client/gui/components/toasts/ToastManager	270	274
	256	261
	257	262
	258	263
	260	265
	263	268
	264	274
	266	269
	267	270
	268	271
	269	272
	270	274
	39	37
	40	38
	41	39
	44	42
	45	43
	46	44
	47	45
	49	46
	50	47
	51	48
	54	51
	55	52
	56	53
	58	55
	61	58
	62	59
	63	60
	64	61
	65	62
	66	63
	68	66
	69	67
	70	68
	71	69
	72	70
	74	73
	78	77
	79	78
	80	79
	82	81
	85	84
	86	100
	88	85
	89	86
	90	87
	92	90
	93	91
	95	94
	96	97
	98	100
	101	103
	102	104
	103	106
	104	107
	105	108
	106	109
	107	110
	111	115
	115	119
	120	123
	121	124
	122	125
	125	129
	126	130
	127	131
	130	135
	134	139
	135	140
	136	141
	137	142
	140	145
	141	146
	144	149
	145	150
	146	151
	148	153
	151	156
	152	157
	154	159
	157	162
	161	166
	165	170
	166	173
	168	175
	171	178
	172	189
	173	180
	175	183
	176	184
	177	185
	181	191
	198	207
	199	208
	200	209
	201	210
	202	211
	205	214
	209	218
	210	219
	211	220
	212	221
	213	222
	214	223
	215	224
	218	227
	222	231
	223	232
	224	233
	225	234
	227	236
	229	238
	232	241
	234	242
	235	243
	236	244
	239	247
	240	248
	243	251
	244	252
	246	253
	248	254
	250	255
	252	256
	253	257
	255	260
net/minecraft/client/gui/screens/inventory/tooltip/ClientTooltipPositioner	0	0
net/minecraft/client/gui/screens/recipebook/RecipeButton	191	180
	129	117
	132	120
	136	124
	140	128
	141	129
	146	133
	147	134
	148	135
	149	136
	150	137
	26	26
	154	141
	27	27
	155	142
	28	28
	156	143
	29	29
	158	146
	32	32
	163	151
	164	152
	165	153
	166	154
	167	154
	42	40
	170	157
	43	41
	44	42
	172	159
	47	45
	176	163
	49	46
	50	48
	51	50
	53	51
	181	168
	54	52
	55	53
	56	54
	58	56
	186	175
	187	176
	61	59
	62	60
	190	179
	191	180
	64	61
	67	64
	69	66
	70	67
	72	68
	73	69
	76	73
	80	77
	86	83
	87	84
	88	85
	90	87
	93	89
	94	90
	96	92
	100	95
	101	96
	102	97
	104	98
	105	99
	106	100
	107	101
	109	102
	112	105
	114	106
	115	107
	119	108
	120	109
	121	110
	124	113
	126	114
	127	115
net/minecraft/client/gui/screens/reporting/ChatSelectionScreen	441	427
	260	266
	283	295
	284	296
	285	297
	287	300
	288	301
	289	302
	290	304
	291	305
	292	306
	294	308
	295	309
	41	42
	297	312
	42	43
	298	313
	43	44
	302	317
	303	318
	306	321
	307	322
	308	323
	310	324
	311	325
	58	55
	314	328
	59	56
	315	329
	60	57
	316	330
	61	58
	62	59
	63	60
	319	333
	320	334
	321	335
	67	64
	323	336
	324	337
	69	65
	70	66
	327	340
	72	67
	73	67
	74	67
	330	343
	331	344
	76	68
	332	345
	77	69
	333	346
	78	70
	79	71
	80	72
	336	349
	337	350
	82	73
	83	74
	84	75
	341	354
	87	78
	346	359
	91	82
	92	83
	93	84
	351	364
	96	87
	352	365
	97	88
	100	91
	101	92
	357	370
	358	370
	360	370
	105	96
	106	97
	108	98
	365	375
	110	99
	111	100
	112	101
	113	102
	114	103
	370	380
	116	104
	117	105
	118	106
	375	385
	122	110
	123	111
	379	389
	380	390
	381	391
	382	392
	127	115
	384	394
	136	124
	137	125
	141	129
	397	408
	142	130
	398	409
	143	131
	399	410
	144	132
	400	411
	146	134
	404	415
	405	416
	150	138
	406	417
	151	139
	152	140
	408	418
	153	142
	409	419
	154	144
	410	420
	155	145
	156	146
	159	150
	160	152
	417	226
	162	153
	418	227
	163	154
	164	155
	166	158
	422	231
	167	159
	423	232
	425	233
	426	234
	171	163
	427	235
	172	164
	173	165
	429	236
	174	166
	430	237
	175	167
	434	241
	179	171
	183	175
	441	427
	188	179
	189	180
	190	181
	191	182
	194	185
	195	186
	198	189
	199	190
	200	191
	201	192
	202	193
	204	195
	209	200
	214	204
	215	205
	216	206
	217	207
	219	209
	223	213
	224	214
	225	214
	227	214
	231	218
	236	273
	243	249
	247	253
	251	257
	255	261
net/minecraft/client/renderer/special/ConduitSpecialRenderer	53	65
	36	65
	42	29
	43	30
	44	31
	45	44
	46	45
	50	49
	51	50
	52	51
	53	52
	22	23
	23	24
	24	25
	27	56
	31	60
net/minecraft/client/sounds/MusicManager	198	196
	129	130
	130	131
	131	132
	132	133
	135	135
	136	136
	140	141
	141	141
	144	141
	148	145
	149	146
	150	147
	151	148
	154	152
	30	31
	158	156
	31	32
	159	157
	32	33
	160	158
	35	36
	163	162
	36	37
	164	163
	37	38
	165	164
	38	39
	39	40
	168	166
	43	44
	44	45
	45	46
	46	65
	175	172
	176	173
	49	48
	177	174
	50	49
	178	175
	51	50
	52	51
	181	178
	182	179
	55	54
	183	182
	56	55
	184	183
	57	56
	186	186
	187	187
	188	188
	61	60
	63	61
	64	62
	193	192
	66	65
	69	68
	198	196
	73	72
	74	73
	75	74
	77	76
	78	77
	79	78
	80	80
	82	83
	83	84
	86	87
	87	88
	88	89
	90	91
	93	94
	94	95
	96	97
	99	100
	100	101
	101	102
	102	103
	104	106
	105	107
	108	110
	109	111
	111	114
	112	115
	114	118
	117	119
	118	120
	119	121
	124	124
	125	125
	126	126
net/minecraft/client/renderer/entity/SnifferRenderer	42	39
	32	31
	33	32
	34	33
	35	34
	36	35
	37	36
	42	39
	12	14
	15	17
	16	18
	20	21
	25	25
	30	29
	31	30
net/minecraft/client/gui/screens/inventory/GrindstoneScreen	33	35
	33	35
	11	14
	12	15
	15	18
	16	19
	20	23
	21	24
	22	25
	26	29
	27	30
	28	31
	30	32
	31	33
net/minecraft/client/ResourceLoadStateTracker	106	108
	65	68
	66	69
	67	70
	68	71
	70	73
	16	18
	82	97
	83	98
	84	99
	23	23
	87	102
	24	24
	88	103
	25	25
	89	104
	27	28
	91	105
	28	31
	92	106
	94	108
	31	34
	32	35
	33	36
	98	78
	99	79
	36	39
	100	80
	37	40
	40	43
	41	44
	105	85
	106	86
	43	46
	45	48
	48	51
	49	52
	50	53
	51	54
	53	56
	59	63
	60	64
	63	67
net/minecraft/client/renderer/entity/state/CatRenderState	10	12
	8	11
	10	12
net/minecraft/client/particle/SplashParticle	28	33
	17	20
	23	27
	24	28
	10	13
	11	14
	12	15
	28	33
	13	16
	14	17
	15	18
net/minecraft/client/particle/ReversePortalParticle	50	50
	33	32
	35	33
	36	34
	37	35
	38	37
	10	13
	12	14
	44	44
	13	15
	45	45
	14	16
	49	50
	18	20
	50	50
	19	21
	24	26
	25	27
	26	28
	28	29
	29	30
	30	37
net/minecraft/client/gui/font/glyphs/EffectGlyph	0	0
net/minecraft/client/gui/components/toasts/AdvancementToast	89	86
	66	62
	67	63
	69	64
	70	65
	71	66
	73	68
	74	69
	75	70
	76	71
	77	72
	79	74
	80	75
	81	77
	82	78
	83	79
	22	23
	88	84
	89	86
	28	29
	29	30
	33	34
	38	39
	39	40
	40	41
	41	45
	44	43
	45	45
	49	49
	53	53
	54	54
	59	59
	60	60
	62	61
	63	86
net/minecraft/client/renderer/entity/layers/ItemInHandLayer	54	77
	33	56
	34	57
	37	58
	38	59
	41	60
	42	61
	43	62
	44	65
	47	68
	48	69
	49	70
	19	22
	20	23
	52	74
	53	75
	54	77
	24	26
	25	35
	26	44
	29	55
	30	77
net/minecraft/client/model/animal/golem/SnowGolemModel	84	68
	64	53
	66	54
	67	55
	68	56
	70	57
	71	58
	73	59
	74	60
	76	61
	77	62
	79	63
	80	64
	81	65
	84	68
	24	25
	25	26
	26	27
	27	28
	28	29
	29	30
	32	33
	33	34
	34	35
	36	36
	38	37
	39	38
	40	38
	41	38
	43	40
	44	40
	45	41
	46	42
	48	43
	49	44
	50	44
	51	44
	53	46
	54	47
	55	47
	56	47
	59	49
net/minecraft/client/model/animal/equine/AbstractEquineModel	221	180
	27	26
	39	36
	40	37
	41	38
	43	39
	44	40
	45	41
	46	42
	48	43
	49	44
	52	47
	53	48
	54	49
	55	51
	56	51
	57	52
	61	54
	62	56
	63	56
	64	57
	67	59
	68	60
	69	60
	71	62
	72	63
	73	63
	76	65
	77	66
	78	66
	82	68
	83	70
	84	70
	85	71
	87	73
	88	75
	89	75
	90	76
	92	78
	93	80
	94	80
	95	81
	97	83
	98	85
	99	85
	100	86
	103	88
	104	90
	105	90
	106	91
	109	93
	110	94
	111	94
	114	96
	115	97
	116	97
	120	99
	124	103
	128	107
	130	108
	132	109
	133	110
	134	112
	135	112
	136	113
	138	115
	139	117
	140	117
	141	118
	143	120
	144	122
	145	122
	146	123
	148	125
	149	127
	150	127
	151	128
	153	130
	158	134
	161	135
	163	136
	164	137
	165	138
	166	139
	167	140
	170	143
	171	144
	172	145
	173	146
	174	147
	176	148
	177	149
	179	150
	180	151
	181	152
	184	153
	185	154
	186	155
	188	156
	190	157
	191	158
	193	159
	195	160
	196	161
	198	162
	199	163
	201	164
	202	165
	204	166
	205	167
	207	168
	208	169
	209	170
	210	171
	212	172
	213	173
	214	174
	216	175
	217	176
	219	178
	221	180
net/minecraft/client/gui/screens/ErrorScreen	39	41
	34	36
	35	37
	39	41
	13	15
	14	16
	15	17
	19	21
	21	23
	22	25
	26	29
	28	30
	29	31
	30	32
net/minecraft/client/PrioritizeChunkUpdates	27	30
	16	20
	22	25
	23	26
	24	27
	10	13
	11	14
	27	30
	12	15
	15	18
net/minecraft/client/model/animal/panda/package-info	0	0
net/minecraft/client/gui/components/debug/DebugScreenProfile	25	27
	16	19
	17	20
	20	23
	6	10
	7	11
	25	27
	10	13
	15	18
net/minecraft/client/resources/sounds/AbstractSoundInstance	115	118
	65	68
	70	73
	75	78
	80	83
	85	88
	90	93
	28	30
	29	31
	95	98
	32	34
	33	35
	34	36
	35	37
	100	103
	39	41
	105	108
	44	46
	45	47
	46	48
	110	113
	48	51
	49	52
	50	53
	115	118
	52	55
	55	58
	60	63
net/minecraft/client/renderer/entity/BoggedRenderer	34	33
	32	31
	17	19
	33	32
	18	20
	34	33
	22	23
	11	14
	27	27
	12	15
	15	18
com/mojang/blaze3d/platform/DestFactor	0	0
net/minecraft/client/renderer/texture/MipmapGenerator	206	202
	12	17
	20	20
	21	21
	23	22
	24	23
	25	25
	26	26
	27	27
	28	28
	29	29
	30	30
	32	31
	33	33
	34	34
	35	36
	36	37
	37	38
	38	39
	39	40
	43	45
	47	49
	51	53
	52	54
	53	55
	54	56
	55	57
	56	58
	57	59
	59	61
	60	62
	62	63
	63	64
	64	65
	65	66
	68	69
	69	70
	70	72
	71	76
	76	79
	79	82
	80	83
	81	84
	82	85
	83	86
	84	87
	85	88
	88	91
	91	94
	92	95
	95	98
	96	99
	97	100
	98	101
	99	102
	103	106
	104	107
	107	110
	109	111
	111	112
	112	113
	113	114
	115	116
	116	117
	117	118
	119	120
	120	121
	122	122
	123	123
	125	125
	126	126
	127	127
	128	128
	129	129
	130	130
	132	132
	133	133
	135	135
	137	138
	141	142
	144	145
	145	146
	149	150
	153	154
	154	155
	155	156
	156	157
	160	162
	168	166
	169	167
	170	168
	171	169
	173	170
	174	171
	175	172
	176	173
	177	174
	179	177
	180	178
	181	179
	182	180
	183	181
	185	184
	186	185
	187	186
	188	187
	189	188
	191	191
	192	192
	193	193
	194	194
	195	195
	197	198
	198	199
	199	200
	200	201
	202	202
	203	202
	204	202
	205	202
	206	202
com/mojang/realmsclient/dto/RealmsSlotUpdateDto	34	36
	34	36
	21	23
	27	29
net/minecraft/client/gui/screens/MenuScreens	113	112
	38	40
	41	44
	42	45
	44	46
	45	50
	47	48
	48	50
	52	53
	57	109
	59	110
	60	111
	61	112
	66	41
	69	59
	70	60
	71	61
	73	63
	76	79
	77	80
	78	81
	79	82
	80	83
	81	84
	83	85
	84	86
	86	87
	87	88
	88	89
	89	90
	90	91
	91	92
	92	93
	93	94
	94	95
	95	96
	96	97
	97	98
	98	99
	99	100
	100	101
	101	102
	102	103
	103	104
	106	66
	107	68
	108	69
	109	70
	110	71
	113	75
net/minecraft/client/gui/layouts/AbstractLayout	85	89
	66	70
	70	74
	74	78
	75	79
	12	15
	76	80
	13	16
	77	81
	14	17
	78	82
	15	18
	16	19
	81	85
	82	86
	83	87
	20	23
	84	88
	21	24
	85	89
	22	25
	23	26
	24	27
	25	28
	29	32
	30	33
	31	34
	32	35
	33	36
	34	37
	38	41
	43	46
	48	51
	53	56
	61	65
	62	66
	63	67
net/minecraft/client/renderer/CubeMap	122	118
	39	38
	40	39
	41	40
	42	41
	45	45
	47	47
	48	48
	49	49
	50	50
	51	51
	52	52
	54	53
	55	54
	56	55
	57	56
	58	57
	59	58
	60	60
	62	64
	63	65
	64	66
	65	67
	66	68
	68	69
	69	70
	70	71
	71	72
	73	74
	76	77
	77	78
	78	79
	79	80
	80	81
	81	82
	83	83
	84	84
	85	85
	86	86
	88	87
	89	88
	90	89
	91	90
	93	91
	94	92
	95	93
	96	94
	98	95
	99	96
	100	97
	101	98
	103	99
	104	100
	105	101
	106	102
	108	104
	109	105
	115	111
	116	112
	120	116
	121	117
	122	118
net/minecraft/client/renderer/entity/state/FallingBlockRenderState	0	0
net/minecraft/client/renderer/item/properties/conditional/IsViewEntity	24	27
	17	20
	18	21
	19	22
	24	27
	13	16
com/mojang/realmsclient/client/worldupload/RealmsUploadCanceledException	10	13
	6	9
	10	13
net/minecraft/client/gui/screens/worldselection/WorldCreationUiState	323	319
	256	250
	257	251
	258	252
	259	253
	260	254
	261	257
	262	258
	265	259
	268	261
	271	264
	274	307
	277	310
	278	312
	279	313
	283	319
	30	32
	288	267
	292	271
	296	275
	297	276
	298	277
	301	280
	305	285
	306	286
	307	287
	53	50
	309	288
	54	51
	55	52
	56	53
	57	54
	58	55
	59	56
	60	57
	61	58
	317	295
	62	59
	318	296
	63	60
	319	297
	64	61
	320	298
	65	63
	66	65
	67	66
	323	301
	68	67
	71	70
	72	71
	75	74
	76	75
	77	76
	79	79
	80	80
	81	81
	83	84
	84	85
	86	87
	89	90
	90	91
	91	92
	92	93
	95	96
	97	99
	101	102
	102	103
	103	104
	108	110
	112	114
	116	118
	117	119
	118	120
	121	123
	122	123
	124	123
	128	127
	129	128
	130	129
	133	132
	134	132
	136	132
	140	136
	144	140
	145	141
	146	142
	149	145
	150	146
	152	147
	153	148
	155	150
	156	150
	158	150
	162	155
	163	156
	164	157
	165	158
	168	161
	172	165
	173	166
	174	167
	177	170
	178	170
	180	170
	184	174
	185	175
	186	176
	189	179
	190	179
	192	179
	196	183
	197	184
	198	185
	199	186
	202	189
	206	193
	207	194
	208	195
	211	198
	212	199
	213	200
	216	201
	217	210
	219	212
	223	217
	227	221
	228	222
	229	223
	230	224
	232	226
	235	229
	239	233
	240	234
	244	238
	248	242
	252	246
	254	247
	255	249
net/minecraft/client/server/LanServerPinger	105	96
	66	62
	67	63
	70	66
	74	70
	75	71
	76	72
	78	75
	79	76
	16	18
	80	76
	17	19
	82	76
	86	80
	87	81
	88	82
	91	85
	92	86
	29	29
	30	30
	94	87
	31	31
	32	32
	33	33
	97	90
	98	91
	35	34
	99	92
	36	35
	101	95
	102	96
	103	96
	40	39
	41	40
	105	96
	43	42
	45	44
	47	45
	48	46
	49	47
	50	48
	51	49
	55	53
	56	54
	59	57
	63	61
net/minecraft/client/renderer/entity/ArmorStandRenderer	103	97
	64	65
	65	66
	66	67
	67	68
	68	69
	72	74
	73	75
	74	76
	78	79
	80	80
	81	81
	83	83
	23	26
	87	86
	92	90
	29	31
	93	91
	31	32
	32	33
	96	93
	33	36
	97	94
	34	37
	98	95
	35	38
	100	97
	37	41
	101	97
	38	42
	39	43
	103	97
	40	44
	44	47
	49	51
	54	55
	55	56
	56	57
	57	58
	58	59
	59	60
	60	61
	61	62
	62	63
	63	64
net/minecraft/client/renderer/entity/VindicatorRenderer	35	34
	16	19
	18	20
	35	34
	21	22
	22	23
	24	25
	26	27
	13	16
	30	30
net/minecraft/client/renderer/entity/state/ArmorStandRenderState	18	21
	16	19
	17	20
	18	21
	12	15
	13	16
	14	17
	15	18
net/minecraft/client/renderer/entity/ZoglinRenderer	17	19
	17	19
	9	12
	12	15
	13	16
net/minecraft/client/renderer/entity/IllusionerRenderer	75	76
	64	67
	66	69
	70	72
	75	76
	19	21
	22	24
	24	25
	27	27
	28	28
	30	30
	32	32
	33	33
	37	36
	42	40
	47	44
	48	45
	49	46
	50	47
	51	48
	55	53
	56	54
	57	56
	58	57
	59	58
	60	63
	61	64
com/mojang/blaze3d/vertex/VertexSorting	30	34
	9	12
	10	13
	13	16
	17	20
	21	24
	22	25
	23	26
	24	27
	25	29
	26	30
	27	29
	29	33
	30	34
net/minecraft/client/multiplayer/MultiPlayerGameMode	562	561
	512	516
	513	517
	516	520
	520	524
	529	528
	533	532
	537	536
	541	540
	545	544
	549	548
	553	552
	554	553
	557	556
	558	557
	561	560
	562	561
	71	76
	86	90
	87	91
	88	92
	91	95
	92	96
	95	99
	96	100
	97	101
	98	102
	101	105
	102	106
	104	109
	105	110
	106	111
	109	114
	113	118
	114	119
	117	122
	118	123
	119	124
	120	125
	123	128
	125	129
	126	130
	130	133
	131	134
	134	137
	135	138
	137	139
	138	140
	139	141
	141	144
	142	145
	145	148
	149	152
	150	153
	153	156
	154	157
	157	160
	158	161
	159	162
	160	163
	161	164
	163	167
	164	168
	165	169
	168	171
	169	172
	170	173
	171	174
	172	175
	174	178
	176	181
	177	182
	178	183
	179	184
	182	187
	183	188
	184	189
	185	190
	187	193
	188	194
	190	196
	191	197
	192	198
	193	199
	194	200
	195	201
	197	204
	200	208
	204	212
	205	213
	206	214
	207	215
	208	216
	210	219
	211	220
	212	221
	213	222
	214	223
	216	225
	219	228
	221	229
	222	230
	223	231
	226	234
	227	235
	228	236
	229	237
	230	238
	231	239
	233	242
	234	243
	235	244
	237	246
	240	247
	241	248
	243	249
	244	250
	245	251
	248	254
	250	255
	251	256
	252	259
	253	261
	257	271
	259	272
	260	273
	261	274
	262	275
	263	276
	265	279
	266	280
	267	281
	270	283
	271	284
	272	285
	275	288
	276	289
	277	291
	279	289
	283	296
	284	297
	285	298
	286	299
	288	301
	291	304
	293	305
	294	306
	296	308
	298	310
	303	313
	304	314
	308	318
	309	319
	310	320
	311	321
	313	323
	316	326
	318	327
	319	328
	322	331
	323	332
	324	333
	325	334
	328	336
	332	340
	333	341
	334	342
	335	343
	339	346
	340	347
	342	348
	343	349
	344	350
	345	351
	347	354
	348	357
	349	358
	351	361
	352	362
	353	363
	354	364
	359	369
	360	382
	364	370
	366	372
	368	373
	369	374
	370	375
	372	377
	374	380
	378	387
	379	388
	381	391
	382	392
	383	393
	384	394
	385	395
	386	396
	387	397
	388	398
	391	401
	394	403
	395	404
	397	406
	402	409
	403	410
	405	413
	406	414
	408	416
	412	420
	416	424
	420	428
	421	429
	422	430
	423	431
	424	432
	426	434
	429	437
	430	438
	431	439
	432	439
	434	439
	438	443
	439	444
	440	445
	441	446
	442	446
	444	446
	449	450
	450	451
	451	452
	452	481
	454	454
	455	455
	456	456
	457	458
	458	459
	461	462
	463	463
	464	465
	465	466
	466	467
	467	468
	468	469
	471	473
	474	474
	475	481
	478	484
	479	485
	482	488
	483	489
	486	492
	487	493
	489	495
	493	498
	495	499
	496	500
	497	501
	499	503
	502	506
	503	507
	504	508
	505	509
	508	512
	509	513
	510	514
	511	515
net/minecraft/client/gui/screens/GenericMessageScreen	45	46
	36	38
	42	43
	43	44
	44	45
	13	15
	45	46
	14	16
	18	20
	19	21
	20	22
	24	26
	25	27
	27	29
	31	33
com/mojang/realmsclient/dto/RealmsJoinInformation	37	31
	16	18
	32	25
	34	27
	35	29
	36	30
	37	31
	29	22
	30	23
	15	17
	31	24
net/minecraft/client/renderer/entity/ItemRenderer	123	119
	64	70
	65	71
	66	71
	67	71
	71	72
	72	72
	73	72
	76	74
	80	79
	81	80
	82	81
	84	82
	86	84
	23	24
	24	25
	90	89
	94	93
	95	93
	97	93
	101	97
	39	43
	103	99
	41	44
	42	45
	43	46
	44	47
	45	48
	109	104
	110	105
	47	51
	111	106
	112	107
	49	53
	113	108
	114	109
	52	56
	116	111
	53	57
	117	112
	118	113
	119	114
	56	60
	57	62
	121	117
	58	64
	123	119
	63	69
net/minecraft/client/model/animal/sheep/package-info	0	0
com/mojang/blaze3d/systems/RenderSystem	406	387
	256	237
	257	238
	262	243
	263	244
	266	247
	270	251
	271	252
	275	256
	276	257
	280	260
	281	261
	282	264
	284	269
	286	271
	287	274
	288	274
	289	262
	292	265
	295	276
	40	42
	298	279
	43	44
	299	280
	301	282
	49	47
	305	287
	51	48
	52	49
	53	50
	309	291
	54	51
	310	292
	55	52
	56	53
	312	294
	57	54
	58	55
	59	56
	60	57
	61	58
	317	299
	62	59
	318	300
	63	60
	319	301
	64	61
	65	62
	321	304
	66	63
	322	305
	67	64
	323	306
	69	65
	325	309
	70	66
	326	310
	327	311
	72	67
	329	314
	74	68
	330	315
	331	316
	333	318
	82	72
	85	74
	345	330
	346	331
	347	332
	348	333
	351	336
	98	84
	355	340
	356	341
	102	88
	103	89
	360	345
	105	92
	361	374
	106	93
	364	346
	109	96
	365	347
	367	348
	368	349
	113	100
	114	101
	370	350
	371	351
	116	103
	373	352
	119	106
	376	355
	378	356
	123	110
	379	358
	124	111
	380	359
	125	112
	382	362
	127	113
	128	114
	384	363
	385	364
	131	117
	387	367
	389	369
	390	372
	136	121
	392	372
	139	122
	396	377
	141	123
	142	124
	398	379
	143	125
	145	128
	401	382
	146	129
	147	130
	148	131
	406	387
	153	134
	154	137
	155	137
	156	138
	157	137
	159	141
	160	142
	165	145
	166	146
	169	149
	173	153
	174	154
	177	157
	181	161
	182	162
	185	165
	186	166
	189	169
	193	173
	197	177
	201	181
	205	185
	206	186
	207	187
	208	188
	209	189
	212	192
	213	193
	216	196
	217	197
	220	200
	221	201
	222	202
	223	203
	226	206
	227	207
	228	208
	229	209
	232	212
	233	213
	234	214
	235	215
	238	218
	239	219
	243	223
	244	224
	248	228
	249	229
	253	233
	254	235
	255	236
net/minecraft/client/model/animal/golem/package-info	0	0
net/minecraft/client/model/ambient/package-info	0	0
com/mojang/blaze3d/audio/SoundBuffer	59	63
	19	19
	20	20
	21	21
	24	24
	25	25
	26	26
	28	29
	29	30
	30	31
	31	32
	32	33
	34	36
	35	37
	36	38
	38	41
	39	42
	40	43
	43	46
	47	50
	48	51
	49	52
	50	53
	53	57
	54	58
	57	61
	58	62
	59	63
net/minecraft/client/gui/font/FontTexture	131	125
	128	121
	129	122
	131	125
	28	28
	29	29
	30	30
	31	31
	32	32
	33	33
	34	34
	35	35
	38	38
	39	39
	42	41
	44	42
	45	43
	47	44
	48	45
	52	46
	54	47
	57	50
	59	52
	61	54
	63	55
	64	56
	65	57
	66	58
	70	61
	75	68
	76	72
	78	69
	79	70
	80	72
	92	85
	93	86
	94	87
	95	88
	96	89
	99	92
	100	93
	101	94
	102	95
	104	98
	107	100
	108	101
	110	104
	111	105
	113	106
	114	107
	116	110
	117	111
	118	112
	121	115
	122	116
	124	117
	125	118
	126	119
